date,nav,ret,gross_pnl,borrow,cost,turnover,gross_exp,net_exp,active_pairs
2015-08-03,1.0,0.0,0.0,0.0,0.0,0.0,0.0,0.0,0
2015-08-04,0.9998000399920016,-0.00019996000799837876,0.0,0.0,0.00019996000799840034,0.19996000799840033,0.2,0.0,2
2015-08-05,0.9992284997184531,-0.0005716545816032426,-0.0004624448088829003,8.219178082191782e-06,0.0001009905946381883,0.10103814965654122,0.3,0.0,3
2015-08-06,0.9974189257491087,-0.0018109711340841272,-0.0015969770110837943,1.2328767123287671e-05,0.0002016653558771254,0.20199042022754002,0.49999999999999994,0.0,5
2015-08-07,0.997120432260182,-0.0002992659164778866,-7.476039234726172e-05,2.0547945205479453e-05,0.00020395757892514746,0.2039770196357879,0.5000000000000001,0.0,5
2015-08-10,0.9977935251511453,0.0006750367048817818,0.0007388546059454216,6.164383561643835e-05,2.174065447097032e-06,0.0021725941429438767,0.49999999999999994,0.0,5
2015-08-11,0.9955922116483455,-0.0022061813865411617,-0.0021802716166488766,2.0547945205479453e-05,5.361824686786792e-06,0.005373651123297525,0.5000000000000001,0.0,5
2015-08-12,0.9958063038752856,0.00021504007809136638,0.00023963979749286327,2.0547945205479453e-05,4.05177419605855e-06,0.004050886679792468,0.5000000000000001,0.0,5
2015-08-13,0.9946261455558202,-0.001185128387792611,-0.0011618417081802556,2.0547945205479453e-05,2.7387344067830665e-06,0.0027419764914163444,0.5000000000000001,0.0,5
2015-08-14,0.9949940048478356,0.00036984679485763117,0.0008935215500472274,2.0547945205479456e-05,0.0005031268099841178,0.5026879766490319,0.2,0.0,2
2015-08-17,0.9949921493523376,-1.8648308320878826e-06,2.3406845885315374e-05,2.4657534246575342e-05,6.141424708223803e-07,0.0006141432389241815,0.2,0.0,2
2015-08-18,0.9952896407120221,0.0002989886501900685,0.00030831257787462547,8.21917808219178e-06,1.1047496023693042e-06,0.0011044181737647468,0.2,0.0,2
2015-08-19,0.9956372158467074,0.00034922008676452343,0.0004593004124609723,8.21917808219178e-06,0.00010186114761422681,0.10181522067880446,0.30000000000000004,0.0,3
2015-08-20,0.9959902309891885,0.0003545620200435806,0.00037047580324985887,1.2328767123287671e-05,3.585016082991882e-06,0.0035837325797901604,0.30000000000000004,0.0,3
2015-08-21,0.9974729984735743,0.0014887369757765612,0.0015066605342833443,1.2328767123287671e-05,5.59479138353529e-06,0.0055864433837215545,0.30000000000000004,0.0,3
2015-08-24,0.9968895139286943,-0.000584962746633666,-0.0005339406035047011,3.698630136986302e-05,1.4035841758993726e-05,0.014043859776388352,0.3,0.0,3
2015-08-25,0.9971634647800094,0.0002748056304007207,0.0002957583311661625,1.232876712328767e-05,8.623933641999472e-06,0.008621490056831264,0.30000000000000004,0.0,3
2015-08-26,0.9963117583555889,-0.0008541291919558214,-0.0008318566335679289,1.2328767123287671e-05,9.94379126471537e-06,0.009952192760548689,0.3,0.0,3
2015-08-27,0.996780212569877,0.00047018838266166263,0.0005873859179882257,1.2328767123287671e-05,0.0001048687682032289,0.10480849732736938,0.2,0.0,2
2015-08-28,0.9967556350030472,-2.4656956990054546e-05,-1.5930116915469095e-05,8.219178082191782e-06,5.076619923325574e-07,0.0005076742523078391,0.2,0.0,2
2015-08-31,0.9957088133787715,-0.0010502289503209195,-0.0008272737377670036,2.465753424657534e-05,0.0001982976783073846,0.19846675834527408,0.0,0.0,0
2015-09-01,0.9957088133787715,0.0,0.0,0.0,0.0,0.0,0.0,0.0,0
2015-09-02,0.9955097114364841,-0.00019996000799848979,0.0,0.0,0.0001999600079984003,0.1999600079984003,0.2,0.0,2
2015-09-03,0.9953602697113855,-0.0001501157883061488,-0.0001410242634728554,8.219178082191782e-06,8.723467510757467e-07,0.0008724769625403138,0.2,0.0,2
2015-09-04,0.9954141448148689,5.4126234613649515e-05,6.577642194227629e-05,8.219178082191782e-06,3.4310092465282535e-06,0.0034308117784580825,0.2,0.0,2
2015-09-08,0.9955358247615669,0.00012224052403908559,0.00015980478121259124,3.2876712328767134e-05,4.687544844811627e-06,0.004686949939306876,0.2,0.0,2
2015-09-09,0.994492731354995,-0.0010477708392078178,-0.0009379742017291415,8.219178082191782e-06,0.00010157745939644091,0.1016736623426507,0.3,0.0,3
2015-09-10,0.9943239857516127,-0.00016968007715090216,-5.6477532060999996e-05,1.2328767123287671e-05,0.00010087377796660956,0.10088071919555644,0.4,0.0,4
2015-09-11,0.9941772701225022,-0.00014755314285175292,-0.00012655918341957797,1.6438356164383563e-05,4.555603267807802e-06,0.004556254801034067,0.4000000000000001,0.0,4
2015-09-14,0.993481413424184,-0.0006999322145361253,-0.0006487330839609396,4.931506849315069e-05,1.8840620819500606e-06,0.0018853781666960002,0.4000000000000001,0.0,4
2015-09-15,0.9943709922164146,0.0008954156365790222,0.0009166070783007018,1.6438356164383563e-05,4.753085557202024e-06,0.00474881082622891,0.4,0.0,4
2015-09-16,0.9939272540427627,-0.00044625011904542156,-0.00032788238574847916,1.6438356164383563e-05,0.00010192937713243832,0.1019644856197757,0.49999999999999994,0.0,5
2015-09-17,0.9936763572928589,-0.0002524296912911339,-0.00022644784286119374,2.0547945205479453e-05,5.43390322450435e-06,0.005435245707301161,0.49999999999999994,0.0,5
2015-09-18,0.9923765918528937,-0.0013080369985919438,-0.0012786511410323555,2.0547945205479453e-05,8.837912354154587e-06,0.008849409498889288,0.5,0.0,5
2015-09-21,0.9932152619118007,0.0008451126979336365,0.0010106631549691267,6.164383561643835e-05,0.00010390662141911093,0.10380810552146566,0.4,0.0,4
2015-09-22,0.9924482599724176,-0.0007722413949888818,-0.0007507759928093605,1.643835616438356e-05,5.027046015174324e-06,0.005030905798291108,0.4,0.0,4
2015-09-23,0.9922571511728617,-0.00019256298515868409,-7.488469615873913e-05,1.6438356164383563e-05,0.00010123993283558914,0.10124917921968069,0.5,0.0,5
2015-09-24,0.9928207723264546,0.0005680192407044871,0.0005929143552140636,2.0547945205479453e-05,4.347169303993741e-06,0.004344682553637889,0.5000000000000001,0.0,5
2015-09-25,0.9936214814448604,0.0008064991594902704,0.0008317624060760755,2.0547945205479456e-05,4.715301380287222e-06,0.004711479360098217,0.5000000000000001,0.0,5
2015-09-28,0.9931081245426483,-0.000516652378998117,-0.0004472069468975881,6.164383561643835e-05,7.801596484099972e-06,0.007805568353664701,0.5000000000000001,0.0,5
2015-09-29,0.9923953540148314,-0.000717716943605895,-0.0005934526360795058,2.0547945205479453e-05,0.00010371636232093823,0.10378008335244245,0.6,0.0,6
2015-09-30,0.9920297837222313,-0.00036837162842529025,0.00026309223646495686,2.4657534246575342e-05,0.0006068063306435613,0.6066616814461984,0.0,0.0,0
2015-10-01,0.9920297837222313,0.0,0.0,0.0,0.0,0.0,0.0,0.0,0
2015-10-02,0.9916331304700432,-0.0003998400639744215,0.0,0.0,0.00039984006397441024,0.3998400639744102,0.4,0.0,4
2015-10-05,0.991794000911718,0.000162227780347024,0.00031528911347146195,4.931506849315069e-05,0.0001037462646312692,0.10371867815490052,0.49999999999999994,0.0,5
2015-10-06,0.9920239454407791,0.00023184706587220383,0.0002551734125271042,2.0547945205479453e-05,2.7784014493553875e-06,0.0027777497185295747,0.5,0.0,5
2015-10-07,0.9924785403772125,0.0004582499631411441,0.00048385978592788717,2.0547945205479453e-05,5.061877581189389e-06,0.005059533439438366,0.5000000000000001,0.0,5
2015-10-08,0.9926979764878116,0.00022109909854139964,0.0003477347225910976,2.054794520547945e-05,0.00010608767884424292,0.10605297971157895,0.4000000000000001,0.0,4
2015-10-09,0.9932736087479777,0.0005798664586813551,0.0005981478212517322,1.6438356164383563e-05,1.8430064060915256e-06,0.0018419349351056996,0.4,0.0,4
2015-10-12,0.9930685501377948,-0.0002064472551941421,-5.347232389635298e-05,4.931506849315069e-05,0.00010365986280464262,0.10367051882694052,0.49999999999999994,0.0,5
2015-10-13,0.9936808887623463,0.0006166126441788933,0.0006402484561064461,2.0547945205479453e-05,3.0878667219708272e-06,0.0030859543544807383,0.49999999999999994,0.0,5
2015-10-14,0.9948562454543892,0.00118283113355111,0.0013084718881369304,2.0547945205479453e-05,0.00010509280938027485,0.1049576319331148,0.6000000000000002,0.0,6
2015-10-15,0.9959651301307691,0.0011146179977725712,0.0012488722025080447,2.4657534246575345e-05,0.00010959667048884234,0.10946266468910296,0.5000000000000001,0.0,5
2015-10-16,0.9950360206127921,-0.0009328735413207667,-0.0007091939404884175,2.0547945205479453e-05,0.00020313165562674463,0.20327999755548465,0.6999999999999998,0.0,7
2015-10-19,0.992815101802891,-0.002231998403970592,-0.0021399524920777957,8.63013698630137e-05,5.744542029812877e-06,0.005757359373352384,0.7,0.0,7
2015-10-20,0.9940153531874816,0.0012089374772916717,0.001242523069693474,2.876712328767123e-05,4.818469114208376e-06,0.004812627758648479,0.7,0.0,7
2015-10-21,0.9940265564295325,1.1270693168974333e-05,4.37383581722961e-05,2.8767123287671234e-05,3.7005417158103054e-06,0.0037004863149604967,0.7,0.0,7
2015-10-22,0.9946101650168581,0.0005871156897676588,0.0006261194330367757,2.876712328767123e-05,1.0236619981360909e-05,0.01023050876332123,0.7000000000000001,0.0,7
2015-10-23,0.9937827963316207,-0.0008318522314955112,-0.0007931913014297689,2.876712328767123e-05,9.893806777950583e-06,0.00990194576569379,0.7000000000000001,0.0,7
2015-10-26,0.9935419294795047,-0.00024237373901536685,-0.0001515731445091594,8.630136986301368e-05,4.499224643278571e-06,0.0045002951488016234,0.7,0.0,7
2015-10-27,0.9933474599995484,-0.00019573354096702467,3.581948864211919e-05,2.8767123287671234e-05,0.00020278590632136732,0.20278447621115286,0.5000000000000001,0.0,5
2015-10-28,0.9935038715085892,0.00015745901141261953,0.0002881206853810492,2.0547945205479453e-05,0.00011011372876298908,0.1100842732123554,0.6000000000000001,0.0,6
2015-10-29,0.9916343108865745,-0.0018817849387701147,-0.0017518673911941563,2.4657534246575345e-05,0.00010526001332932216,0.10544734316277232,0.7000000000000002,0.0,7
2015-10-30,0.9872837573615605,-0.004387255944305113,-0.003666173215190511,2.8767123287671234e-05,0.0006923156058268953,0.6948831576365758,0.0,0.0,0
2015-11-02,0.9872837573615605,0.0,0.0,0.0,0.0,0.0,0.0,0.0,0
2015-11-03,0.9870863400935418,-0.00019996000799837876,0.0,0.0,0.00019996000799840034,0.19996000799840033,0.2,0.0,2
2015-11-04,0.9867832774117393,-0.00030702753091871315,-0.00029820731870949807,8.219178082191782e-06,6.01034126894388e-07,0.0006012183561290636,0.2,0.0,2
2015-11-05,0.9867525604522777,-3.112837455276907e-05,-2.202125837701961e-05,8.219178082191782e-06,8.879380934595873e-07,0.000887964945907112,0.2,0.0,2
2015-11-06,0.9863138467143271,-0.00044460359722753306,-0.00032850853340727357,8.21917808219178e-06,0.00010787588573811228,0.1079122227739287,0.3,0.0,3
2015-11-09,0.9870827867251448,0.0007796098710155519,0.0009181002614869707,3.698630136986302e-05,0.00010150408910161795,0.10141473116622587,0.2,0.0,2
2015-11-10,0.987200485411701,0.00011923892113108181,0.0002291560028237605,8.21917808219178e-06,0.00010169790361038884,0.10167543976157371,0.30000000000000004,0.0,3
2015-11-11,0.9870341453083273,-0.00016849678037211824,-5.465576377277075e-05,1.2328767123287674e-05,0.00010151224947609782,0.10151904968201778,0.4,0.0,4
2015-11-12,0.9872710329836873,0.00023999947366148966,0.00036179955207923947,1.643835616438356e-05,0.00010536172225329327,0.1053253469655051,0.5000000000000001,0.0,5
2015-11-13,0.986681145943875,-0.000597492502164898,-0.000573201507021559,2.0547945205479453e-05,3.7430499377681502e-06,0.0037452736919711986,0.5000000000000001,0.0,5
2015-11-16,0.9864350051017514,-0.00024946340885856344,-0.00018049097994031767,6.164383561643837e-05,7.3285933017107e-06,0.00733036823907223,0.49999999999999994,0.0,5
2015-11-17,0.985229037934167,-0.001222551066565214,-0.00119887790902371,2.0547945205479453e-05,3.1252123360419743e-06,0.0031290279536272327,0.5000000000000001,0.0,5
2015-11-18,0.9852357200075642,6.782253811010719e-06,3.487483078572494e-05,2.0547945205479453e-05,7.544631769302231e-06,0.007544523679774713,0.5000000000000001,0.0,5
2015-11-19,0.9860544970799593,0.0008310468812364746,0.0008546386827174016,2.0547945205479453e-05,3.043856275473264e-06,0.0030413195390159567,0.49999999999999994,0.0,5
2015-11-20,0.986788557796724,0.0007444423395852606,0.0008677450850970215,2.0547945205479456e-05,0.00010275480030628649,0.10266782042246568,0.6000000000000001,0.0,6
2015-11-23,0.9873156170718934,0.0005341157140554831,0.0006114953202000007,7.397260273972604e-05,3.407003404781744e-06,0.003405173046912145,0.6000000000000001,0.0,6
2015-11-24,0.9880118403155399,0.0007051678628473557,0.0007328208233431165,2.4657534246575342e-05,2.995426249111713e-06,0.002993306499335869,0.6000000000000001,0.0,6
2015-11-25,0.9877579610413939,-0.00025695974864525795,-0.0001296332924031474,2.4657534246575345e-05,0.00010266892199563716,0.10268476531296161,0.6999999999999998,0.0,7
2015-11-27,0.9879169654891097,0.00016097511129964381,0.0002226761643563169,5.753424657534247e-05,4.166806481451459e-06,0.00416611848065586,0.7000000000000002,0.0,7
2015-11-30,0.9884748765251726,0.0005647347454820206,0.0013470223044467432,8.63013698630137e-05,0.0006959861891017245,0.6951098495625455,0.0,0.0,0
2015-12-01,0.9884748765251726,0.0,0.0,0.0,0.0,0.0,0.0,0.0,0
2015-12-02,0.9884748765251726,0.0,0.0,0.0,0.0,0.0,0.0,0.0,0
2015-12-03,0.9883760389212805,-9.999000099991662e-05,0.0,0.0,9.999000099990002e-05,0.0999900009999,0.1,0.0,1
2015-12-04,0.9885307020311539,0.00015648205114549008,0.0003631315848647841,4.10958904109589e-06,0.00020253994467823088,0.20246725448043837,0.30000000000000004,0.0,3
2015-12-07,0.9877648048084494,-0.0007747834448953439,-0.0007353198266321526,3.698630136986302e-05,2.477316893401201e-06,0.002479231619173425,0.30000000000000004,0.0,3
2015-12-08,0.9871153762380939,-0.0006574728793677931,-0.0005428405278457561,1.2328767123287671e-05,0.0001023035843987724,0.10236041175639995,0.39999999999999997,0.0,4
2015-12-09,0.9876748531359071,0.0005667796402335501,0.0005864702586768634,1.6438356164383563e-05,3.2522622790108266e-06,0.0032504094419326967,0.4,0.0,4
2015-12-10,0.9867374202534777,-0.0009491310621638771,-0.0008279382914474554,1.6438356164383563e-05,0.00010475441455203805,0.10484294148349364,0.49999999999999994,0.0,5
2015-12-11,0.9861274595232583,-0.0006181591147751408,-0.0005919743261091735,2.0547945205479456e-05,5.636843460412187e-06,0.005640298268718635,0.5,0.0,5
2015-12-14,0.9847617398167811,-0.0013849322349643867,-0.0012200247097110593,6.164383561643835e-05,0.00010326368963680844,0.10339620930598202,0.6,0.0,6
2015-12-15,0.9862309430479269,0.0014919377670168377,0.001726171252471276,2.4657534246575345e-05,0.0002095759512077522,0.2092199605747079,0.39999999999999997,0.0,4
2015-12-16,0.9851116137306464,-0.0011349565993349353,-0.0010110592591087266,1.6438356164383563e-05,0.0001074589840617447,0.10756951147826473,0.5000000000000001,0.0,5
2015-12-17,0.9856712106178135,0.0005680542989925375,0.0005941169991581677,2.0547945205479453e-05,5.514754960128345e-06,0.005511593680555218,0.5,0.0,5
2015-12-18,0.9853438407200504,-0.00033212890285982954,-0.0003015601927655318,2.0547945205479453e-05,1.002076488884974e-05,0.01002399369879509,0.49999999999999994,0.0,5
2015-12-21,0.9853930710798698,4.996261993528428e-05,0.00011399310782828629,6.164383561643834e-05,2.3866522766394663e-06,0.0023865273436699114,0.5,0.0,5
2015-12-22,0.9857698211102912,0.0003823347671894073,0.0004069118120720861,2.0547945205479453e-05,4.029099677274764e-06,0.004027543579963234,0.5000000000000001,0.0,5
2015-12-23,0.9857491256367722,-2.099422509782567e-05,0.00010612908976053165,2.0547945205479453e-05,0.00010657536965282402,0.10656624959121308,0.4,0.0,4
2015-12-24,0.9858023306359068,5.3974178369387005e-05,7.10040661420941e-05,1.6438356164383563e-05,5.915316083265882e-07,0.0005914993327455455,0.39999999999999997,0.0,4
2015-12-28,0.9857306094252756,-7.275414999774465e-05,-5.312825554887275e-06,6.575342465753424e-05,1.6878997853807705e-06,0.001688019746614447,0.4000000000000001,0.0,4
2015-12-29,0.9857357443330411,5.209240452108688e-06,2.5222709420957695e-05,1.6438356164383563e-05,3.5751128043652132e-06,0.0035750813995872785,0.4,0.0,4
2015-12-30,0.9857756852343227,4.051887284317601e-05,5.891779562976481e-05,1.643835616438356e-05,1.9605666221953874e-06,0.00196048334196194,0.39999999999999997,0.0,4
2015-12-31,0.9854282142740586,-0.00035248481522598407,5.927110324444042e-05,1.643835616438356e-05,0.0003953175623061353,0.3953006304942087,0.0,0.0,0
2016-01-04,0.9854282142740586,0.0,0.0,0.0,0.0,0.0,0.0,0.0,0
2016-01-05,0.985329681305928,-9.999000099991662e-05,0.0,0.0,9.999000099990003e-05,0.09999000099990002,0.1,0.0,1
2016-01-06,0.9854717855880256,0.0001442200359875745,0.00015000560752513327,4.109589041095891e-06,1.6759824964064974e-06,0.0016757380129023929,0.1,0.0,1
2016-01-07,0.9857772601633963,0.0003099780022504106,0.0003163350042690639,4.109589041095891e-06,2.247412977724823e-06,0.0022467114972946826,0.1,0.0,1
2016-01-08,0.9858028522994104,2.5961377938310548e-05,3.152053114616751e-05,4.109589041095891e-06,1.4495641666950082e-06,0.0014495244338646718,0.1,0.0,1
2016-01-11,0.9858096388952707,6.8843337635016155e-06,1.9595817028894577e-05,1.2328767123287673e-05,3.8271614198520637e-07,0.000382713360788114,0.1,0.0,1
2016-01-12,0.986243476219338,0.0004400822501120505,0.0005455529976776119,4.109589041095891e-06,0.00010136115852452919,0.10130630689240898,0.2,0.0,2
2016-01-13,0.985636992949876,-0.0006149427439428035,-0.00040952511421751814,8.219178082191782e-06,0.00019719845164319397,0.19728086459835986,0.2,0.0,2
2016-01-14,0.9857396392041934,0.00010414204727671184,0.00011429497707512442,8.219178082191782e-06,1.9337517162994954e-06,0.0019335466137975464,0.2,0.0,2
2016-01-15,0.9869607768145663,0.0012388033937225096,0.0012514222100888817,8.21917808219178e-06,4.399638284257904e-06,0.004394175432037626,0.2,0.0,2
2016-01-19,0.9873417070444442,0.0003859628860909403,0.00042068042629530585,3.287671232876713e-05,1.8408278754401202e-06,0.001840114272291203,0.2,0.0,2
2016-01-20,0.9866525591881299,-0.0006979831312680096,-0.0006866709710522722,8.219178082191782e-06,3.092982133534878e-06,0.003095132910904928,0.2,0.0,2
2016-01-21,0.9862164491138196,-0.0004420097736017592,-0.0003334073855242425,8.219178082191782e-06,0.00010038320999531873,0.10041751528599177,0.3,0.0,3
2016-01-22,0.9868901614776491,0.0006831282974795183,0.0008008559954245879,1.2328767123287673e-05,0.00010539893082166898,0.10531588637768748,0.4,0.0,4
2016-01-25,0.9870856241217367,0.00019805916779525035,0.0003524562580272175,4.9315068493150684e-05,0.00010508202173875262,0.10505017670322606,0.30000000000000004,0.0,3
2016-01-26,0.9874751722144843,0.00039464468251604323,0.0005107774497001397,1.2328767123287671e-05,0.0001038040000608629,0.10375228487115455,0.4000000000000001,0.0,4
2016-01-27,0.9861915261325366,-0.0012999274493850077,-0.0011820473658450351,1.6438356164383563e-05,0.00010144172737552024,0.10156344971988754,0.3,0.0,3
2016-01-28,0.9863541690034614,0.00016492016673752552,0.00028066175789350796,1.2328767123287671e-05,0.00010341282403282616,0.10338508240446354,0.4,0.0,4
2016-01-29,0.9865504592132165,0.00019900580939746781,0.0006238051908856399,1.6438356164383563e-05,0.00040836102532381237,0.4081131509311232,0.0,0.0,0
2016-02-01,0.9865504592132165,0.0,0.0,0.0,0.0,0.0,0.0,0.0,0
2016-02-02,0.9863531885755014,-0.00019996000799837876,0.0,0.0,0.0001999600079984003,0.19996000799840033,0.2,0.0,2
2016-02-03,0.9856406480622858,-0.000722398955535053,-0.0007125360666948189,8.21917808219178e-06,1.6437107579315033e-06,0.0016448963255852832,0.2,0.0,2
2016-02-04,0.98522761303086,-0.0004190523516229838,-0.0004089878255694957,8.219178082191782e-06,1.8453479713433293e-06,0.0018461181847795882,0.2,0.0,2
2016-02-05,0.9849953828964865,-0.00023571216569862052,-2.4696102597104873e-05,8.219178082191782e-06,0.0002027968850193097,0.20280356035542157,0.4,0.0,4
2016-02-08,0.9868052786928256,0.0018374662742244308,0.001992852680652613,4.9315068493150684e-05,0.00010607133793490938,0.10586558419020249,0.5000000000000001,0.0,5
2016-02-09,0.9857881556824166,-0.0010307231146516882,-0.0005070915465352989,2.0547945205479453e-05,0.0005030836229108699,0.5033492098321137,0.4,0.0,4
2016-02-10,0.9872785867131482,0.0015119181764764456,0.0015307520651337946,1.6438356164383563e-05,2.3955324928694407e-06,0.0023919103901749723,0.4,0.0,4
2016-02-11,0.9879010035285317,0.0006304368632725765,0.0006548463674845127,1.6438356164383563e-05,7.971148047652888e-06,0.007966062449566408,0.4,0.0,4
2016-02-12,0.9875269295986868,-0.0003786552787261588,-0.0002534915299601645,1.6438356164383563e-05,0.00010872539260152423,0.1087547487584721,0.49999999999999994,0.0,5
2016-02-16,0.9875859976336959,5.9814100495492184e-05,0.00014946755118367398,8.219178082191781e-05,7.461669866090592e-06,0.00746116791027163,0.49999999999999994,0.0,5
2016-02-17,0.9879450356974462,0.0003635511890716092,0.000388599139107687,2.0547945205479453e-05,4.500004830593362e-06,0.004498349207796843,0.5,0.0,5
2016-02-18,0.9874651696333546,-0.0004857214184519343,-0.00036421449118882986,2.0547945205479453e-05,0.0001009589820577259,0.10099784223357426,0.4,0.0,4
2016-02-19,0.9878663552623611,0.000406278258052728,0.0004248816214270313,1.643835616438356e-05,2.1650072097371607e-06,0.0021641232881549157,0.4,0.0,4
2016-02-22,0.9883021077934558,0.00044110473929337424,0.0004954143821786161,4.93150684931507e-05,4.9945743921960245e-06,0.0049923473094875825,0.4000000000000001,0.0,4
2016-02-23,0.9879215969431628,-0.0003850147108788171,-0.00036496221862248885,1.643835616438356e-05,3.61413609203498e-06,0.003615515051553793,0.4000000000000001,0.0,4
2016-02-24,0.9879173364954197,-4.312536294737157e-06,0.0001139881770168217,1.6438356164383563e-05,0.00010186235714719648,0.10185242146172949,0.5,0.0,5
2016-02-25,0.9878513508340369,-6.679269504161756e-05,-4.091326510797806e-05,2.054794520547945e-05,5.331484728091946e-06,0.005331812427736918,0.5000000000000001,0.0,5
2016-02-26,0.9877578638489506,-9.463669306852829e-05,3.189172935278998e-05,2.0547945205479453e-05,0.00010598047721594738,0.10597927500992757,0.39999999999999997,0.0,4
2016-02-29,0.9873381590736025,-0.00042490653905069564,2.1258462983148197e-05,4.931506849315068e-05,0.00039684993354068275,0.3968610681151131,0.0,0.0,0
2016-03-01,0.9873381590736025,0.0,0.0,0.0,0.0,0.0,0.0,0.0,0
2016-03-02,0.9872394351300895,-9.99900009998056e-05,0.0,0.0,9.999000099990003e-05,0.09999000099990002,0.1,0.0,1
2016-03-03,0.9871233534680606,-0.00011758207573386859,-0.00011241347567302326,4.109589041095891e-06,1.0590110196399971e-06,0.0010591344332301013,0.1,0.0,1
2016-03-04,0.9870917805605988,-3.1984763961712126e-05,-2.7236501184102525e-05,4.109589041095891e-06,6.386737365329159e-07,0.0006386937570850517,0.1,0.0,1
2016-03-07,0.986267110318841,-0.0008354544714063161,-0.0006226701250523326,1.2328767123287671e-05,0.00020045557923077106,0.2005829491812905,0.30000000000000004,0.0,3
2016-03-08,0.9867417040158304,0.0004812019908440046,0.0004989417358631953,1.2328767123287673e-05,5.4109778958340246e-06,0.005408346124470423,0.30000000000000004,0.0,3
2016-03-09,0.9860682546372855,-0.0006824981409055964,-0.0006686248947256057,1.2328767123287673e-05,1.5444790567455445e-06,0.0015455314920745755,0.30000000000000004,0.0,3
2016-03-10,0.9864638621383082,0.0004011968737074323,0.00041473325027620024,1.2328767123287673e-05,1.2076094455026234e-06,0.0012071236935166322,0.3,0.0,3
2016-03-11,0.9867358341781379,0.00027570400728138544,0.00039416296102342505,1.2328767123287671e-05,0.00010613018661878245,0.10608967795212049,0.4,0.0,4
2016-03-14,0.9861602480096768,-0.0005833234676639876,-0.0005321438999186135,4.9315068493150684e-05,1.8644992522231866e-06,0.0018655840127787422,0.39999999999999997,0.0,4
2016-03-15,0.9857672452349409,-0.00039851816733549317,-0.00037994567554058275,1.6438356164383563e-05,2.134135630564662e-06,0.0021349819032991085,0.4,0.0,4
2016-03-16,0.9849763653259183,-0.0008022988315402602,-0.0007821956402671804,1.643835616438356e-05,3.664835108624709e-06,0.003667764309893488,0.39999999999999997,0.0,4
2016-03-17,0.9854081804203949,0.0004384014781244616,0.0005599388052284105,1.643835616438356e-05,0.00010509897093940752,0.1050418806301145,0.5000000000000001,0.0,5
2016-03-18,0.9850750956459181,-0.0003380170584079689,-0.0003126193954614721,2.0547945205479453e-05,4.849717741064286e-06,0.0048513340471274535,0.49999999999999994,0.0,5
2016-03-21,0.9849647689957668,-0.00011199821276464128,5.128520330680568e-05,6.164383561643835e-05,0.00010163958045501456,0.10164063331296276,0.6,0.0,6
2016-03-22,0.984620283796219,-0.00034974367651652294,-0.0003219127122843057,2.4657534246575342e-05,3.1734299855951163e-06,0.0031745301833033634,0.6,0.0,6
2016-03-23,0.9848360577282258,0.00021914430929137474,0.0003474120240456126,2.4657534246575342e-05,0.00010361018050765371,0.10357675064634381,0.49999999999999994,0.0,5
2016-03-24,0.9836559661834743,-0.0011982619193225963,-0.0011732841524048074,2.0547945205479453e-05,4.429821712309605e-06,0.004435116496740054,0.5,0.0,5
2016-03-28,0.9839842143001282,0.0003337021559757236,0.0004183231977706147,8.219178082191781e-05,2.429260972794249e-06,0.0024284446962375213,0.5000000000000001,0.0,5
2016-03-29,0.9840412911141226,5.800582282211586e-05,8.305135977456642e-05,2.0547945205479453e-05,4.4975917469509235e-06,0.004497310649678941,0.5000000000000001,0.0,5
2016-03-30,0.9852787886168239,0.0012575666426559717,0.0012817660882227416,2.0547945205479453e-05,3.651500361170355e-06,0.0036469008236857375,0.5,0.0,5
2016-03-31,0.9843340858419938,-0.0009588177333609282,-0.000440073080387282,2.0547945205479453e-05,0.0004981967077682931,0.4984262933987407,0.0,0.0,0
2016-04-01,0.9843340858419938,0.0,0.0,0.0,0.0,0.0,0.0,0.0,0
2016-04-04,0.9843340858419938,0.0,0.0,0.0,0.0,0.0,0.0,0.0,0
2016-04-05,0.9840388741797399,-0.000299910026991812,0.0,0.0,0.00029991002699190244,0.29991002699190245,0.3,0.0,3
2016-04-06,0.9836787540552793,-0.0003659612784716604,-0.00035233221909358736,1.2328767123287671e-05,1.3002922547373495e-06,0.0013007665935661971,0.30000000000000004,0.0,3
2016-04-07,0.9838132179787719,0.00013669495548040977,0.00025047260754222373,1.2328767123287673e-05,0.00010144888493859566,0.1014247312635791,0.4,0.0,4
2016-04-08,0.9845774490746562,0.0007768050702290363,0.000794588397052165,1.643835616438356e-05,1.3449706586645318e-06,0.0013439248834615162,0.4,0.0,4
2016-04-11,0.9845831221073991,5.76189587553344e-06,5.7440638782285604e-05,4.9315068493150684e-05,2.363674413594287e-06,0.002363655207547759,0.4,0.0,4
2016-04-12,0.9840899402140417,-0.0005009042733759017,-0.0004831412729689677,1.643835616438356e-05,1.3246442423682414e-06,0.0013253063384172762,0.4,0.0,4
2016-04-13,0.9847727173346081,0.0006938157709628356,0.0007131219733526096,1.6438356164383563e-05,2.867846225423384e-06,0.0028658496349334007,0.4,0.0,4
2016-04-14,0.9850723153737915,0.00030423064521345466,0.0003215469929955862,1.6438356164383563e-05,8.779916176722949e-07,0.0008777238165551115,0.4,0.0,4
2016-04-15,0.9858118856625293,0.0007507776608839389,0.0007696137741372733,1.6438356164383563e-05,2.3977570890421118e-06,0.0023959525165040503,0.4000000000000001,0.0,4
2016-04-18,0.9857899604654958,-2.224075135670578e-05,2.9231286855752024e-05,4.931506849315069e-05,2.156969719309599e-06,0.002157013040288489,0.4000000000000001,0.0,4
2016-04-19,0.9858389657718929,4.9711711786804e-05,6.745638043272331e-05,1.6438356164383563e-05,1.306312481404737e-06,0.001306245839322806,0.4,0.0,4
2016-04-20,0.9860641024949257,0.00022837068816450312,0.0002525661286310541,1.6438356164383563e-05,7.757084302134205e-06,0.007755253071501515,0.4,0.0,4
2016-04-21,0.98605377588139,-1.0472558031104917e-05,1.245690580592448e-05,1.643835616438356e-05,6.4911076726244465e-06,0.006491133516750314,0.4000000000000001,0.0,4
2016-04-22,0.9864066301359049,0.0003578448388370514,0.0005762213930871619,1.6438356164383563e-05,0.00020193819808576456,0.20182521975132453,0.4000000000000001,0.0,4
2016-04-25,0.9868080966042206,0.0004069989556543252,0.0004572207234214698,4.931506849315068e-05,9.066992740829886e-07,0.0009063295771232512,0.39999999999999997,0.0,4
2016-04-26,0.9872447823092291,0.00044252343136541583,0.0004614328885525266,1.6438356164383563e-05,2.4711010228341903e-06,0.002470001885500154,0.4,0.0,4
2016-04-27,0.9885812638238283,0.0013537488762138672,0.001474731115871314,1.643835616438356e-05,0.0001045438834929443,0.10439164990571292,0.30000000000000004,0.0,3
2016-04-28,0.9871938582310903,-0.0014034310010807571,-0.0011892050232547192,1.2328767123287673e-05,0.00020189721070274267,0.2021400888498858,0.1,0.0,1
2016-04-29,0.9867836071026732,-0.0004155730153672099,-0.00031130894404701737,4.10958904109589e-06,0.00010015448227912911,0.10018608282641006,0.0,0.0,0
2016-05-02,0.9867836071026732,0.0,0.0,0.0,0.0,0.0,0.0,0.0,0
2016-05-03,0.9866849386088123,-9.999000099991662e-05,0.0,0.0,9.999000099990002e-05,0.09999000099990002,0.1,0.0,1
2016-05-04,0.9868792068331329,0.00019688982442001013,0.0002012226851254906,4.10958904109589e-06,2.2327166438013188e-07,0.00022322766328429025,0.1,0.0,1
2016-05-05,0.9872463667371502,0.00037204138204049997,0.0003765274985801481,4.10958904109589e-06,3.765274985801455e-07,0.0003763873251993177,0.1,0.0,1
2016-05-06,0.9873552601823706,0.00011030017317792407,0.0001150034420530521,4.10958904109589e-06,5.936798339247249e-07,0.000593614005780422,0.1,0.0,1
2016-05-09,0.9874359083570416,8.168100978789283e-05,0.00019421215716932115,1.2328767123287671e-05,0.00010020238025814812,0.10018415842378509,0.2,0.0,2
2016-05-10,0.9875668920880373,0.00013265036230403204,0.00014346224077645955,8.21917808219178e-06,2.592700390142229e-06,0.0025923497928166737,0.2,0.0,2
2016-05-11,0.98638180940385,-0.0012000024440690371,-0.001190348188572382,8.219178082191782e-06,1.4350774144089512e-06,0.0014367995154205594,0.2,0.0,2
2016-05-12,0.9859749309177077,-0.00041249593439707244,-0.0003037223364219022,8.219178082191782e-06,0.00010055441989293451,0.10058579677871927,0.1,0.0,1
2016-05-13,0.9856436970725054,-0.0003359455041052062,-0.0002303238344695424,4.10958904109589e-06,0.00010151208059461967,0.10153588399951485,0.2,0.0,2
2016-05-16,0.9855671763133591,-7.763531524995759e-05,4.825575068797549e-05,2.4657534246575345e-05,0.0001012335316912826,0.10123114281686381,0.3,0.0,3
2016-05-17,0.9845480041925672,-0.0010340970613533784,-0.00101801844126837,1.2328767123287673e-05,3.7498529616527107e-06,0.003753720597191109,0.3,0.0,3
2016-05-18,0.9844785531449828,-7.054104755543911e-05,-5.45157202554269e-05,1.2328767123287673e-05,3.6965601766931883e-06,0.0036968072878812847,0.30000000000000004,0.0,3
2016-05-19,0.9842121490274022,-0.00027060428765013356,-0.0001563511368906368,1.2328767123287671e-05,0.00010192438363614117,0.10194157913192418,0.4000000000000001,0.0,4
2016-05-20,0.9833252602930524,-0.0009011154101543628,-0.0007821781567921628,1.643835616438356e-05,0.00010249889719766086,0.10258081993437308,0.5000000000000001,0.0,5
2016-05-23,0.9830113205056686,-0.0003192634218409651,-0.00025531909996568953,6.164383561643837e-05,2.3004862589075286e-06,0.0023012156589782055,0.5000000000000001,0.0,5
2016-05-24,0.98188125545087,-0.001149595158494554,-0.0011213856885575856,2.0547945205479453e-05,7.661524731520213e-06,0.007670283686442266,0.5000000000000001,0.0,5
2016-05-25,0.9814353827633359,-0.00045410041698923376,-0.0003299211614592903,2.0547945205479453e-05,0.00010363131032436611,0.10366764263046885,0.4,0.0,4
2016-05-26,0.9825316914771672,0.0011170462498963918,0.0012361808913451066,1.6438356164383563e-05,0.00010269628528427582,0.10257117485941634,0.30000000000000004,0.0,3
2016-05-27,0.9829576584302714,0.0004335401664894434,0.00044748606035961426,1.2328767123287671e-05,1.617126746942126e-06,0.001616423348533054,0.30000000000000004,0.0,3
2016-05-31,0.9823915147746956,-0.0005759593515756167,-0.00022685870554842722,4.931506849315069e-05,0.0002997855775340511,0.2998683933199501,0.0,0.0,0
2016-06-01,0.9823915147746956,0.0,0.0,0.0,0.0,0.0,0.0,0.0,0
2016-06-02,0.9822932854461509,-9.999000099991662e-05,0.0,0.0,9.999000099990002e-05,0.0999900009999,0.1,0.0,1
2016-06-03,0.982106083966139,-0.00019057595403082495,-0.00018479908610523612,4.109589041095891e-06,1.6672788844173877e-06,0.0016675939073731117,0.1,0.0,1
2016-06-06,0.9818310310394254,-0.00028006437512617666,-0.000267425606298749,1.2328767123287673e-05,3.1000170410872354e-07,0.0003100884527095167,0.1,0.0,1
2016-06-07,0.9816826015797079,-0.00015117617494764257,-4.692879640412207e-05,4.109589041095891e-06,0.00010013778950248263,0.10014290063444481,0.2,0.0,2
2016-06-08,0.9820403139429226,0.0003643869847942405,0.00037346901202677256,8.219178082191782e-06,8.628491501508017e-07,0.0008625341097104585,0.2,0.0,2
2016-06-09,0.9807450290762465,-0.0013189732114717856,-0.0013071533325823117,8.219178082191782e-06,3.60070080733383e-06,0.0036054433083503932,0.2,0.0,2
2016-06-10,0.9799232432711773,-0.0008379199289373362,-0.0006285236259658046,8.21917808219178e-06,0.000201177124889358,0.2013053045934746,0.2,0.0,2
2016-06-13,0.9796199928373791,-0.0003094634563273191,-0.00028269320113080704,2.4657534246575342e-05,2.1127209498787088e-06,0.0021133704958547347,0.2,0.0,2
2016-06-14,0.9791906791640564,-0.0004382451118409847,-0.000424778787983404,8.219178082191782e-06,5.247145775343021e-06,0.005249418762990422,0.2,0.0,2
2016-06-15,0.978753219971883,-0.0004467558785862247,-0.0004376393326917804,8.219178082191782e-06,8.973678122611404e-07,0.0008977680898046811,0.2,0.0,2
2016-06-16,0.9785192182621507,-0.00023908142007345035,-0.000229149002175627,8.21917808219178e-06,1.7132398156021458e-06,0.0017136465807726289,0.2,0.0,2
2016-06-17,0.9776765284246857,-0.0008611888471252716,-0.0007513138494955607,8.21917808219178e-06,0.00010165581954751116,0.10173308918874753,0.1,0.0,1
2016-06-20,0.9778115047937999,0.00013805830987023704,0.00015093049608717602,1.2328767123287673e-05,5.434190935069762e-07,0.0005433437851189369,0.1,0.0,1
2016-06-21,0.9778226703372114,1.141891188316535e-05,1.615048187948439e-05,4.109589041095891e-06,6.219809554233958e-07,0.0006219734663075396,0.1,0.0,1
2016-06-22,0.9774160753963037,-0.0004158166436941668,-0.00041129575889411465,4.109589041095891e-06,4.11295758894118e-07,0.0004114666843552963,0.1,0.0,1
2016-06-23,0.9772867145478196,-0.00013234982699839026,-0.00012609964038872153,4.109589041095891e-06,2.1405975685763034e-06,0.0021408763304335936,0.1,0.0,1
2016-06-24,0.9781850395084715,0.0009192030826568054,0.0009289254621137222,4.109589041095891e-06,5.612790415858845e-06,0.005607604414286601,0.1,0.0,1
2016-06-27,0.9793514991242113,0.0011924733753094774,0.0012076604256275162,1.2328767123287673e-05,2.8582831948122953e-06,0.002854870677510532,0.1,0.0,1
2016-06-28,0.9798461282334773,0.0005050577956007274,0.0005110275042124691,4.109589041095891e-06,1.8601195706104325e-06,0.0018591771204206147,0.1,0.0,1
2016-06-29,0.9799150144625278,7.030310889200031e-05,7.621668092774318e-05,4.109589041095891e-06,1.8039829947088765e-06,0.001803852924120327,0.1,0.0,1
2016-06-30,0.9795471585841959,-0.00037539569544575713,-0.00027024938904857143,4.10958904109589e-06,0.00010103671735617319,0.10106444529410528,0.0,0.0,0
2016-07-01,0.9795471585841959,0.0,0.0,0.0,0.0,0.0,0.0,0.0,0
2016-07-05,0.9794492136628297,-9.999000099991662e-05,0.0,0.0,9.999000099990002e-05,0.0999900009999,0.1,0.0,1
2016-07-06,0.9796118867327642,0.00016608627345382487,0.0001709502069039415,4.10958904109589e-06,7.54344408992441e-07,0.0007542185746994346,0.1,0.0,1
2016-07-07,0.9790279141470999,-0.0005961264798572952,-0.0004903601053496965,4.10958904109589e-06,0.00010165678546650464,0.10170707653355557,0.2,0.0,2
2016-07-08,0.9777871138053975,-0.0012673799426682342,-0.0010554539179691957,8.21917808219178e-06,0.0002037068466167603,0.20392375482841704,0.39999999999999997,0.0,4
2016-07-11,0.978011789200563,0.00022977946016400352,0.0002820375561788935,4.9315068493150684e-05,2.943027521895132e-06,0.0029423427725654766,0.4,0.0,4
2016-07-12,0.9777077863127965,-0.00031083765157369214,-0.0002868412215720093,1.6438356164383563e-05,7.5580738372560805e-06,0.007560366742089153,0.4000000000000001,0.0,4
2016-07-13,0.9769392803467757,-0.0007860282763207938,-0.0007680464062106153,1.643835616438356e-05,1.5435139457843205e-06,0.0015447257596047789,0.4,0.0,4
2016-07-14,0.9767191133136564,-0.00022536409124751522,-0.00020197177807103068,1.6438356164383563e-05,6.953957012063887e-06,0.0069554761585453465,0.4,0.0,4
2016-07-15,0.977359388698567,0.0006555368643688109,0.0006741118805144386,1.643835616438356e-05,2.136659981379106e-06,0.002135255680250487,0.4,0.0,4
2016-07-18,0.9791767997413521,0.0018595115203272616,0.0019127237421954157,4.93150684931507e-05,3.897153374949506e-06,0.0038899048924330693,0.4000000000000001,0.0,4
2016-07-19,0.980421268186442,0.00127093334464079,0.0012892516654376075,1.643835616438356e-05,1.8799646323421052e-06,0.001877574830109186,0.4,0.0,4
2016-07-20,0.9772822665493076,-0.003201686600435405,-0.003078968443668584,1.643835616438356e-05,0.00010627980060254046,0.10660980130643322,0.30000000000000004,0.0,3
2016-07-21,0.9769159920710943,-0.00037478883097574744,-0.0002612910422427229,1.2328767123287673e-05,0.00010116902160969863,0.10119671103448036,0.4000000000000001,0.0,4
2016-07-22,0.9768191564983736,-9.912374606069196e-05,-8.025065707618625e-05,1.6438356164383563e-05,2.4347328201825947e-06,0.0024349682548604292,0.4,0.0,4
2016-07-25,0.9761163042586665,-0.0007195315888630649,-0.000669202969480781,4.931506849315069e-05,1.0135508889797978e-06,0.001014279667216243,0.39999999999999997,0.0,4
2016-07-26,0.9765438922943404,0.00043805029565469056,0.0005557946902050636,1.6438356164383563e-05,0.0001013060383859661,0.10125142778705848,0.3,0.0,3
2016-07-27,0.9767055407862053,0.0001655312097494921,0.0001788218255901808,1.2328767123287671e-05,9.61848717409924e-07,0.0009616886029331289,0.30000000000000004,0.0,3
2016-07-28,0.9773071050676221,0.000615911609278319,0.0007292908371315909,1.2328767123287671e-05,0.00010105046072993694,0.10097806328865606,0.39999999999999997,0.0,4
2016-07-29,0.9739599598468041,-0.0034248653299071563,-0.0030060890269430767,1.6438356164383563e-05,0.0004023379467997782,0.40355771103203664,0.0,0.0,0
2016-08-01,0.9739599598468041,0.0,0.0,0.0,0.0,0.0,0.0,0.0,0
2016-08-02,0.973765206805443,-0.00019996000799837876,0.0,0.0,0.00019996000799840034,0.19996000799840036,0.2,0.0,2
2016-08-03,0.9738855891676848,0.00012362565575396722,0.0002321108116223825,8.219178082191782e-06,0.00010026597778616707,0.10024353409756613,0.3,0.0,3
2016-08-04,0.9734466894117372,-0.0004506687036233137,-0.0004370514857327479,1.2328767123287673e-05,1.288450767233369e-06,0.001289030031875032,0.3,0.0,3
2016-08-05,0.9726453412778576,-0.0008232070051661378,-0.0008083690037563985,1.232876712328767e-05,2.5092342865059405e-06,0.00251129530096146,0.30000000000000004,0.0,3
2016-08-08,0.9721018765797422,-0.0005587490887494218,-0.0004202155260845609,3.698630136986302e-05,0.00010154726129494738,0.10159371012487436,0.4,0.0,4
2016-08-09,0.9715317224673099,-0.0005865168313823332,-0.0003689433887854532,1.6438356164383563e-05,0.00020113508643249359,0.20121263010699017,0.4000000000000001,0.0,4
2016-08-10,0.9717307455309874,0.00020485493069855032,0.00022248751608694442,1.643835616438356e-05,1.1942292239787965e-06,0.0011939832047424977,0.4,0.0,4
2016-08-11,0.971778458450407,4.9100967154824815e-05,6.616066056915893e-05,1.6438356164383563e-05,6.213372499842561e-07,0.0006213063572004348,0.4000000000000001,0.0,4
2016-08-12,0.9715964701359411,-0.00018727346020419589,-0.00016947876969416467,1.643835616438356e-05,1.356334345682748e-06,0.001356586558356656,0.4000000000000001,0.0,4
2016-08-15,0.9723020706667476,0.0007262279686006679,0.000780996324993882,4.9315068493150684e-05,5.453287900055283e-06,0.0054493007488363235,0.39999999999999997,0.0,4
2016-08-16,0.9725211518968412,0.00022532218813786642,0.00034519898760219665,1.643835616438356e-05,0.00010343844329986307,0.10340444798824897,0.30000000000000004,0.0,3
2016-08-17,0.9723266334468349,-0.0002000146214062859,-0.0001831916918031973,1.2328767123287673e-05,4.494162479824508e-06,0.004495041352372618,0.30000000000000004,0.0,3
2016-08-18,0.9727454074755181,0.00043069274694107484,0.00044740500976802054,1.2328767123287671e-05,4.383495703633066e-06,0.004381589378189592,0.30000000000000004,0.0,3
2016-08-19,0.9730308844256025,0.00029347550540004264,0.0003094571137105153,1.2328767123287673e-05,3.6528411872095305e-06,0.0036517561469434495,0.3,0.0,3
2016-08-22,0.9726311547532124,-0.00041080882301702815,-0.00037276439942713344,3.698630136986301e-05,1.0581222200868418e-06,0.001058555964134979,0.3,0.0,3
2016-08-23,0.9724255597253305,-0.0002113802615484328,-0.00019720943428958027,1.2328767123287671e-05,1.8420601354809815e-06,0.0018424461983435826,0.30000000000000004,0.0,3
2016-08-24,0.972446078765768,2.1100885545743964e-05,3.3755346110009296e-05,1.2328767123287674e-05,3.256934409422802e-07,0.0003256864625955645,0.30000000000000004,0.0,3
2016-08-25,0.972156487787287,-0.00029779643807970047,-0.0002848884278139785,1.2328767123287671e-05,5.79243142356471e-07,0.0005794153545628577,0.3,0.0,3
2016-08-26,0.972362422758113,0.0002118331497171777,0.0002310362461861391,1.2328767123287673e-05,6.874329345699765e-06,0.006872826207205949,0.30000000000000004,0.0,3
2016-08-29,0.971976754783015,-0.0003966298635893484,-0.00025750351835263086,3.698630136986301e-05,0.0001021400438669279,0.10217013193066117,0.2,0.0,2
2016-08-30,0.9720528882562561,7.83284917735827e-05,8.863965214365164e-05,8.21917808219178e-06,2.091982287977874e-06,0.002091814063299255,0.2,0.0,2
2016-08-31,0.9719569007345897,-9.874722129432634e-05,0.00011030774015085011,8.219178082191782e-06,0.0002008357833629826,0.20081528241955895,0.0,0.0,0
2016-09-01,0.9719569007345897,0.0,0.0,0.0,0.0,0.0,0.0,0.0,0
2016-09-02,0.9719569007345897,0.0,0.0,0.0,0.0,0.0,0.0,0.0,0
2016-09-06,0.9719569007345897,0.0,0.0,0.0,0.0,0.0,0.0,0.0,0
2016-09-07,0.9718597147631134,-9.999000099991662e-05,0.0,0.0,9.999000099990003e-05,0.09999000099990002,0.1,0.0,1
2016-09-08,0.9717968320173976,-6.470352125986789e-05,3.970164002895513e-05,4.109589041095891e-06,0.00010029557224764918,0.1002920026495772,0.2,0.0,2
2016-09-09,0.9710954018946917,-0.0007217867969890879,-0.0007085165768833779,8.21917808219178e-06,5.051042023495193e-06,0.005054664882545883,0.2,0.0,2
2016-09-12,0.9702125182938942,-0.0009091625797783554,-0.0008818260913078192,2.4657534246575342e-05,2.6789542239075456e-06,0.0026813848553727503,0.2,0.0,2
2016-09-13,0.9695342794079467,-0.0006990621880865744,-0.0006877975271538493,8.21917808219178e-06,3.0454828505307963e-06,0.0030476040338493003,0.2,0.0,2
2016-09-14,0.9690180869369189,-0.0005324128109662762,-0.00042470594449801056,8.21917808219178e-06,9.948768838594284e-05,0.09953077776010515,0.1,0.0,1
2016-09-15,0.969003766783818,-1.4778003934012851e-05,-1.0161084377025025e-05,4.109589041095891e-06,5.073305158675398e-07,0.0005073377559189672,0.1,0.0,1
2016-09-16,0.9691033940489852,0.00010281411546797514,0.00010750164229464954,4.10958904109589e-06,5.779377854837052e-07,0.0005778780374868793,0.1,0.0,1
2016-09-19,0.9690497841497194,-5.5319070797699155e-05,-4.1875192941076596e-05,1.232876712328767e-05,1.1151107333108782e-06,0.001115171180004984,0.1,0.0,1
2016-09-20,0.9687426868879173,-0.00031690555720165214,-0.00031248348467595167,4.10958904109589e-06,3.1248348467594975e-07,0.00031258244611335475,0.1,0.0,1
2016-09-21,0.9687090572535689,-3.471472332494674e-05,-2.841532013112547e-05,4.10958904109589e-06,2.189814152855329e-06,0.002189885378678368,0.1,0.0,1
2016-09-22,0.968896530283045,0.0001935287257535112,0.0002980850115646749,4.10958904109589e-06,0.00010044669677012716,0.100417176588211,0.2,0.0,2
2016-09-23,0.9693512213934318,0.0004692875824974241,0.00047811847133124593,8.21917808219178e-06,6.117107515538312e-07,0.0006114234441095681,0.2,0.0,2
2016-09-26,0.9691349483055818,-0.000223111172789503,-0.00019779766225249684,2.4657534246575345e-05,6.559762904009888e-07,0.0006561222482046406,0.2,0.0,2
2016-09-27,0.9686975308139893,-0.00045134838275850964,-0.0004409993649273081,8.21917808219178e-06,2.129839749030748e-06,0.00213079694252872,0.2,0.0,2
2016-09-28,0.9685471072003529,-0.0001552843987432384,-0.000146623823349884,8.219178082191782e-06,4.4139731120847133e-07,0.0004414656690777005,0.2,0.0,2
2016-09-29,0.9691619185677146,0.0006347769383554525,0.0006460590065348103,8.219178082191782e-06,3.0628900971318863e-06,0.003060937709148579,0.2,0.0,2
2016-09-30,0.9694078394119432,0.000253745880349987,0.00046071854615645225,8.219178082191782e-06,0.00019875348772436182,0.19866359257426258,0.0,0.0,0
2016-10-03,0.9694078394119432,0.0,0.0,0.0,0.0,0.0,0.0,0.0,0
2016-10-04,0.9694078394119432,0.0,0.0,0.0,0.0,0.0,0.0,0.0,0
2016-10-05,0.9692139966126206,-0.00019996000799837876,0.0,0.0,0.0001999600079984003,0.1999600079984003,0.2,0.0,2
2016-10-06,0.9695652889046253,0.0003624507004980071,0.00037151820899976036,8.219178082191782e-06,8.483304195857827e-07,0.0008480223338936825,0.2,0.0,2
2016-10-07,0.9693358017684957,-0.0002366907507476146,-0.00022764466972889915,8.219178082191782e-06,8.269029364730011e-07,0.0008270980189942781,0.2,0.0,2
2016-10-10,0.9688640492975866,-0.000486676000255426,-0.0003606185835092757,2.465753424657534e-05,0.00010139988249954993,0.1014389645099855,0.3,0.0,3
2016-10-11,0.968912601213416,5.0112207037322776e-05,6.558063198022205e-05,1.2328767123287671e-05,3.1396578195827385e-06,0.003139490635851678,0.30000000000000004,0.0,3
2016-10-12,0.9690523956550798,0.00014427972294783764,0.00025886160570413034,1.2328767123287671e-05,0.0001022531156330947,0.10222791309549706,0.4,0.0,4
2016-10-13,0.9692135886361805,0.00016634083133526545,0.00028693344643657706,1.6438356164383563e-05,0.00010415425893703444,0.10412609334001673,0.5000000000000001,0.0,5
2016-10-14,0.9687088581168652,-0.0005207629414538673,-0.0004974744206069747,2.0547945205479456e-05,2.7405756413457797e-06,0.0027419960566300835,0.5000000000000001,0.0,5
2016-10-17,0.9689706840920087,0.0002702834530206033,0.0004340130780035089,6.164383561643835e-05,0.00010208578936639344,0.10204778990817806,0.6,0.0,6
2016-10-18,0.9677229603484411,-0.0012876795594046753,-0.0012595313135602302,2.4657534246575342e-05,3.490711597795807e-06,0.003495200094778375,0.5999999999999999,0.0,6
2016-10-19,0.9685537200722445,0.0008584685471391129,0.0008849569095860099,2.465753424657534e-05,1.8308282003823171e-06,0.0018292544938838917,0.6000000000000002,0.0,6
2016-10-20,0.9691898662455052,0.0006568000928366402,0.0006836940457139896,2.4657534246575345e-05,2.2364186307113416e-06,0.0022349457198807925,0.6000000000000002,0.0,6
2016-10-21,0.9696884850818289,0.0005144697171208801,0.0005424052151968617,2.4657534246575345e-05,3.2779638293855183e-06,0.003276267549459613,0.6000000000000001,0.0,6
2016-10-24,0.9678218816346702,-0.001924951647746087,-0.0018462354741675402,7.397260273972601e-05,4.743570838906797e-06,0.004752697006084975,0.6000000000000001,0.0,6
2016-10-25,0.9657603882397295,-0.002130033877162152,-0.0021000964248516383,2.4657534246575345e-05,5.27991806393203e-06,0.00529116047810611,0.5999999999999999,0.0,6
2016-10-26,0.9674849687096634,0.0017857229297602029,0.0020134339506692523,2.4657534246575342e-05,0.0002030534866623402,0.2026504602063047,0.6,0.0,6
2016-10-27,0.9672366289706241,-0.00025668588874350196,-0.00012804657888597097,2.4657534246575342e-05,0.00010398177561099152,0.10399765648089229,0.7000000000000002,0.0,7
2016-10-28,0.9663493710587792,-0.0009173121501707682,-0.0006840159136192849,2.876712328767123e-05,0.00020452911326373954,0.2046750021333391,0.49999999999999994,0.0,5
2016-10-31,0.9664455634273625,9.954202016815294e-05,0.0006692198740575698,6.164383561643835e-05,0.0005080340182729819,0.5077255364029587,0.0,0.0,0
2016-11-01,0.9664455634273625,0.0,0.0,0.0,0.0,0.0,0.0,0.0,0
2016-11-02,0.9661557167123488,-0.00029991002699192304,0.0,0.0,0.00029991002699190244,0.29991002699190245,0.30000000000000004,0.0,3
2016-11-03,0.9653193025534356,-0.0008657136157713685,-0.000451771885678276,1.2328767123287671e-05,0.00040161296296983465,0.40179943835146886,0.5000000000000001,0.0,5
2016-11-04,0.9663920317970698,0.0011112688214114375,0.0011359810748391653,2.0547945205479456e-05,4.1643082222675824e-06,0.004159668390336712,0.5,0.0,5
2016-11-07,0.9644098951169191,-0.0020510689398636206,-0.0016780235632311014,6.164383561643835e-05,0.00031140154101600185,0.3119442202061535,0.8000000000000002,0.0,8
2016-11-08,0.9644573477427136,4.920379398298813e-05,8.868033334628024e-05,3.287671232876711e-05,6.599827034481632e-06,0.006599458760786024,0.7999999999999998,0.0,8
2016-11-09,0.9679099086079171,0.003579796320992479,0.0037365921487884377,3.287671232876712e-05,0.00012391911546721064,0.123461847915273,0.7000000000000001,0.0,7
2016-11-10,0.9695599329324307,0.0017047292416778603,0.0017451451174260283,2.8767123287671234e-05,1.1648752460577053e-05,0.011628793056077214,0.7000000000000002,0.0,7
2016-11-11,0.9661475592690402,-0.0035195077142573528,-0.003384990529067905,2.8767123287671238e-05,0.0001057500619017508,0.10611230359014073,0.6000000000000001,0.0,6
2016-11-14,0.9638026085992609,-0.002427114416718501,-0.002246614996785707,7.397260273972604e-05,0.00010652681719314863,0.10677459699888855,0.5000000000000001,0.0,5
2016-11-15,0.9638354846001116,3.411071993086878e-05,0.0002626259811094988,2.0547945205479453e-05,0.00020796731597311707,0.20791698383803847,0.3,0.0,3
2016-11-16,0.9643269305673873,0.0005098857378960098,0.0005243015695202192,1.2328767123287673e-05,2.087064500822522e-06,0.0020859965273346322,0.30000000000000004,0.0,3
2016-11-17,0.964288017562642,-4.035250236378296e-05,-2.651760104007697e-05,1.2328767123287673e-05,1.5061342003915514e-06,0.001506192710508109,0.3,0.0,3
2016-11-18,0.9641532623429733,-0.0001397458199360324,-0.00012560765596115184,1.2328767123287671e-05,1.8093968515981845e-06,0.0018096464677589943,0.3,0.0,3
2016-11-21,0.964426816049328,0.0002837242967885789,0.00042367350536531297,3.698630136986301e-05,0.00010296290720681139,0.1029231081578913,0.4,0.0,4
2016-11-22,0.9666320999931054,0.002286626529953928,0.002311221484191911,1.643835616438356e-05,8.156598073694174e-06,0.0081379233045976,0.4,0.0,4
2016-11-23,0.9660229772390099,-0.000630149520277512,-0.0005114608693265856,1.6438356164383563e-05,0.000102250294786651,0.10230430114799141,0.30000000000000004,0.0,3
2016-11-25,0.9663119902375489,0.00029917818245372985,0.0004252548838329873,2.4657534246575345e-05,0.00010141916713254316,0.10137855515204434,0.2,0.0,2
2016-11-28,0.9664719591014743,0.0001655457714915265,0.0001919643042079477,2.465753424657534e-05,1.7609984698154945e-06,0.001760703892134443,0.2,0.0,2
2016-11-29,0.9665664351967812,9.775358138131018e-05,0.0001063679722647426,8.21917808219178e-06,3.9521280115607715e-07,0.0003951740153029828,0.2,0.0,2
2016-11-30,0.9661796202613714,-0.00040019487675579946,-0.00019287882175869633,8.21917808219178e-06,0.0001990968769147643,0.19913692295166438,0.0,0.0,0
2016-12-01,0.9661796202613714,0.0,0.0,0.0,0.0,0.0,0.0,0.0,0
2016-12-02,0.9659864229767761,-0.00019996000799837876,0.0,0.0,0.00019996000799840037,0.19996000799840036,0.2,0.0,2
2016-12-05,0.9662151049940934,0.0002367341940610057,0.0002616533816893252,2.4657534246575345e-05,2.6165338168932637e-07,0.00026159138561720834,0.2,0.0,2
2016-12-06,0.9660185031398504,-0.00020347627896399878,-0.00019501401474547597,8.219178082191782e-06,2.430861363232037e-07,0.00024313554953722604,0.2,0.0,2
2016-12-07,0.9659376011000937,-8.374791941734294e-05,-7.286219188612499e-05,8.219178082191782e-06,2.6665494490436878e-06,0.0026667656740579243,0.2,0.0,2
2016-12-08,0.9657774128798038,-0.00016583702726502558,-0.00015735673692894863,8.21917808219178e-06,2.611122538435281e-07,0.00026115549490355694,0.2,0.0,2
2016-12-09,0.9655332168665489,-0.0002528491658618792,-0.00024173874961107568,8.219178082191782e-06,2.891238168610411e-06,0.002891961037198238,0.2,0.0,2
2016-12-12,0.9654711272096953,-6.430608058738407e-05,-3.7011095703554214e-05,2.4657534246575342e-05,2.6374506372619917e-06,0.0026376132952602486,0.2,0.0,2
2016-12-13,0.9658236600208928,0.00036514070826365597,0.00037482791355171745,8.21917808219178e-06,1.4680272057834145e-06,0.001467489211419301,0.2,0.0,2
2016-12-14,0.9658199141976701,-3.87837177506789e-06,8.391023793536e-06,8.21917808219178e-06,4.05021748643561e-06,0.004050216790423224,0.2,0.0,2
2016-12-15,0.9659699463577139,0.00015534175454279264,0.0002647951251176672,8.219178082191782e-06,0.00010123419249264677,0.10120822489649615,0.1,0.0,1
2016-12-16,0.9662751887660224,0.00031599576100616034,0.00032137359745668673,4.109589041095891e-06,1.268247409348304e-06,0.0012678451677083466,0.1,0.0,1
2016-12-19,0.966100190319165,-0.0001811062199380542,-6.828374071734533e-05,1.2328767123287671e-05,0.000100493712097408,0.10050181380066099,0.2,0.0,2
2016-12-20,0.9661388820006536,4.0049346720083534e-05,4.916300373535296e-05,8.219178082191782e-06,8.944789330291292e-07,0.0008944423111390852,0.2,0.0,2
2016-12-21,0.9658160884253121,-0.00033410680530010506,-0.00032428619519949136,8.219178082191782e-06,1.6014320183845008e-06,0.001601964680248491,0.2,0.0,2
2016-12-22,0.965353102454375,-0.000479372808638856,-0.0004697588247063678,8.21917808219178e-06,1.3948058503730503e-06,0.0013954728557015643,0.2,0.0,2
2016-12-23,0.965252481836742,-0.00010423193065545178,4.548895504563617e-06,8.21917808219178e-06,0.00010056164807786046,0.10056201716888004,0.3,0.0,3
2016-12-27,0.9652940029256938,4.301578056842281e-05,9.347740358283672e-05,4.9315068493150684e-05,1.1465545213218033e-06,0.0011465038890328741,0.3,0.0,3
2016-12-28,0.9655172488644949,0.00023127248084464647,0.00024621428069584447,1.2328767123287673e-05,2.6130327278414985e-06,0.0026124217202457907,0.30000000000000004,0.0,3
2016-12-29,0.9656556443377029,0.0001433381675686185,0.00015894102905343875,1.2328767123287671e-05,3.2740943616426307e-06,0.003273614409629348,0.3,0.0,3
2016-12-30,0.9654596126543378,-0.00020300371515935556,0.00010943840757602357,1.2328767123287671e-05,0.0003001133556120695,0.30008421454188977,0.0,0.0,0
2017-01-03,0.9654596126543378,0.0,0.0,0.0,0.0,0.0,0.0,0.0,0
2017-01-04,0.9653630763467032,-9.99900009998056e-05,0.0,0.0,9.999000099990002e-05,0.09999000099990002,0.1,0.0,1
2017-01-05,0.9652049549266709,-0.00016379476686700922,-0.0001590860021939089,4.109589041095891e-06,5.991756320466114e-07,0.0005992734308284669,0.1,0.0,1
2017-01-06,0.9650178884519278,-0.0001938101061212949,-8.909957610439553e-05,4.109589041095891e-06,0.0001006009409757119,0.10061031877953036,0.2,0.0,2
2017-01-09,0.9647370718789622,-0.0002909962357444673,-0.00016401359174272328,2.4657534246575345e-05,0.00010232510975519635,0.10234441919200403,0.3,0.0,3
2017-01-10,0.9647144043158595,-2.3496104548437202e-05,-5.5007741316114004e-06,1.2328767123287671e-05,5.66656329365895e-06,0.005666664327684357,0.3,0.0,3
2017-01-11,0.9654713855631565,0.0007846687516124273,0.0007986726100298047,1.2328767123287671e-05,1.6750912942371534e-06,0.0016737751314681133,0.30000000000000004,0.0,3
2017-01-12,0.9657590832544377,0.00029798676126824297,0.00031213578654170065,1.2328767123287673e-05,1.8202581500360751e-06,0.0018197125874290397,0.3,0.0,3
2017-01-13,0.9662690183860627,0.0005280148439366084,0.0005413333091962902,1.2328767123287673e-05,9.89698136316351e-07,0.0009891748583233933,0.30000000000000004,0.0,3
2017-01-17,0.96607886537051,-0.00019679096807878604,-0.00014431170065993808,4.93150684931507e-05,3.164198925729708e-06,0.0031648117179976414,0.30000000000000004,0.0,3
2017-01-18,0.9665756244582568,0.000514201382054047,0.0005273839500189226,1.2328767123287671e-05,8.538008415397776e-07,0.0008533613133724424,0.3,0.0,3
2017-01-19,0.966366616394973,-0.00021623560329386837,-0.00020060062472430074,1.2328767123287673e-05,3.3062114461283454e-06,0.0033069155856528896,0.3,0.0,3
2017-01-20,0.9659712845504732,-0.0004090909576063284,-0.0002944040318114572,1.2328767123287671e-05,0.00010235815867159455,0.10238956490942093,0.2,0.0,2
2017-01-23,0.9653445759685373,-0.0006487859338671909,-0.0006225324498830842,2.4657534246575345e-05,1.595949737537399e-06,0.0015969832891269443,0.2,0.0,2
2017-01-24,0.9660078054801077,0.0006870391444473434,0.0006959542768063932,8.219178082191782e-06,6.959542768063955e-07,0.0006954759735690527,0.2,0.0,2
2017-01-25,0.9654513249829471,-0.0005760621125457943,-0.00036617565710416735,8.219178082191782e-06,0.00020166727735946167,0.20174280882512177,0.4,0.0,4
2017-01-26,0.9653301433229323,-0.00012551814563710462,-0.000108057030631048,1.6438356164383563e-05,1.022758841679636e-06,0.001022886186291046,0.4,0.0,4
2017-01-27,0.9660236026395942,0.0007183649256770064,0.0007370758532447843,1.6438356164383563e-05,2.2725714035006026e-06,0.002270934882670722,0.4,0.0,4
2017-01-30,0.9663699372446992,0.0003585156761787278,0.00050866521188625,4.9315068493150684e-05,0.00010083446721425424,0.10078817015384174,0.30000000000000004,0.0,3
2017-01-31,0.9664866463587538,0.00012077063819604383,0.00043572269353552863,1.2328767123287671e-05,0.0003026232882161991,0.3024952135800005,0.0,0.0,0
2017-02-01,0.9664866463587538,0.0,0.0,0.0,0.0,0.0,0.0,0.0,0
2017-02-02,0.9661002062762433,-0.0003998400639744215,0.0,0.0,0.0003998400639744103,0.3998400639744103,0.4000000000000001,0.0,4
2017-02-03,0.9673272361112792,0.0012700854704974507,0.0013889260194133667,1.6438356164383563e-05,0.00010240219275160076,0.10226183963827608,0.3,0.0,3
2017-02-06,0.9648230689417296,-0.0025887487460980463,-0.0024479332366713793,3.698630136986301e-05,0.00010382920805684706,0.10408785800888619,0.4,0.0,4
2017-02-07,0.9652687575815112,0.000461938208287771,0.0005805766648654454,1.643835616438356e-05,0.00010220010041331356,0.1021424779285684,0.30000000000000004,0.0,3
2017-02-08,0.965635328301398,0.0003797602657369392,0.0003948849229435949,1.2328767123287671e-05,2.7958900833249387e-06,0.002794820907382404,0.3,0.0,3
2017-02-09,0.9648965006334025,-0.0007651207928516257,-0.0007504180978488262,1.2328767123287673e-05,2.373927879454137e-06,0.0023757399676664634,0.30000000000000004,0.0,3
2017-02-10,0.9644503197453331,-0.0004624132098898226,-0.00014792017057415615,1.2328767123287673e-05,0.0003021642721924438,0.302212701456811,0.6000000000000002,0.0,6
2017-02-13,0.9646442808286263,0.00020111049716309282,0.00027737296834048344,7.397260273972604e-05,2.289868437678387e-06,0.00228940277231749,0.5999999999999999,0.0,6
2017-02-14,0.9642428627777359,-0.00041613064926449006,-0.00038810127427515447,2.465753424657534e-05,3.3718407426079992e-06,0.003373233074272602,0.5999999999999999,0.0,6
2017-02-15,0.9633733428943169,-0.0009017643966937605,-0.0007747455645879809,2.4657534246575342e-05,0.00010236129785911756,0.10244319126366824,0.5000000000000001,0.0,5
2017-02-16,0.9642041915531459,0.0008624368371381586,0.000987223133562476,2.0547945205479453e-05,0.00010423835121879693,0.10413768390359435,0.6000000000000002,0.0,6
2017-02-17,0.9622184497470153,-0.00205946191017059,-0.0019309716184973626,2.4657534246575345e-05,0.00010383275742666232,0.10403621367907422,0.5000000000000001,0.0,5
2017-02-21,0.961253413245566,-0.0010029287026277478,-0.0009147070321732676,8.219178082191781e-05,6.0298896325018655e-06,0.006035906820846918,0.5000000000000001,0.0,5
2017-02-22,0.9608753140774242,-0.0003933397405219141,-0.0002716514698300587,2.0547945205479453e-05,0.00010114032548636583,0.10116988726824482,0.39999999999999997,0.0,4
2017-02-23,0.9612032940694646,0.00034133460110297165,0.0003610736563256167,1.6438356164383563e-05,3.300699058222902e-06,0.0032995619127127135,0.4,0.0,4
2017-02-24,0.961152760021894,-5.257373531941667e-05,-3.2372847267741956e-05,1.6438356164383563e-05,3.7625318873900673e-06,0.0037627155500642383,0.4,0.0,4
2017-02-27,0.9611742921823013,2.2402433102142183e-05,7.375915811497775e-05,4.931506849315069e-05,2.0416565196875517e-06,0.0020416066144724947,0.4,0.0,4
2017-02-28,0.9609879251623101,-0.0001938951358843033,0.0002244194650579512,1.643835616438356e-05,0.000401876244777861,0.4017926794908352,0.0,0.0,0
2017-03-01,0.9609879251623101,0.0,0.0,0.0,0.0,0.0,0.0,0.0,0
2017-03-02,0.9608918359787123,-9.99900009998056e-05,0.0,0.0,9.999000099990002e-05,0.09999000099990002,0.1,0.0,1
2017-03-03,0.9608939668033132,2.2175488656461795e-06,6.7378930999340156e-06,4.10958904109589e-06,4.1075519323422334e-07,0.0004107541136475193,0.1,0.0,1
2017-03-06,0.9610375667571964,0.00014944412062556367,0.0002620498820428252,1.2328767123287673e-05,0.00010027699429410538,0.10025195926306534,0.2,0.0,2
2017-03-07,0.9611605591255334,0.00012797873110415026,0.00013645539074078617,8.21917808219178e-06,2.5748155449624e-07,0.0002574485402704812,0.2,0.0,2
2017-03-08,0.9610531230432743,-0.000111777456158757,-0.00010072856751749954,8.21917808219178e-06,2.8297105591390337e-06,0.0028300188833163755,0.2,0.0,2
2017-03-09,0.9607808623460842,-0.0002832941183604776,-0.00017445390561899866,8.21917808219178e-06,0.00010062103465925798,0.100639418772227,0.30000000000000004,0.0,3
2017-03-10,0.9613849774359595,0.0006287751073643655,0.0006431438529843513,1.232876712328767e-05,2.0399784966183856e-06,0.0020386924586600318,0.3,0.0,3
2017-03-13,0.961206801097371,-0.00018533297562406403,-0.00014692807181633798,3.6986301369863006e-05,1.4186024378178579e-06,0.0014188633871883495,0.3,0.0,3
2017-03-14,0.9612649472975378,6.049291380416655e-05,0.00017384519135995593,1.2328767123287673e-05,0.00010102351043262635,0.10100719611148824,0.4,0.0,4
2017-03-15,0.962119217888434,0.0008886942078747406,0.0009121691467907754,1.643835616438356e-05,7.036582751713268e-06,0.0070302855085163955,0.4,0.0,4
2017-03-16,0.9621431235564014,2.484688749881947e-05,0.0001436630756700918,1.6438356164383567e-05,0.0001023778320067805,0.10236480867270986,0.30000000000000004,0.0,3
2017-03-17,0.9619031069610328,-0.0002494603863939515,-0.00023554754814728574,1.2328767123287671e-05,1.5840711233453967e-06,0.0015844638744122654,0.30000000000000004,0.0,3
2017-03-20,0.9616491704395694,-0.0002639938676002318,-0.00022535222331728785,3.698630136986302e-05,1.6553429130126032e-06,0.0016557772871833335,0.3,0.0,3
2017-03-21,0.9616313715626543,-1.850870095065904e-05,9.708536530416146e-05,1.2328767123287673e-05,0.00010326529913157023,0.1032565474578678,0.4,0.0,4
2017-03-22,0.9616538042343591,2.3327724498312108e-05,4.3479244740696156e-05,1.643835616438356e-05,3.7131640780215373e-06,0.003713063673480466,0.4,0.0,4
2017-03-23,0.9613198282836627,-0.0003472933286654545,-0.00032902734081585174,1.6438356164383563e-05,1.8276316852997577e-06,0.0018282632875506548,0.4,0.0,4
2017-03-24,0.9621140704355882,0.0008261996981206998,0.0008442524619272195,1.643835616438356e-05,1.6144076420466524e-06,0.0016130723180281731,0.39999999999999997,0.0,4
2017-03-27,0.9616196528502587,-0.0005138866591001268,-0.00046341234840808213,4.931506849315069e-05,1.1592421989558327e-06,0.0011598368791228921,0.39999999999999997,0.0,4
2017-03-28,0.9623146165822918,0.0007227012571686675,0.0007410521190192422,1.643835616438356e-05,1.9125056861670234e-06,0.0019111208616881654,0.39999999999999997,0.0,4
2017-03-29,0.9622544352276798,-6.253812794165814e-05,-4.4528338882487974e-05,1.6438356164383563e-05,1.571432894822095e-06,0.001571528705733455,0.39999999999999997,0.0,4
2017-03-30,0.9621963094732305,-6.040580570099152e-05,5.676500998601506e-05,1.6438356164383563e-05,0.00010073245952265536,0.10072839748344004,0.3,0.0,3
2017-03-31,0.9624040306760466,0.00021588235245872944,0.00052909661783197,1.2328767123287671e-05,0.0003008854982499709,0.3007300906074043,0.0,0.0,0
2017-04-03,0.9624040306760466,0.0,0.0,0.0,0.0,0.0,0.0,0.0,0
2017-04-04,0.962307799896057,-9.999000099991662e-05,0.0,0.0,9.999000099990002e-05,0.09999000099990002,0.1,0.0,1
2017-04-05,0.9619377140193697,-0.0003845816034404592,-0.0003791145271287432,4.109589041095891e-06,1.3574872706837202e-06,0.0013580076919812315,0.1,0.0,1
2017-04-06,0.9620890692852572,0.00015734414368173688,0.00016274656483036284,4.10958904109589e-06,1.2928321074996667e-06,0.0012926270490537814,0.1,0.0,1
2017-04-07,0.9622561546955742,0.00017366937807650196,0.00017854226872722197,4.109589041095891e-06,7.633016094603444e-07,0.0007631684879359416,0.1,0.0,1
2017-04-10,0.9626008892503486,0.0003582565339719235,0.000370956257352445,1.2328767123287673e-05,3.709562573524444e-07,0.0003708232699338294,0.1,0.0,1
2017-04-11,0.9622925940956919,-0.00032027308316406877,-0.00031517063534244324,4.109589041095891e-06,9.928587806171218e-07,0.0009931758820355904,0.1,0.0,1
2017-04-12,0.9620904310583706,-0.00021008478976325407,-0.00020576943129087534,4.10958904109589e-06,2.0576943129087675e-07,0.00020581262704341257,0.1,0.0,1
2017-04-13,0.9618606214032324,-0.00023886492134150838,-0.00023418180494126918,4.10958904109589e-06,5.735273591510895e-07,0.0005736640583592334,0.1,0.0,1
2017-04-17,0.9620158254948423,0.00016135819281548613,0.0002780907755746909,1.6438356164383563e-05,0.00010029422659485627,0.10026799123236091,0.2,0.0,2
2017-04-18,0.9620288711458977,1.3560744750451548e-05,2.2314563051162332e-05,8.219178082191782e-06,5.34640218536955e-07,0.0005346326826834756,0.2,0.0,2
2017-04-19,0.9622792771662091,0.00026028950671008744,0.00036933517809404904,8.219178082191782e-06,0.00010082649330188099,0.10079009638543347,0.30000000000000004,0.0,3
2017-04-20,0.9617646395448985,-0.0005348110818993446,-0.0004197407214847794,1.2328767123287671e-05,0.00010274159329125714,0.10278600398743605,0.4,0.0,4
2017-04-21,0.9619511247035273,0.00019389895506760624,0.00021275312084231273,1.643835616438356e-05,2.4158096102710066e-06,0.002415335444261648,0.4,0.0,4
2017-04-24,0.9621179009760158,0.00017337291698682478,0.0003240367580447656,4.931506849315069e-05,0.000101348772564907,0.10132093750576845,0.5000000000000001,0.0,5
2017-04-25,0.9617424309853432,-0.00039025361682987203,-0.0003687556814367887,2.0547945205479453e-05,9.49990187649209e-07,0.0009503601663085693,0.49999999999999994,0.0,5
2017-04-26,0.9623235861199977,0.0006042731566486825,0.000626639226322301,2.0547945205479453e-05,1.8181244681380317e-06,0.001817023186227272,0.49999999999999994,0.0,5
2017-04-27,0.9629843741437165,0.0006866588674014906,0.0007094144936418357,2.054794520547945e-05,2.20768103490812e-06,0.00220616128419898,0.5,0.0,5
2017-04-28,0.962368380347335,-0.0006396716425739468,-0.0001210920610310473,2.0547945205479453e-05,0.0004980316363374845,0.4981021875344332,0.0,0.0,0
2017-05-01,0.962368380347335,0.0,0.0,0.0,0.0,0.0,0.0,0.0,0
2017-05-02,0.9622721531320217,-9.999000099991662e-05,0.0,0.0,9.999000099990002e-05,0.0999900009999,0.1,0.0,1
2017-05-03,0.9622312851790721,-4.247026458847891e-05,-3.792414047009139e-05,4.109589041095891e-06,4.365350772248842e-07,0.00043655342719356005,0.1,0.0,1
2017-05-04,0.9618664626139793,-0.00037914228181101794,-0.00037465803473523134,4.10958904109589e-06,3.746580347352252e-07,0.00037479999683941943,0.1,0.0,1
2017-05-05,0.9618730796646575,6.879386001523713e-06,0.0002115371190969717,4.109589041095891e-06,0.00020054814405436188,0.20050655347521448,0.1,0.0,1
2017-05-08,0.9618014904727222,-7.442685885361566e-05,-6.028291241810809e-05,1.2328767123287671e-05,1.8151793121429568e-06,0.0018153111249326285,0.1,0.0,1
2017-05-09,0.9616920186572274,-0.00011381955276545952,-9.63524773814894e-06,4.109589041095891e-06,0.00010007471598620598,0.10007609151574938,0.2,0.0,2
2017-05-10,0.9619792786303553,0.0002987026694147854,0.00030995556095365646,8.219178082191782e-06,3.033713456560895e-06,0.0030327983509564993,0.2,0.0,2
2017-05-11,0.9603829954353867,-0.0016593737832287792,-0.0016479453667939457,8.219178082191782e-06,3.2092383526317277e-06,0.003214562196568984,0.2,0.0,2
2017-05-12,0.9603388575848382,-4.595859230993593e-05,0.00016592531574037277,8.219178082191782e-06,0.00020366472996817615,0.20363261585482845,0.2,0.0,2
2017-05-15,0.959727278368893,-0.0006368368947219372,-0.0004111770148407246,2.4657534246575342e-05,0.00020100234563460642,0.2010899875986775,0.2,0.0,2
2017-05-16,0.9596856204284387,-4.340601897356855e-05,-3.1860766326097214e-05,8.219178082191782e-06,3.3260745653022025e-06,0.0033262078795291044,0.2,0.0,2
2017-05-17,0.9609057717084393,0.0012714072754949068,0.0012826429547659667,8.21917808219178e-06,3.016501188886608e-06,0.003012661781081691,0.2,0.0,2
2017-05-18,0.9607345428206662,-0.00017819529532914213,-6.89349527928596e-05,8.21917808219178e-06,0.00010104116445412025,0.10104896079886652,0.1,0.0,1
2017-05-19,0.9613249188671218,0.0006145048607519854,0.0006192336834765444,4.10958904109589e-06,6.192336834765489e-07,0.0006188530120779058,0.1,0.0,1
2017-05-22,0.9608961857721977,-0.00044598146423724394,-0.00043227836084190906,1.2328767123287671e-05,1.3743362718716806e-06,0.0013749475833678246,0.1,0.0,1
2017-05-23,0.9614180075865775,0.0005430574312879077,0.0005477147350639755,4.109589041095891e-06,5.477147350639706e-07,0.0005474171562807952,0.1,0.0,1
2017-05-24,0.9612965078626692,-0.0001263755441957004,-0.0001211200632696196,4.10958904109589e-06,1.1458918850565765e-06,0.0011460354026715887,0.1,0.0,1
2017-05-25,0.9605122197563387,-0.0008158649281627683,-0.0008106205413852764,4.10958904109589e-06,1.1347977363365717e-06,0.0011357230441204362,0.1,0.0,1
2017-05-26,0.960456371628423,-5.8144109743696326e-05,4.638953566534765e-05,4.109589041095891e-06,0.0001004240563679722,0.10041981062373902,0.2,0.0,2
2017-05-30,0.9603953395210215,-6.354490344839814e-05,-3.0172885273849197e-05,3.287671232876712e-05,4.953058457467907e-07,0.0004953370765501448,0.2,0.0,2
2017-05-31,0.9608659855832531,0.0004900545044983495,0.000698429846191806,8.219178082191782e-06,0.0002001561636111416,0.20001810897850952,0.0,0.0,0
2017-06-01,0.9608659855832531,0.0,0.0,0.0,0.0,0.0,0.0,0.0,0
2017-06-02,0.9606738508130904,-0.00019996000799848979,0.0,0.0,0.0001999600079984003,0.19996000799840033,0.2,0.0,2
2017-06-05,0.9610992583557499,0.0004428220277874484,0.0005684089048593911,2.465753424657534e-05,0.00010092934282525651,0.10087449218187275,0.30000000000000004,0.0,3
2017-06-06,0.9615126131793307,0.00043008546722633767,0.0004438332241365971,1.2328767123287673e-05,1.4189897871376155e-06,0.0014183777508164094,0.30000000000000004,0.0,3
2017-06-07,0.9613877002125124,-0.00012991297784981093,-1.5374040467142135e-05,1.2328767123287671e-05,0.0001022101702593497,0.10221300184647308,0.4,0.0,4
2017-06-08,0.9619109302682576,0.0005442445910526228,0.0006663611667464265,1.643835616438356e-05,0.00010567821952942987,0.10560958145342726,0.5,0.0,5
2017-06-09,0.9631543042717944,0.0012926082492794588,0.001318469682428497,2.0547945205479456e-05,5.3134879436382995e-06,0.005306600391639234,0.49999999999999994,0.0,5
2017-06-12,0.9637828247889654,0.0006525647182216154,0.0007161336753106484,6.164383561643835e-05,1.9251214726922347e-06,0.0019238623243479783,0.5000000000000001,0.0,5
2017-06-13,0.9635643141435695,-0.0002267218711267116,9.618012779742382e-05,2.0547945205479453e-05,0.0003023540537185959,0.30233118775100065,0.4,0.0,4
2017-06-14,0.963172299598861,-0.00040683796499552116,-0.0003881970200042218,1.6438356164383563e-05,2.2025888268273862e-06,0.002203480432961258,0.4,0.0,4
2017-06-15,0.9627835884926718,-0.0004035738012306833,-0.000285173970710706,1.6438356164383563e-05,0.00010196147435550183,0.10199223647126711,0.5,0.0,5
2017-06-16,0.9627290414438037,-5.665556571599062e-05,-3.3365305747046235e-05,2.0547945205479453e-05,2.742314763439907e-06,0.002742462618515287,0.5000000000000001,0.0,5
2017-06-19,0.9631493915586625,0.0004366234908925737,0.0005002619282177988,6.164383561643837e-05,1.994601708700616e-06,0.0019937272238685156,0.49999999999999994,0.0,5
2017-06-20,0.9617679419793935,-0.0014343045755689232,-0.0014119392746898217,2.0547945205479453e-05,1.817355673650345e-06,0.0018199627470261454,0.5,0.0,5
2017-06-21,0.9611450185569356,-0.0006476857828884297,-0.0005254802236834721,2.054794520547945e-05,0.00010165761399949451,0.10171315224576719,0.6000000000000001,0.0,6
2017-06-22,0.9611192608346626,-2.6798996796140173e-05,8.191869208918617e-07,2.4657534246575345e-05,2.9606494705266624e-06,0.0029607200491995295,0.6000000000000001,0.0,6
2017-06-23,0.9608587259676077,-0.00027107444171770023,-0.00024435373244711126,2.4657534246575342e-05,2.063175023983255e-06,0.0020637301906559578,0.6000000000000001,0.0,6
2017-06-26,0.9620046848036461,0.0011926402967141758,0.001269211269351667,7.397260273972603e-05,2.598369897716102e-06,0.0025952679331322044,0.6,0.0,6
2017-06-27,0.9633051457316053,0.0013518239032532797,0.0013838110793283399,2.4657534246575345e-05,7.329641828552711e-06,0.007319693241534568,0.6,0.0,6
2017-06-28,0.9636303600739318,0.0003376026213162131,0.00046530023174935493,2.4657534246575345e-05,0.0001030400761864989,0.10299469232744327,0.49999999999999994,0.0,5
2017-06-29,0.9652193795375411,0.0016489927356455603,0.001674996353345021,2.054794520547945e-05,5.455672494059206e-06,0.0054466612739847865,0.49999999999999994,0.0,5
2017-06-30,0.9645452723530503,-0.0006983978966664806,-0.00017823269115134212,2.0547945205479453e-05,0.0004996172603097555,0.499716594292367,0.0,0.0,0
2017-07-03,0.9645452723530503,0.0,0.0,0.0,0.0,0.0,0.0,0.0,0
2017-07-05,0.9645452723530503,0.0,0.0,0.0,0.0,0.0,0.0,0.0,0
2017-07-06,0.9644488274703032,-9.999000099991662e-05,0.0,0.0,9.999000099990002e-05,0.09999000099990002,0.1,0.0,1
2017-07-07,0.9642711113825042,-0.00018426699554929815,2.0012841732919288e-05,4.109589041095891e-06,0.00020017024824111612,0.2001670649337019,0.3,0.0,3
2017-07-10,0.9644545416695222,0.0001902268821005748,0.00022825102385197195,3.698630136986301e-05,1.0378403815211233e-06,0.001037641917227789,0.3,0.0,3
2017-07-11,0.9648699589615022,0.00043072770569452246,0.00044407018085654287,1.2328767123287671e-05,1.0137080386508255e-06,0.0010132705677833964,0.30000000000000004,0.0,3
2017-07-12,0.965064333554548,0.00020145159587614536,0.00021448080258909544,1.2328767123287671e-05,7.004395894990326e-07,0.0007002980228282852,0.30000000000000004,0.0,3
2017-07-13,0.9643482119576156,-0.0007420454492342854,-0.0005270491939732726,1.2328767123287673e-05,0.00020266748813778965,0.20277686150790733,0.49999999999999994,0.0,5
2017-07-14,0.9632485966797537,-0.001140267866136857,-0.0011175444871829256,2.0547945205479453e-05,2.175433748379094e-06,0.0021779124140158903,0.5,0.0,5
2017-07-17,0.9637188768141475,0.000488223015340683,0.0005516321319239627,6.164383561643835e-05,1.7652809667654252e-06,0.001764416423368162,0.5000000000000001,0.0,5
2017-07-18,0.9635674139451225,-0.00015716499143991758,-0.00013449301490852669,2.054794520547945e-05,2.1240313259208234e-06,0.00212436068884165,0.49999999999999994,0.0,5
2017-07-19,0.963412624821784,-0.00016064171649876613,-3.7605807278739994e-05,2.054794520547945e-05,0.00010248796401458494,0.10249392442089685,0.4000000000000001,0.0,4
2017-07-20,0.9651056015694987,0.0017572706689699125,0.0018771599213846637,1.6438356164383563e-05,0.00010345089625033021,0.10325876044796675,0.3,0.0,3
2017-07-21,0.9633465582632187,-0.0018226433495146521,-0.001707421590570746,1.232876712328767e-05,0.00010289299182058182,0.10307024691458079,0.2,0.0,2
2017-07-24,0.9631208112517416,-0.00023433624124225005,-0.00020853638601791015,2.4657534246575345e-05,1.142320977754474e-06,0.0011425874221947005,0.2,0.0,2
2017-07-25,0.9629513285944391,-0.00017597237576283398,-6.595660827091175e-05,8.21917808219178e-06,0.00010179658940969243,0.10180414081189114,0.1,0.0,1
2017-07-26,0.9630031921026706,5.3858909263126975e-05,5.908637867099722e-05,4.10958904109589e-06,1.1178803668934144e-06,0.0011178189127982012,0.1,0.0,1
2017-07-27,0.9632812437389021,0.0002887338676671458,0.00029359842024795363,4.10958904109589e-06,7.549635397992473e-07,0.0007547450495369977,0.1,0.0,1
2017-07-28,0.9631355087968964,-0.00015129012731540659,-0.00014690429710862986,4.10958904109589e-06,2.7624116563384326e-07,0.00027628288818646495,0.1,0.0,1
2017-07-31,0.9630633439800527,-7.492696114363984e-05,3.746576681297187e-05,1.2328767123287673e-05,0.00010006396083327944,0.10006144558875273,0.0,0.0,0
2017-08-01,0.9630633439800527,0.0,0.0,0.0,0.0,0.0,0.0,0.0,0
2017-08-02,0.9628707698260874,-0.00019996000799837876,0.0,0.0,0.0001999600079984003,0.19996000799840033,0.2,0.0,2
2017-08-03,0.9632471397260696,0.0003908830881325098,0.0005003630034689955,8.21917808219178e-06,0.00010126073725426267,0.10121092692151659,0.30000000000000004,0.0,3
2017-08-04,0.9632891397596121,4.360255204538532e-05,5.6462351318570205e-05,1.2328767123287673e-05,5.310321498167963e-07,0.0005310087144989866,0.30000000000000004,0.0,3
2017-08-07,0.9626961601317007,-0.0006155780268211064,-0.00037788103164209665,3.698630136986302e-05,0.00020071069380916945,0.20079399667905648,0.5000000000000001,0.0,5
2017-08-08,0.9630963980874193,0.00041574691194767865,0.0004389415379003949,2.0547945205479453e-05,2.6466807472395068e-06,0.002645573856089118,0.5000000000000001,0.0,5
2017-08-09,0.9618448355674003,-0.0012995194691876044,-0.0011774895646651017,2.0547945205479453e-05,0.00010148195931696335,0.10160368434194604,0.4,0.0,4
2017-08-10,0.9627037328298631,0.0008929686272693971,0.0009113021002315868,1.6438356164383563e-05,1.8951167977382855e-06,0.001893422442642162,0.4,0.0,4
2017-08-11,0.9619027919198426,-0.000831970296475415,-0.0007146010238560764,1.6438356164383563e-05,0.00010093091645492793,0.10100475490833524,0.30000000000000004,0.0,3
2017-08-14,0.9625815225967359,0.0007056125448379191,0.000844628995002661,3.698630136986301e-05,0.00010203014879492088,0.10194781138991994,0.4,0.0,4
2017-08-15,0.9623245910737465,-0.00026691923432764497,-0.00024869517159063493,1.643835616438356e-05,1.7857065726376195e-06,0.0017861801488816985,0.4,0.0,4
2017-08-16,0.9623748126429758,5.2187764601585585e-05,6.997108969781229e-05,1.6438356164383563e-05,1.3449689317822094e-06,0.0013448969357729168,0.39999999999999997,0.0,4
2017-08-17,0.9624663557610691,9.512210512019337e-05,0.000115483799894589,1.6438356164383563e-05,3.923338609950999e-06,0.003922950059621612,0.4,0.0,4
2017-08-18,0.9622761390925598,-0.00019763461587063436,-0.00017990589969537054,1.6438356164383563e-05,1.2903600109682336e-06,0.0012906134154989021,0.4,0.0,4
2017-08-21,0.9620056372395085,-0.00028110626675870165,-0.0001299805113228747,4.931506849315069e-05,0.00010181068694263707,0.10182894442226932,0.30000000000000004,0.0,3
2017-08-22,0.962394211535191,0.00040392101734187946,0.00041818574583745723,1.2328767123287673e-05,1.9359613721132956e-06,0.0019351759674418694,0.30000000000000004,0.0,3
2017-08-23,0.9622057777018318,-0.0001957969313413077,-0.00018180048317348318,1.2328767123287671e-05,1.6676810445285257e-06,0.0016680048530601415,0.30000000000000004,0.0,3
2017-08-24,0.961271317149156,-0.0009711649777324194,-0.000957848841299408,1.2328767123287673e-05,9.873693096670027e-07,0.000988328163521024,0.3,0.0,3
2017-08-25,0.9615219630121622,0.0002607441401138999,0.00037463845432115226,1.2328767123287671e-05,0.00010156554708409482,0.10152876223000967,0.2,0.0,2
2017-08-28,0.9609070333123,-0.0006395378613461844,-0.0005143784591626233,2.4657534246575342e-05,0.00010050186793699096,0.10055607127876603,0.1,0.0,1
2017-08-29,0.9605946126286996,-0.00032513101972353464,-0.0002197490755552422,4.109589041095891e-06,0.0001012723551272789,0.10129503089762588,0.2,0.0,2
2017-08-30,0.9605709382246793,-2.464557234560516e-05,-1.60421645640896e-05,8.219178082191782e-06,3.842296992408419e-07,0.000384239021395398,0.2,0.0,2
2017-08-31,0.9609128696974655,0.0003559669142376709,0.0005642905645180219,8.219178082191782e-06,0.00020010447219814709,0.1999932616678536,0.0,0.0,0
2017-09-01,0.9609128696974655,0.0,0.0,0.0,0.0,0.0,0.0,0.0,0
2017-09-05,0.960720725552355,-0.00019996000799837876,0.0,0.0,0.00019996000799840034,0.19996000799840033,0.2,0.0,2
2017-09-06,0.960560503639408,-0.00016677262047704033,-0.00015768999285988852,8.219178082191782e-06,8.634495349813288e-07,0.0008635928129489567,0.2,0.0,2
2017-09-07,0.9603797194686953,-0.00018820695836208046,-7.873070654085267e-05,8.219178082191782e-06,0.00010125707373905324,0.10126587879553077,0.3,0.0,3
2017-09-08,0.9604911157194247,0.0001159918816184824,0.00013052402546406285,1.2328767123287671e-05,2.203376722288582e-06,0.0022031163243854666,0.30000000000000004,0.0,3
2017-09-11,0.960775917571709,0.0002965169043454008,0.0003359991590236034,3.6986301369863006e-05,2.4959533084842122e-06,0.0024952072094460774,0.3,0.0,3
2017-09-12,0.9606091902328955,-0.0001735340528048468,-0.00015818965088515986,1.2328767123287671e-05,3.0156347964068155e-06,0.0030161491053807424,0.30000000000000004,0.0,3
2017-09-13,0.9608086031337217,0.00020759004062620434,0.00032219478585830956,1.2328767123287673e-05,0.0001022759781089022,0.1022442960759388,0.39999999999999997,0.0,4
2017-09-14,0.9601174027179971,-0.0007193944907136762,-0.000700248775930301,1.643835616438356e-05,2.7073586189049625e-06,0.00270930033959533,0.4,0.0,4
2017-09-15,0.9596015713744638,-0.0005372586124082757,-0.0004195553012201925,1.6438356164383563e-05,0.00010126495502369229,0.10130912515969709,0.3,0.0,3
2017-09-18,0.9607805847850366,0.001228648895274409,0.0012686701528073275,3.698630136986301e-05,3.0349561630670156e-06,0.0030312226550726516,0.30000000000000004,0.0,3
2017-09-19,0.9607005730163315,-8.327787839612633e-05,3.0014068457506812e-05,1.2328767123287671e-05,0.00010096317973038032,0.10096139419770081,0.2,0.0,2
2017-09-20,0.96062162336431,-8.217924943421107e-05,-7.300180701663164e-05,8.219178082191782e-06,9.582643354709714e-07,0.0009583421729663213,0.2,0.0,2
2017-09-21,0.9604345848755396,-0.0001947056824677107,-0.00018598561541739448,8.21917808219178e-06,5.008889682983302e-07,0.000500986262231933,0.2,0.0,2
2017-09-22,0.9603607903452737,-7.683451994333623e-05,-6.750240182225036e-05,8.219178082191782e-06,1.11294003897167e-06,0.0011130243189315715,0.2,0.0,2
2017-09-25,0.9602954959254207,-6.798946865527178e-05,-4.1602329855705513e-05,2.4657534246575345e-05,1.7296045530259269e-06,0.0017297191639826675,0.2,0.0,2
2017-09-26,0.9599910631590277,-0.00031701988365528955,-0.00020862378377780046,8.21917808219178e-06,0.00010017692179541228,0.10019864916727207,0.30000000000000004,0.0,3
2017-09-27,0.9606187214250748,0.0006538167803162853,0.0006699204661072099,1.2328767123287671e-05,3.77491866762065e-06,0.003772437943743912,0.3,0.0,3
2017-09-28,0.9601198656794571,-0.0005193067077410296,-0.0004061765521219008,1.2328767123287671e-05,0.0001008013884958566,0.10084359207555202,0.4000000000000001,0.0,4
2017-09-29,0.9598179032253026,-0.0003145049539630129,0.00010170499070074059,1.6438356164383563e-05,0.00039977158849937254,0.39973750422768906,0.0,0.0,0
2017-10-02,0.9598179032253026,0.0,0.0,0.0,0.0,0.0,0.0,0.0,0
2017-10-03,0.9597219310321994,-9.999000099991662e-05,0.0,0.0,9.999000099990002e-05,0.09999000099990002,0.1,0.0,1
2017-10-04,0.9597183548187592,-3.726301676110211e-06,0.00020058312523001944,4.109589041095891e-06,0.00020019983786489484,0.20016051162137122,0.30000000000000004,0.0,3
2017-10-05,0.9598779120652682,0.00016625424084870666,0.0001799734432617384,1.2328767123287673e-05,1.3904352898339752e-06,0.001390202229831388,0.3,0.0,3
2017-10-06,0.9594528607913325,-0.0004428180590395625,-0.00032965350186870974,1.2328767123287671e-05,0.0001008357900476135,0.10087028589685838,0.39999999999999997,0.0,4
2017-10-09,0.959166720219193,-0.00029823306994314347,-0.0001475068005162062,4.931506849315069e-05,0.00010141120093382601,0.10143116480525877,0.5000000000000001,0.0,5
2017-10-10,0.958770904022652,-0.0004126667326933564,-0.0002892376041577271,2.0547945205479456e-05,0.00010288118333014099,0.102913064310305,0.6,0.0,6
2017-10-11,0.9589232852490249,0.000158933928567917,0.0001860628004546116,2.4657534246575345e-05,2.471337640221995e-06,0.0024709388176843428,0.6000000000000001,0.0,6
2017-10-12,0.9584214220671302,-0.0005233611380751624,-0.00039418848209962223,2.4657534246575345e-05,0.00010451512172907185,0.1045589158144342,0.5000000000000001,0.0,5
2017-10-13,0.9585316337412398,0.00011499291603045414,0.00013649932241326936,2.0547945205479453e-05,9.584611772667545e-07,0.0009583500552580001,0.5,0.0,5
2017-10-16,0.9577800765186555,-0.000784071381818574,-0.0007201158805830389,6.164383561643835e-05,2.311665619072823e-06,0.002313474200006855,0.5,0.0,5
2017-10-17,0.9586021568342482,0.0008583184550892131,0.0008820622323835515,2.0547945205479453e-05,3.1958320888329865e-06,0.003193081203755831,0.5000000000000001,0.0,5
2017-10-18,0.9581867903089074,-0.0004333043926298963,-0.000411613659900284,2.0547945205479453e-05,1.1427875240479797e-06,0.0011432816064621163,0.5000000000000001,0.0,5
2017-10-19,0.957741100238677,-0.0004651390258539889,-0.0004404814441372474,2.054794520547945e-05,4.1096365113520205e-06,0.004111532048461586,0.5000000000000001,0.0,5
2017-10-20,0.9570611882515775,-0.0007099120909920265,-0.0006871920267825128,2.0547945205479453e-05,2.172119004076077e-06,0.00217365738829518,0.5000000000000001,0.0,5
2017-10-23,0.9572295027178569,0.00017586594080465368,0.00023954715501219305,6.164383561643835e-05,2.037378591095487e-06,0.002037016199151995,0.5,0.0,5
2017-10-24,0.9565315018654509,-0.0007291886119517033,-0.000606721387320469,2.0547945205479453e-05,0.00010191927942567532,0.10198325039107696,0.4,0.0,4
2017-10-25,0.9564321776399768,-0.00010383790317458619,-8.556456133759772e-05,1.643835616438356e-05,1.8349856726278536e-06,0.0018351728656142664,0.39999999999999997,0.0,4
2017-10-26,0.9560256451762325,-0.0004250510106712513,-0.00040692192911792607,1.643835616438356e-05,1.6907253888789194e-06,0.0016914414780255947,0.4000000000000001,0.0,4
2017-10-27,0.9565923193278766,0.0005927394882170312,0.000711963228936785,1.6438356164383563e-05,0.0001027853845552865,0.10271394445213948,0.5000000000000001,0.0,5
2017-10-30,0.9560517188758924,-0.0005651314996591994,-0.0005014987463560716,6.164383561643835e-05,1.988917686673233e-06,0.001990038362014642,0.49999999999999994,0.0,5
2017-10-31,0.9539006870668385,-0.002249911554557893,-0.0017301837060778537,2.0547945205479453e-05,0.0004991799032745583,0.5000553660312633,0.0,0.0,0
2017-11-01,0.9539006870668385,0.0,0.0,0.0,0.0,0.0,0.0,0.0,0
2017-11-02,0.9536146026860327,-0.00029991002699192304,0.0,0.0,0.00029991002699190244,0.29991002699190245,0.30000000000000004,0.0,3
2017-11-03,0.9520442282664779,-0.0016467600382078507,-0.0014331496508087627,1.2328767123287673e-05,0.00020128162027575409,0.20157298968197745,0.3,0.0,3
2017-11-06,0.9528940603843754,0.0008926393256381004,0.0010321879573743364,3.698630136986301e-05,0.00010256233036637465,0.10246036164479094,0.4,0.0,4
2017-11-07,0.9529103339891956,1.7078084014521266e-05,0.00013678726913881066,1.6438356164383563e-05,0.00010327082895993805,0.10325840192351107,0.49999999999999994,0.0,5
2017-11-08,0.9524279410472148,-0.000506231200118501,-0.00048183557889329713,2.0547945205479453e-05,3.847676019751582e-06,0.0038496100003899835,0.5,0.0,5
2017-11-09,0.9532823185506072,0.000897052119715136,0.000919495912375301,2.0547945205479453e-05,1.8958474545922553e-06,0.0018941447170493385,0.5000000000000001,0.0,5
2017-11-10,0.9528327241494988,-0.00047162775639431054,-0.0003486052080941659,2.0547945205479456e-05,0.00010247460309456498,0.10251244588721671,0.6000000000000001,0.0,6
2017-11-13,0.9532576349998241,0.00044594485428128827,0.0007241030125478223,7.397260273972601e-05,0.00020418555552694824,0.20405289453500167,0.6000000000000002,0.0,6
2017-11-14,0.9529910924704708,-0.00027961226804484873,-0.0001480759429996537,2.4657534246575342e-05,0.00010687879079864516,0.1068972555333015,0.5000000000000001,0.0,5
2017-11-15,0.9526740141950972,-0.0003327190336601671,-0.00030769867608939624,2.0547945205479456e-05,4.4724123652516344e-06,0.004473880901541641,0.5000000000000001,0.0,5
2017-11-16,0.9520938192383324,-0.0006090173009023481,-0.0004870220826912686,2.0547945205479453e-05,0.00010144727300566032,0.10149879074971262,0.39999999999999997,0.0,4
2017-11-17,0.9525871902783335,0.000518195822756029,0.0005387570009242728,1.6438356164383563e-05,4.12282200381944e-06,0.0041206697012056035,0.4,0.0,4
2017-11-20,0.9532375859656091,0.0006827676184535392,0.000734341918770004,4.931506849315068e-05,2.259231823321527e-06,0.0022576852483069633,0.4000000000000001,0.0,4
2017-11-21,0.9532093545518285,-2.9616345595506743e-05,0.00018812181537930522,1.6438356164383563e-05,0.00020129980481042737,0.20126525089593383,0.2,0.0,2
2017-11-22,0.9533059974608035,0.00010138686586880219,0.00010986581200810308,8.21917808219178e-06,2.5976805702343274e-07,0.00025974165515849556,0.2,0.0,2
2017-11-24,0.9530035121438651,-0.0003173013887922682,-0.00030020392950139694,1.6438356164383563e-05,6.591031264831676e-07,0.0006593118925077779,0.2,0.0,2
2017-11-27,0.9532931679466118,0.0003039399110871255,0.00032963323172464644,2.4657534246575342e-05,1.0357863911011785e-06,0.0010354705977334167,0.2,0.0,2
2017-11-28,0.9538348196132554,0.0005681900226037762,0.0006773038181920543,8.21917808219178e-06,0.0001008946175060743,0.10082715560495305,0.3,0.0,3
2017-11-29,0.9537721492441101,-6.570358709567792e-05,4.723380231925199e-05,1.2328767123287671e-05,0.00010060862229157613,0.10060511066664743,0.2,0.0,2
2017-11-30,0.953465280707352,-0.0003217419768456464,-0.00011232655110812173,8.21917808219178e-06,0.00020119624765527184,0.20122050392764584,0.0,0.0,0
2017-12-01,0.953465280707352,0.0,0.0,0.0,0.0,0.0,0.0,0.0,0
2017-12-04,0.9532746257821956,-0.00019996000799837876,0.0,0.0,0.0001999600079984003,0.1999600079984003,0.2,0.0,2
2017-12-05,0.9531290839237564,-0.0001526756870505741,5.670826246426119e-05,8.21917808219178e-06,0.00020116477143259468,0.20115501760997193,0.39999999999999997,0.0,4
2017-12-06,0.9537048910972754,0.0006041229705724405,0.000722298116907405,1.6438356164383563e-05,0.00010173679017064557,0.10166502891765779,0.5000000000000001,0.0,5
2017-12-07,0.9535204893567709,-0.00019335304057455094,-6.981204015771297e-05,2.0547945205479453e-05,0.00010299305521144357,0.10300236250341174,0.39999999999999997,0.0,4
2017-12-08,0.953759142843093,0.0002502866891544997,0.0002686793815422972,1.6438356164383563e-05,1.9543362233448486e-06,0.0019538433838862694,0.4,0.0,4
2017-12-11,0.9535132495883643,-0.0002578148336233044,-0.00010624968900966308,4.9315068493150684e-05,0.00010225007612050639,0.10226598510367982,0.30000000000000004,0.0,3
2017-12-12,0.952437819247544,-0.0011278609303903009,-0.0010115613563261904,1.2328767123287671e-05,0.00010397080694084185,0.10407737073280976,0.4,0.0,4
2017-12-13,0.9505521490625264,-0.0019798354778765015,-0.00195907521698584,1.6438356164383563e-05,4.321904726194877e-06,0.004330459607928319,0.4000000000000001,0.0,4
2017-12-14,0.9505030486133774,-5.165466113288275e-05,-3.176306363606432e-05,1.643835616438356e-05,3.4532413324353104e-06,0.003453407791594015,0.4,0.0,4
2017-12-15,0.9499512264791768,-0.0005805579845383768,-0.0005601648580257358,1.6438356164383563e-05,3.954770348279836e-06,0.003957051997180127,0.39999999999999997,0.0,4
2017-12-18,0.9506338701959339,0.0007186092272202238,0.0007719512605606606,4.93150684931507e-05,4.026964847352858e-06,0.004024056918184838,0.4,0.0,4
2017-12-19,0.9508426755264238,0.00021964852824662984,0.00023946976716565107,1.6438356164383563e-05,3.382882754825061e-06,0.0033821284339482496,0.4,0.0,4
2017-12-20,0.9503551734443335,-0.0005127053030306028,-0.0003955440046982062,1.6438356164383563e-05,0.00010072294216801303,0.1007644553462176,0.30000000000000004,0.0,3
2017-12-21,0.9502843711334598,-7.450089487825995e-05,-6.0396016112945724e-05,1.2328767123287671e-05,1.7761116420332972e-06,0.001776240818761817,0.30000000000000004,0.0,3
2017-12-22,0.9499560914161902,-0.0003454541895474561,-0.0001324062967131001,1.232876712328767e-05,0.00020071912571104696,0.20074818101184075,0.5000000000000001,0.0,5
2017-12-26,0.9504648681161038,0.0005355791751964212,0.0007183422283265297,8.219178082191781e-05,0.00010057127230810561,0.10050733452227177,0.4,0.0,4
2017-12-27,0.9500769442244896,-0.0004081412208144508,-0.00039083201556351925,1.643835616438356e-05,8.708490864860552e-07,0.000871203902023083,0.39999999999999997,0.0,4
2017-12-28,0.9497433139912577,-0.0003511612772629791,-0.00033350068245601713,1.643835616438356e-05,1.2222386426317535e-06,0.0012226665013717968,0.4000000000000001,0.0,4
2017-12-29,0.9494168192168222,-0.0003437715955728615,7.070301231562601e-05,1.643835616438356e-05,0.00039803625172421113,0.39801465359589056,0.0,0.0,0
2018-01-02,0.9494168192168222,0.0,0.0,0.0,0.0,0.0,0.0,0.0,0
2018-01-03,0.9492269738220578,-0.00019996000799837876,0.0,0.0,0.00019996000799840034,0.19996000799840033,0.2,0.0,2
2018-01-04,0.948397694871614,-0.0008736360989666236,-0.0007640975569816911,8.21917808219178e-06,0.00010131936390270117,0.1013976750240188,0.30000000000000004,0.0,3
2018-01-05,0.9483303790514261,-7.097847300963078e-05,0.00014133391794717291,1.2328767123287673e-05,0.00019998362383359547,0.19995782824380445,0.1,0.0,1
2018-01-08,0.9475594501419617,-0.0008129328412272985,-0.0007998042698340979,1.2328767123287673e-05,7.998042698340964e-07,0.000800454345252452,0.1,0.0,1
2018-01-09,0.947715517987247,0.00016470506970489573,0.00016947459679669266,4.109589041095891e-06,6.599380506574928e-07,0.0006598289380400363,0.1,0.0,1
2018-01-10,0.9472623193476389,-0.00047820113842866885,-0.00047341674679226566,4.109589041095891e-06,6.748025953030317e-07,0.000675124985263474,0.1,0.0,1
2018-01-11,0.947153533696587,-0.00011484216022328297,-0.00011029624901621738,4.10958904109589e-06,4.363221659476973e-07,0.00043637208946229703,0.1,0.0,1
2018-01-12,0.9467192551159856,-0.00045850917000367364,-0.0004531558483520826,4.109589041095891e-06,1.2437326105303735e-06,0.0012443015866396372,0.1,0.0,1
2018-01-16,0.9469456425239792,0.00023912834430084295,0.00045569127275232326,1.6438356164383563e-05,0.00020012457228731417,0.20003670558096306,0.1,0.0,1
2018-01-17,0.947347299548597,0.0004241605923094305,0.00042971359642236524,4.10958904109589e-06,1.4434150717699542e-06,0.0014428010098782962,0.1,0.0,1
2018-01-18,0.9467580926763421,-0.0006219544538054178,-0.0005167894977268218,4.10958904109589e-06,0.00010105536703750462,0.10110803412014271,0.2,0.0,2
2018-01-19,0.9469122199666463,0.0001627947957312248,0.00027211783945499385,8.21917808219178e-06,0.00010110386564155544,0.10107719150602167,0.3,0.0,3
2018-01-22,0.9468313366091882,-8.541800998296267e-05,-4.735458556262006e-05,3.698630136986302e-05,1.0771230504459565e-06,0.001077213903622004,0.30000000000000004,0.0,3
2018-01-23,0.9471933499011853,0.0003823418997659367,0.0003970373448204833,1.232876712328767e-05,2.3666779311904704e-06,0.002365767800024961,0.3,0.0,3
2018-01-24,0.946947555344225,-0.00025949776461786644,-0.00024600844980768305,1.2328767123287671e-05,1.1605476868229996e-06,0.0011608475769553112,0.3,0.0,3
2018-01-25,0.9469212346126873,-2.779534240227033e-05,-1.1305975749215065e-05,1.2328767123287671e-05,4.16059952963631e-06,0.004160697866660559,0.30000000000000004,0.0,3
2018-01-26,0.9476377175004832,0.0007566446517475178,0.0007714383904065315,1.2328767123287671e-05,2.4649715356619214e-06,0.0024631017714041225,0.30000000000000004,0.0,3
2018-01-29,0.9461300393493721,-0.0015909857989694354,-0.001452552455600009,3.6986301369863006e-05,0.00010144704199950253,0.10159837671927112,0.2,0.0,2
2018-01-30,0.9465793587400702,0.00047490236226610527,0.00048406062887589306,8.21917808219178e-06,9.390885274793878e-07,0.0009386418827641175,0.2,0.0,2
2018-01-31,0.946392747433925,-0.00019714280099403236,1.3557072520231515e-05,8.21917808219178e-06,0.00020248069543203222,0.20247961461722355,0.0,0.0,0
2018-02-01,0.946392747433925,0.0,0.0,0.0,0.0,0.0,0.0,0.0,0
2018-02-02,0.9462981176221628,-9.999000099991662e-05,0.0,0.0,9.999000099990003e-05,0.09999000099990002,0.1,0.0,1
2018-02-05,0.9463058899095955,8.213360343845011e-06,0.00012173016465290562,1.2328767123287673e-05,0.00010118803718577535,0.10117696828404726,0.2,0.0,2
2018-02-06,0.9461404231045992,-0.00017485551634055518,-0.00016519839589534957,8.21917808219178e-06,1.4379423630493156e-06,0.0014381917707771183,0.2,0.0,2
2018-02-07,0.9459250507483226,-0.0002276325490564446,-0.00021813711626718078,8.21917808219178e-06,1.2762547070086608e-06,0.0012765436607012723,0.2,0.0,2
2018-02-08,0.9460410977004836,0.0001226809164946996,0.0003323110314181643,8.219178082191782e-06,0.00020141093684131593,0.20134568234596323,0.2,0.0,2
2018-02-09,0.9461481610836091,0.00011316990708509778,0.00012566666319395732,8.219178082191782e-06,4.277578026551524e-06,0.004277075694767541,0.2,0.0,2
2018-02-12,0.9461472228044746,-9.91683092643747e-07,2.4587162096723065e-05,2.465753424657535e-05,9.213109427709867e-07,0.0009213110076056231,0.2,0.0,2
2018-02-13,0.9453977103314377,-0.0007921731998697945,-0.0006828141719321557,8.219178082191782e-06,0.00010113984985546456,0.10120978919514632,0.1,0.0,1
2018-02-14,0.9443465701977467,-0.001111849671523446,-0.0010068444230264873,4.10958904109589e-06,0.00010089565945587416,0.10099776355014502,0.2,0.0,2
2018-02-15,0.9441111879022509,-0.0002492541434724327,-3.732275733412395e-05,8.21917808219178e-06,0.00020371220805613145,0.20372148592688644,0.2,0.0,2
2018-02-16,0.9442024117994389,9.662410355559814e-05,0.0002072162621833408,8.21917808219178e-06,0.00010237298054550214,0.10235261267402986,0.3,0.0,3
2018-02-20,0.9441951206565095,-7.72201260901273e-06,4.5401900499808585e-05,4.931506849315069e-05,3.8088446157816336e-06,0.0038088595204888004,0.3,0.0,3
2018-02-21,0.9433863269984126,-0.0008565958882889024,-0.0008407724898850833,1.2328767123287671e-05,3.4946312806424486e-06,0.0034976151004812,0.30000000000000004,0.0,3
2018-02-22,0.943616997698804,0.00024451350818854856,0.00025982731459640027,1.2328767123287673e-05,2.985039284716177e-06,0.002984300674633982,0.3,0.0,3
2018-02-23,0.9443159009188846,0.000740664084883047,0.0007585065123991709,1.232876712328767e-05,5.513660392945774e-06,0.005509549289879165,0.30000000000000004,0.0,3
2018-02-26,0.9444489050457597,0.0001408470690218433,0.0002797364779751287,3.698630136986301e-05,0.0001019031075835517,0.1018783765896423,0.39999999999999997,0.0,4
2018-02-27,0.9460855576594335,0.0017329181122767157,0.001758520664393193,1.6438356164383563e-05,9.164195952087212e-06,0.009148258932050589,0.4,0.0,4
2018-02-28,0.9455432499877899,-0.0005732120813525254,-0.0001597379044525892,1.6438356164383563e-05,0.0003970358207355256,0.3971057813471527,0.0,0.0,0
2018-03-01,0.9455432499877899,0.0,0.0,0.0,0.0,0.0,0.0,0.0,0
2018-03-02,0.9455432499877899,0.0,0.0,0.0,0.0,0.0,0.0,0.0,0
2018-03-05,0.9455432499877899,0.0,0.0,0.0,0.0,0.0,0.0,0.0,0
2018-03-06,0.9455432499877899,0.0,0.0,0.0,0.0,0.0,0.0,0.0,0
2018-03-07,0.9453541791519595,-0.00019996000799837876,0.0,0.0,0.0001999600079984003,0.19996000799840033,0.2,0.0,2
2018-03-08,0.9455991066389039,0.00025908542252817135,0.0002682521705859087,8.21917808219178e-06,9.475699756004887e-07,0.000947323640199458,0.2,0.0,2
2018-03-09,0.9458632456426185,0.0002793350817065221,0.00028941266316263593,8.219178082191782e-06,1.8584033739164824e-06,0.001857880949897316,0.2,0.0,2
2018-03-12,0.9464968309359854,0.0006698487294920508,0.0006956539688816543,2.465753424657535e-05,1.1477051431999552e-06,0.0011469355535327784,0.2,0.0,2
2018-03-13,0.9459493146470388,-0.0005784660561463095,-0.0003690970026290597,8.219178082191782e-06,0.00020114987543507867,0.20122580118584266,0.4,0.0,4
2018-03-14,0.9457060025920525,-0.00025721468499295685,-0.00023674348204677503,1.6438356164383563e-05,4.032846781756049e-06,0.004033868083892631,0.4,0.0,4
2018-03-15,0.9450277997588935,-0.0007171391862800247,-0.0006993491028215338,1.6438356164383563e-05,1.3517272940763338e-06,0.001352695536577242,0.4,0.0,4
2018-03-16,0.9460991927534086,0.0011337158491935284,0.001153842126811544,1.643835616438356e-05,3.687921453637951e-06,0.003683731563467611,0.4000000000000001,0.0,4
2018-03-19,0.9464132960309848,0.0003319982513272368,0.0005831877453714107,4.931506849315068e-05,0.00020187442555111407,0.20176670781870598,0.39999999999999997,0.0,4
2018-03-20,0.946309187549087,-0.00011000319029164096,8.235240385800971e-06,1.6438356164383563e-05,0.00010180007451297749,0.10180090959762528,0.5,0.0,5
2018-03-21,0.9463587797160183,5.240588127408685e-05,7.65891029253006e-05,2.0547945205479453e-05,3.6352764456197555e-06,0.0036350727319354624,0.5000000000000001,0.0,5
2018-03-22,0.9474488061689642,0.00115181100055195,0.0012763259217957515,2.0547945205479453e-05,0.00010396697603830296,0.10383658034753808,0.4000000000000001,0.0,4
2018-03-23,0.9464511449639725,-0.0010529974796482655,-0.0010303267931219217,1.6438356164383563e-05,6.232330361914952e-06,0.006238860984164419,0.39999999999999997,0.0,4
2018-03-26,0.9466282556289164,0.00018713133359948841,0.00024022467090788479,4.93150684931507e-05,3.7782688153188515e-06,0.003777547645199804,0.4,0.0,4
2018-03-27,0.946797366390986,0.00017864537749012754,0.00020105860236137012,1.643835616438356e-05,5.974868706896024e-06,0.0059737658287779905,0.39999999999999997,0.0,4
2018-03-28,0.9464133709606094,-0.00040557298109134,-0.0003804545552745345,1.643835616438356e-05,8.680069652441646e-06,0.008683516078419537,0.4,0.0,4
2018-03-29,0.9466773595256959,0.0002789357940056192,0.000698138441514723,1.643835616438356e-05,0.00040276429134475817,0.40248991393607525,0.0,0.0,0
2018-04-02,0.9466773595256959,0.0,0.0,0.0,0.0,0.0,0.0,0.0,0
2018-04-03,0.9464880619133132,-0.00019996000799837876,0.0,0.0,0.0001999600079984003,0.19996000799840033,0.2,0.0,2
2018-04-04,0.9469674475971924,0.0005064888857764238,0.0005162893912994071,8.21917808219178e-06,1.5813274407369655e-06,0.0015805244233561958,0.2,0.0,2
2018-04-05,0.9470902100935716,0.00012963750410932562,0.0001385240227858353,8.219178082191782e-06,6.673405944489651e-07,0.0006672536480659759,0.2,0.0,2
2018-04-06,0.9467833741058903,-0.0003239775730032868,-0.0003123359584699671,8.219178082191782e-06,3.422436451150546e-06,0.0034235338825217483,0.2,0.0,2
2018-04-09,0.9467987907131391,1.6283141075712493e-05,0.00024241824532923443,2.4657534246575342e-05,0.00020147757000675605,0.20143370565977559,0.2,0.0,2
2018-04-10,0.9469307494725593,0.00013937360367854978,0.00015165271895543073,8.219178082191782e-06,4.0599371946735715e-06,0.0040593549470198595,0.2,0.0,2
2018-04-11,0.9466789936502811,-0.0002658650829729936,-5.5781203010185655e-05,8.219178082191782e-06,0.0002018647018806593,0.20187762212540938,0.4,0.0,4
2018-04-12,0.9469749500164534,0.00031262589342051506,0.0004341796595749293,1.6438356164383563e-05,0.00010511540998994965,0.1050715172773709,0.5000000000000001,0.0,5
2018-04-13,0.9465364952741935,-0.000463005639433578,-0.0004358287622271859,2.0547945205479456e-05,6.628932000851803e-06,0.006631958672314503,0.5000000000000001,0.0,5
2018-04-16,0.9469360317994052,0.0004221036665850164,0.0005892356306726632,6.164383561643835e-05,0.00010548812847127567,0.1054325031476827,0.4,0.0,4
2018-04-17,0.9476807309242165,0.0007864302337257101,0.0008087159044325945,1.643835616438356e-05,5.84731454265329e-06,0.005842685514098877,0.4,0.0,4
2018-04-18,0.9468547373766376,-0.0008715947477092589,-0.0007533312135910075,1.643835616438356e-05,0.00010182517795383786,0.10190362025976174,0.3,0.0,3
2018-04-19,0.9457538552661185,-0.001162672654064334,-0.001047222746821752,1.2328767123287671e-05,0.00010312114011929332,0.10323051817110684,0.39999999999999997,0.0,4
2018-04-20,0.9457103415267671,-4.600958178402337e-05,-2.7521170889105448e-05,1.6438356164383563e-05,2.0500547304990015e-06,0.0020501448538971703,0.4000000000000001,0.0,4
2018-04-23,0.9460273176077278,0.00033517248045411563,0.0003871657913024016,4.931506849315069e-05,2.6782423550539556e-06,0.0026773378145381094,0.4000000000000001,0.0,4
2018-04-24,0.941841044184117,-0.0044251083934837565,-0.004401084468203193,1.643835616438356e-05,7.58556911620477e-06,0.007619227226381352,0.4000000000000001,0.0,4
2018-04-25,0.9399994604113246,-0.001955302101309009,-0.0017358399823121098,1.6438356164383563e-05,0.00020302376283256473,0.20338014144890193,0.2,0.0,2
2018-04-26,0.9402432996265672,0.00025940356937637077,0.0003706899297353237,8.219178082191782e-06,0.00010306718227680565,0.10302983697435486,0.1,0.0,1
2018-04-27,0.9399361574000981,-0.0003266624995796885,-0.00032150781170884327,4.109589041095891e-06,1.045098829861272e-06,0.0010454392430702423,0.1,0.0,1
2018-04-30,0.9398494722324513,-9.222452712798201e-05,1.957176626998238e-05,1.232876712328767e-05,9.946752627466599e-05,0.09946680583667618,0.0,0.0,0
2018-05-01,0.9398494722324513,0.0,0.0,0.0,0.0,0.0,0.0,0.0,0
2018-05-02,0.9398494722324513,0.0,0.0,0.0,0.0,0.0,0.0,0.0,0
2018-05-03,0.9396615399244664,-0.00019996000799837876,0.0,0.0,0.00019996000799840037,0.19996000799840033,0.2,0.0,2
2018-05-04,0.9397354806229529,7.868865048199503e-05,0.000187238490302466,8.21917808219178e-06,0.00010033066173827309,0.10031270382702702,0.30000000000000004,0.0,3
2018-05-07,0.9394225427841675,-0.0003330063036227626,-0.0002941977310616184,3.698630136986301e-05,1.8222711912787307e-06,0.0018228748983381807,0.30000000000000004,0.0,3
2018-05-08,0.9393391046059398,-8.881858208376059e-05,-7.025514050211242e-05,1.2328767123287671e-05,6.234674458423147e-06,0.006235189384727322,0.3,0.0,3
2018-05-09,0.9392110197423168,-0.0001363563626756159,7.83419174509136e-05,1.2328767123287673e-05,0.0002023695130031873,0.2023561548359184,0.49999999999999994,0.0,5
2018-05-10,0.9388076196800679,-0.00042950950720277437,-0.0004046814156666523,2.0547945205479456e-05,4.280146330686826e-06,0.004281967148840804,0.49999999999999994,0.0,5
2018-05-11,0.9396759982449016,0.0009249803118658306,0.0009468620332174827,2.054794520547945e-05,1.3337761461801185e-06,0.0013325417939435238,0.5000000000000001,0.0,5
2018-05-14,0.9393156181259138,-0.00038351529640090476,-0.00031917506240913823,6.164383561643835e-05,2.6963983753618345e-06,0.0026974256060086203,0.49999999999999994,0.0,5
2018-05-15,0.9389797016605288,-0.0003576183115694409,-0.0003323077478925628,2.054794520547945e-05,4.762618471416236e-06,0.004764299581647245,0.5000000000000001,0.0,5
2018-05-16,0.9395972681427008,0.0006576995020020071,0.0006813432224617056,2.0547945205479456e-05,3.0957752542920683e-06,0.0030937309315034293,0.5000000000000001,0.0,5
2018-05-17,0.9394025131542959,-0.00020727496237815668,-0.00018486455213760918,2.0547945205479453e-05,1.8624650351662748e-06,0.0018628476873619054,0.5000000000000001,0.0,5
2018-05-18,0.9390002219890533,-0.00042824152544773675,-0.00040502074500329286,2.0547945205479453e-05,2.672835238880375e-06,0.002673973198151966,0.5000000000000001,0.0,5
2018-05-21,0.9395354585652113,0.000570006868607642,0.0006343865768694058,6.164383561643835e-05,2.7358726452019052e-06,0.002734306590949579,0.5000000000000001,0.0,5
2018-05-22,0.9402792263250558,0.0007916335174622535,0.0008144816336269624,2.0547945205479453e-05,2.3001709591299728e-06,0.0022983462246345793,0.5000000000000001,0.0,5
2018-05-23,0.9405622613720335,0.0003010116984971667,0.00032715386604809105,2.0547945205479453e-05,5.594222345382209e-06,0.005592507649424538,0.49999999999999994,0.0,5
2018-05-24,0.9408926490742765,0.0003512661689839547,0.0006747638177460438,2.054794520547945e-05,0.00030294970355667305,0.3027516386292441,0.2,0.0,2
2018-05-25,0.9407951787543415,-0.00010359345461030678,-9.448758465996354e-05,8.219178082191782e-06,8.866918681527587e-07,0.0008867829467584752,0.2,0.0,2
2018-05-29,0.9408695858796945,7.908961167468753e-05,0.00011228962985432303,3.287671232876713e-05,3.233058509236506e-07,0.00032328017830151354,0.2,0.0,2
2018-05-30,0.9400921990806007,-0.000826242882925099,-0.0008158881957683328,8.21917808219178e-06,2.1355090745681624e-06,0.002137270414876975,0.2,0.0,2
2018-05-31,0.9401631915350895,7.551648078596429e-05,0.0002834113023374995,8.219178082191782e-06,0.00019967564346941264,0.1996207094223414,0.0,0.0,0
2018-06-01,0.9401631915350895,0.0,0.0,0.0,0.0,0.0,0.0,0.0,0
2018-06-04,0.9400691846166279,-9.99900009998056e-05,0.0,0.0,9.999000099990002e-05,0.09999000099990002,0.1,0.0,1
2018-06-05,0.940305628524694,0.0002515175605533049,0.00025653660446659513,4.109589041095891e-06,9.094548722229717e-07,0.000909225359179205,0.1,0.0,1
2018-06-06,0.9402422189799147,-6.743503692396846e-05,-6.27930186038794e-05,4.109589041095891e-06,5.324292789777437e-07,0.0005324649022681848,0.1,0.0,1
2018-06-07,0.9399416438827932,-0.0003196783669717762,-0.00021538536040691673,4.109589041095892e-06,0.00010018341752370975,0.10020541210557429,0.2,0.0,2
2018-06-08,0.9397315432222152,-0.00022352521770407918,-0.00011464494775875746,8.21917808219178e-06,0.0001006610918631108,0.1006734610198944,0.30000000000000004,0.0,3
2018-06-11,0.9392305677969787,-0.0005331048306825847,-0.0004943261866842685,3.698630136986301e-05,1.7923426284387262e-06,0.001793295428694762,0.3,0.0,3
2018-06-12,0.9389136967274307,-0.00033737303747594094,-0.0003225106952380652,1.232876712328767e-05,2.533575114599621e-06,0.0025344237396820114,0.30000000000000004,0.0,3
2018-06-13,0.9381336130371419,-0.0008308364155382719,-0.0008142537990856955,1.2328767123287674e-05,4.253849329310314e-06,0.004257368395804214,0.30000000000000004,0.0,3
2018-06-14,0.938397622109448,0.00028141947867244,0.00039697794779893224,1.2328767123287673e-05,0.00010322970200320879,0.10319001005038897,0.2,0.0,2
2018-06-15,0.9383070391289566,-9.652942245075291e-05,-8.787862322809371e-05,8.219178082191782e-06,4.3162114042029113e-07,0.00043166262224919713,0.2,0.0,2
2018-06-18,0.9383346184509679,2.9392641066383618e-05,5.482221541454605e-05,2.4657534246575345e-05,7.720401014947216e-07,0.0007720168138536755,0.2,0.0,2
2018-06-19,0.938415150531307,8.582447962113271e-05,9.677161643961149e-05,8.21917808219178e-06,2.7279587361752594e-06,0.0027277171901669206,0.2,0.0,2
2018-06-20,0.937986129374724,-0.00045717628955588285,-0.00044781605627822196,8.219178082191782e-06,1.1410551953917544e-06,0.0011415757941765918,0.2,0.0,2
2018-06-21,0.9374533056949905,-0.0005680507025074277,-0.0005584603292687729,8.219178082191782e-06,1.3711951564415217e-06,0.0013719726252128764,0.2,0.0,2
2018-06-22,0.9376007299437414,0.00015726036470864457,0.00026657126426258285,8.219178082191782e-06,0.00010109172147168635,0.10106561096025367,0.3,0.0,3
2018-06-25,0.9385135701590165,0.000973591621808767,0.0010147720394522,3.698630136986301e-05,4.194116273531885e-06,0.004190019332386388,0.30000000000000004,0.0,3
2018-06-26,0.9389448223825446,0.00045950558120866347,0.0004736620794539015,1.2328767123287671e-05,1.8277311219877133e-06,0.0018268883175489204,0.30000000000000004,0.0,3
2018-06-27,0.9389317849042094,-1.3885244398270657e-05,4.7053623520307565e-07,1.2328767123287674e-05,2.0270135100878203e-06,0.0020270375471670736,0.30000000000000004,0.0,3
2018-06-28,0.9393392983922211,0.000434018205117237,0.00044805974375081723,1.2328767123287673e-05,1.7127715102157064e-06,0.0017120255276605275,0.3,0.0,3
2018-06-29,0.9387887679950014,-0.0005860825775754197,-0.00027260549823639467,1.2328767123287673e-05,0.00030114831221574897,0.30123414414531224,0.0,0.0,0
2018-07-02,0.9387887679950014,0.0,0.0,0.0,0.0,0.0,0.0,0.0,0
2018-07-03,0.9385072158302523,-0.00029991002699192304,0.0,0.0,0.0002999100269919024,0.2999100269919024,0.3,0.0,3
2018-07-05,0.9390049683056232,0.0005303661676490101,0.0005585758303665369,2.465753424657535e-05,3.552128470932312e-06,0.0035502329366119676,0.3,0.0,3
2018-07-06,0.9390502906627173,4.826636559318587e-05,6.1778807454771e-05,1.2328767123287671e-05,1.183674738249382e-06,0.0011836162083801404,0.30000000000000004,0.0,3
2018-07-09,0.9396127875452698,0.0005990061322014295,0.0006405335980839701,3.698630136986302e-05,4.541164512636253e-06,0.004538425358279925,0.3,0.0,3
2018-07-10,0.9408778224225935,0.0013463363782315607,0.0013611379108508846,1.232876712328767e-05,2.4727654960579926e-06,0.0024694346999548553,0.3,0.0,3
2018-07-11,0.9399905715114093,-0.0009430033209835154,-0.0009291973503397333,1.2328767123287671e-05,1.4772035204751043e-06,0.001478595656903246,0.3,0.0,3
2018-07-12,0.9400168671585523,2.7974373296935084e-05,4.122628175967093e-05,1.2328767123287671e-05,9.231413396588364e-07,0.000923114663939324,0.30000000000000004,0.0,3
2018-07-13,0.9395757779419744,-0.00046923542756327485,-0.00045558033756792904,1.2328767123287671e-05,1.3263228719617205e-06,0.0013269437610289193,0.3,0.0,3
2018-07-16,0.9395300671158189,-4.8650494434476776e-05,8.924673193683728e-05,3.6986301369863006e-05,0.00010091092500152333,0.10090565162872257,0.4,0.0,4
2018-07-17,0.9401240172231177,0.0006321778600679728,0.0006510123241486032,1.6438356164383563e-05,2.3961079161614247e-06,0.0023945883727160616,0.39999999999999997,0.0,4
2018-07-18,0.9419548448434528,0.001947432026832896,0.0019673248701184702,1.643835616438356e-05,3.4544871211282796e-06,0.003447760930824995,0.4,0.0,4
2018-07-19,0.9412264478987025,-0.0007732822318795574,-0.0006521096965480421,1.643835616438356e-05,0.00010473417916717792,0.10480424584165134,0.30000000000000004,0.0,3
2018-07-20,0.941387566471346,0.0001711793936551853,0.0001866705644628541,1.2328767123287673e-05,3.1624036843031266e-06,0.0031618524412655937,0.30000000000000004,0.0,3
2018-07-23,0.9408961329660305,-0.0005220310133876582,-0.00048243615626240567,3.698630136986301e-05,2.6085557553620537e-06,0.0026099114019566606,0.30000000000000004,0.0,3
2018-07-24,0.9404431154245088,-0.0004814745492615069,-0.00046755531905364183,1.2328767123287671e-05,1.5904630845393306e-06,0.001591226688904836,0.3,0.0,3
2018-07-25,0.9406090956752285,0.00017649153680587837,0.0002923138307071917,1.2328767123287671e-05,0.00010349352677808344,0.10346455824716393,0.4000000000000001,0.0,4
2018-07-26,0.9401533772471977,-0.00048449289946927987,-0.00036694673707282627,1.6438356164383563e-05,0.00010110780623203714,0.10114658432469908,0.5000000000000001,0.0,5
2018-07-27,0.9409068110759911,0.0008013945884015605,0.0009269601854815233,2.0547945205479453e-05,0.00010501765187456808,0.10492254879206199,0.6,0.0,6
2018-07-30,0.9421476365961534,0.0013187549559168232,0.0013954186745291474,7.397260273972603e-05,2.691115872569536e-06,0.0026875644011489564,0.6,0.0,6
2018-07-31,0.9427841166509952,0.0006755629692403176,0.0013095751607706985,2.4657534246575342e-05,0.0006093546572837503,0.6085726915054138,0.0,0.0,0
2018-08-01,0.9427841166509952,0.0,0.0,0.0,0.0,0.0,0.0,0.0,0
2018-08-02,0.9425955975314888,-0.00019996000799848979,0.0,0.0,0.0001999600079984003,0.1999600079984003,0.2,0.0,2
2018-08-03,0.9430388610723328,0.0004702584459388426,0.00047966592504072875,8.219178082191782e-06,1.1883010197058473e-06,0.0011877410630454454,0.2,0.0,2
2018-08-06,0.9429702512123829,-7.275401129480663e-05,5.2409444670686854e-05,2.465753424657534e-05,0.00010050592171897247,0.10050313256504019,0.30000000000000004,0.0,3
2018-08-07,0.9424843377519522,-0.0005153009438060296,-0.0005018548117575516,1.2328767123287671e-05,1.117364925168149e-06,0.0011179397514305127,0.30000000000000004,0.0,3
2018-08-08,0.9427455986550355,0.0002772045036911752,0.0002902583127693703,1.2328767123287671e-05,7.250419547257556e-07,0.0007248405001348872,0.30000000000000004,0.0,3
2018-08-09,0.9425737641061118,-0.0001822703274020343,-0.00016837217746571982,1.2328767123287673e-05,1.5693828129193525e-06,0.0015696664531301228,0.3,0.0,3
2018-08-10,0.942515004737341,-6.233927890686441e-05,-4.833301910873722e-05,1.2328767123287671e-05,1.6774926747422848e-06,0.0016775944406176256,0.3,0.0,3
2018-08-13,0.9424542515313205,-6.445860884451982e-05,-2.5897531987339966e-05,3.6986301369863006e-05,1.5747754872653126e-06,0.0015748745214122757,0.30000000000000004,0.0,3
2018-08-14,0.9430789383793853,0.000662829890204053,0.0006773957978498003,1.2328767123287671e-05,2.237140522385794e-06,0.0022356536628425146,0.3,0.0,3
2018-08-15,0.9426200073356001,-0.0004866305725942377,-0.0004720152129214506,1.232876712328767e-05,2.286592549466501e-06,0.0022877005834722507,0.30000000000000004,0.0,3
2018-08-16,0.94202850227688,-0.0006275116739693498,-0.0006115462928436564,1.2328767123287673e-05,3.6366140024786187e-06,0.0036388842115843336,0.30000000000000004,0.0,3
2018-08-17,0.9422403923479956,0.00022492957548903014,0.00023853171841697882,1.2328767123287673e-05,1.273375804723573e-06,0.0012730878284995105,0.30000000000000004,0.0,3
2018-08-20,0.9422659461413313,2.7120248233147848e-05,6.48748363035467e-05,3.698630136986301e-05,7.682867006657602e-07,0.0007682652748728037,0.3,0.0,3
2018-08-21,0.9427345222513643,0.0004972864741126237,0.0005115354371501568,1.232876712328767e-05,1.920195914321197e-06,0.0019192378180010827,0.30000000000000004,0.0,3
2018-08-22,0.942718838714553,-1.663621776992752e-05,-2.035585792403722e-06,1.2328767123287673e-05,2.271864854101022e-06,0.0022718974884383338,0.3,0.0,3
2018-08-23,0.9422721482471539,-0.00047383212157736665,-0.0004596369500775965,1.232876712328767e-05,1.8664043764910591e-06,0.001867285671312139,0.3,0.0,3
2018-08-24,0.942777288965996,0.000536087922986761,0.000550313927690732,1.2328767123287671e-05,1.897237580668573e-06,0.0018962174438225874,0.3,0.0,3
2018-08-27,0.9425094230023869,-0.0002841243279235739,-0.00024530337754764543,3.698630136986302e-05,1.8346490060167245e-06,0.0018351670547353657,0.3,0.0,3
2018-08-28,0.9416864153097813,-0.0008732089807483856,-0.000859886290295242,1.2328767123287673e-05,9.939233298310246e-07,0.0009947910015215362,0.3,0.0,3
2018-08-29,0.9413753385461474,-0.0003303400777333598,-0.00031675109368208834,1.2328767123287671e-05,1.260216927919535e-06,0.0012606317764490558,0.3,0.0,3
2018-08-30,0.940364357772004,-0.001073940151974595,-0.0007639368129136792,1.2328767123287671e-05,0.00029767457193765397,0.29790582597645193,0.0,0.0,0
2018-08-31,0.940364357772004,0.0,0.0,0.0,0.0,0.0,0.0,0.0,0
2018-09-04,0.940364357772004,0.0,0.0,0.0,0.0,0.0,0.0,0.0,0
2018-09-05,0.940364357772004,0.0,0.0,0.0,0.0,0.0,0.0,0.0,0
2018-09-06,0.9400823330720823,-0.00029991002699192304,0.0,0.0,0.0002999100269919024,0.29991002699190245,0.3,0.0,3
2018-09-07,0.9402968756549817,0.00022821680117979248,0.00024258787174313287,1.2328767123287671e-05,2.0423034401078354e-06,0.0020418332894028344,0.30000000000000004,0.0,3
2018-09-10,0.9395980095839326,-0.0007432398098337067,-0.0007032395977637664,3.698630136986302e-05,3.01391070020499e-06,0.003016143327611587,0.30000000000000004,0.0,3
2018-09-11,0.9400169961871886,0.000445921126888571,0.0005590108675285199,1.232876712328767e-05,0.00010076097351652727,0.10070591939299027,0.4,0.0,4
2018-09-12,0.9392066416357407,-0.0008620637230334349,-0.0007435255882915048,1.643835616438356e-05,0.00010209977857765347,0.10217742974019317,0.5000000000000001,0.0,5
2018-09-13,0.9403698353961694,0.0012384854502336395,0.0012624484599413235,2.0547945205479453e-05,3.415064502143588e-06,0.003410828592359062,0.5000000000000001,0.0,5
2018-09-14,0.9403466310655818,-2.4675749597746766e-05,-1.2188955252679723e-06,2.054794520547945e-05,2.9089088668966496e-06,0.0029089721860309135,0.5,0.0,5
2018-09-17,0.940065165752597,-0.0002993208075471321,-0.0002357588054859694,6.164383561643835e-05,1.918166444780112e-06,0.001918737082255956,0.5000000000000001,0.0,5
2018-09-18,0.9406306917649271,0.0006015817125584189,0.0006244475955082597,2.0547945205479453e-05,2.317937744217455e-06,0.0023165387872539195,0.5000000000000001,0.0,5
2018-09-19,0.9405189863950026,-0.00011875582085763003,-9.004255947245288e-05,2.054794520547945e-05,8.165316179733366e-06,0.008166219286045521,0.5,0.0,5
2018-09-20,0.9419571538057632,0.0015291210826833268,0.0016522694229260284,2.0547945205479453e-05,0.00010260039503729536,0.10243325249915969,0.6000000000000002,0.0,6
2018-09-21,0.9415242427161001,-0.00045958681657010114,-0.00043206167995862865,2.465753424657535e-05,2.8676023649556306e-06,0.0028689126524878983,0.6000000000000002,0.0,6
2018-09-24,0.9418202299402259,0.00031437026334213414,0.0003940767032186876,7.397260273972604e-05,5.733837136864177e-06,0.0057320022994241755,0.6,0.0,6
2018-09-25,0.9416155499329188,-0.0002173238594800342,-0.00018891655062553417,2.4657534246575342e-05,3.749774607957895e-06,0.00375057563371661,0.6000000000000002,0.0,6
2018-09-26,0.9414824773512136,-0.0001413236874802104,-0.0001101788928918767,2.4657534246575342e-05,6.487260341855901e-06,0.006488135178822204,0.6000000000000002,0.0,6
2018-09-27,0.9400024444264873,-0.001572023866965977,-0.00154318258032492,2.4657534246575342e-05,4.183752394499994e-06,0.004190322149659207,0.6000000000000001,0.0,6
2018-09-28,0.9393332955034138,-0.0007118587053055458,-8.692734237211737e-05,2.465753424657535e-05,0.0006002738286868713,0.6003408176429371,0.0,0.0,0
2018-10-01,0.9393332955034138,0.0,0.0,0.0,0.0,0.0,0.0,0.0,0
2018-10-02,0.939051580029405,-0.00029991002699192304,0.0,0.0,0.0002999100269919025,0.29991002699190245,0.3,0.0,3
2018-10-03,0.9398721192085167,0.0008737956429250016,0.0008908674194311407,1.2328767123287673e-05,4.74300938266225e-06,0.004738846123175701,0.3,0.0,3
2018-10-04,0.9404134876910507,0.0005760022788949826,0.0006903332774740867,1.2328767123287671e-05,0.00010200223145567161,0.10193312034032673,0.4,0.0,4
2018-10-05,0.9408106065141697,0.000422281079883291,0.00044130475490120074,1.6438356164383563e-05,2.5853188534203174e-06,0.0025842209047909587,0.4,0.0,4
2018-10-08,0.9407883947312357,-2.360919698418673e-05,2.989641362342039e-05,4.931506849315069e-05,4.190542114556516e-06,0.004190623490827773,0.4,0.0,4
2018-10-09,0.9400834239872148,-0.0007493403914939911,-0.000630468338888357,1.6438356164383563e-05,0.00010243369644108388,0.10250000438016035,0.5,0.0,5
2018-10-10,0.9383752000762501,-0.0018170982142409198,-0.001788125350592895,2.0547945205479453e-05,8.42491844260981e-06,0.008440183977982412,0.5000000000000001,0.0,5
2018-10-11,0.9382501995232972,-0.000133209565792769,-4.555571641828645e-06,2.0547945205479453e-05,0.0001081060489454245,0.10810876285557418,0.4,0.0,4
2018-10-12,0.9380648104750207,-0.00019759020394638505,-0.00017756251129575888,1.643835616438356e-05,3.58933648634981e-06,0.0035900329558574565,0.4000000000000001,0.0,4
2018-10-15,0.9372216648907379,-0.0008988137864971435,-0.0008468473366358308,4.9315068493150684e-05,2.6513813681090304e-06,0.0026537595676658235,0.4000000000000001,0.0,4
2018-10-16,0.93712999318885,-9.781218821758308e-05,2.4390217759617537e-05,1.6438356164383563e-05,0.00010576404981270997,0.10576320879831175,0.5,0.0,5
2018-10-17,0.9358310832433208,-0.0013860509800880383,-0.0013608598883239843,2.0547945205479453e-05,4.643146558533205e-06,0.0046495695102772416,0.5000000000000001,0.0,5
2018-10-18,0.9353885983777013,-0.0004728255702791673,-0.0003515501749131122,2.0547945205479453e-05,0.00010072745016053684,0.10076494460699895,0.39999999999999997,0.0,4
2018-10-19,0.935782464301763,0.00042107197451923817,0.00044161992644206616,1.643835616438356e-05,4.109595758213808e-06,0.004107849176450501,0.4,0.0,4
2018-10-22,0.934444611360481,-0.001429662333200854,-0.0012757057783670369,4.9315068493150684e-05,0.00010464148634060382,0.10478032245219371,0.5,0.0,5
2018-10-23,0.9338127966104799,-0.000676139326311942,-0.0005550135265208422,2.054794520547945e-05,0.00010057785458574113,0.10063577666146473,0.4000000000000001,0.0,4
2018-10-24,0.9359223356671625,0.0022590599147278567,0.0022817710775460795,1.6438356164383563e-05,6.272806653887167e-06,0.006258628777326906,0.4,0.0,4
2018-10-25,0.9349731442532797,-0.0010141775419925114,-0.0009913495803355098,1.643835616438356e-05,6.3896054926926635e-06,0.006396051356090565,0.39999999999999997,0.0,4
2018-10-26,0.9340086343387578,-0.0010315910360101377,-0.0010075959333939403,1.643835616438356e-05,7.556746451848704e-06,0.0075644927518096735,0.4,0.0,4
2018-10-29,0.9339607220516106,-5.129747775955984e-05,0.0002043124232465555,4.931506849315069e-05,0.00020629483251298104,0.20626286231493837,0.4000000000000001,0.0,4
2018-10-30,0.933230376597673,-0.0007819873327576943,-0.0005628680841052391,1.6438356164383563e-05,0.0002026808924879475,0.202798374892599,0.2,0.0,2
2018-10-31,0.9335547683518043,0.00034760093784558244,0.0005576753923941803,8.21917808219178e-06,0.00020185527646661262,0.2017444267376388,0.0,0.0,0
2018-11-01,0.9335547683518043,0.0,0.0,0.0,0.0,0.0,0.0,0.0,0
2018-11-02,0.9329949713689829,-0.000599640215870445,0.0,0.0,0.0005996402158704779,0.5996402158704779,0.6000000000000002,0.0,6
2018-11-05,0.9347478471386869,0.0018787622907892043,0.0019587850816572385,7.397260273972604e-05,6.050188128342153e-06,0.006038806111225951,0.6000000000000001,0.0,6
2018-11-06,0.9327053107364097,-0.0021851201995590763,-0.002153794208900345,2.4657534246575345e-05,6.668456412185329e-06,0.006683015037944215,0.6000000000000001,0.0,6
2018-11-07,0.9342570921821894,0.0016637424789127664,0.001802849687836639,2.4657534246575342e-05,0.00011444967467725535,0.11424652240753531,0.49999999999999994,0.0,5
2018-11-08,0.9333669274477002,-0.0009528048991418459,-0.0009296073873529933,2.0547945205479456e-05,2.649566583277555e-06,0.00265208647738645,0.5000000000000001,0.0,5
2018-11-09,0.9316195236120784,-0.0018721510096785243,-0.001846199907048296,2.054794520547945e-05,5.403157424826177e-06,0.005413262621197983,0.5,0.0,5
2018-11-12,0.9306731910441334,-0.001015792975522789,-0.0009457310083826333,6.164383561643835e-05,8.418131523793084e-06,0.008426620289092248,0.5000000000000001,0.0,5
2018-11-13,0.9309758514317749,0.0003252058730756069,0.0004489465447873044,2.0547945205479453e-05,0.00010319272650632076,0.10314853781717098,0.5999999999999999,0.0,6
2018-11-14,0.9311873951149489,0.0002272278951689355,0.00035658454235901725,2.465753424657534e-05,0.00010469911294351165,0.10466437201165384,0.7000000000000001,0.0,7
2018-11-15,0.9275419813275289,-0.003914801474487306,-0.0037756293533718235,2.8767123287671234e-05,0.0001104049978277815,0.11082662625422311,0.8,0.0,8
2018-11-16,0.9292704603969549,0.0018635049455684172,0.0021017403232548083,3.287671232876712e-05,0.00020535866535768195,0.20493468344847873,0.6000000000000001,0.0,6
2018-11-19,0.9300738870055226,0.000864577798184385,0.001047875357360434,7.397260273972603e-05,0.00010932495643640489,0.10921858815254734,0.5,0.0,5
2018-11-20,0.9290678911413133,-0.0010816300492515474,-0.0008603696735808356,2.0547945205479453e-05,0.00020071243046508575,0.20088939747474863,0.3,0.0,3
2018-11-21,0.9298130765672697,0.0008020785489002424,0.0009191692711788713,1.2328767123287673e-05,0.00010476195515527758,0.10466703884501335,0.2,0.0,2
2018-11-23,0.9303888429825885,0.000619228132867633,0.0007350532310647585,1.6438356164383563e-05,9.938674203255927e-05,0.09931537252855398,0.1,0.0,1
2018-11-26,0.9305548745648223,0.00017845396952687054,0.00019112627942678985,1.232876712328767e-05,3.4354277645082924e-07,0.0003434813628376313,0.1,0.0,1
2018-11-27,0.9304771096802766,-8.356829529487797e-05,-7.892009923825552e-05,4.109589041095891e-06,5.386070155495144e-07,0.0005386517396355474,0.1,0.0,1
2018-11-28,0.930738662425295,0.0002810953029335206,0.0002854903823570953,4.109589041095891e-06,2.8549038235709793e-07,0.0002854100734442118,0.1,0.0,1
2018-11-29,0.9304968172261846,-0.00025984221873864843,-0.00015542105691787044,4.10958904109589e-06,0.00010031157277967129,0.10032757810301357,0.2,0.0,2
2018-11-30,0.9303693171883926,-0.00013702361516088057,7.44618138912801e-05,8.219178082191782e-06,0.00020326625096990305,0.20325278696955865,0.0,0.0,0
2018-12-03,0.9303693171883926,0.0,0.0,0.0,0.0,0.0,0.0,0.0,0
2018-12-04,0.930183280532286,-0.00019996000799848979,0.0,0.0,0.00019996000799840034,0.19996000799840033,0.2,0.0,2
2018-12-06,0.9301976617432751,1.5460620815366255e-05,0.0002327762180394877,1.6438356164383563e-05,0.0002008772410597195,0.2008337931063266,0.4,0.0,4
2018-12-07,0.9297731464437057,-0.0004563710671706689,-0.00033615648101058005,1.643835616438356e-05,0.00010377622999576826,0.10381283386502156,0.49999999999999994,0.0,5
2018-12-10,0.9301309604029572,0.00038484006622496736,0.0006518988680302926,6.164383561643835e-05,0.0002054149661889603,0.20529379049599672,0.30000000000000004,0.0,3
2018-12-11,0.9289728654139564,-0.001245088098668412,-0.0010326177807471139,1.2328767123287671e-05,0.00020014155079803574,0.20035090678644493,0.3,0.0,3
2018-12-12,0.9291762771446644,0.00021896412509025964,0.00033428923510699364,1.2328767123287673e-05,0.00010299634289347434,0.1029631928157303,0.4,0.0,4
2018-12-13,0.9283302100085831,-0.0009105561096343084,-0.0008906777617785022,1.6438356164383563e-05,3.4399916915189954e-06,0.003443114996628368,0.4,0.0,4
2018-12-14,0.9288314018282591,0.0005398852846461022,0.0006623449862944943,1.643835616438356e-05,0.00010602134548402596,0.10595290979710642,0.5000000000000001,0.0,5
2018-12-17,0.9282387040391157,-0.0006381112739909378,-0.0005631490472504554,6.164383561643835e-05,1.331839112394165e-05,0.013326717562226507,0.5000000000000001,0.0,5
2018-12-18,0.9267650622140426,-0.0015875677437933167,-0.0013629887060319426,2.0547945205479453e-05,0.00020403109255599507,0.20431376814257274,0.5000000000000001,0.0,5
2018-12-19,0.9272558786375314,0.0005296017766533989,0.0005544239905617367,2.0547945205479453e-05,4.274268702935073e-06,0.004271987990880692,0.5000000000000001,0.0,5
2018-12-20,0.9275393405191429,0.0003056997406454265,0.00033114143153910606,2.0547945205479456e-05,4.893745688287878e-06,0.004892226194698134,0.5000000000000001,0.0,5
2018-12-21,0.9268087481164441,-0.0007876672942949137,-0.0007608235073342908,2.0547945205479453e-05,6.2958417550232645e-06,0.006300764992917892,0.5000000000000001,0.0,5
2018-12-24,0.9282452691776545,0.0015499649351926603,0.0016329449900387204,6.164383561643837e-05,2.1336219229488652e-05,0.02130274619979255,0.5,0.0,5
2018-12-26,0.9276641283834373,-0.0006260638362660664,-0.0004657568648309908,4.1095890410958905e-05,0.00011921108102428992,0.11927153412998563,0.4,0.0,4
2018-12-27,0.9274433320823776,-0.00023801319281835376,-0.0002187959533212825,1.6438356164383563e-05,2.7788833326651363e-06,0.002779537175173228,0.4,0.0,4
2018-12-28,0.9272310304275606,-0.00022891064874042133,-1.2795463100878665e-05,1.6438356164383563e-05,0.00019967682947526823,0.1996826669622646,0.4000000000000001,0.0,4
2018-12-31,0.9269675450541869,-0.0002841636708946771,0.0001666704997289048,4.93150684931507e-05,0.0004015191021304164,0.40147198721222804,0.0,0.0,0
2019-01-02,0.9269675450541869,0.0,0.0,0.0,0.0,0.0,0.0,0.0,0
2019-01-03,0.9265969062916702,-0.0003998400639744215,0.0,0.0,0.00039984006397441024,0.39984006397441024,0.4,0.0,4
2019-01-04,0.9266690042747792,7.780943646507055e-05,0.00010332835515691754,1.643835616438356e-05,9.080562527330609e-06,0.009079773585812885,0.4,0.0,4
2019-01-07,0.926754933467864,9.272911113722415e-05,0.00014419901035141462,4.931506849315069e-05,2.1548307210920916e-06,0.0021546262816572563,0.39999999999999997,0.0,4
2019-01-08,0.9276279679174181,0.0009420337761647524,0.0009625316148492493,1.6438356164383563e-05,4.059482520003842e-06,0.004055645501135603,0.4,0.0,4
2019-01-09,0.9281837221773337,0.0005991133074214616,0.0006191415859929052,1.6438356164383563e-05,3.589922407054747e-06,0.0035877600524832657,0.4,0.0,4
2019-01-10,0.9291303934644443,0.001019918001675224,0.0010407302604405811,1.6438356164383563e-05,4.373902601054265e-06,0.004369427032318736,0.4000000000000001,0.0,4
2019-01-11,0.9285664021776994,-0.0006070098349080233,-0.0005888422693756168,1.6438356164383563e-05,1.7292093680559345e-06,0.0017302566588887713,0.4,0.0,4
2019-01-14,0.9284811548443322,-9.180531749497511e-05,0.00015594493494285882,4.931506849315069e-05,0.00019843518394467043,0.1984140270834608,0.2,0.0,2
2019-01-15,0.9276094722893353,-0.0009388263299141553,-0.0009285563726020629,8.21917808219178e-06,2.0507792298766688e-06,0.002052702151064623,0.2,0.0,2
2019-01-16,0.92787554994416,0.000286842321874925,0.0002957135697624014,8.219178082191782e-06,6.520698052679981e-07,0.0006518823927360513,0.2,0.0,2
2019-01-17,0.9282823239346767,0.00043839283246671634,0.0004478956924273525,8.21917808219178e-06,1.283681878307128e-06,0.0012831177215798092,0.2,0.0,2
2019-01-18,0.9286404606540406,0.00038580581589209295,0.00039658635871641084,8.219178082191782e-06,2.5613647420283396e-06,0.002560370378203177,0.2,0.0,2
2019-01-22,0.92825061273959,-0.0004198050063164427,-0.00038422786126196534,3.287671232876712e-05,2.7004327256947335e-06,0.0027015595585424294,0.2,0.0,2
2019-01-23,0.9286366102360545,0.00041583327946881354,0.0004251558524409505,8.219178082191783e-06,1.1033948899697512e-06,0.0011029350359038476,0.2,0.0,2
2019-01-24,0.928969965298173,0.00035897256089634233,0.00036797710415007465,8.21917808219178e-06,7.853651716196648e-07,0.0007850827318842504,0.2,0.0,2
2019-01-25,0.9287326775312134,-0.00025543104279313056,-0.000244613054170617,8.219178082191782e-06,2.598810540313148e-06,0.002599467769551993,0.2,0.0,2
2019-01-28,0.9284869942486467,-0.00026453605920251366,-0.00023876551747896712,2.4657534246575345e-05,1.1130074769021115e-06,0.0011133007459821064,0.2,0.0,2
2019-01-29,0.9285351251899535,5.183803500208306e-05,6.238279490366496e-05,8.219178082191782e-06,2.3255818193788787e-06,0.0023254558642785104,0.2,0.0,2
2019-01-30,0.9286690615035245,0.00014424474630780892,0.00025422247671909044,8.219178082191782e-06,0.0001017585523290716,0.10173352554620527,0.3,0.0,3
2019-01-31,0.9280416760299954,-0.000675574862495476,-0.00036062827273137805,1.2328767123287673e-05,0.0003026178226408737,0.30273072819713515,0.0,0.0,0
2019-02-01,0.9280416760299954,0.0,0.0,0.0,0.0,0.0,0.0,0.0,0
2019-02-04,0.9278561048090336,-0.00019996000799848979,0.0,0.0,0.0001999600079984003,0.19996000799840033,0.2,0.0,2
2019-02-05,0.9279484062933047,9.947823136879919e-05,0.00010935498952767693,8.21917808219178e-06,1.6575800767474803e-06,0.0016574124529941468,0.2,0.0,2
2019-02-06,0.9278996422519729,-5.2550379957660986e-05,-4.295707402727221e-05,8.21917808219178e-06,1.374127848156117e-06,0.0013741981744683418,0.2,0.0,2
2019-02-07,0.9296972865987615,0.0019373262634585497,0.0019488643820713856,8.219178082191782e-06,3.318940530486375e-06,0.0033125121197280683,0.2,0.0,2
2019-02-08,0.9289080174790055,-0.0008489528055346529,-0.0008389872277630939,8.219178082191782e-06,1.7463996894050223e-06,0.0017478805049654812,0.2,0.0,2
2019-02-11,0.9283899962211661,-0.0005576669036028159,-0.0003319255544498634,2.465753424657534e-05,0.00020108381490650633,0.20115554357154147,0.4,0.0,4
2019-02-12,0.9292189140738598,0.0008928552182463356,0.0009139467550254299,1.643835616438356e-05,4.653180614787741e-06,0.004649008090979713,0.4,0.0,4
2019-02-13,0.9289059107432294,-0.0003368456301198197,-0.00031910913019805875,1.6438356164383563e-05,1.2981437573476335e-06,0.0012985794924321608,0.4,0.0,4
2019-02-14,0.928134920028907,-0.0008299987172064593,-0.0008104173515792957,1.6438356164383563e-05,3.1430094627832654e-06,0.003145610428720591,0.4,0.0,4
2019-02-15,0.9284628486588915,0.00035332000004295594,0.00047652153982294946,1.643835616438356e-05,0.00010676318361546503,0.10671408625891782,0.5000000000000001,0.0,5
2019-02-19,0.9287557134039169,0.00031542968622644274,0.0004003771331132945,8.219178082191781e-05,2.755666064887496e-06,0.0027547895312100197,0.5000000000000001,0.0,5
2019-02-20,0.9273478239827834,-0.0015158877633965062,-0.0014919402093414194,2.0547945205479456e-05,3.3996088496359018e-06,0.0034047585065461457,0.5000000000000001,0.0,5
2019-02-21,0.928438151824588,0.001175748531033305,0.001200525867320501,2.0547945205479453e-05,4.229391081859127e-06,0.004224406375601873,0.49999999999999994,0.0,5
2019-02-22,0.9293200321805125,0.0009498536377370304,0.0009745609929898647,2.0547945205479453e-05,4.159410047206331e-06,0.0041554456977912786,0.5000000000000001,0.0,5
2019-02-25,0.9294631328328667,0.00015398425450752207,0.00021877810096160866,6.164383561643835e-05,3.1500108375830676e-06,0.0031495159407095314,0.49999999999999994,0.0,5
2019-02-26,0.9295812858272755,0.00012711961371580927,0.00025067123257561653,2.0547945205479453e-05,0.00010300367365441834,0.10297997556390827,0.4,0.0,4
2019-02-27,0.928704906365066,-0.0009427679704520076,-0.000923587991121755,1.643835616438356e-05,2.74162316581897e-06,0.0027442027887426843,0.4,0.0,4
2019-02-28,0.9282553434016657,-0.0004840751462806825,-6.67784541615923e-05,1.6438356164383563e-05,0.00040085833595472604,0.40089169688302684,0.0,0.0,0
2019-03-01,0.9282553434016657,0.0,0.0,0.0,0.0,0.0,0.0,0.0,0
2019-03-04,0.9280697294557746,-0.00019996000799837876,0.0,0.0,0.00019996000799840034,0.19996000799840033,0.2,0.0,2
2019-03-05,0.9285134895580585,0.00047815383715188453,0.00048694306493960446,8.21917808219178e-06,5.700497053742924e-07,0.0005697769395431526,0.2,0.0,2
2019-03-06,0.9289393504561145,0.00045864804641526646,0.0004673890343960541,8.219178082191782e-06,5.218098985564419e-07,0.0005215704091466165,0.2,0.0,2
2019-03-07,0.9285904600220093,-0.0003755793464168544,-0.00026659952479614064,8.21917808219178e-06,0.00010076064353856378,0.10078834205999396,0.30000000000000004,0.0,3
2019-03-08,0.9282282941350154,-0.000390016807824356,-0.00027639865698330664,1.2328767123287671e-05,0.00010128938371760638,0.1013186371867353,0.39999999999999997,0.0,4
2019-03-11,0.927405724201372,-0.000886172010528874,-0.0008332547379997114,4.931506849315069e-05,3.6022040359182798e-06,0.003605386040778622,0.4,0.0,4
2019-03-12,0.9267189589262267,-0.0007405230065155033,-0.0007216832694600385,1.6438356164383563e-05,2.401380891054458e-06,0.00240315471151675,0.4000000000000001,0.0,4
2019-03-13,0.9266759823144557,-4.637502163629126e-05,7.163940446648364e-05,1.6438356164383563e-05,0.00010157606993842523,0.10157046314238324,0.49999999999999994,0.0,5
2019-03-14,0.9264672271756006,-0.0002252730650618151,-0.00020313377976283748,2.054794520547945e-05,1.5913400934784103e-06,0.0015916961268136814,0.49999999999999994,0.0,5
2019-03-15,0.9267151509729441,0.0002676012600029143,0.00029119523103945385,2.0547945205479453e-05,3.0460258310474723e-06,0.0030452016554845984,0.5000000000000001,0.0,5
2019-03-18,0.9266152875192416,-0.00010776067877782403,-4.268190567985335e-05,6.164383561643837e-05,3.4349374815041212e-06,0.003435295871292466,0.49999999999999994,0.0,5
2019-03-19,0.926432735074188,-0.00019700996466653908,-0.00017401933503825577,2.0547945205479453e-05,2.4426844226484613e-06,0.002443159781602368,0.49999999999999994,0.0,5
2019-03-20,0.9265932749107544,0.00017328817353745585,0.0001963396015678631,2.054794520547945e-05,2.5034828248087307e-06,0.00250304281076708,0.49999999999999994,0.0,5
2019-03-21,0.9266329434086824,4.281112220660965e-05,7.001414261421645e-05,2.054794520547945e-05,6.6550752021382236e-06,0.006654746017158034,0.5000000000000001,0.0,5
2019-03-22,0.9262355056182204,-0.0004289053106616425,-0.000403969781165192,2.054794520547945e-05,4.38758429100341e-06,0.004389447689356518,0.5,0.0,5
2019-03-25,0.9269196063161244,0.0007385818118117449,0.0008016052311550281,6.164383561643835e-05,1.3795837267231516e-06,0.0013785636428461524,0.5000000000000001,0.0,5
2019-03-26,0.9268708052181943,-5.264868452181659e-05,-2.744949170192524e-05,2.0547945205479456e-05,4.651247614487874e-06,0.004651470873167635,0.49999999999999994,0.0,5
2019-03-27,0.9269936438208806,0.0001325304476036404,0.000254208224880681,2.0547945205479453e-05,0.00010112983207168414,0.10110620756694715,0.39999999999999997,0.0,4
2019-03-28,0.9273430272832573,0.0003768995232120709,0.00039699949847755696,1.643835616438356e-05,3.6616191010320042e-06,0.0036602261611829797,0.4,0.0,4
2019-03-29,0.9275559161291698,0.00022956860584377736,0.0006472336526025691,1.643835616438356e-05,0.00040122669059448787,0.40097375823379877,0.0,0.0,0
2019-04-01,0.9275559161291698,0.0,0.0,0.0,0.0,0.0,0.0,0.0,0
2019-04-02,0.9275559161291698,0.0,0.0,0.0,0.0,0.0,0.0,0.0,0
2019-04-03,0.9275559161291698,0.0,0.0,0.0,0.0,0.0,0.0,0.0,0
2019-04-04,0.9275559161291698,0.0,0.0,0.0,0.0,0.0,0.0,0.0,0
2019-04-05,0.9275559161291698,0.0,0.0,0.0,0.0,0.0,0.0,0.0,0
2019-04-08,0.9275559161291698,0.0,0.0,0.0,0.0,0.0,0.0,0.0,0
2019-04-09,0.9274631698121886,-9.999000099991662e-05,0.0,0.0,9.999000099990003e-05,0.09999000099990002,0.1,0.0,1
2019-04-10,0.9273810245227035,-8.856986687855173e-05,-8.38688776383545e-05,4.109589041095891e-06,5.914001991333723e-07,0.0005914522341940508,0.1,0.0,1
2019-04-11,0.9275187667868637,0.00014852823221289668,0.00015305478706513224,4.109589041095891e-06,4.16965811114626e-07,0.00041690371530819244,0.1,0.0,1
2019-04-12,0.9278434163416066,0.00035001939191747766,0.0003544834644230888,4.10958904109589e-06,3.5448346442308973e-07,0.0003543593061797059,0.1,0.0,1
2019-04-15,0.9278374263522258,-6.455819242079386e-06,6.058273434766946e-06,1.2328767123287671e-05,1.8532555356268343e-07,0.00018532671565268423,0.1,0.0,1
2019-04-16,0.927698069812161,-0.0001501949976437933,-4.4589496485975016e-05,4.109589041095891e-06,0.00010149591211670284,0.10150085511552717,0.2,0.0,2
2019-04-17,0.9277963737769165,0.00010596547298558079,0.00011612786350700945,8.219178082191782e-06,1.9432124391850206e-06,0.0019430027723100838,0.2,0.0,2
2019-04-18,0.9266854721480319,-0.0011973550018979928,-0.0011866166449340909,8.219178082191782e-06,2.519178881707429e-06,0.0025221924876442092,0.2,0.0,2
2019-04-22,0.9264076151884336,-0.0002998395550047883,-0.00026538065172314616,3.287671232876712e-05,1.5821909528061387e-06,0.0015826629936988219,0.2,0.0,2
2019-04-23,0.9266298299934638,0.00023986720465907219,0.0004496251098548232,8.21917808219178e-06,0.00020153872711349425,0.20144980597418283,0.4,0.0,4
2019-04-24,0.9264317161457821,-0.00021380042091134754,-9.544935076231108e-05,1.6438356164383563e-05,0.0001019127139847379,0.10192411804058599,0.5000000000000001,0.0,5
2019-04-25,0.9264128731250543,-2.0339351945120043e-05,0.00010270348082831438,2.0547945205479453e-05,0.00010249488756808786,0.10248646773743679,0.4,0.0,4
2019-04-26,0.9262029410669247,-0.000226607449248184,-0.00010796989550704289,1.643835616438356e-05,0.0001021991975768393,0.10221191358230806,0.5000000000000001,0.0,5
2019-04-29,0.9260163922077631,-0.00020141251003447103,-3.5714476371806494e-05,6.164383561643837e-05,0.00010405419804620734,0.10406432957367281,0.6000000000000001,0.0,6
2019-04-30,0.9256703228314491,-0.00037371841279065787,0.00025814871712082066,2.4657534246575345e-05,0.000607209595664767,0.6070678506742281,0.0,0.0,0
2019-05-01,0.9256703228314491,0.0,0.0,0.0,0.0,0.0,0.0,0.0,0
2019-05-02,0.9254852257862919,-0.00019996000799837876,0.0,0.0,0.00019996000799840034,0.19996000799840033,0.2,0.0,2
2019-05-03,0.92532839360475,-0.00016945941131429887,-0.0001596000145649313,8.219178082191782e-06,1.6402186672485085e-06,0.0016404939736227042,0.2,0.0,2
2019-05-06,0.9251297140083913,-0.00021471252555516074,-0.00018884231792034025,2.4657534246575342e-05,1.2126733881439379e-06,0.0012129323490211424,0.2,0.0,2
2019-05-07,0.9251685545324139,4.198386824505462e-05,5.3932815652396615e-05,8.219178082191782e-06,3.7297693250036556e-06,0.0037295988314743917,0.2,0.0,2
2019-05-08,0.9252236706629371,5.957415030288793e-05,6.892713544512372e-05,8.219178082191782e-06,1.1338070600597085e-06,0.001133738233127391,0.2,0.0,2
2019-05-09,0.9248396033925556,-0.00041510748434092637,-0.00040618828714373276,8.21917808219178e-06,7.000191149520469e-07,0.000700309328365689,0.2,0.0,2
2019-05-10,0.9250104980430769,0.00018478301523261464,0.0001951523949404565,8.219178082191782e-06,2.1502016256310557e-06,0.0021497997566469447,0.2,0.0,2
2019-05-13,0.9247376038495693,-0.00029501740151594014,-0.00026587938080224207,2.465753424657534e-05,4.4804864672183e-06,0.004481788592249793,0.2,0.0,2
2019-05-14,0.9248487287304784,0.00012016909493728356,0.0001296928233532502,8.219178082191782e-06,1.304550333580462e-06,0.001304391884343409,0.2,0.0,2
2019-05-15,0.9251058092129193,0.00027797030417486823,0.0002884922335053331,8.219178082191782e-06,2.3027512482339467e-06,0.0023021060299430267,0.2,0.0,2
2019-05-16,0.9247680417206523,-0.0003651122811069163,-0.0002546897986939857,8.219178082191782e-06,0.00010220330433073743,0.10223018156316785,0.30000000000000004,0.0,3
2019-05-17,0.9245557530744134,-0.00022955880465325151,-0.00011582863471761297,1.2328767123287673e-05,0.00010140140281225878,0.10141439981824875,0.39999999999999997,0.0,4
2019-05-20,0.9244614241301797,-0.0001020262368386371,-5.08434222642184e-05,4.9315068493150684e-05,1.867746081240145e-06,0.0018679331706073486,0.4,0.0,4
2019-05-21,0.9236928037974438,-0.0008314249926211215,-0.0007126882638440025,1.6438356164383563e-05,0.00010229837261264849,0.10237301550342257,0.49999999999999994,0.0,5
2019-05-22,0.9235762966588319,-0.00012613191109955846,-3.6211991586543794e-06,2.0547945205479456e-05,0.00010196276673540666,0.10196523114779839,0.4000000000000001,0.0,4
2019-05-23,0.9233659396284887,-0.0002277635655053567,-0.0002081434151766648,1.6438356164383563e-05,3.181794164188903e-06,0.003182508897674452,0.4,0.0,4
2019-05-24,0.9231024797360649,-0.00028532554766946827,-0.00026811343788152867,1.6438356164383563e-05,7.737536235886944e-07,0.0007739738592388854,0.4,0.0,4
2019-05-28,0.9233461145365057,0.00026393039320016243,0.0003352078237436996,6.575342465753424e-05,5.524005885825816e-06,0.005522517819105426,0.4,0.0,4
2019-05-29,0.9233716983641723,2.7707733063264683e-05,4.93747861039172e-05,1.643835616438356e-05,5.228696876250919e-06,0.005228524667314527,0.4000000000000001,0.0,4
2019-05-30,0.9229295107499342,-0.00047888365543524714,-0.00046142096052689824,1.643835616438356e-05,1.0243387438920463e-06,0.0010248284677233583,0.4000000000000001,0.0,4
2019-05-31,0.9222226449583861,-0.0007658935848456894,-0.00034603098854034663,1.643835616438356e-05,0.00040342424014096743,0.40357052208364924,0.0,0.0,0
2019-06-03,0.9222226449583861,0.0,0.0,0.0,0.0,0.0,0.0,0.0,0
2019-06-04,0.9221304319151946,-9.999000099991662e-05,0.0,0.0,9.99900009999e-05,0.0999900009999,0.1,0.0,1
2019-06-05,0.9216345161451178,-0.0005377935191303029,-0.000531567257485488,4.10958904109589e-06,2.116672603698136e-06,0.0021178070639076814,0.1,0.0,1
2019-06-06,0.9214880136564231,-0.00015895942060362156,-0.00015429380330371777,4.109589041095891e-06,5.560282587641433e-07,0.0005561163494804395,0.1,0.0,1
2019-06-07,0.9215925453230001,0.00011343790155460276,0.00021806777800977286,4.10958904109589e-06,0.00010052028741408096,0.10049878487607532,0.2,0.0,2
2019-06-10,0.9213652357397577,-0.0002466486783079258,-0.00022142739916369838,2.4657534246575345e-05,5.637448975926715e-07,0.0005638836608658069,0.2,0.0,2
2019-06-11,0.9212072266156269,-0.0001714945582941274,-0.00016241978259178837,8.219178082191782e-06,8.555976202260213e-07,0.0008557436434319398,0.2,0.0,2
2019-06-12,0.9218435572550823,0.0006907573248129406,0.000801142235416763,8.21917808219178e-06,0.00010216573252169106,0.10208478714016454,0.3,0.0,3
2019-06-13,0.921531081490142,-0.00033896832329205484,-0.00032564212671021834,1.2328767123287674e-05,9.974294585481242e-07,0.0009977666746429903,0.30000000000000004,0.0,3
2019-06-14,0.9214487791154312,-8.931047076310428e-05,-7.532198888897119e-05,1.232876712328767e-05,1.6597147508625818e-06,0.0016598602388673933,0.30000000000000004,0.0,3
2019-06-17,0.922434167705746,0.0010693905213710053,0.0011109557836568972,3.698630136986302e-05,4.578960916179676e-06,0.0045740485276504796,0.3,0.0,3
2019-06-18,0.922386278395493,-5.191623633382658e-05,6.45384267503768e-05,1.2328767123287671e-05,0.00010412589596083341,0.10412045986706353,0.39999999999999997,0.0,4
2019-06-19,0.9233045649644389,0.0009955553225957647,0.001216748369649129,1.643835616438356e-05,0.00020475469088901256,0.2045092164286833,0.6,0.0,6
2019-06-20,0.9234704685130863,0.0001796845319981255,0.0003098441458851021,2.465753424657534e-05,0.00010550207964039073,0.10547200043796308,0.5000000000000001,0.0,5
2019-06-21,0.9230269387082416,-0.0004802858564160184,-0.00045753923382590994,2.054794520547945e-05,2.198677384594178e-06,0.002199729046848819,0.49999999999999994,0.0,5
2019-06-24,0.9226116544427326,-0.0004499156504469415,-0.0003868721044260948,6.164383561643835e-05,1.399710404452021e-06,0.0014003384785811195,0.5000000000000001,0.0,5
2019-06-25,0.9235724813040347,0.0010414206851554475,0.0010646769947838535,2.054794520547945e-05,2.7083644230464326e-06,0.0027055394906694433,0.5,0.0,5
2019-06-26,0.9229982863238998,-0.0006217107934226584,-0.0005936670318983761,2.054794520547945e-05,7.495816318906287e-06,0.007500423191164917,0.49999999999999994,0.0,5
2019-06-27,0.922950758996262,-5.149232489598532e-05,-2.8745211431430062e-05,2.0547945205479453e-05,2.19916825913726e-06,0.0021992766684265645,0.5,0.0,5
2019-06-28,0.9219438444905778,-0.0010909731595857286,-0.0005657207058239245,2.0547945205479453e-05,0.0005047045085563502,0.5050005745619677,0.0,0.0,0
2019-07-01,0.9219438444905778,0.0,0.0,0.0,0.0,0.0,0.0,0.0,0
2019-07-02,0.9218516593246453,-9.999000099991662e-05,0.0,0.0,9.999000099990002e-05,0.09999000099990002,0.1,0.0,1
2019-07-03,0.921790951850944,-6.585384219603974e-05,3.9114610989687784e-05,4.109589041095891e-06,0.00010085886414471222,0.10085533370154237,0.2,0.0,2
2019-07-05,0.9215012427252179,-0.0003142894005894181,-9.690275763850617e-05,1.6438356164383563e-05,0.0002009482867866006,0.20097106507095788,0.4,0.0,4
2019-07-08,0.921772194766457,0.00029403328902488646,0.00034607643572552864,4.931506849315069e-05,2.728078207426328e-06,0.0027272688593908048,0.4,0.0,4
2019-07-09,0.9219789099525744,0.00022425843097795273,0.00024280903355004555,1.643835616438356e-05,2.1122464078183564e-06,0.002111768365383003,0.4,0.0,4
2019-07-10,0.921863972046004,-0.00012466435547453525,-0.00010582694859733175,1.643835616438356e-05,2.399050712814531e-06,0.0023993440693483984,0.4,0.0,4
2019-07-11,0.9214086735473296,-0.0004938890253666228,-0.0004731364158367223,1.6438356164383563e-05,4.314253365574366e-06,0.004316366549743829,0.39999999999999997,0.0,4
2019-07-12,0.9212832792444378,-0.00013608977915202658,-1.7428627260335232e-05,1.643835616438356e-05,0.00010222279572727476,0.10222625782225399,0.5000000000000001,0.0,5
2019-07-15,0.9211731270249391,-0.00011956389742462381,4.504804958129216e-05,6.164383561643835e-05,0.00010296811138948837,0.10296982025459339,0.4,0.0,4
2019-07-16,0.9207715988673699,-0.00043588783236225837,-0.00021752752749318866,1.6438356164383563e-05,0.00020192194870459327,0.20196920260755297,0.4000000000000001,0.0,4
2019-07-17,0.9191949814039567,-0.001712278555672797,-0.0015939677774502116,1.6438356164383563e-05,0.0001018724220581786,0.10203674265440331,0.30000000000000004,0.0,3
2019-07-18,0.9187313688537909,-0.000504368017172685,-0.00029002880466605385,1.2328767123287674e-05,0.00020201044538334446,0.20207154324448756,0.30000000000000004,0.0,3
2019-07-19,0.9181706883435548,-0.0006102768766191868,-0.0004936298640852822,1.2328767123287671e-05,0.00010431824541073655,0.10437105284577218,0.4,0.0,4
2019-07-22,0.9182840531513945,0.00012346811903163335,0.0002733320150976659,4.9315068493150684e-05,0.00010054882757295548,0.10052630797638917,0.5000000000000001,0.0,5
2019-07-23,0.9182426043978589,-4.513718102083786e-05,-2.1644455942610034e-05,2.0547945205479456e-05,2.9447798726941282e-06,0.002944904125270324,0.49999999999999994,0.0,5
2019-07-24,0.91755702402489,-0.0007466222648407905,-0.0006238660538806063,2.0547945205479453e-05,0.00010220826575465463,0.10227417266326379,0.39999999999999997,0.0,4
2019-07-25,0.9183125965185588,0.0008234610753174998,0.0008416857199135875,1.643835616438356e-05,1.7862884316065808e-06,0.0017848155173061453,0.4,0.0,4
2019-07-26,0.9185318954109546,0.00023880636422402013,0.00035811353911190954,1.643835616438356e-05,0.0001028688187233924,0.10283368300593819,0.5,0.0,5
2019-07-29,0.9179643045851159,-0.0006179326256109396,-0.00045160441411603593,6.164383561643835e-05,0.00010468437587852877,0.10473813254173607,0.4,0.0,4
2019-07-30,0.9179430750192628,-2.3126787988547726e-05,-4.338934230696437e-06,1.643835616438356e-05,2.3494975933695056e-06,0.0023495464105775746,0.4,0.0,4
2019-07-31,0.9169817927302425,-0.001047213400460656,-0.0006323507454778997,1.6438356164383563e-05,0.0003984242988184185,0.3986829599778626,0.0,0.0,0
2019-08-01,0.9169817927302425,0.0,0.0,0.0,0.0,0.0,0.0,0.0,0
2019-08-02,0.9167067806960337,-0.000299910026991812,0.0,0.0,0.0002999100269919025,0.2999100269919025,0.30000000000000004,0.0,3
2019-08-05,0.9168099529274907,0.00011254660010107109,0.0005510874574656155,3.698630136986301e-05,0.0004015545559946514,0.40134822240951373,0.3,0.0,3
2019-08-06,0.9145405469691996,-0.0024753286665841756,-0.0024589596134583116,1.2328767123287673e-05,4.040286002521054e-06,0.004050295450606059,0.30000000000000004,0.0,3
2019-08-07,0.9157417900956992,0.0013134935684158133,0.0014287827398580977,1.2328767123287673e-05,0.00010296040431894047,0.10281477192678894,0.2,0.0,2
2019-08-08,0.9146520734876137,-0.0011899823944604426,-0.0011778751884970909,8.219178082191782e-06,3.888027881176784e-06,0.003892644925393887,0.2,0.0,2
2019-08-09,0.9151761461173509,0.0005729748446738903,0.0005832410676900047,8.219178082191782e-06,2.047044933913205e-06,0.0020458685147339735,0.2,0.0,2
2019-08-12,0.9155595108380667,0.0004188971951928355,0.0004472863097352009,2.4657534246575342e-05,3.7315802958581784e-06,0.0037300038888820526,0.2,0.0,2
2019-08-13,0.9156750563857239,0.00012620211607150544,0.0001360662970925852,8.219178082191782e-06,1.6450029388180852e-06,0.001644792656815542,0.2,0.0,2
2019-08-14,0.9160079775725304,0.0003635800543924095,0.00037770123744060844,8.219178082191782e-06,5.9020049659208736e-06,0.005899825086398097,0.2,0.0,2
2019-08-15,0.9155365976625545,-0.0005146024068753974,-0.0003057188731924233,8.219178082191782e-06,0.0002006643556008704,0.20072737156073567,0.2,0.0,2
2019-08-16,0.9158698517075149,0.00036399860563873787,0.00047632239187602734,8.219178082191782e-06,0.00010410460815494607,0.10405589925409103,0.30000000000000004,0.0,3
2019-08-19,0.915789609010441,-8.761364611387101e-05,-4.813695897776258e-05,3.698630136986301e-05,2.4903857663218917e-06,0.0024905977741246396,0.30000000000000004,0.0,3
2019-08-20,0.9157276579046559,-6.76477491943217e-05,-5.339439428521116e-05,1.2328767123287671e-05,1.9245877859029145e-06,0.0019247142842104806,0.30000000000000004,0.0,3
2019-08-21,0.9148676045826094,-0.0009392020811236357,-0.0009248623464961747,1.2328767123287673e-05,2.0109675042519607e-06,0.0020128539330710486,0.30000000000000004,0.0,3
2019-08-22,0.9144468606140168,-0.0004598960182709,-0.0003461773191226869,1.2328767123287671e-05,0.00010138993202500179,0.10142629396869493,0.2,0.0,2
2019-08-23,0.9141081330354982,-0.0003704180014256764,-0.0003585297683733781,8.219178082191782e-06,3.6690549701292027e-06,0.003670401085860511,0.2,0.0,2
2019-08-26,0.9142178800573322,0.00012005912415369302,0.00014698918589011177,2.4657534246575342e-05,2.272527489897368e-06,0.002272249521860412,0.2,0.0,2
2019-08-27,0.9138798601480939,-0.00036973670785911406,-0.0003599471065144023,8.21917808219178e-06,1.570423262485454e-06,0.0015710016523268863,0.2,0.0,2
2019-08-28,0.9140325656480595,0.00016709581491469727,0.00017647724677199994,8.219178082191782e-06,1.162253775129609e-06,0.001162058249452851,0.2,0.0,2
2019-08-29,0.9138365945083533,-0.00021440279818385477,-0.00020318161267410828,8.21917808219178e-06,3.00200742760965e-06,0.003002642188542666,0.2,0.0,2
2019-08-30,0.9136157196725434,-0.00024170058097616742,-3.28965920928903e-05,8.21917808219178e-06,0.00020058481080098808,0.20059305833907348,0.0,0.0,0
2019-09-03,0.9136157196725434,0.0,0.0,0.0,0.0,0.0,0.0,0.0,0
2019-09-04,0.9133417171573962,-0.00029991002699192304,0.0,0.0,0.0002999100269919025,0.2999100269919025,0.30000000000000004,0.0,3
2019-09-05,0.9117938907341278,-0.001694684907293853,-0.0013772614117621709,1.2328767123287671e-05,0.0003050947284084557,0.30551927499244536,0.4,0.0,4
2019-09-06,0.9115979004603563,-0.00021495019407691274,0.00010130384741425799,1.643835616438356e-05,0.00029981568532682273,0.2997902434805379,0.30000000000000004,0.0,3
2019-09-09,0.9120566416810014,0.000503227596743594,0.0006473340272721563,3.698630136986301e-05,0.00010712012915868434,0.10705478851196909,0.4,0.0,4
2019-09-10,0.9116867962542738,-0.0004055070812771788,-0.0003808440723487625,1.6438356164383563e-05,8.224652763959662e-06,0.008227921572623649,0.4,0.0,4
2019-09-11,0.9120423664991821,0.00039001359498591626,0.0006095671611229483,1.643835616438356e-05,0.00020311520997268274,0.20299480790485733,0.4,0.0,4
2019-09-12,0.9127673429006892,0.0007948933384418488,0.0008148646007175355,1.6438356164383563e-05,3.5329061111260253e-06,0.0035300875965433736,0.39999999999999997,0.0,4
2019-09-13,0.9120965621125344,-0.0007348869275088932,-0.0007156250160431865,1.6438356164383563e-05,2.8235553013229655e-06,0.002825623837037697,0.4,0.0,4
2019-09-16,0.9124704709118137,0.00040994431380503293,0.0005619988162386792,4.9315068493150684e-05,0.00010273943394040732,0.10268678809304384,0.3,0.0,3
2019-09-17,0.9119041928005175,-0.0006205988350836966,-0.0006056934479970357,1.2328767123287671e-05,2.5766199633280767e-06,0.0025782133564576874,0.30000000000000004,0.0,3
2019-09-18,0.9119311247497148,2.9533748621801692e-05,4.375705438545706e-05,1.2328767123287671e-05,1.8945386404255087e-06,0.0018944791001921353,0.30000000000000004,0.0,3
2019-09-19,0.9117681592861844,-0.0001787036971406808,-0.000165372346389947,1.2328767123287673e-05,1.0025836274186585e-06,0.0010027618193105385,0.30000000000000004,0.0,3
2019-09-20,0.911726416369287,-4.578238061092588e-05,-3.121679820172192e-05,1.2328767123287673e-05,2.2368152858374833e-06,0.002236912693465303,0.30000000000000004,0.0,3
2019-09-23,0.9118202914757704,0.00010296411818067064,0.00014091004278382063,3.6986301369863006e-05,9.596232333883553e-07,0.0009595235161145861,0.3,0.0,3
2019-09-24,0.9116804897368757,-0.000153321592205935,-0.00013807500644966167,1.2328767123287671e-05,2.9178186330668393e-06,0.0029182575500146185,0.30000000000000004,0.0,3
2019-09-25,0.91204334264612,0.0003980044690317097,0.0004118007535137525,1.2328767123287671e-05,1.467517358725262e-06,0.0014669313607406883,0.3,0.0,3
2019-09-26,0.911577774911863,-0.0005104666768426247,-0.0004970634598888134,1.232876712328767e-05,1.0744498306085152e-06,0.0010749974259413476,0.30000000000000004,0.0,3
2019-09-27,0.9120540307775186,0.0005224522566948941,0.0005369822912726363,1.2328767123287673e-05,2.20126745449216e-06,0.002200113157370618,0.3,0.0,3
2019-09-30,0.9109859152162205,-0.001171109961969563,-0.0008349113500019935,3.698630136986301e-05,0.00029921231059777665,0.2994734207699943,0.0,0.0,0
2019-10-01,0.9109859152162205,0.0,0.0,0.0,0.0,0.0,0.0,0.0,0
2019-10-02,0.9108037544653275,-0.00019996000799837876,0.0,0.0,0.00019996000799840034,0.19996000799840033,0.2,0.0,2
2019-10-03,0.9112666709529268,0.0005082505263398485,0.0006173713627831478,8.21917808219178e-06,0.0001009016583610891,0.10084023131387851,0.1,0.0,1
2019-10-04,0.9108712583665102,-0.0004339153389678607,-0.0003284613291056115,4.109589041095891e-06,0.00010134442082118501,0.10137813624103469,0.2,0.0,2
2019-10-07,0.9107065867954001,-0.00018078468235505074,-0.0001551680557778046,2.465753424657534e-05,9.590923305936729e-07,0.0009592648309578896,0.2,0.0,2
2019-10-08,0.9099425433213811,-0.0008389567892633787,-0.0008283324317030715,8.21917808219178e-06,2.4051794782208793e-06,0.0024071932195837862,0.2,0.0,2
2019-10-09,0.9089587741068015,-0.0010811333328683004,-0.0010712163193055623,8.219178082191782e-06,1.697835480502098e-06,0.0016996701648118466,0.2,0.0,2
2019-10-10,0.9090476861601917,9.781747635106974e-05,0.00020648219161220613,8.219178082191782e-06,0.00010044553717902818,0.1004256264916843,0.1,0.0,1
2019-10-11,0.90930995474628,0.00028850916192979525,0.0002941893649775817,4.10958904109589e-06,1.5706140067314238e-06,0.0015701585354952626,0.1,0.0,1
2019-10-14,0.909446087625141,0.000149710094066835,0.00016220106225253164,1.2328767123287671e-05,1.6220106225252913e-07,0.0001621767564498234,0.1,0.0,1
2019-10-15,0.9093982091231962,-5.264578362174088e-05,5.297889011390835e-05,4.109589041095891e-06,0.00010151508469452679,0.10151012396571678,0.2,0.0,2
2019-10-16,0.9090876211514174,-0.0003415313211121429,-0.0002326538685111179,8.219178082191782e-06,0.00010065827451884061,0.1006825262256713,0.3,0.0,3
2019-10-17,0.9097005088710083,0.0006741789298754242,0.0006883138346528762,1.2328767123287671e-05,1.8061376540801473e-06,0.001804917556763653,0.30000000000000004,0.0,3
2019-10-18,0.9095834230511961,-0.00012870809532417038,-0.00011520728824115925,1.2328767123287671e-05,1.1720399596811542e-06,0.001172189456100525,0.30000000000000004,0.0,3
2019-10-21,0.9087356177765,-0.0009320808330610664,-0.0008924945148234499,3.698630136986302e-05,2.6000168677280858e-06,0.002602435781862702,0.30000000000000004,0.0,3
2019-10-22,0.9083369361565387,-0.0004387212431893328,-0.0004247338217743535,1.2328767123287673e-05,1.6586542917507215e-06,0.0016593795444703916,0.30000000000000004,0.0,3
2019-10-23,0.9083024911695429,-3.792093619081616e-05,-2.4776694113509672e-05,1.2328767123287671e-05,8.154749540677488e-07,0.0008155052137648465,0.3,0.0,3
2019-10-24,0.9085445801204907,0.00026652899590318135,0.0002804257941453448,1.2328767123287671e-05,1.568031118872715e-06,0.0015676108470650894,0.30000000000000004,0.0,3
2019-10-25,0.9085903847325738,5.041537100702875e-05,6.521703913671681e-05,1.2328767123287673e-05,2.4729010065059473e-06,0.0024727702259616097,0.3,0.0,3
2019-10-28,0.9085414796517893,-5.382522378205579e-05,-1.4546577456797658e-05,3.698630136986301e-05,2.2923449553420727e-06,0.0022924630925648367,0.3,0.0,3
2019-10-29,0.90791035422853,-0.0006946577975738277,-0.0005806576358273474,1.2328767123287671e-05,0.00010167139462318178,0.10173172014997951,0.4,0.0,4
2019-10-30,0.9069190513696572,-0.0010918510338115972,-0.0009730747106202919,1.643835616438356e-05,0.00010233796702693808,0.10243933208458847,0.30000000000000004,0.0,3
2019-10-31,0.906815398089427,-0.00011429165599030622,0.00019922297691051257,1.2328767123287671e-05,0.00030118586577765214,0.301129586401558,0.0,0.0,0
2019-11-01,0.906815398089427,0.0,0.0,0.0,0.0,0.0,0.0,0.0,0
2019-11-04,0.9066340712751719,-0.00019996000799848979,0.0,0.0,0.00019996000799840034,0.1999600079984003,0.2,0.0,2
2019-11-05,0.9086996874391455,0.0022783350299955263,0.0023912015350161854,8.21917808219178e-06,0.00010464732693845137,0.10439854704275894,0.30000000000000004,0.0,3
2019-11-06,0.9085862857906265,-0.00012479551835065106,-0.00010953834601713513,1.2328767123287671e-05,2.928405210242476e-06,0.0029287621300283376,0.30000000000000004,0.0,3
2019-11-07,0.9092946402007194,0.0007796226084091362,0.0007965180849109352,1.2328767123287671e-05,4.566709378496239e-06,0.004563131019894771,0.3,0.0,3
2019-11-08,0.9083493483415994,-0.0010395880689577641,-0.0010249449093967522,1.232876712328767e-05,2.3143924377248004e-06,0.0023167955888029434,0.3,0.0,3
2019-11-11,0.9074550170743764,-0.0009845675222378558,-0.0007471108654338643,3.698630136986301e-05,0.00020047035543407267,0.20062766701936502,0.30000000000000004,0.0,3
2019-11-12,0.9074042183847616,-5.597929226131004e-05,-4.290874902606595e-05,1.2328767123287673e-05,7.417761119322544e-07,0.0007418170880656362,0.30000000000000004,0.0,3
2019-11-13,0.9077248108768928,0.00035330725341120583,0.0004694649820578544,1.232876712328767e-05,0.00010382896152344121,0.10378151923255907,0.4000000000000001,0.0,4
2019-11-14,0.9072291994512603,-0.0005459930363186372,-0.00032895817526875086,1.6438356164383563e-05,0.0002005965048854673,0.20066581416165596,0.2,0.0,2
2019-11-15,0.9072874135262795,6.416688864763209e-05,7.266705053538549e-05,8.219178082191782e-06,2.809838054005098e-07,0.0002809656977590569,0.2,0.0,2
2019-11-18,0.9069332836879341,-0.00039031715095549924,-0.00026463732484325876,2.4657534246575345e-05,0.00010102229186583411,0.10105152555267968,0.30000000000000004,0.0,3
2019-11-19,0.9064145041034408,-0.0005720151568192611,-0.0004586781006730267,1.2328767123287674e-05,0.00010100828902292138,0.10105588703974835,0.4,0.0,4
2019-11-20,0.9050244675044448,-0.0015335551149096016,-0.0015143612740234627,1.6438356164383563e-05,2.7554847216560703e-06,0.0027597092836068415,0.4,0.0,4
2019-11-21,0.9053895490352795,0.0004033941003178665,0.0005219259157327629,1.6438356164383563e-05,0.00010209345925032615,0.10204187835026511,0.49999999999999994,0.0,5
2019-11-22,0.9041609382667608,-0.0013569968527114007,-0.001232045708177204,2.0547945205479453e-05,0.00010440319932860788,0.10453413812658707,0.6,0.0,6
2019-11-25,0.9043969392098724,0.0002610165216427873,0.0004395042537417794,7.397260273972603e-05,0.00010451512935937774,0.1044769397311062,0.7000000000000002,0.0,7
2019-11-26,0.9050583776641511,0.0007313585723283111,0.0007645774795819293,2.8767123287671234e-05,4.451783965931885e-06,0.004448510705684555,0.7,0.0,7
2019-11-27,0.9058429546533174,0.0008668799809259387,0.0008994667317242798,2.876712328767123e-05,3.8196275107362155e-06,0.0038163046557667646,0.7000000000000001,0.0,7
2019-11-29,0.9046943378226542,-0.001268008791990738,-0.0005117010026991943,5.7534246575342475e-05,0.0006987735427162269,0.6991715357996934,0.0,0.0,0
2019-12-02,0.9046943378226542,0.0,0.0,0.0,0.0,0.0,0.0,0.0,0
2019-12-03,0.9046038774349107,-9.999000099991662e-05,0.0,0.0,9.999000099990003e-05,0.09999000099990002,0.1,0.0,1
2019-12-04,0.9050654838182379,0.0005102856563430347,0.0006154877900187208,4.109589041095891e-06,0.00010109254463463539,0.10103077662018198,0.2,0.0,2
2019-12-05,0.9047352763678846,-0.00036484371159561935,-0.0002563712430975196,8.219178082191782e-06,0.00010025329041573355,0.10027982349646833,0.30000000000000004,0.0,3
2019-12-06,0.9049629153241046,0.0002516083567933869,0.000365784910449718,1.2328767123287671e-05,0.00010184778653303697,0.10181180052667768,0.4,0.0,4
2019-12-09,0.9047862499881338,-0.00019521831555657787,-0.0001437101013786191,4.931506849315068e-05,2.1931456847472338e-06,0.002193569098795154,0.4000000000000001,0.0,4
2019-12-10,0.904558479970011,-0.0002517390357399396,-0.00023277685501454928,1.643835616438356e-05,2.5238245610403437e-06,0.0025244536933006307,0.4,0.0,4
2019-12-11,0.9035022884755535,-0.0011676320744818947,-0.0011479006422164817,1.6438356164383563e-05,3.2930761010212558e-06,0.0032969148275292883,0.4000000000000001,0.0,4
2019-12-12,0.9025611577121452,-0.001041647348781205,-0.0009193897071122281,1.6438356164383563e-05,0.00010581928550452417,0.10591840692213945,0.5,0.0,5
2019-12-13,0.9031484444427228,0.0006506891256723435,0.0006749323087287817,2.0547945205479453e-05,3.6952378508585637e-06,0.003692821326325331,0.5000000000000001,0.0,5
2019-12-16,0.903433570498803,0.0003157023165289985,0.0004795078054193158,6.164383561643837e-05,0.00010216165327364696,0.10211898143067412,0.6,0.0,6
2019-12-17,0.9027465394645638,-0.0007604665762639407,-0.0007308601337005061,2.465753424657534e-05,4.948908317002669e-06,0.004952650131680314,0.6000000000000001,0.0,6
2019-12-18,0.9030708004012232,0.00035919377420334797,0.0003878369040586804,2.4657534246575345e-05,3.985595608608144e-06,0.003984148648012921,0.6000000000000001,0.0,6
2019-12-19,0.9039378243298111,0.0009600841132308968,0.001088012633862695,2.465753424657535e-05,0.00010327098638526813,0.10316128930220565,0.7,0.0,7
2019-12-20,0.9032261831839137,-0.0007872678039830827,-0.0007549867675308964,2.8767123287671234e-05,3.513913164496567e-06,0.0035166693677962995,0.7000000000000001,0.0,7
2019-12-23,0.9029364257966216,-0.0003208026878391834,-3.173057222098935e-05,8.63013698630137e-05,0.0002027707457552026,0.202794682005364,0.6999999999999998,0.0,7
2019-12-24,0.9027440002817899,-0.00021311081193997605,-0.00018233990382964804,2.8767123287671234e-05,2.003784822560036e-06,0.0020042079249367943,0.7,0.0,7
2019-12-26,0.9027962699877424,5.79009175760703e-05,0.00011850340307992802,5.753424657534246e-05,3.0682389287062576e-06,0.0030680518721714987,0.7000000000000001,0.0,7
2019-12-27,0.9026467199546285,-0.00016565202813245694,-0.00013462172649129087,2.8767123287671234e-05,2.2631783535893485e-06,0.002263548192124879,0.7000000000000002,0.0,7
2019-12-30,0.9023554511821792,-0.0003226830231698452,-0.000133830579110017,8.630136986301368e-05,0.00010255107419689433,0.10257365393524837,0.8000000000000003,0.0,8
2019-12-31,0.9020434031396061,-0.00034581499138097715,0.0004914082174368729,3.2876712328767134e-05,0.000804346496489192,0.8039778473167882,0.0,0.0,0
2020-01-02,0.9020434031396061,0.0,0.0,0.0,0.0,0.0,0.0,0.0,0
2020-01-03,0.9019532078188242,-9.999000099991662e-05,0.0,0.0,9.999000099990002e-05,0.0999900009999,0.1,0.0,1
2020-01-06,0.9021004861462373,0.00016328821288769113,0.00017579277278382266,1.2328767123287671e-05,1.7579277278382056e-07,0.00017576404168951492,0.1,0.0,1
2020-01-07,0.9016693883708127,-0.0004778822116217052,-0.0004730830707463219,4.109589041095891e-06,6.8955183431688e-07,0.0006898810404855262,0.1,0.0,1
2020-01-08,0.9012262634552451,-0.0004914494395426017,-0.0003860140870789563,4.10958904109589e-06,0.00010132576342258524,0.10136530842934073,0.2,0.0,2
2020-01-09,0.9022119072875974,0.0010936696724452855,0.001203785609065866,8.219178082191782e-06,0.00010189675853828531,0.10177507966952173,0.30000000000000004,0.0,3
2020-01-10,0.9022496111806901,4.179050707286969e-05,5.5844598880128136e-05,1.2328767123287673e-05,1.7253246839275475e-06,0.0017252496082558564,0.3,0.0,3
2020-01-13,0.9017480681360287,-0.0005558805883053575,-0.0004154406583279036,3.698630136986301e-05,0.00010345362860764623,0.10350045500383095,0.4000000000000001,0.0,4
2020-01-14,0.9009337485080724,-0.0009030456030136857,-0.0008839693144351735,1.6438356164383563e-05,2.637932414041897e-06,0.0026403097692108534,0.4,0.0,4
2020-01-15,0.9003101875087283,-0.000692127473720161,-0.0005706634116537212,1.6438356164383563e-05,0.00010502570590209237,0.10508740290211162,0.5,0.0,5
2020-01-16,0.9007701917325128,0.0005109397074107846,0.0006365352691057314,2.0547945205479453e-05,0.00010504761648951933,0.104982948324126,0.4,0.0,4
2020-01-17,0.8987161508673264,-0.002280316204997579,-0.002260635747979861,1.643835616438356e-05,3.2421008534746348e-06,0.003249500206245688,0.4,0.0,4
2020-01-21,0.8982284176532523,-0.0005426999543775013,-0.0003737639158222061,6.575342465753425e-05,0.00010318261389779663,0.10322798438695746,0.3,0.0,3
2020-01-22,0.8965587080783431,-0.001858891950080488,-0.0018425487217226368,1.2328767123287673e-05,4.014461234468992e-06,0.00402192140594679,0.30000000000000004,0.0,3
2020-01-23,0.8968118932737975,0.0002823966720451043,0.0003952076118518278,1.2328767123287673e-05,0.00010048217268353193,0.10044371491000695,0.2,0.0,2
2020-01-24,0.8961458663760603,-0.0007426606434777216,-0.0007321540907945625,8.21917808219178e-06,2.287374600955906e-06,0.0022890693667256346,0.2,0.0,2
2020-01-27,0.8954379385065449,-0.0007899694637640842,-0.0005665419542388917,2.465753424657534e-05,0.0001987699752785503,0.19888755750081089,0.2,0.0,2
2020-01-28,0.8951447223923378,-0.00032745554057733717,-0.00021807570188298045,8.21917808219178e-06,0.000101160660612089,0.10118355793318594,0.30000000000000004,0.0,3
2020-01-29,0.8941741867529678,-0.001084222042639249,-0.0008708333499126031,1.2328767123287671e-05,0.0002010599256033945,0.20123765107334377,0.5,0.0,5
2020-01-30,0.8988668395750324,0.00524802984875361,0.005276475106311063,2.0547945205479453e-05,7.897312351755582e-06,0.007856021674060654,0.49999999999999994,0.0,5
2020-01-31,0.897895545029629,-0.0010805766801483818,-0.0005624287256131513,2.0547945205479453e-05,0.0004976000093297127,0.49789026774043305,0.0,0.0,0
2020-02-03,0.897895545029629,0.0,0.0,0.0,0.0,0.0,0.0,0.0,0
2020-02-04,0.8978057644531837,-9.99900009998056e-05,0.0,0.0,9.999000099990003e-05,0.09999000099990002,0.1,0.0,1
2020-02-05,0.8976567047392499,-0.00016602668398402187,-0.0001601541306713639,4.10958904109589e-06,1.762964271479552e-06,0.0017632539101256266,0.1,0.0,1
2020-02-06,0.8977759053772592,0.0001327908958737023,0.00023801674503856623,4.109589041095891e-06,0.00010111626012383831,0.1010926138380431,0.2,0.0,2
2020-02-07,0.898035916681325,0.0002896171555824001,0.0003984067519087587,8.219178082191782e-06,0.00010057041824417399,0.10053119222218691,0.30000000000000004,0.0,3
2020-02-10,0.8977097066407985,-0.0003632483227753447,-0.0002248143051396312,3.698630136986302e-05,0.00010144771626587942,0.10147428229452925,0.4,0.0,4
2020-02-11,0.8970537841990655,-0.0007306620802703945,-0.0007117604564692291,1.643835616438356e-05,2.463267636826353e-06,0.0024650626925521372,0.4,0.0,4
2020-02-12,0.8970532144362474,-6.351490045020114e-07,1.935760020021486e-05,1.6438356164383563e-05,3.5543930404435903e-06,0.003554382664333196,0.4,0.0,4
2020-02-13,0.8957089768727513,-0.001498503702861087,-0.0013780551161274304,1.6438356164383563e-05,0.00010401023056910285,0.1041554746986736,0.49999999999999994,0.0,5
2020-02-14,0.8958697823714724,0.00017952873407889314,0.0003049577405988991,2.0547945205479453e-05,0.00010488106131438428,0.10485124059450006,0.4,0.0,4
2020-02-18,0.8952103916654802,-0.0007360340966593437,-0.000568292566187817,6.575342465753424e-05,0.00010198810581402731,0.10205281199032426,0.3,0.0,3
2020-02-19,0.8953570300375455,0.00016380325053244604,0.0003785027230601367,1.2328767123287673e-05,0.0002023707054043095,0.20229662964715894,0.3,0.0,3
2020-02-20,0.8938173422682294,-0.0017196355394133445,-0.0017046461036955788,1.2328767123287671e-05,2.6606685944572597e-06,0.002665244752722266,0.3,0.0,3
2020-02-21,0.8922918463236099,-0.001706720011438012,-0.0015907073728351042,1.2328767123287673e-05,0.0001036838714795829,0.10385034733951538,0.2,0.0,2
2020-02-24,0.8941204710299292,0.0020493571849318215,0.002174917572429386,2.465753424657534e-05,0.00010090285325105357,0.1006863514132193,0.1,0.0,1
2020-02-25,0.8945646773190166,0.0004968080963134724,0.0005064367483252563,4.109589041095891e-06,5.519062970636879e-06,0.0055162919873530895,0.1,0.0,1
2020-02-26,0.8947417755146532,0.00019797137102184337,0.00020331733609882393,4.109589041095891e-06,1.236376035826551e-06,0.001236129789196174,0.1,0.0,1
2020-02-27,0.8956519856026524,0.0010172880186305466,0.0011254824576821473,4.10958904109589e-06,0.0001040848500105826,0.10396826282145488,0.2,0.0,2
2020-02-28,0.8960497889704905,0.0004441494846578742,0.0006472531924962,8.21917808219178e-06,0.00019488452975620962,0.19476007144590599,0.0,0.0,0
2020-03-02,0.8960497889704905,0.0,0.0,0.0,0.0,0.0,0.0,0.0,0
2020-03-03,0.8957810546540943,-0.000299910026991812,0.0,0.0,0.00029991002699190244,0.29991002699190245,0.3,0.0,3
2020-03-04,0.8939589691628992,-0.0020340746008506994,-0.001813966745960139,1.2328767123287673e-05,0.00020777908776726018,0.2081592480680136,0.30000000000000004,0.0,3
2020-03-05,0.8913346070294463,-0.0029356628480502467,-0.002726403717892445,1.2328767123287673e-05,0.00019693036303458032,0.19747118378045433,0.30000000000000004,0.0,3
2020-03-06,0.8914727695292884,0.0001550063228248355,0.00046583085344533136,1.2328767123287673e-05,0.00029849576349721903,0.2983604564077621,0.2,0.0,2
2020-03-09,0.8868092083340811,-0.005231299658956301,-0.005089462639129194,2.4657534246575342e-05,0.000117179485580461,0.11778183604423206,0.30000000000000004,0.0,3
2020-03-10,0.8866747558744767,-0.0001516137387170824,0.00017355405261287846,1.2328767123287671e-05,0.0003128390242067462,0.3127885947762554,0.4,0.0,4
2020-03-11,0.8877023801731057,0.0011589641994660393,0.0011888839738368186,1.6438356164383563e-05,1.3481418206392261e-05,0.013465630486938654,0.39999999999999997,0.0,4
2020-03-12,0.8877458308659785,4.8947365517193475e-05,9.847634278777355e-05,1.6438356164383563e-05,3.3090621106145895e-05,0.0330879066409035,0.4000000000000001,0.0,4
2020-03-13,0.8828277156164476,-0.0055400037696976545,-0.005295523986567418,1.6438356164383563e-05,0.00022804142696581896,0.22925924343366175,0.4000000000000001,0.0,4
2020-03-16,0.886454845568957,0.0041085365676096774,0.004377796054824789,4.931506849315069e-05,0.00021994441872194074,0.21899649655054845,0.4,0.0,4
2020-03-17,0.8888117436936873,0.002658790954227941,0.0030089632658931395,1.6438356164383563e-05,0.0003337339555007994,0.3327382280648962,0.1,0.0,1
2020-03-18,0.8852049274497342,-0.004058020463325596,-0.004049861013271261,4.10958904109589e-06,4.049861013271259e-06,0.004066345859845909,0.1,0.0,1
2020-03-19,0.8860123486925782,0.0009121291780087581,0.001003734436095605,4.10958904109589e-06,8.749566904572639e-05,0.08740829354366152,0.0,0.0,0
2020-03-20,0.8860123486925782,0.0,0.0,0.0,0.0,0.0,0.0,0.0,0
2020-03-23,0.8860123486925782,0.0,0.0,0.0,0.0,0.0,0.0,0.0,0
2020-03-24,0.8859237563169464,-9.999000099991662e-05,0.0,0.0,9.999000099990002e-05,0.0999900009999,0.1,0.0,1
2020-03-25,0.8874777227730433,0.0017540634225197138,0.0018568881224908798,4.109589041095891e-06,9.871511093008037e-05,0.09853255193301284,0.0,0.0,0
2020-03-26,0.8874777227730433,0.0,0.0,0.0,0.0,0.0,0.0,0.0,0
2020-03-27,0.8874777227730433,0.0,0.0,0.0,0.0,0.0,0.0,0.0,0
2020-03-30,0.8874777227730433,0.0,0.0,0.0,0.0,0.0,0.0,0.0,0
2020-03-31,0.8874777227730433,0.0,0.0,0.0,0.0,0.0,0.0,0.0,0
2020-04-01,0.8874777227730433,0.0,0.0,0.0,0.0,0.0,0.0,0.0,0
2020-04-02,0.8867683081265421,-0.0007993605115906854,0.0,0.0,0.0007993605115907274,0.7993605115907274,0.8,0.0,8
2020-04-03,0.8860904248815424,-0.0007644423450717808,-0.0006163997334996001,3.287671232876713e-05,0.00011516589924341592,0.11524072233002505,0.7000000000000001,0.0,7
2020-04-06,0.8893240939758246,0.0036493669308235166,0.0039965537922025075,8.63013698630137e-05,0.00026088549151592934,0.2598693368121678,0.5000000000000001,0.0,5
2020-04-07,0.8901474868537378,0.0009258636794964303,0.0009574290468261085,2.0547945205479453e-05,1.1017422124301879e-05,0.011007109771173803,0.5000000000000001,0.0,5
2020-04-08,0.8893371287658501,-0.0009103638440320916,-0.0008601626205102857,2.0547945205479456e-05,2.9653278316178106e-05,0.029679417292571963,0.5000000000000001,0.0,5
2020-04-09,0.8864144022881622,-0.0032864100498580795,-0.003139756209896739,2.0547945205479456e-05,0.00012610589475593945,0.1265056912175383,0.4000000000000001,0.0,4
2020-04-13,0.8888680824244846,0.002768095971803497,0.0028464636988682675,6.575342465753425e-05,1.2614302407343388e-05,0.01257932295476047,0.39999999999999997,0.0,4
2020-04-14,0.8876633694672078,-0.0013553338016039085,-0.0012215346865778465,1.6438356164383563e-05,0.00011736075886173951,0.11750622840485904,0.49999999999999994,0.0,5
2020-04-15,0.8886851350214087,0.0011510732439192761,0.0011883365880833222,2.0547945205479453e-05,1.671539895863179e-05,0.01669590167427397,0.5,0.0,5
2020-04-16,0.8895263762711257,0.0009466133915887465,0.001082456415104038,2.0547945205479453e-05,0.00011529507830989747,0.11517277536423645,0.4,0.0,4
2020-04-17,0.8922460085218966,0.003057393601043623,0.0030902082037007946,1.6438356164383563e-05,1.6376246492885684e-05,0.01632606392984916,0.39999999999999997,0.0,4
2020-04-20,0.8908899501143667,-0.0015198256922173137,-0.0013619040546860915,4.931506849315069e-05,0.000108606569038113,0.10876005330517524,0.3,0.0,3
2020-04-21,0.8911559376796994,0.0002985638858070683,0.00041897179901932897,1.2328767123287671e-05,0.00010807914608896301,0.10803521432185961,0.2,0.0,2
2020-04-22,0.8908976511355937,-0.00028983316295705386,-0.00027487501671515877,8.219178082191782e-06,6.738968159696397e-06,0.00674087646269083,0.2,0.0,2
2020-04-23,0.8910278221262646,0.00014611217181337288,0.000158408220511519,8.21917808219178e-06,4.0768706158471334e-06,0.004076258406500367,0.2,0.0,2
2020-04-24,0.8905760250435184,-0.0005070515998794045,-0.0004958225520759862,8.21917808219178e-06,3.0098697211927313e-06,0.003011387586201857,0.2,0.0,2
2020-04-27,0.8914879331529201,0.0010239531311850847,0.0010569577387471777,2.4657534246575342e-05,8.347073315557604e-06,0.008338465515900319,0.2,0.0,2
2020-04-28,0.8919377021916159,0.0005045150046003588,0.0006167949694603327,8.219178082191782e-06,0.00010406078677773772,0.10399749641905313,0.30000000000000004,0.0,3
2020-04-29,0.8925608606716611,0.0006986569561011624,0.0007202564357718153,1.2328767123287673e-05,9.270712547226444e-06,0.009264154196144367,0.30000000000000004,0.0,3
2020-04-30,0.8932996299413076,0.0008276962414537348,0.0011331447775801363,1.2328767123287671e-05,0.00029311976900321034,0.2927916034862956,0.0,0.0,0
2020-05-01,0.8932996299413076,0.0,0.0,0.0,0.0,0.0,0.0,0.0,0
2020-05-04,0.8932103089104166,-9.99900009998056e-05,0.0,0.0,9.999000099990003e-05,0.09999000099990002,0.1,0.0,1
2020-05-05,0.8923880927164858,-0.0009205180299965976,-0.0006145988555262493,4.109589041095891e-06,0.0003018095854292826,0.3019964331727158,0.2,0.0,2
2020-05-06,0.8918364114427255,-0.0006182077935182884,-0.0006059509534337868,8.21917808219178e-06,4.037662002352913e-06,0.004040143337717983,0.2,0.0,2
2020-05-07,0.8918563994980023,2.241224401733355e-05,3.777696576190437e-05,8.219178082191782e-06,7.1455436623254764e-06,0.00714533246210566,0.2,0.0,2
2020-05-08,0.8934012806265665,0.00173220837954835,0.0019463104974401847,8.21917808219178e-06,0.00020588293980970568,0.20548469171243683,0.4,0.0,4
2020-05-11,0.8936487157846847,0.0002769585890280979,0.0005366764152640032,4.931506849315068e-05,0.000210402757742888,0.21030026552225678,0.6000000000000001,0.0,6
2020-05-12,0.8927399616458727,-0.0010169030881604924,-0.000969969401243065,2.4657534246575342e-05,2.2276152670838416e-05,0.022298331191658107,0.6000000000000002,0.0,6
2020-05-13,0.8915289448314904,-0.0013565168653922877,-0.0012170646363848841,2.4657534246575342e-05,0.000114794694760835,0.11493741509739651,0.49999999999999994,0.0,5
2020-05-14,0.8920067610802807,0.000535951470292062,0.0005677573578167674,2.0547945205479453e-05,1.125794231920422e-05,0.011251785236414175,0.5,0.0,5
2020-05-15,0.889399636416388,-0.0029227633440078726,-0.0027965219330465248,2.0547945205479453e-05,0.00010569346575597939,0.10599205277518646,0.6000000000000001,0.0,6
2020-05-18,0.8880586571402723,-0.0015077353545126515,-0.0013927556322281365,7.397260273972604e-05,4.1007119544705016e-05,0.04106735419263478,0.6000000000000001,0.0,6
2020-05-19,0.8866226406110713,-0.001617028917690222,-0.0015773168154375745,2.4657534246575345e-05,1.5054568006158393e-05,0.015078723734807526,0.6,0.0,6
2020-05-20,0.8894414812287594,0.003179301417055358,0.0033140365290364234,2.465753424657534e-05,0.00011007757773454942,0.10971667799856283,0.7000000000000001,0.0,7
2020-05-21,0.8879349659648338,-0.0016937767078778476,-0.0016568220103269856,2.8767123287671234e-05,8.18757426322748e-06,0.008201398451337499,0.7000000000000001,0.0,7
2020-05-22,0.8879631548061194,3.1746515641417616e-05,0.00016700803611306985,2.8767123287671238e-05,0.00010649439718390979,0.10647967733611749,0.6000000000000001,0.0,6
2020-05-26,0.8875711558705178,-0.0004414585599412657,-0.0003149076366235569,9.863013698630137e-05,2.792078633139276e-05,0.02793233740801619,0.6000000000000001,0.0,6
2020-05-27,0.8874283041372495,-0.00016094679544675916,-0.00011672849651412852,2.4657534246575345e-05,1.956076468606469e-05,0.019563530696017465,0.6000000000000002,0.0,6
2020-05-28,0.8873036678360265,-0.00014044661483281207,-5.606739154761868e-06,2.465753424657535e-05,0.00011018234143140346,0.1101856761208305,0.5000000000000001,0.0,5
2020-05-29,0.8879025297171254,0.0006749232566110042,0.00119115127893798,2.0547945205479453e-05,0.000495680077121412,0.4951005108129218,0.0,0.0,0
2020-06-01,0.8879025297171254,0.0,0.0,0.0,0.0,0.0,0.0,0.0,0
2020-06-02,0.8877249847201814,-0.00019996000799837876,0.0,0.0,0.00019996000799840034,0.19996000799840033,0.2,0.0,2
2020-06-03,0.8872825961136106,-0.0004983397045090765,-0.00048236007589262973,8.21917808219178e-06,7.760450534267576e-06,0.00776425951891003,0.2,0.0,2
2020-06-04,0.8874531658379423,0.00019223832979342603,0.00020309214930340207,8.21917808219178e-06,2.6346414275627735e-06,0.002634128107191948,0.2,0.0,2
2020-06-05,0.8889058640232295,0.0016369294078921737,0.0016494998194639067,8.21917808219178e-06,4.351233489486057e-06,0.004344103596349212,0.2,0.0,2
2020-06-08,0.8874331684059156,-0.0016567509304623584,-0.0016244428050170897,2.4657534246575345e-05,7.650591198648951e-06,0.007663228631585153,0.2,0.0,2
2020-06-09,0.8881345923429494,0.0007903963498387956,0.0009057347905605473,8.21917808219178e-06,0.00010711926263945726,0.10702320763970313,0.30000000000000004,0.0,3
2020-06-10,0.8889474878625909,0.0009152841547326318,0.0009335926188496269,1.2328767123287673e-05,5.979696993596608e-06,0.005974193185371695,0.30000000000000004,0.0,3
2020-06-11,0.8880259086144188,-0.0010367083103952623,-0.0010077551603545787,1.232876712328767e-05,1.662438291733224e-05,0.016641358499669148,0.3,0.0,3
2020-06-12,0.8869904151022703,-0.0011660622760029105,-0.0011474307570221553,1.2328767123287671e-05,6.302751857462097e-06,0.006310070021267287,0.3,0.0,3
2020-06-15,0.8873261218557025,0.00037847844544458553,0.00041746814826826295,3.698630136986302e-05,2.0034014536874408e-06,0.0020026394857172434,0.3,0.0,3
2020-06-16,0.8869301852925419,-0.00044621312661530244,-0.00032999246173019404,1.2328767123287671e-05,0.00010389189776186257,0.10392747434259116,0.2,0.0,2
2020-06-17,0.8870483977880772,0.00013328275155766178,0.0001462489303043158,8.219178082191782e-06,4.747000664551108e-06,0.004746345527653965,0.2,0.0,2
2020-06-18,0.8873021269805403,0.0002860375973801066,0.0002959575136750214,8.21917808219178e-06,1.700738212795522e-06,0.0017002489859822018,0.2,0.0,2
2020-06-19,0.8872436851861274,-6.58645940722069e-05,-5.1956081593146284e-05,8.219178082191782e-06,5.689334396798451e-06,0.00568967677457583,0.2,0.0,2
2020-06-22,0.88745280030066,0.0002356907330240965,0.0003625777451467194,2.4657534246575345e-05,0.00010222947787590851,0.10219494413883219,0.30000000000000004,0.0,3
2020-06-23,0.8852988617210518,-0.0024271021274353544,-0.002311392260514744,1.2328767123287671e-05,0.00010338109979745087,0.1036218881578869,0.4000000000000001,0.0,4
2020-06-24,0.8859112092330254,0.0006916845129374405,0.0008157531278886857,1.6438356164383563e-05,0.00010763025878690447,0.10754429704166436,0.5000000000000001,0.0,5
2020-06-25,0.8857077382361908,-0.0002296742548395514,-0.00020168653908312346,2.0547945205479453e-05,7.439770550909942e-06,0.0074414242919998465,0.5000000000000001,0.0,5
2020-06-26,0.8869724622087969,0.0014279247182877874,0.0015526945845907973,2.0547945205479456e-05,0.00010422192109765631,0.10406248211539709,0.4,0.0,4
2020-06-29,0.886047991293389,-0.0010422769080178362,-0.0008823288618162174,4.9315068493150684e-05,0.00011063297770856867,0.11073614436533248,0.30000000000000004,0.0,3
2020-06-30,0.8852009377933212,-0.0009559905427145576,-0.0006446390864158434,1.2328767123287671e-05,0.0002990226891753219,0.2992192666146473,0.0,0.0,0
2020-07-01,0.8852009377933212,0.0,0.0,0.0,0.0,0.0,0.0,0.0,0
2020-07-02,0.8852009377933212,0.0,0.0,0.0,0.0,0.0,0.0,0.0,0
2020-07-06,0.8852009377933212,0.0,0.0,0.0,0.0,0.0,0.0,0.0,0
2020-07-07,0.8852009377933212,0.0,0.0,0.0,0.0,0.0,0.0,0.0,0
2020-07-08,0.8852009377933212,0.0,0.0,0.0,0.0,0.0,0.0,0.0,0
2020-07-09,0.8851124265506661,-9.999000099991662e-05,0.0,0.0,9.999000099990002e-05,0.0999900009999,0.1,0.0,1
2020-07-10,0.8849461951968196,-0.0001878081799103759,-0.0001828338985622735,4.10958904109589e-06,8.646923069502796e-07,0.0008648539857706472,0.1,0.0,1
2020-07-13,0.8844216353678426,-0.0005927590082019929,-0.0004800095074721455,1.2328767123287671e-05,0.00010042073360665194,0.10047019893104189,0.2,0.0,2
2020-07-14,0.8838376552111755,-0.0006602961000882202,-0.0006507862099314476,8.21917808219178e-06,1.2907120746210282e-06,0.0012915632217431173,0.2,0.0,2
2020-07-15,0.8846166289627754,0.0008813538855318992,0.0008930981788145276,8.219178082191782e-06,3.525115200332982e-06,0.003521998657680193,0.20000000000000004,0.0,2
2020-07-16,0.8864313613266531,0.0020514336995964833,0.0020624631230281914,8.219178082191782e-06,2.8102453494349814e-06,0.0028044842546361987,0.2,0.0,2
2020-07-17,0.8870802878911042,0.0007320663423728835,0.0009406248733393796,8.219178082191782e-06,0.00020033935288418043,0.20015272933942307,0.2,0.0,2
2020-07-20,0.8859628585573858,-0.0012596710229858532,-0.0011332602827039296,2.4657534246575345e-05,0.00010175320603524252,0.10187116447161772,0.10000000000000002,0.0,1
2020-07-21,0.8861634635689287,0.00022642598344324583,0.00023139087738163205,4.109589041095891e-06,8.553048974330038e-07,0.0008551105468062522,0.1,0.0,1
2020-07-22,0.8860349051310237,-0.00014507305163236062,-0.00013826513049010046,4.109589041095891e-06,2.6983321011062196e-06,0.00269871633008681,0.1,0.0,1
2020-07-23,0.8859010348123257,-0.00015108921547302145,-4.657993946647342e-05,4.109589041095891e-06,0.00010039968696539372,0.10040477643617117,0.20000000000000004,0.0,2
2020-07-24,0.8867294314220056,0.0009350893351820488,0.0010435089252359643,8.219178082191782e-06,0.00010020041197161825,0.10009678279866371,0.1,0.0,1
2020-07-27,0.8869860226316408,0.00028936809870372393,0.00030229519919312,1.2328767123287673e-05,5.983333659716361e-07,0.0005981599196739211,0.1,0.0,1
2020-07-28,0.8867615382244463,-0.00025308674710400325,-0.00014750119727207077,4.10958904109589e-06,0.00010147596079085062,0.10149134797392093,0.2,0.0,2
2020-07-29,0.8864730861958834,-0.0003252870316640122,-0.0003162034022868743,8.219178082191782e-06,8.644512949530956e-07,0.0008647318334858424,0.2,0.0,2
2020-07-30,0.8870716902361198,0.0006752647650083432,0.000684393791415694,8.21917808219178e-06,9.098483249955851e-07,0.0009092335243688151,0.2,0.0,2
2020-07-31,0.887520472954356,0.0005059148242199107,0.0007144341823812962,8.21917808219178e-06,0.00020030018007914337,0.20015882491374642,0.0,0.0,0
2020-08-03,0.887520472954356,0.0,0.0,0.0,0.0,0.0,0.0,0.0,0
2020-08-04,0.8873430043534853,-0.00019996000799837876,0.0,0.0,0.00019996000799840034,0.19996000799840033,0.2,0.0,2
2020-08-05,0.8856264267618185,-0.0019345141430596735,-0.0017216450728424594,8.219178082191782e-06,0.00020464989213504986,0.20500452212915898,0.4000000000000001,0.0,4
2020-08-06,0.8854480199973351,-0.0002014469748103931,-0.00018219763414633046,1.6438356164383563e-05,2.8109844996457864e-06,0.002811542973268583,0.4000000000000001,0.0,4
2020-08-07,0.8853189186241724,-0.00014580344666992318,-0.00012495391189262794,1.6438356164383563e-05,4.411178612842127e-06,0.0044118024075907565,0.4000000000000001,0.0,4
2020-08-10,0.8859971013599607,0.0007660321286730998,0.0008194663724256146,4.9315068493150684e-05,4.119175259298873e-06,0.004116005312440504,0.4000000000000001,0.0,4
2020-08-11,0.8869183198612973,0.0010397534031687528,0.0011614698892967012,1.6438356164383563e-05,0.00010527812996368508,0.10515772105712234,0.5,0.0,5
2020-08-12,0.8856647685640008,-0.001413378514373842,-0.001387476397635784,2.054794520547945e-05,5.3541715326241235e-06,0.005361720966264146,0.5,0.0,5
2020-08-13,0.8859122763804169,0.00027945993247247003,0.0003031192909168922,2.054794520547945e-05,3.1114132390659845e-06,0.003110534291205437,0.5000000000000001,0.0,5
2020-08-14,0.8855843881244648,-0.0003701136835937424,-0.0003470843651325884,2.0547945205479453e-05,2.4813732556500437e-06,0.002482285824122485,0.5000000000000001,0.0,5
2020-08-17,0.8860138117362755,0.00048490422546865197,0.0005512920929612698,6.164383561643837e-05,4.7440318760634155e-06,0.004741710105973192,0.5000000000000001,0.0,5
2020-08-18,0.8857964310225929,-0.00024534686796429117,-0.00022225695823671076,2.0547945205479453e-05,2.541964522103047e-06,0.002542581873449323,0.5000000000000001,0.0,5
2020-08-19,0.8856811550179823,-0.00013013825815200164,-0.000107018168733142,2.0547945205479456e-05,2.5721442133509225e-06,0.002572472373654844,0.5,0.0,5
2020-08-20,0.8871428497399232,0.001650362225344315,0.0017758827044486,2.0547945205479453e-05,0.00010497253389894702,0.10478859483605904,0.6000000000000002,0.0,6
2020-08-21,0.8884465787379173,0.0014695818135448402,0.0014991235104472645,2.4657534246575342e-05,4.884162655781076e-06,0.004876971726902865,0.5999999999999999,0.0,6
2020-08-24,0.8880622247183994,-0.00043261353998791385,-0.00035130616911676645,7.397260273972601e-05,7.334768131435342e-06,0.00733788877976362,0.6000000000000002,0.0,6
2020-08-25,0.8873699888263505,-0.0007794903023471411,-0.0007494730218269519,2.4657534246575342e-05,5.359746273657554e-06,0.0053638986314878696,0.6000000000000001,0.0,6
2020-08-26,0.8878165857711654,0.0005032815515944034,0.0005329450291694569,2.4657534246575345e-05,5.005943328433231e-06,0.005003400162698437,0.5999999999999999,0.0,6
2020-08-27,0.8888455243105876,0.0011589539505263424,0.0011933049496805517,2.4657534246575342e-05,9.693464907822042e-06,0.009682149888379142,0.6000000000000001,0.0,6
2020-08-28,0.8892670351817957,0.0004742228651430924,0.0005047664026573583,2.4657534246575342e-05,5.886003267757162e-06,0.005883178701488132,0.6,0.0,6
2020-08-31,0.8881053744980612,-0.001306312544799404,-0.0006383536966640571,7.397260273972603e-05,0.0005939862453957055,0.594409659028451,0.0,0.0,0
2020-09-01,0.8881053744980612,0.0,0.0,0.0,0.0,0.0,0.0,0.0,0
2020-09-02,0.8880165728407771,-9.999000099991662e-05,0.0,0.0,9.999000099990002e-05,0.09999000099990002,0.1,0.0,1
2020-09-03,0.888536472329,0.0005854614701161776,0.0005915062623535194,4.109589041095891e-06,1.9352031961632176e-06,0.001934067131564174,0.10000000000000002,0.0,1
2020-09-04,0.8881419421124807,-0.0004440225345901938,-0.000339560166154651,4.109589041095891e-06,0.00010035277939439373,0.10038727946615264,0.2,0.0,2
2020-09-08,0.8882790242575879,0.00015434711345929664,0.0002882529586657967,3.287671232876713e-05,0.00010102913287775972,0.10100333902417222,0.30000000000000004,0.0,3
2020-09-09,0.8881260326154812,-0.00017223376656283484,-5.5267481133725124e-05,1.2328767123287673e-05,0.00010463751830597711,0.1046445918877891,0.4000000000000001,0.0,4
2020-09-10,0.8873013054082022,-0.000928615057989246,-0.0009074485255508079,1.643835616438356e-05,4.7281762741278495e-06,0.004732548613709135,0.4,0.0,4
2020-09-11,0.8880781323824539,0.0008754940058319782,0.0009964700688794403,1.6438356164383563e-05,0.00010453770688306607,0.10443535692135442,0.5,0.0,5
2020-09-14,0.8890409974396476,0.0010842121003593608,0.0012540176041599628,6.164383561643835e-05,0.00010816166818403688,0.10803285264440277,0.39999999999999997,0.0,4
2020-09-15,0.8894542403543868,0.00046481873831383247,0.00048267874076146633,1.6438356164383563e-05,1.421646283218862e-06,0.0014209837632026003,0.4,0.0,4
2020-09-16,0.8898495497730453,0.0004444404228158838,0.00046228204230548415,1.6438356164383563e-05,1.4032633251286523e-06,0.001402637967846746,0.4,0.0,4
2020-09-17,0.8886855503512464,-0.0013080856444730449,-0.0011897528434422489,1.6438356164383563e-05,0.00010189444486642893,0.10201749747408806,0.5000000000000001,0.0,5
2020-09-18,0.8885000194682875,-0.00020877000068875162,-0.00017994849863913742,2.054794520547945e-05,8.273556844090242e-06,0.00827521599546938,0.5000000000000001,0.0,5
2020-09-21,0.8899861535219529,0.0016726325504807793,0.001741632489428707,6.164383561643834e-05,7.356103331595366e-06,0.007343765888226891,0.5000000000000001,0.0,5
2020-09-22,0.8891330218503026,-0.0009585898255541903,-0.0008334598659651692,2.054794520547945e-05,0.00010458201438351415,0.10467140458063222,0.39999999999999997,0.0,4
2020-09-23,0.8891036609244602,-3.3021972101865416e-05,-9.144424896240206e-06,1.6438356164383563e-05,7.439191041290318e-06,0.007439381361354912,0.4000000000000001,0.0,4
2020-09-24,0.8898417455307763,0.0008301446037783933,0.0009509015181819848,1.6438356164383563e-05,0.00010431855823919193,0.10422116739755645,0.49999999999999994,0.0,5
2020-09-25,0.8902665620100906,0.00047740677648344665,0.0005053607463873675,2.0547945205479453e-05,7.406024698383781e-06,0.007402435902698224,0.49999999999999994,0.0,5
2020-09-28,0.8900544890156601,-0.0002382129167601832,-7.33718707907782e-05,6.164383561643837e-05,0.00010319721035299978,0.10321114547871568,0.4,0.0,4
2020-09-29,0.8917256338521707,0.0018775758755611438,0.001898255242008962,1.643835616438356e-05,4.241010283432674e-06,0.004233044468872619,0.4,0.0,4
2020-09-30,0.8907424151106218,-0.001102602307507472,-0.0006814820216012319,1.643835616438356e-05,0.0004046819297417695,0.40496456276239434,0.0,0.0,0
2020-10-01,0.8907424151106218,0.0,0.0,0.0,0.0,0.0,0.0,0.0,0
2020-10-02,0.8905643022501718,-0.00019996000799837876,0.0,0.0,0.00019996000799840034,0.19996000799840036,0.2,0.0,2
2020-10-05,0.8911591642313536,0.0006679607297066514,0.0006957108874790506,2.465753424657535e-05,3.092623525679329e-06,0.003090549602005572,0.2,0.0,2
2020-10-06,0.8927500963754738,0.0017852390549026875,0.0018967493822968696,8.219178082191782e-06,0.0001032911493119823,0.10309644855493905,0.30000000000000004,0.0,3
2020-10-07,0.8910144328377436,-0.0019441762535528095,-0.0019275966571263069,1.2328767123287673e-05,4.2508293031840045e-06,0.004259091623308268,0.3,0.0,3
2020-10-08,0.8914952607070353,0.000539640943593156,0.0005591779561272213,1.2328767123287674e-05,7.208245410695811e-06,0.007204305741943494,0.3,0.0,3
2020-10-09,0.8918669328979221,0.00041690876807565225,0.00043130945207066064,1.2328767123287671e-05,2.071916871742053e-06,0.0020710491421539134,0.3,0.0,3
2020-10-12,0.8920816610415029,0.0002407625349256648,0.00027897686656594986,3.698630136986302e-05,1.228030270500263e-06,0.0012277331706563859,0.30000000000000004,0.0,3
2020-10-13,0.8914793176323069,-0.0006752110658712063,-0.0006603265666250911,1.2328767123287673e-05,2.555732122827389e-06,0.0025574524068296507,0.3,0.0,3
2020-10-14,0.89022506596032,-0.0014069330013376513,-0.001391884867424842,1.2328767123287671e-05,2.7193667896410903e-06,0.0027231907311953095,0.3,0.0,3
2020-10-15,0.8906079433120578,0.00043009050899378565,0.0006437096538105979,1.2328767123287671e-05,0.00020129037769356427,0.20116336698854606,0.5000000000000001,0.0,5
2020-10-16,0.8901101979760486,-0.0005588826595889218,-0.0005352660467637769,2.0547945205479453e-05,3.0686676196590724e-06,0.0030703741765870005,0.49999999999999994,0.0,5
2020-10-19,0.8897472503851523,-0.0004077557944190957,-0.00024042375155051691,6.164383561643835e-05,0.00010568820725215188,0.10572014188032461,0.6000000000000001,0.0,6
2020-10-20,0.8915176189806346,0.0019897432610396226,0.0020178269883950996,2.4657534246575342e-05,3.4261931089930126e-06,0.0034193777097896636,0.6000000000000002,0.0,6
2020-10-21,0.8919260506487112,0.00045813078662826356,0.000687069620763181,2.4657534246575345e-05,0.0002042812998883711,0.20414607106348376,0.7999999999999998,0.0,8
2020-10-22,0.8902921330416275,-0.0018318980658714734,-0.0016830500442648001,3.287671232876713e-05,0.00011597130927795213,0.11617064960393837,0.7000000000000002,0.0,7
2020-10-23,0.8920732758006271,0.0020006273142214592,0.002133799391991093,2.8767123287671228e-05,0.00010440495448186509,0.10418564034699912,0.6,0.0,6
2020-10-26,0.893341498597516,0.0014216576499848088,0.001606639288270884,7.397260273972603e-05,0.00011100903554644416,0.11083915606449173,0.5000000000000001,0.0,5
2020-10-27,0.8930298332806684,-0.00034887589722054635,-0.00022284530413941314,2.0547945205479456e-05,0.0001054826478756459,0.10550832789040408,0.4,0.0,4
2020-10-28,0.8935576164972147,0.0005910028947266888,0.0006180166304833204,1.6438356164383563e-05,1.0575379592162868e-05,0.01056902149844859,0.4,0.0,4
2020-10-29,0.8955467303666995,0.0022260611210302983,0.0022489901646228494,1.6438356164383563e-05,6.490687428256833e-06,0.006476228911688053,0.4,0.0,4
2020-10-30,0.8949433346230166,-0.0006737735991017013,-0.0002605486353326082,1.643835616438356e-05,0.000396786607604713,0.39689654278403436,0.0,0.0,0
2020-11-02,0.8949433346230166,0.0,0.0,0.0,0.0,0.0,0.0,0.0,0
2020-11-03,0.8947643817466673,-0.00019996000799837876,0.0,0.0,0.00019996000799840037,0.19996000799840033,0.2,0.0,2
2020-11-04,0.8918274042173894,-0.003282403266371192,-0.003069509229819967,8.21917808219178e-06,0.00020467485846903892,0.20530673684536158,0.2,0.0,2
2020-11-05,0.8937402613706669,0.002144873710127948,0.0025537874117166296,8.219178082191782e-06,0.0004006945235064919,0.3996771181308673,0.2,0.0,2
2020-11-06,0.8930779974656003,-0.0007410026533333225,-0.0006303430980178994,8.21917808219178e-06,0.00010244037723329944,0.1025058335917113,0.3,0.0,3
2020-11-09,0.8913897274248739,-0.0018903948429112027,-0.0018406466482172473,3.6986301369863006e-05,1.2761893324174064e-05,0.012785900552341283,0.3,0.0,3
2020-11-10,0.8903567443343994,-0.001158845630248262,-0.0008471581486060586,1.2328767123287671e-05,0.00029935871451897643,0.2996162307490454,0.0,0.0,0
2020-11-11,0.8902677175626431,-9.999000099991662e-05,0.0,0.0,9.999000099990002e-05,0.09999000099990002,0.1,0.0,1
2020-11-12,0.8907058614365373,0.0004921484461928305,0.0004980558005761915,4.109589041095891e-06,1.797765342154326e-06,0.0017968777811817197,0.1,0.0,1
2020-11-13,0.8910733046939668,0.00041253041361710707,0.0004171405971611253,4.109589041095891e-06,5.005945030636761e-07,0.0005003878273748845,0.1,0.0,1
2020-11-16,0.892069777517692,0.0011182837803309642,0.0011320598317198782,1.232876712328767e-05,1.4472842655195307e-06,0.0014456655089401546,0.1,0.0,1
2020-11-17,0.8912696104855224,-0.0008969780754103374,-0.0006966846323766204,4.109589041095891e-06,0.00019618385399270143,0.19632143491983367,0.1,0.0,1
2020-11-18,0.8905571248919638,-0.0007994052362791937,-0.000794501146091936,4.10958904109589e-06,7.945011460919329e-07,0.0007951361503575009,0.1,0.0,1
2020-11-19,0.8901428169492018,-0.0004652233205278966,-0.0003609387824045185,4.10958904109589e-06,0.0001001749490823226,0.1002115311385648,0.0,0.0,0
2020-11-20,0.8901428169492018,0.0,0.0,0.0,0.0,0.0,0.0,0.0,0
2020-11-23,0.8901428169492018,0.0,0.0,0.0,0.0,0.0,0.0,0.0,0
2020-11-24,0.8901428169492018,0.0,0.0,0.0,0.0,0.0,0.0,0.0,0
2020-11-25,0.8901428169492018,0.0,0.0,0.0,0.0,0.0,0.0,0.0,0
2020-11-27,0.8901428169492018,0.0,0.0,0.0,0.0,0.0,0.0,0.0,0
2020-11-30,0.8901428169492018,0.0,0.0,0.0,0.0,0.0,0.0,0.0,0
2020-12-01,0.8901428169492018,0.0,0.0,0.0,0.0,0.0,0.0,0.0,0
2020-12-02,0.8901428169492018,0.0,0.0,0.0,0.0,0.0,0.0,0.0,0
2020-12-03,0.890053811568045,-9.999000099991662e-05,0.0,0.0,9.999000099990003e-05,0.09999000099990002,0.1,0.0,1
2020-12-04,0.8894170243281634,-0.0007154480230354698,-0.0006081747868342368,4.10958904109589e-06,0.00010316364716013653,0.10322685134838795,0.2,0.0,2
2020-12-07,0.8898786054948465,0.0005189704649872784,0.0005464696859843077,2.4657534246575345e-05,2.841686750503729e-06,0.0028402046971793184,0.2,0.0,2
2020-12-08,0.890079634731359,0.00022590635989128138,0.00023530284676838705,8.21917808219178e-06,1.177308794986179e-06,0.0011770415080823277,0.2,0.0,2
2020-12-09,0.8912382774145644,0.001301729236345306,0.0013112596741015892,8.21917808219178e-06,1.3112596741015843e-06,0.0013095532731549685,0.2,0.0,2
2020-12-10,0.8908381533376555,-0.00044895297593106065,-0.0003400644203091441,8.21917808219178e-06,0.000100669377539772,0.10070445124842681,0.3,0.0,3
2020-12-11,0.8911104368301258,0.0003056486651926704,0.00032152477098935657,1.2328767123287671e-05,3.5473386735435126e-06,0.0035462421896297375,0.30000000000000004,0.0,3
2020-12-14,0.8919219644557923,0.0009106925383495224,0.0010526294410616146,3.698630136986302e-05,0.00010495060134238432,0.10484411713408005,0.4,0.0,4
2020-12-15,0.8920373421396028,0.00012935849593187498,0.00015280302010433063,1.6438356164383563e-05,7.006168008145598e-06,0.007005212744663844,0.4000000000000001,0.0,4
2020-12-16,0.8926716425828505,0.0007110693838514592,0.0008298171969287005,1.6438356164383563e-05,0.00010230945691304691,0.10222630819699002,0.5000000000000001,0.0,5
2020-12-17,0.892448142987527,-0.00025037156403540095,-0.00012689481649288416,2.0547945205479453e-05,0.0001029288023370017,0.10294398068181367,0.6000000000000001,0.0,6
2020-12-18,0.8909666446935931,-0.0016600385194084355,-0.001627570486238128,2.4657534246575342e-05,7.810498923789123e-06,0.007823425005799866,0.6000000000000002,0.0,6
2020-12-21,0.8919097105741001,0.0010584749565245577,0.0012415054226263766,7.397260273972604e-05,0.00010905786336214027,0.10893068321439478,0.7,0.0,7
2020-12-22,0.8913678909493211,-0.0006074825942080642,-0.0005732399138714928,2.8767123287671238e-05,5.475557048949511e-06,0.0054788553584308635,0.7000000000000002,0.0,7
2020-12-23,0.8932324149028228,0.0020917557973911816,0.0024324525121091397,2.8767123287671228e-05,0.00031192959143014305,0.31118160874393525,0.6,0.0,6
2020-12-24,0.8931506747656298,-9.151049136735256e-05,-6.232078862774545e-05,2.4657534246575342e-05,4.532168493007542e-06,0.0045325627277119215,0.6000000000000001,0.0,6
2020-12-28,0.8930682606046901,-9.227352480178919e-05,1.075200068175186e-05,9.863013698630135e-05,4.395388497235284e-06,0.00439577478973142,0.6000000000000001,0.0,6
2020-12-29,0.8937348562391346,0.0007464106203853849,0.0007769975987437897,2.4657534246575342e-05,5.929444111824767e-06,0.005924986507093876,0.6000000000000001,0.0,6
2020-12-30,0.893102826533146,-0.0007071780870763211,-0.0006794702097444705,2.4657534246575342e-05,3.050343085198337e-06,0.003052492429806487,0.6000000000000002,0.0,6
2020-12-31,0.8939705454337495,0.0009715778237673334,0.0016036754865784708,2.4657534246575345e-05,0.0006074401285645096,0.6064824818379128,0.0,0.0,0
2021-01-04,0.8939705454337495,0.0,0.0,0.0,0.0,0.0,0.0,0.0,0
2021-01-05,0.8938811573180178,-9.999000099991662e-05,0.0,0.0,9.999000099990002e-05,0.0999900009999,0.1,0.0,1
2021-01-06,0.8922431344782807,-0.0018324839116775626,-0.0018257802556567839,4.10958904109589e-06,2.5940669797971427e-06,0.002598822538769008,0.1,0.0,1
2021-01-07,0.8923257860317189,9.263344288590325e-05,0.00029717019772625977,4.109589041095891e-06,0.00020042716579914924,0.20036844570049095,0.1,0.0,1
2021-01-08,0.8918696714185574,-0.0005111525636727343,-0.0002069730622156707,4.109589041095891e-06,0.0003000699124159161,0.30013326534129475,0.4,0.0,4
2021-01-11,0.891040944805643,-0.0009292014735698961,-0.0008761141891770851,4.931506849315069e-05,3.7722158997163585e-06,0.003775710052267206,0.4000000000000001,0.0,4
2021-01-12,0.8911595511644269,0.00013310988622383668,0.00015421721326135956,1.6438356164383563e-05,4.668970873178048e-06,0.004668327676326249,0.39999999999999997,0.0,4
2021-01-13,0.8913230149706445,0.00018342821552441713,0.0003052961765161343,1.643835616438356e-05,0.00010542960482737603,0.1053991594559087,0.49999999999999994,0.0,5
2021-01-14,0.8919800439481969,0.0007371390242560949,0.0008633269272385781,2.0547945205479453e-05,0.00010563995777706113,0.10555100161137053,0.4000000000000001,0.0,4
2021-01-15,0.8923266331942559,0.000388561659434572,0.00040899764992594057,1.6438356164383563e-05,3.997634326963228e-06,0.003996065634260018,0.4,0.0,4
2021-01-19,0.8923848536582224,6.524568672583442e-05,0.0001340670425223234,6.575342465753425e-05,3.0679311389329894e-06,0.00306772157177382,0.4,0.0,4
2021-01-20,0.8941468643413989,0.0019744964024808187,0.002195621392014113,1.643835616438356e-05,0.00020468663336896167,0.20424155364005367,0.39999999999999997,0.0,4
2021-01-21,0.8926319163233248,-0.0016942943922192422,-0.0015790588517270775,1.6438356164383563e-05,9.879718432773909e-05,0.09895506686062192,0.3,0.0,3
2021-01-22,0.8940213640027662,0.001556574052566262,0.0016722506968536942,1.232876712328767e-05,0.00010334787716416865,0.10317661204320284,0.2,0.0,2
2021-01-25,0.8927081623804359,-0.0014688705160811333,-0.0014391786222867073,2.4657534246575342e-05,5.0343595478585335e-06,0.0050417398289119295,0.2,0.0,2
2021-01-26,0.8914580590665298,-0.0014003493712578807,-0.0013884327196276524,8.21917808219178e-06,3.6974735480384743e-06,0.0037026448540003593,0.2,0.0,2
2021-01-27,0.8911628065566046,-0.00033120179566747954,-0.00012295588750858003,8.219178082191782e-06,0.00020002673007681726,0.20005297203854602,0.2,0.0,2
2021-01-28,0.8974795501356121,0.007088203785585501,0.007389261343031706,8.21917808219178e-06,0.0002928383793640995,0.2906927638173181,0.1,0.0,1
2021-01-29,0.8956729029773064,-0.0020130232026264183,-0.001913241666719523,4.10958904109589e-06,9.567194686580663e-05,0.09585573598156273,0.0,0.0,0
2021-02-01,0.8956729029773064,0.0,0.0,0.0,0.0,0.0,0.0,0.0,0
2021-02-02,0.8954938042164631,-0.00019996000799837876,0.0,0.0,0.0001999600079984003,0.19996000799840033,0.2,0.0,2
2021-02-03,0.8958076323162909,0.00035045256410493053,0.00045950613488052194,8.21917808219178e-06,0.00010083439269327569,0.1007889079737172,0.3,0.0,3
2021-02-04,0.8965865480491733,0.0008695122756079421,0.0008858305545186297,1.2328767123287671e-05,3.989511787303533e-06,0.00398602998298878,0.3,0.0,3
2021-02-05,0.8960040934766583,-0.0006496356361606059,-0.0006357137424293891,1.2328767123287673e-05,1.5931266077900053e-06,0.0015941596910368128,0.3,0.0,3
2021-02-08,0.8974616137626238,0.0016266893160163942,0.0016658349719888609,3.698630136986302e-05,2.1593546025778e-06,0.0021558430604746827,0.3,0.0,3
2021-02-09,0.8987623231991838,0.0014493204128327442,0.0016642050888616758,1.2328767123287671e-05,0.00020255590890562027,0.20222186339773573,0.30000000000000004,0.0,3
2021-02-10,0.8991330231908679,0.0004124560877947214,0.0004262471964846693,1.2328767123287673e-05,1.4623415666300565e-06,0.0014617365269426843,0.3,0.0,3
2021-02-11,0.8990882173439527,-4.983227816068858e-05,6.91904206060079e-05,1.2328767123287673e-05,0.00010669393164337204,0.10668786519495052,0.4,0.0,4
2021-02-12,0.8991225436993284,3.817907377001717e-05,5.7223653877175316e-05,1.6438356164383563e-05,2.6062239428131567e-06,0.0026061176515288645,0.4000000000000001,0.0,4
2021-02-16,0.8998856994582349,0.0008487783609190114,0.0010192022040076355,6.575342465753424e-05,0.00010467041843101922,0.10457071560986522,0.3,0.0,3
2021-02-17,0.8989974839537463,-0.000987031469689259,-0.0009709168751902644,1.2328767123287673e-05,3.7858273756557574e-06,0.0037895534375595517,0.30000000000000004,0.0,3
2021-02-18,0.8989020954518645,-0.00010610541584865629,-9.017313447584607e-05,1.2328767123287673e-05,3.6035142495988017e-06,0.003603883654526533,0.3,0.0,3
2021-02-19,0.9003161438269385,0.001573083856660995,0.0015897061773944288,1.232876712328767e-05,4.293553610317836e-06,0.004286791721893184,0.30000000000000004,0.0,3
2021-02-22,0.9003045009133784,-1.2932027976919613e-05,2.7574319317669085e-05,3.698630136986302e-05,3.5200459247486474e-06,0.0035200790556695416,0.3,0.0,3
2021-02-23,0.9008456893766105,0.0006011171361277601,0.0007150606558823603,1.2328767123287671e-05,0.0001016147526311702,0.1015433948495166,0.4,0.0,4
2021-02-24,0.8994599120792413,-0.0015383070749088734,-0.0015139495459854156,1.643835616438356e-05,7.919172759133998e-06,0.00793131074114043,0.4,0.0,4
2021-02-25,0.8974078031608881,-0.002281490137353015,-0.002158232572975238,1.643835616438356e-05,0.00010681920821330542,0.10705201110977178,0.49999999999999994,0.0,5
2021-02-26,0.8966897619798824,-0.0008001280783124232,-0.00028812685968632764,2.0547945205479453e-05,0.0004914532734206763,0.4916050195041556,0.0,0.0,0
2021-03-01,0.8966897619798824,0.0,0.0,0.0,0.0,0.0,0.0,0.0,0
2021-03-02,0.8965104598879048,-0.00019996000799837876,0.0,0.0,0.0001999600079984003,0.19996000799840033,0.2,0.0,2
2021-03-03,0.8954912518260814,-0.0011368613166553576,-0.0010236817086675069,8.21917808219178e-06,0.00010496042990565292,0.1050688505457008,0.3,0.0,3
2021-03-04,0.8954123185455083,-8.814522800992819e-05,2.8131770549044766e-05,1.2328767123287673e-05,0.00010394823143563666,0.10394658876733827,0.4000000000000001,0.0,4
2021-03-05,0.8941826087326546,-0.0013733447568056167,-0.0012465368279325317,1.6438356164383563e-05,0.0001103695727088062,0.11050914301404877,0.49999999999999994,0.0,5
2021-03-08,0.8900272382470232,-0.004647116198693402,-0.004378463255851689,6.164383561643837e-05,0.00020700910722531475,0.2079323491232023,0.30000000000000004,0.0,3
2021-03-09,0.890307940002275,0.0003153855783162296,0.00033122147152903617,1.2328767123287671e-05,3.5071260896709106e-06,0.003506008049282406,0.30000000000000004,0.0,3
2021-03-10,0.8899643188128352,-0.0003859576827304201,-0.00016823232174284508,1.2328767123287671e-05,0.00020539659386429866,0.2054336871945483,0.30000000000000004,0.0,3
2021-03-11,0.8903521212088266,0.0004357504989735972,0.00045058760987398694,1.2328767123287673e-05,2.508343777163972e-06,0.0025072449548915487,0.30000000000000004,0.0,3
2021-03-12,0.8897083927271612,-0.0007230043780783735,-0.000706552001697769,1.2328767123287674e-05,4.123609257335365e-06,0.0041265757732998724,0.3,0.0,3
2021-03-15,0.8895593839544061,-0.00016748046210768308,-0.00012785626667699549,3.698630136986302e-05,2.637894060811408e-06,0.0026383289697341312,0.3,0.0,3
2021-03-16,0.8901284519058889,0.0006397189010058923,0.000652906012760074,1.232876712328767e-05,8.583446309750489e-07,0.0008577951469225125,0.3,0.0,3
2021-03-17,0.8909358609311038,0.000907070236308094,0.0009241673797525442,1.232876712328767e-05,4.7683763210412996e-06,0.004764032292445235,0.3,0.0,3
2021-03-18,0.8909008335298653,-3.931528943268425e-05,-2.3453990909216857e-05,1.2328767123287673e-05,3.532531400345147e-06,0.0035326578085847224,0.30000000000000004,0.0,3
2021-03-19,0.8903549426258816,-0.000612740367321063,-0.0004982704739173948,1.2328767123287673e-05,0.00010214112628041406,0.10219330610495067,0.4,0.0,4
2021-03-22,0.8906210627323053,0.0002988921537729894,0.0003524774147098508,4.9315068493150684e-05,4.27019244390076e-06,0.0042688982746840465,0.4,0.0,4
2021-03-23,0.8913007714387605,0.0007631850793758943,0.0008836540846278164,1.643835616438356e-05,0.00010403064908767439,0.1039405102423677,0.5000000000000001,0.0,5
2021-03-24,0.8905496108518841,-0.0008427689181328413,-0.0006158229689328995,2.054794520547945e-05,0.00020639800399445778,0.20652943331873527,0.30000000000000004,0.0,3
2021-03-25,0.8899004835937885,-0.0007289063407424079,-0.0007122789816428889,1.2328767123287673e-05,4.2985919762446124e-06,0.004301709027939194,0.3,0.0,3
2021-03-26,0.8896141347178992,-0.0003217762897856913,-0.0003029576878241461,1.2328767123287671e-05,6.48983483823449e-06,0.006491881640582888,0.30000000000000004,0.0,3
2021-03-29,0.889721305169224,0.00012046846733015926,0.0001608637554560977,3.698630136986302e-05,3.4089867560328718e-06,0.0034085645117390684,0.30000000000000004,0.0,3
2021-03-30,0.8901507473836159,0.00048267048557426584,0.0006950164610256716,1.2328767123287671e-05,0.00020001720832798207,0.1998807521982084,0.1,0.0,1
2021-03-31,0.890118514216878,-3.621090790806303e-05,6.720120391711108e-05,4.109589041095891e-06,9.930252278413421e-05,0.09929625802286439,0.0,0.0,0
2021-04-01,0.890118514216878,0.0,0.0,0.0,0.0,0.0,0.0,0.0,0
2021-04-05,0.8899405261116557,-0.00019996000799837876,0.0,0.0,0.00019996000799840034,0.19996000799840033,0.2,0.0,2
2021-04-06,0.8902587930049902,0.0003576271492264915,0.00036664290784161886,8.21917808219178e-06,7.965805330207645e-07,0.0007962951219531648,0.2,0.0,2
2021-04-07,0.8903938038377659,0.00015165346732493035,0.00016086309935833823,8.219178082191782e-06,9.904539512592376e-07,0.0009903027875584939,0.2,0.0,2
2021-04-08,0.8899006649677829,-0.0005538435553543719,-0.0005450532490524018,8.219178082191782e-06,5.711282198539386e-07,0.000571444384275399,0.2,0.0,2
2021-04-09,0.8895744392989468,-0.00036658661093136313,-0.0003567148443346269,8.21917808219178e-06,1.6525885146157357e-06,0.0016531918205566379,0.2,0.0,2
2021-04-12,0.8893202015444921,-0.00028579705443765313,-0.00026070860481215995,2.4657534246575345e-05,4.309153789476541e-07,0.00043103838270671323,0.2,0.0,2
2021-04-13,0.8891877706670285,-0.00014891248082926634,-4.0323822162230406e-05,8.219178082191782e-06,0.00010036948058493226,0.10037435305717725,0.3,0.0,3
2021-04-14,0.8895192512402024,0.000372790297065384,0.00048659308915889875,1.2328767123287671e-05,0.00010147402497031107,0.10142592227404693,0.4000000000000001,0.0,4
2021-04-15,0.8895852115929553,7.41528108143541e-05,9.738785040040975e-05,1.643835616438356e-05,6.796683421652575e-06,0.006796133278100952,0.4,0.0,4
2021-04-16,0.8889451339702685,-0.0007195236772660207,-0.0007018129895985325,1.643835616438356e-05,1.2723315030717345e-06,0.0012732460137345866,0.4,0.0,4
2021-04-19,0.8893893656569786,0.0004997290268364818,0.0005518894805999432,4.9315068493150684e-05,2.8453852701564856e-06,0.0028439559706564758,0.4,0.0,4
2021-04-20,0.8896467391335686,0.00028938222844598904,0.00030809975029204566,1.6438356164383563e-05,2.279165681501189e-06,0.0022785011306848918,0.39999999999999997,0.0,4
2021-04-21,0.889477029837291,-0.00019076031958809025,-0.0001718505818971539,1.643835616438356e-05,2.471381526530328e-06,0.0024718469479672114,0.4,0.0,4
2021-04-22,0.8888776169030254,-0.0006738936635332093,-0.000553309297061827,1.6438356164383563e-05,0.00010414601030691164,0.10420538107823452,0.5000000000000001,0.0,5
2021-04-23,0.8869976385202866,-0.0021150025008942475,-0.0018903507779137133,2.0547945205479456e-05,0.00020410377777500686,0.20449454614211465,0.3,0.0,3
2021-04-26,0.8867836898836243,-0.00024120541856142985,-0.00020130200204910298,3.698630136986301e-05,2.917115142283112e-06,0.0029178104223783587,0.3,0.0,3
2021-04-27,0.8868244367172642,4.5949011133972206e-05,6.009217792945499e-05,1.2328767123287673e-05,1.8143996721475902e-06,0.001814313014369754,0.3,0.0,3
2021-04-28,0.8861851308589497,-0.0007208933717264276,-0.0007074375990018645,1.2328767123287674e-05,1.1270056012362875e-06,0.0011278173662436415,0.3,0.0,3
2021-04-29,0.8865763667344729,0.00044148323177584103,0.0006572875539741732,1.2328767123287671e-05,0.00020347555507508014,0.20334440631347128,0.5,0.0,5
2021-04-30,0.8864579962266478,-0.0001335141700891107,0.00038847295735470186,2.0547945205479453e-05,0.0005014391822383875,0.5012547580754327,0.0,0.0,0
2021-05-03,0.8864579962266478,0.0,0.0,0.0,0.0,0.0,0.0,0.0,0
2021-05-04,0.8863693592907187,-9.999000099991662e-05,0.0,0.0,9.999000099990002e-05,0.09999000099990002,0.1,0.0,1
2021-05-05,0.886568346344214,0.0002244967647060392,0.0003290655809859489,4.10958904109589e-06,0.00010045922723895092,0.10042659301579983,0.2,0.0,2
2021-05-06,0.8852178584339023,-0.0015232755781101615,-0.001511782863464195,8.219178082191782e-06,3.273536563709583e-06,0.003278519920682271,0.2,0.0,2
2021-05-07,0.8845335406957546,-0.0007730500821101494,-0.0007640668371908133,8.21917808219178e-06,7.640668371908171e-07,0.0007646573713852135,0.2,0.0,2
2021-05-10,0.8842769645890743,-0.0002900693923697517,-0.00026351382260927366,2.4657534246575342e-05,1.8980355139269258e-06,0.0018985826310598212,0.2,0.0,2
2021-05-11,0.8844183171071794,0.0001598509559397332,0.00017048779306788045,8.21917808219178e-06,2.4176590458871435e-06,0.0024172667993515615,0.20000000000000004,0.0,2
2021-05-12,0.8841315086792791,-0.00032429046566828656,-0.0003122065080664482,8.219178082191782e-06,3.86477951961336e-06,0.0038660182911769737,0.2,0.0,2
2021-05-13,0.8839518565516643,-0.00020319616013142472,-0.00019124098190966828,8.219178082191782e-06,3.7360001394033013e-06,0.0037367454712528463,0.2,0.0,2
2021-05-14,0.8839990388254148,5.337651977388447e-05,6.294174887677139e-05,8.219178082191782e-06,1.3460510205504182e-06,0.0013459773652087627,0.20000000000000004,0.0,2
2021-05-17,0.8833801807904101,-0.0007000664116409983,-0.0006742616603198693,2.4657534246575342e-05,1.1472170744534679e-06,0.0011480194472809082,0.2,0.0,2
2021-05-18,0.8837427229092943,0.00041040327456731696,0.0004209853872989222,8.219178082191782e-06,2.3629346494710457e-06,0.002361959712314271,0.2,0.0,2
2021-05-19,0.8840241190138338,0.0003184140556349302,0.00042725890259343594,8.21917808219178e-06,0.00010062566887621698,0.10058352038554425,0.1,0.0,1
2021-05-20,0.8837191941126245,-0.0003449282600451742,-0.0003400917870193698,4.109589041095891e-06,7.268839846058951e-07,0.0007271342652205646,0.1,0.0,1
2021-05-21,0.8838366104514803,0.00013286611814944393,0.0001375970009240335,4.10958904109589e-06,6.212937335065647e-07,0.0006212108096833464,0.1,0.0,1
2021-05-24,0.88351158521425,-0.00036774357770075206,-0.00035501597271149217,1.2328767123287673e-05,3.988378659791152e-07,0.00039898443081104955,0.1,0.0,1
2021-05-25,0.8834659362078564,-5.166769418485373e-05,-4.709672524761952e-05,4.10958904109589e-06,4.613798960495562e-07,0.00046140352282335984,0.1,0.0,1
2021-05-26,0.8833819621118029,-9.505074571858341e-05,-9.085030637099868e-05,4.10958904109589e-06,9.085030637100277e-08,9.085893432590362e-05,0.1,0.0,1
2021-05-27,0.8830135049076787,-0.0004170984012887846,-0.0004125762360115581,4.109589041095891e-06,4.1257623601155624e-07,0.00041274822234512316,0.1,0.0,1
2021-05-28,0.884080119315117,0.001207925361854878,0.0013109639462998814,4.10958904109589e-06,9.892899540403733e-05,0.0987998783525157,0.0,0.0,0
2021-06-01,0.884080119315117,0.0,0.0,0.0,0.0,0.0,0.0,0.0,0
2021-06-02,0.884080119315117,0.0,0.0,0.0,0.0,0.0,0.0,0.0,0
2021-06-03,0.884080119315117,0.0,0.0,0.0,0.0,0.0,0.0,0.0,0
2021-06-04,0.884080119315117,0.0,0.0,0.0,0.0,0.0,0.0,0.0,0
2021-06-07,0.8839917201431027,-9.999000099991662e-05,0.0,0.0,9.999000099990002e-05,0.09999000099990002,0.1,0.0,1
2021-06-08,0.8841520681489096,0.00018139084581125786,0.00018582450689782484,4.109589041095891e-06,3.2407204547186625e-07,0.00032401316744575936,0.1,0.0,1
2021-06-09,0.8842725708738186,0.00013629185436547786,0.00014123869245812325,4.109589041095891e-06,8.372490516690504e-07,0.0008371342561990581,0.1,0.0,1
2021-06-10,0.884615267221737,0.00038754605673196885,0.00039217815588405975,4.10958904109589e-06,5.225101108919185e-07,0.0005223074198000653,0.1,0.0,1
2021-06-11,0.8847568567214412,0.00016005771655835943,0.00026344597148207367,4.109589041095891e-06,9.927866588250405e-05,0.09925292598773172,0.0,0.0,0
2021-06-14,0.8847568567214412,0.0,0.0,0.0,0.0,0.0,0.0,0.0,0
2021-06-15,0.884668389882453,-9.999000099991662e-05,0.0,0.0,9.999000099990003e-05,0.09999000099990002,0.10000000000000002,0.0,1
2021-06-16,0.8843531546581594,-0.0003563315112179444,-0.0003514625412751716,4.109589041095891e-06,7.593809017058094e-07,0.0007596510124345977,0.10000000000000002,0.0,1
2021-06-17,0.8845168000770095,0.00018504532718410793,0.0001893442604857465,4.109589041095891e-06,1.8934426048574488e-07,0.0001893091938594189,0.1,0.0,1
2021-06-18,0.8846824998343794,0.00018733364629763827,0.00019380073293033263,4.109589041095891e-06,2.35749759170782e-06,0.0023570504801060433,0.1,0.0,1
2021-06-21,0.8843243309883501,-0.0004048558054402518,-0.00039024020312002913,1.2328767123287671e-05,2.286835196973935e-06,0.002287756176622126,0.1,0.0,1
2021-06-22,0.8841251343070279,-0.00022525296923536775,-0.00021930490358368373,4.109589041095891e-06,1.8384766106494353e-06,0.0018388874447548993,0.1,0.0,1
2021-06-23,0.8838884344042942,-0.0002677221736482327,-0.0001622545389778574,4.10958904109589e-06,0.00010135804562925256,0.10137491077788711,0.2,0.0,2
2021-06-24,0.8829491513795293,-0.001062671473236243,-0.0010529241403551882,8.21917808219178e-06,1.528154798811474e-06,0.001529778112634388,0.2,0.0,2
2021-06-25,0.8825332132163286,-0.0004710782750636522,-0.00036124381598048324,8.21917808219178e-06,0.00010161528100103407,0.10165283796290281,0.1,0.0,1
2021-06-28,0.8826348569082652,0.0001151726534642794,0.00012762904963738443,1.2328767123287673e-05,1.2762904963738287e-07,0.00012761433566842745,0.1,0.0,1
2021-06-29,0.8826049221379498,-3.39152369532858e-05,-2.7382785809987437e-05,4.109589041095891e-06,2.4228621023100315e-06,0.0024229384063945672,0.1,0.0,1
2021-06-30,0.8825689171643601,-4.079398685252755e-05,6.341487655531221e-05,4.10958904109589e-06,0.00010009927436672764,0.10009333830252133,0.0,0.0,0
2021-07-01,0.8825689171643601,0.0,0.0,0.0,0.0,0.0,0.0,0.0,0
2021-07-02,0.8825689171643601,0.0,0.0,0.0,0.0,0.0,0.0,0.0,0
2021-07-06,0.8825689171643601,0.0,0.0,0.0,0.0,0.0,0.0,0.0,0
2021-07-07,0.8825689171643601,0.0,0.0,0.0,0.0,0.0,0.0,0.0,0
2021-07-08,0.8824806690974504,-9.999000099991662e-05,0.0,0.0,9.999000099990003e-05,0.09999000099990002,0.1,0.0,1
2021-07-09,0.8823428378424574,-0.00015618614641610407,-4.805941816318234e-05,4.10958904109589e-06,0.00010401713921186228,0.10402256596585556,0.20000000000000004,0.0,2
2021-07-12,0.882290107229423,-5.9762045740985315e-05,-3.361941765210311e-05,2.4657534246575342e-05,1.4850938422199373e-06,0.0014851803940063198,0.20000000000000004,0.0,2
2021-07-13,0.88286622296402,0.0006529776655956887,0.0006638312553500116,8.219178082191782e-06,2.634411672051767e-06,0.0026326856515429655,0.2,0.0,2
2021-07-14,0.8825617639319634,-0.0003448529620200258,-0.0002359538613415868,8.21917808219178e-06,0.00010067992259616932,0.10070451192292923,0.30000000000000004,0.0,3
2021-07-15,0.88308157752798,0.0005889826834337697,0.0006028836267338079,1.2328767123287673e-05,1.5721761767752617e-06,0.0015712482684746595,0.30000000000000004,0.0,3
2021-07-16,0.883305667635327,0.00025375923702797287,0.00027171319471207527,1.2328767123287671e-05,5.625190560726797e-06,0.005623731852259386,0.3,0.0,3
2021-07-19,0.882994833493125,-0.0003518987295011433,-0.0003086202019851047,3.698630136986302e-05,6.29222614627137e-06,0.006294401532375686,0.3,0.0,3
2021-07-20,0.8828123678135859,-0.00020664410777726516,-8.973774629830195e-05,1.2328767123287674e-05,0.00010457759435576443,0.10458826931575828,0.4,0.0,4
2021-07-21,0.8820845339324558,-0.0008244491215416705,-0.0007040387454229081,1.6438356164383563e-05,0.00010397201995441846,0.1040469834234643,0.5,0.0,5
2021-07-22,0.8820173189097308,-7.620020546705852e-05,4.924373304973081e-05,2.054794520547945e-05,0.00010489599331144357,0.10489298332464772,0.6000000000000001,0.0,6
2021-07-23,0.8825981758474096,0.0006585550251969607,0.0007883302235363487,2.4657534246575342e-05,0.00010511766409276485,0.1050374498609534,0.5000000000000001,0.0,5
2021-07-26,0.8829192150483676,0.0003637433316125982,0.0004266011753159827,6.164383561643835e-05,1.214008086907686e-06,0.001213565187385346,0.5000000000000001,0.0,5
2021-07-27,0.8822350141878512,-0.00077493030942688,-0.0007491581527660774,2.0547945205479453e-05,5.224211455266621e-06,0.00522823566013586,0.49999999999999994,0.0,5
2021-07-28,0.8813490564715204,-0.0010042196263841952,-0.0009804636420330916,2.054794520547945e-05,3.2080391456879102e-06,0.0032112536477989185,0.5000000000000001,0.0,5
2021-07-29,0.8806481092208022,-0.0007953117389430941,-0.0006719378165194912,2.0547945205479453e-05,0.00010282597721810291,0.10289723208624353,0.39999999999999997,0.0,4
2021-07-30,0.8815449656151887,0.001018404950849261,0.0014337304029660158,1.643835616438356e-05,0.0003988870959524428,0.39832255656096716,0.0,0.0,0
2021-08-02,0.8815449656151887,0.0,0.0,0.0,0.0,0.0,0.0,0.0,0
2021-08-03,0.8812805814407565,-0.00029991002699192304,0.0,0.0,0.00029991002699190244,0.29991002699190245,0.3,0.0,3
2021-08-04,0.8805371499860256,-0.0008435808871625206,-0.0008275800226761498,1.2328767123287671e-05,3.6720973630632075e-06,0.003675184182562273,0.30000000000000004,0.0,3
2021-08-05,0.8798415829901627,-0.0007899348663187311,-0.0005755595047801764,1.2328767123287671e-05,0.0002020465944154565,0.20216544510962056,0.5000000000000001,0.0,5
2021-08-06,0.8805729771288432,0.0008312793493969739,0.0009546953180116835,2.0547945205479453e-05,0.00010286802340916085,0.10277201919742958,0.5999999999999999,0.0,6
2021-08-09,0.8795460781110976,-0.0011661713956903075,-0.0010900410808006356,7.397260273972603e-05,2.15771214992666e-06,0.002160226683345623,0.6000000000000001,0.0,6
2021-08-10,0.8784223871642576,-0.0012775805325098144,-0.0012446361292398568,2.4657534246575342e-05,8.286869023329338e-06,0.008297400861666459,0.6,0.0,6
2021-08-11,0.8776272665125717,-0.0009051689293264609,-0.0006742399598776205,2.4657534246575345e-05,0.0002062714352022524,0.20641569861676357,0.4,0.0,4
2021-08-12,0.8776144546880713,-1.4598252571773607e-05,0.00020300572825039385,1.643835616438356e-05,0.00020116562465769382,0.2011281007164905,0.2,0.0,2
2021-08-13,0.8771194177347739,-0.000564071102809538,-0.0005542164692014518,8.219178082191782e-06,1.635455525793815e-06,0.0016363758819221631,0.2,0.0,2
2021-08-16,0.8774979246703815,0.0004315340966742909,0.0004570423299324389,2.465753424657534e-05,8.506990116999397e-07,0.0008503313413566419,0.2,0.0,2
2021-08-17,0.8766538655680117,-0.0009618929898743689,-0.0009511988789255855,8.21917808219178e-06,2.4749328664933114e-06,0.002477309642096738,0.2,0.0,2
2021-08-18,0.8767409871605552,9.937969358864152e-05,0.00021046194666717876,8.219178082191782e-06,0.00010286307499625635,0.10284227588965285,0.30000000000000004,0.0,3
2021-08-19,0.8769849333281984,0.0002782420021598675,0.0002938218801963434,1.2328767123287673e-05,3.2511109131317634e-06,0.0032501960053401223,0.30000000000000004,0.0,3
2021-08-20,0.8773024698278294,0.00036207748567118614,0.0003758150482896628,1.2328767123287671e-05,1.408795494969596e-06,0.0014082836031998414,0.30000000000000004,0.0,3
2021-08-23,0.8781732940384035,0.0009926157061257435,0.001131726520090165,3.698630136986301e-05,0.00010212451259450266,0.10201283504115742,0.4,0.0,4
2021-08-24,0.8786228144017492,0.0005118811587614402,0.0006307260336442244,1.643835616438356e-05,0.00010240651871852607,0.10234365027529364,0.3,0.0,3
2021-08-25,0.8785713680918535,-5.8553350826273665e-05,-4.514176586157825e-05,1.2328767123287671e-05,1.082817841421606e-06,0.0010828800751166818,0.30000000000000004,0.0,3
2021-08-26,0.8789174535929068,0.000393918483600153,0.00040734899623787743,1.2328767123287671e-05,1.1017455143023729e-06,0.0011013104743864545,0.30000000000000004,0.0,3
2021-08-27,0.8791681484500253,0.0002852314015311386,0.00029883728372301355,1.2328767123287673e-05,1.2771150685251702e-06,0.0012767492689860433,0.30000000000000004,0.0,3
2021-08-30,0.879389284000523,0.00025152816430784597,0.00029135459453958343,3.698630136986302e-05,2.8401288617588082e-06,0.002839406606746635,0.3,0.0,3
2021-08-31,0.8785941990482662,-0.0009041330918200252,-0.0005921034316747565,1.232876712328767e-05,0.0002997008930220411,0.2998821514502224,0.0,0.0,0
2021-09-01,0.8785941990482662,0.0,0.0,0.0,0.0,0.0,0.0,0.0,0
2021-09-02,0.8784185153451971,-0.00019996000799848979,0.0,0.0,0.00019996000799840034,0.19996000799840033,0.2,0.0,2
2021-09-03,0.8788117776136284,0.0004476935100539148,0.0005576049875686495,8.21917808219178e-06,0.00010169229943253968,0.10163646180269886,0.3,0.0,3
2021-09-07,0.8779002336074082,-0.001037246005845982,-0.0009807803455639697,4.9315068493150684e-05,7.1505917888489464e-06,0.007157965175950674,0.3,0.0,3
2021-09-08,0.8785307487579064,0.0007182082044872029,0.0008339569570642358,1.2328767123287671e-05,0.00010341998545360941,0.10333508243686942,0.4,0.0,4
2021-09-09,0.8780012653204853,-0.0006026919810941944,-0.0005821012521164069,1.643835616438356e-05,4.152372813415007e-06,0.004154859661489256,0.39999999999999997,0.0,4
2021-09-10,0.8785382829351938,0.0006116364929296125,0.0007339480989870585,1.643835616438356e-05,0.00010587324989288963,0.10579733927119785,0.5000000000000001,0.0,5
2021-09-13,0.878489619923907,-5.539088305206441e-05,1.0509942293690513e-05,6.164383561643835e-05,4.256989729319017e-06,0.004257207416908926,0.49999999999999994,0.0,5
2021-09-14,0.8781668626172223,-0.00036740025079928795,-0.0003423534671565977,2.0547945205479453e-05,4.498838437192572e-06,0.004500471664715993,0.5,0.0,5
2021-09-15,0.8772330755106748,-0.001063336760128486,-0.0007394426852543103,2.0547945205479453e-05,0.00030334612966868716,0.303576845226684,0.8,0.0,8
2021-09-16,0.8777464243534384,0.0005851909339655847,0.000624067938617684,3.287671232876713e-05,6.000292323319959e-06,0.005996747099048728,0.8,0.0,8
2021-09-17,0.8788946423140769,0.0013081431365375984,0.001350507771623061,3.287671232876713e-05,9.487922756453132e-06,0.00947543762553732,0.7999999999999998,0.0,8
2021-09-20,0.8803773608703247,0.0016870265045010324,0.001896157111383279,9.86301369863014e-05,0.00011050046989588155,0.11030219871835002,0.7000000000000002,0.0,7
2021-09-21,0.879515348431797,-0.0009791397153551262,-0.000945548417724845,2.8767123287671234e-05,4.824174342627837e-06,0.004828879194672878,0.7000000000000001,0.0,7
2021-09-22,0.8790712094145908,-0.0005049815423893156,-0.00046656728561318976,2.8767123287671238e-05,9.647133488543926e-06,0.00965191441386488,0.6999999999999998,0.0,7
2021-09-23,0.8792418972535395,0.0001941683871802269,0.00043740036059408135,2.8767123287671238e-05,0.00021446485012612977,0.21437724845708792,0.7000000000000002,0.0,7
2021-09-24,0.8796035977540504,0.00041137768984933487,0.000443501183953704,2.8767123287671238e-05,3.356370816664467e-06,0.003354979392437591,0.7000000000000001,0.0,7
2021-09-27,0.8797171383509816,0.00012908155130464394,0.00022701858742908452,8.63013698630137e-05,1.163566626142002e-05,0.011634029153208499,0.7,0.0,7
2021-09-28,0.8806247327041266,0.0010316888390353718,0.0011661541244533393,2.876712328767123e-05,0.00010569816213018481,0.10557807899552726,0.6000000000000002,0.0,6
2021-09-29,0.8799899645010406,-0.000720815779425954,-0.0005901258393382181,2.465753424657535e-05,0.00010603240584118849,0.10609763290187325,0.49999999999999994,0.0,5
2021-09-30,0.8800248673682678,3.96628014354139e-05,0.0005517626527713205,2.0547945205479453e-05,0.000491551906130354,0.4912909251652126,0.0,0.0,0
2021-10-01,0.8800248673682678,0.0,0.0,0.0,0.0,0.0,0.0,0.0,0
2021-10-04,0.8799368736808997,-9.999000099991662e-05,0.0,0.0,9.999000099990002e-05,0.09999000099990002,0.1,0.0,1
2021-10-05,0.8802896820203161,0.0004009473292561072,0.0005066105340679861,4.109589041095891e-06,0.00010155361577055307,0.10150261061279744,0.2,0.0,2
2021-10-06,0.8802870037310072,-3.042509032602503e-06,5.952748745274845e-06,8.21917808219178e-06,7.760796957770763e-07,0.0007760814547108529,0.20000000000000004,0.0,2
2021-10-07,0.8805231268067802,0.00026823419495269896,0.00027840648540148336,8.219178082191782e-06,1.9531123666850304e-06,0.0019525848030547803,0.20000000000000004,0.0,2
2021-10-08,0.8806986405975075,0.00019932899589325537,0.00040695674958117224,8.219178082191782e-06,0.00019940857560566511,0.19932909560615403,0.20000000000000004,0.0,2
2021-10-11,0.881387690813485,0.000782390461633975,0.0008097638189945135,2.4657534246575345e-05,2.715823113885826e-06,0.0027136925767889154,0.2,0.0,2
2021-10-12,0.8810778737785268,-0.00035151050801751627,-0.00024236201905840083,8.21917808219178e-06,0.00010092931087692206,0.10095460820350256,0.30000000000000004,0.0,3
2021-10-13,0.8814701882951305,0.0004452665630125807,0.0004594962740133158,1.2328767123287671e-05,1.9009438775052853e-06,0.0019000942171113634,0.30000000000000004,0.0,3
2021-10-14,0.8807041412007036,-0.0008690561570873223,-0.0007494927777518147,1.2328767123287673e-05,0.0001072346122123105,0.1073163681336725,0.2,0.0,2
2021-10-15,0.8809581570203541,0.00028842355538838405,0.00029852159406771884,8.219178082191782e-06,1.8788605969916229e-06,0.001878315317516965,0.2,0.0,2
2021-10-18,0.881080905844429,0.00013933558943368674,0.00016509596005656604,2.4657534246575342e-05,1.102836376230751e-06,0.001102681517374281,0.20000000000000004,0.0,2
2021-10-19,0.8805496765509242,-0.0006029290726663472,-0.0004932172419205073,8.219178082191782e-06,0.00010149265266351522,0.10154357030788469,0.30000000000000004,0.0,3
2021-10-20,0.8798217635341113,-0.0008266575256310471,-0.0006125076161828003,1.2328767123287671e-05,0.00020182114232500663,0.20194732636202897,0.3,0.0,3
2021-10-21,0.8795713139895933,-0.00028465941046063037,-0.0001711675181135741,1.2328767123287671e-05,0.00010116312522371605,0.10118169168827483,0.4,0.0,4
2021-10-22,0.8791301916804527,-0.000501519663186567,-0.00028262508413673935,1.643835616438356e-05,0.00020245622288534665,0.20251678825276026,0.6000000000000001,0.0,6
2021-10-25,0.8774860361941896,-0.0018702070544526217,-0.0016921035764157378,7.397260273972604e-05,0.00010413087529711689,0.10431510371691748,0.49999999999999994,0.0,5
2021-10-26,0.8782990718465113,0.000926551100286499,0.0009500315528518156,2.054794520547945e-05,2.9325073598956823e-06,0.0029297841735324423,0.49999999999999994,0.0,5
2021-10-27,0.874348288836666,-0.004498220636325212,-0.004470977243566405,2.0547945205479453e-05,6.695447553288089e-06,0.0067256560066529854,0.5,0.0,5
2021-10-28,0.871151757296357,-0.0036559018655621944,-0.0034252776393017383,2.0547945205479456e-05,0.00021007628105494525,0.21080267028951133,0.3,0.0,3
2021-10-29,0.8714156901666917,0.000302970025743754,0.0006147331803695755,1.2328767123287674e-05,0.000299434387502518,0.29925411550265707,0.0,0.0,0
2021-11-01,0.8714156901666917,0.0,0.0,0.0,0.0,0.0,0.0,0.0,0
2021-11-02,0.8712414418783161,-0.00019996000799837876,0.0,0.0,0.00019996000799840034,0.19996000799840033,0.2,0.0,2
2021-11-03,0.8702953801769956,-0.0010858777554025867,-0.0008749261695314924,8.219178082191782e-06,0.00020273240778896808,0.20291160823175475,0.39999999999999997,0.0,4
2021-11-04,0.8699108925603765,-0.0004417897938754356,-0.0004211051080199813,1.6438356164383563e-05,4.24632969117368e-06,0.004248188458268218,0.4000000000000001,0.0,4
2021-11-05,0.8696809698834267,-0.00026430600986393493,-0.0002443409007320596,1.6438356164383563e-05,3.526752967379147e-06,0.0035276729112995297,0.4000000000000001,0.0,4
2021-11-08,0.8702783573576905,0.0006869041579051771,0.000740662664040692,4.9315068493150684e-05,4.443437642492736e-06,0.004440367804887479,0.4,0.0,4
2021-11-09,0.8702567822476984,-2.4791045083127905e-05,9.357131172177405e-05,1.6438356164383563e-05,0.00010192400064051791,0.10191613954745561,0.49999999999999994,0.0,5
2021-11-10,0.8714685087644605,0.0013923781365223764,0.001614951983223112,2.0547945205479453e-05,0.00020202590149507717,0.2017043033393474,0.5,0.0,5
2021-11-11,0.871831960567369,0.00041705672580616415,0.0005428922018649366,2.0547945205479456e-05,0.00010528753085313005,0.10523256322811428,0.6,0.0,6
2021-11-12,0.8719647827071657,0.00015234832605837134,0.00018054066074031934,2.4657534246575345e-05,3.5348004353410036e-06,0.0035342495054782805,0.6000000000000002,0.0,6
2021-11-15,0.8712607097569226,-0.0008074557186326103,-0.0007273256301616293,7.397260273972604e-05,6.1574857311737205e-06,0.006162423670371179,0.6000000000000001,0.0,6
2021-11-16,0.8725133347412375,0.0014377154510551993,0.0015680869452479984,2.4657534246575345e-05,0.00010571395994622685,0.10555104935229444,0.7000000000000001,0.0,7
2021-11-17,0.8726140640264114,0.00011544727302514879,0.000247243336319497,2.876712328767123e-05,0.00010302894000677968,0.10300643555082262,0.6000000000000001,0.0,6
2021-11-18,0.8731454316185434,0.0006089376896816212,0.000637274980791136,2.4657534246575345e-05,3.6797568628880297e-06,0.0036775039598025178,0.6000000000000002,0.0,6
2021-11-19,0.8729056060094855,-0.00027466857223690244,-0.0002450786476816792,2.4657534246575345e-05,4.932390308599052e-06,0.004933721111694419,0.6,0.0,6
2021-11-22,0.8729613990516356,6.391646675885099e-05,0.0002424163301375682,7.397260273972601e-05,0.00010452726063899443,0.10450965664288044,0.5000000000000001,0.0,5
2021-11-23,0.8715124745009397,-0.0016597807787033236,-0.0016325026330011928,2.0547945205479453e-05,6.7302004967331244e-06,0.006741344279792726,0.49999999999999994,0.0,5
2021-11-24,0.8710895576782988,-0.00048526766399203947,-0.00036193968835022136,2.0547945205479453e-05,0.00010278003043625186,0.10281935756901216,0.39999999999999997,0.0,4
2021-11-26,0.8714532114879776,0.0004174700597354697,0.00046373944169633734,3.287671232876713e-05,1.339266963225594e-05,0.013386901715245134,0.4000000000000001,0.0,4
2021-11-29,0.8718358478648521,0.00043907850912749957,0.0004913773001064604,4.9315068493150684e-05,2.9837224856693886e-06,0.002982404077467331,0.4000000000000001,0.0,4
2021-11-30,0.8723783279969469,0.000622227376200879,0.0010283214776225795,1.643835616438356e-05,0.0003896557452572864,0.3892618577535981,0.0,0.0,0
2021-12-01,0.8723783279969469,0.0,0.0,0.0,0.0,0.0,0.0,0.0,0
2021-12-02,0.8722910988870582,-9.999000099991662e-05,0.0,0.0,9.999000099990002e-05,0.09999000099990002,0.1,0.0,1
2021-12-03,0.8720711220462461,-0.00025218283333716673,-0.000246131486841994,4.109589041095891e-06,1.9417574540510424e-06,0.0019422434831498927,0.10000000000000002,0.0,1
2021-12-06,0.8723387411665396,0.0003068776313399635,0.0003205665126339574,1.2328767123287674e-05,1.3601141707239943e-06,0.0013596950613836915,0.1,0.0,1
2021-12-07,0.872438550616785,0.00011441593217775825,0.00011996903428689311,4.10958904109589e-06,1.4435130680280165e-06,0.0014433458427793742,0.1,0.0,1
2021-12-08,0.8721127630661922,-0.00037342177321531,-0.0003689432409333337,4.109589041095891e-06,3.689432409333345e-07,0.00036908092761787193,0.10000000000000002,0.0,1
2021-12-09,0.8726817077152784,0.000652375097786484,0.0007573072315689767,4.10958904109589e-06,0.00010082254474134764,0.10074666259259035,0.2,0.0,2
2021-12-10,0.8721315310509284,-0.0006304436766416677,-0.0005216354485835129,8.21917808219178e-06,0.00010058904997607664,0.10064237580453529,0.3,0.0,3
2021-12-13,0.870930829144663,-0.0013767440615506388,-0.001235849929937261,3.698630136986302e-05,0.00010390783024351901,0.10404025645144489,0.39999999999999997,0.0,4
2021-12-14,0.8708804380358058,-5.785891045639868e-05,6.234452086367207e-05,1.643835616438356e-05,0.00010376507515574807,0.10376031191777992,0.30000000000000004,0.0,3
2021-12-15,0.870824266912316,-6.449923667661839e-05,5.233923322618952e-05,1.2328767123287673e-05,0.00010450970277948631,0.10450552146486217,0.39999999999999997,0.0,4
2021-12-16,0.8705189699776482,-0.0003505838620577739,-0.00032970533672325156,1.6438356164383563e-05,4.4401691701205565e-06,0.0044417066388592556,0.4000000000000001,0.0,4
2021-12-17,0.8697287188529074,-0.0009077931119193527,-0.0004926767732125416,1.6438356164383567e-05,0.0003986779825423181,0.39888105892423836,0.4,0.0,4
2021-12-20,0.8704641493563071,0.0008455860861644737,0.0009953115381312494,4.9315068493150684e-05,0.00010041038347355222,0.10031548537853409,0.30000000000000004,0.0,3
2021-12-21,0.8709485216232465,0.000556452861726342,0.0006731677144287852,1.2328767123287674e-05,0.0001043860855792678,0.1043171487445056,0.4,0.0,4
2021-12-22,0.870885508919539,-7.234951566381653e-05,-5.5094779374370554e-05,1.643835616438356e-05,8.163801251276462e-07,0.0008164385275354955,0.4,0.0,4
2021-12-23,0.8708310592812164,-6.252215447943854e-05,-4.458373680840675e-05,1.643835616438356e-05,1.5000615066317838e-06,0.00150015304911062,0.4,0.0,4
2021-12-27,0.8705055993625568,-0.0003737348538398466,-0.00020402734965778695,6.575342465753425e-05,0.00010395407952443555,0.1039821319044957,0.49999999999999994,0.0,5
2021-12-28,0.8702544890325744,-0.00028846492218570496,-0.0002643223118814098,2.054794520547945e-05,3.5946650987693447e-06,0.003595689403734191,0.5000000000000001,0.0,5
2021-12-29,0.8699066026533697,-0.00039975246734025305,-0.0003767310531889445,2.0547945205479453e-05,2.4734689456967617e-06,0.002474451993506317,0.5,0.0,5
2021-12-30,0.8701346201536924,0.0002621172199719357,0.0002847448305994038,2.0547945205479453e-05,2.0796654220866073e-06,0.0020791161260817247,0.5000000000000001,0.0,5
2021-12-31,0.8700193171070788,-0.00013251173317663234,0.0003894833573149071,2.0547945205479456e-05,0.0005014471452861359,0.5012622119054116,0.0,0.0,0
2022-01-03,0.8700193171070788,0.0,0.0,0.0,0.0,0.0,0.0,0.0,0
2022-01-04,0.8699323238746913,-9.999000099991662e-05,0.0,0.0,9.999000099990002e-05,0.09999000099990002,0.10000000000000002,0.0,1
2022-01-05,0.8693246401833808,-0.00069854134009395,-0.0006934244754541075,4.109589041095891e-06,1.007275598793026e-06,0.0010079786982713558,0.10000000000000002,0.0,1
2022-01-06,0.8691984795959281,-0.00014512482635498092,-0.00014087436295095456,4.109589041095891e-06,1.4087436295095082e-07,0.0001408947904344831,0.1,0.0,1
2022-01-07,0.868693049056247,-0.0005814903633012403,-0.000576671678415397,4.10958904109589e-06,7.090958447072244e-07,0.0007095079136125627,0.1,0.0,1
2022-01-10,0.868479461189671,-0.00024587265525843893,-0.00013460890458393825,1.2328767123287671e-05,9.893498355134883e-05,0.09894952296386968,0.0,0.0,0
2022-01-11,0.868479461189671,0.0,0.0,0.0,0.0,0.0,0.0,0.0,0
2022-01-12,0.8683926219274782,-9.999000099991662e-05,0.0,0.0,9.999000099990002e-05,0.09999000099990002,0.1,0.0,1
2022-01-13,0.8679893970330923,-0.00046433477692486846,-0.0004597654224614834,4.10958904109589e-06,4.5976542246148616e-07,0.00045997879513036817,0.1,0.0,1
2022-01-14,0.8678120190500118,-0.0002043550113478565,-0.0001993668349663969,4.109589041095891e-06,8.785873402981725e-07,0.0008787661484916064,0.1,0.0,1
2022-01-18,0.8678311939692351,2.2095705985103464e-05,0.00013903803701708627,1.643835616438356e-05,0.00010050397486758078,0.10049165462279565,0.2,0.0,2
2022-01-19,0.8661114367221094,-0.0019816725407851843,-0.0019705397357228926,8.21917808219178e-06,2.913626980170259e-06,0.002919403776415838,0.20000000000000004,0.0,2
2022-01-20,0.8652370809644185,-0.0010095187762443336,-0.0008019252078620754,8.219178082191782e-06,0.00019937439029999208,0.19953604330526936,0.2,0.0,2
2022-01-21,0.8653042600212787,7.764236917040535e-05,0.0001905952658979637,8.21917808219178e-06,0.00010473371864540732,0.1047146212024553,0.30000000000000004,0.0,3
2022-01-24,0.8656830254564986,0.00043772514792728145,0.00047872251810913155,3.6986301369863006e-05,4.011068812054232e-06,0.004009297760029935,0.30000000000000004,0.0,3
2022-01-25,0.864845186436813,-0.000967835795606331,-0.0009533867984663824,1.2328767123287673e-05,2.120230016716381e-06,0.0021222795350979576,0.30000000000000004,0.0,3
2022-01-26,0.8649407925909665,0.00011054713103897384,0.00012423296155274487,1.2328767123287673e-05,1.357063390539908e-06,0.0013569115464463909,0.30000000000000004,0.0,3
2022-01-27,0.8649164941550551,-2.809260023284299e-05,-1.1381844827656952e-05,1.2328767123287671e-05,4.3819882819528425e-06,0.004382092184040151,0.30000000000000004,0.0,3
2022-01-28,0.8645541126110837,-0.0004189786487138747,-0.00030011051419840404,1.2328767123287674e-05,0.00010653936739209384,0.10657266487891714,0.2,0.0,2
2022-01-31,0.8644071136916648,-0.00017002859309178664,5.6266927599735216e-05,2.4657534246575345e-05,0.00020163798644492884,0.20163161299196133,0.0,0.0,0
2022-02-01,0.8644071136916648,0.0,0.0,0.0,0.0,0.0,0.0,0.0,0
2022-02-02,0.8642342668382971,-0.00019996000799848979,0.0,0.0,0.00019996000799840034,0.19996000799840033,0.2,0.0,2
2022-02-03,0.8637502212194016,-0.0005600861218640896,-0.00045103595902514225,8.219178082191782e-06,0.00010083098475657248,0.10087731318086839,0.30000000000000004,0.0,3
2022-02-04,0.8634741108788414,-0.00031966456711340907,-0.00020288132887831274,1.2328767123287671e-05,0.00010445447111187159,0.10447695560751782,0.4,0.0,4
2022-02-07,0.8626530064502496,-0.0009509311492340577,-0.0007987353252205343,4.9315068493150684e-05,0.00010288075552030115,0.10296807763908292,0.5,0.0,5
2022-02-08,0.8625850560223262,-7.876913129067908e-05,-5.185512095675046e-05,2.0547945205479453e-05,6.366065128485873e-06,0.006366526084495192,0.49999999999999994,0.0,5
2022-02-09,0.8631303318684235,0.0006321415404664243,0.0007556278225398337,2.0547945205479453e-05,0.00010293833686790172,0.10286272454895798,0.4000000000000001,0.0,4
2022-02-10,0.8630275356792634,-0.00011909694905232193,-9.554110396418611e-05,1.643835616438356e-05,7.117488923788458e-06,0.007118286025614646,0.4000000000000001,0.0,4
2022-02-11,0.8637306953381894,0.0008147592398342063,0.0008341563999497816,1.643835616438356e-05,2.9588039511732644e-06,0.0029563864606200127,0.4,0.0,4
2022-02-14,0.8635968461045628,-0.00015496639675882662,-0.00010112739716102726,4.931506849315069e-05,4.523931104734164e-06,0.004524611798489257,0.4000000000000001,0.0,4
2022-02-15,0.8636415862316222,5.180672817561849e-05,0.00017258049895602662,1.6438356164383563e-05,0.00010433541461600366,0.10431912600413522,0.5000000000000001,0.0,5
2022-02-16,0.8641132360289442,0.0005461175154612974,0.0005679660911427465,2.054794520547945e-05,1.300630475903171e-06,0.0012999188767218069,0.49999999999999994,0.0,5
2022-02-17,0.8644343864755022,0.00037165319678922337,0.0005045917970941059,2.0547945205479453e-05,0.00011239065509947929,0.11233627941408483,0.6,0.0,6
2022-02-18,0.8654833468675622,0.0012134644438854814,0.001239805823178558,2.4657534246575342e-05,1.6838450465293842e-06,0.0016818014084256123,0.6000000000000002,0.0,6
2022-02-22,0.866348875070509,0.0010000518277784032,0.0012006620635252707,9.863013698630138e-05,0.00010198009876047389,0.10186783715164531,0.49999999999999994,0.0,5
2022-02-23,0.8664922452608174,0.00016548782417102892,0.00029310348030712205,2.054794520547945e-05,0.00010706771093076189,0.10703853698503742,0.5999999999999999,0.0,6
2022-02-24,0.8687355236921345,0.00258891922413218,0.0026231501981732915,2.4657534246575345e-05,9.573439794697924e-06,0.009548627755524626,0.6000000000000001,0.0,6
2022-02-25,0.8674727105408461,-0.0014536220942381606,-0.0012082623978367237,2.4657534246575342e-05,0.00022070216215480386,0.22097460615121192,0.6000000000000001,0.0,6
2022-02-28,0.8662183890523892,-0.0014459492191688517,-0.0007824852838749784,7.397260273972603e-05,0.0005894913325542187,0.5899966398294767,0.0,0.0,0
2022-03-01,0.8662183890523892,0.0,0.0,0.0,0.0,0.0,0.0,0.0,0
2022-03-02,0.8661317758748017,-9.999000099991662e-05,0.0,0.0,9.999000099990002e-05,0.0999900009999,0.1,0.0,1
2022-03-03,0.8656204418953588,-0.0005903651080420014,-0.0005837772047040612,4.109589041095891e-06,2.4783142967176968e-06,0.002479772121999718,0.10000000000000002,0.0,1
2022-03-04,0.8656372270186289,1.939085823043918e-05,2.6025085635628006e-05,4.109589041095891e-06,2.5246383641946242e-06,0.002524583036703681,0.1,0.0,1
2022-03-07,0.8657132389575783,8.781038589478207e-05,0.0002013058875938279,1.2328767123287673e-05,0.00010116673457567919,0.10114761998971109,0.2,0.0,2
2022-03-08,0.8662398628546206,0.0006083121677524783,0.0008194225813972334,8.21917808219178e-06,0.00020289123556251805,0.20272678290628135,0.4,0.0,4
2022-03-09,0.8681091808914264,0.0021579681528920425,0.002182973229747026,1.643835616438356e-05,8.566720690621033e-06,0.008548200715664162,0.4000000000000001,0.0,4
2022-03-10,0.8673221898254294,-0.0009065577041690309,-0.0008867750599154513,1.6438356164383563e-05,3.3442880893366894e-06,0.0033473114259243812,0.39999999999999997,0.0,4
2022-03-11,0.8667247632681787,-0.0006888173325427793,-0.0004715930304114269,1.6438356164383563e-05,0.00020078594596695368,0.20088398365603818,0.39999999999999997,0.0,4
2022-03-14,0.865821160817118,-0.0010425483260146917,-0.000990230815574922,4.9315068493150684e-05,3.0024419465609626e-06,0.0030055663707109284,0.4000000000000001,0.0,4
2022-03-15,0.8661120005693316,0.0003359120397785631,0.0005594556306022346,1.643835616438356e-05,0.00020710523465926843,0.20699283397473528,0.39999999999999997,0.0,4
2022-03-16,0.8659719292272897,-0.00016172428271377104,-0.00013824056316641962,1.6438356164383563e-05,7.045363383041414e-06,0.007046453320826195,0.39999999999999997,0.0,4
2022-03-17,0.8668204961451453,0.0009799011829549897,0.0009980135191431261,1.6438356164383563e-05,1.6739800237580494e-06,0.0016723384978244917,0.4,0.0,4
2022-03-18,0.8676909073342061,0.0010041423719577836,0.0010240950414076631,1.643835616438356e-05,3.5143132855543693e-06,0.003510775629021397,0.4000000000000001,0.0,4
2022-03-21,0.8675023253236112,-0.0002173377743167615,-0.0001648730757039751,4.9315068493150684e-05,3.1496301196137863e-06,0.0031503048775691675,0.4,0.0,4
2022-03-22,0.8681167196997069,0.0007082336936290456,0.0007290740375172134,1.6438356164383563e-05,4.401987723753719e-06,0.004398852944188665,0.4,0.0,4
2022-03-23,0.8675997874103347,-0.0005954640403090794,-0.0005744988671534002,1.643835616438356e-05,4.52681699122553e-06,0.004529493637618781,0.4,0.0,4
2022-03-24,0.8679797128703579,0.0004379040492359376,0.00045774646959444463,1.643835616438356e-05,3.4040641941320377e-06,0.0034025626156433007,0.4,0.0,4
2022-03-25,0.8680565358680168,8.850782630021037e-05,0.00011069010437689826,1.6438356164383563e-05,5.743921912218878e-06,0.005743380588557756,0.4,0.0,4
2022-03-28,0.8683081216790671,0.00028982652702302936,0.0003411855199024928,4.9315068493150684e-05,2.0439243861993795e-06,0.002043327999133895,0.4000000000000001,0.0,4
2022-03-29,0.8688260301641846,0.0005964570319991758,0.0006169840755775759,1.6438356164383563e-05,4.088687414001145e-06,0.004086233443997829,0.4,0.0,4
2022-03-30,0.8684517166579862,-0.0004308267630145357,-0.0003116987469311161,1.643835616438356e-05,0.00010268965991904314,0.10272336726719841,0.3,0.0,3
2022-03-31,0.8677129997144428,-0.0008506137179232764,-0.0005437372351172585,1.232876712328767e-05,0.00029454771568261705,0.29471159478094083,0.0,0.0,0
2022-04-01,0.8677129997144428,0.0,0.0,0.0,0.0,0.0,0.0,0.0,0
2022-04-04,0.8677129997144428,0.0,0.0,0.0,0.0,0.0,0.0,0.0,0
2022-04-05,0.8677129997144428,0.0,0.0,0.0,0.0,0.0,0.0,0.0,0
2022-04-06,0.8677129997144428,0.0,0.0,0.0,0.0,0.0,0.0,0.0,0
2022-04-07,0.8677129997144428,0.0,0.0,0.0,0.0,0.0,0.0,0.0,0
2022-04-08,0.8677129997144428,0.0,0.0,0.0,0.0,0.0,0.0,0.0,0
2022-04-11,0.8677129997144428,0.0,0.0,0.0,0.0,0.0,0.0,0.0,0
2022-04-12,0.8677129997144428,0.0,0.0,0.0,0.0,0.0,0.0,0.0,0
2022-04-13,0.8677129997144428,0.0,0.0,0.0,0.0,0.0,0.0,0.0,0
2022-04-14,0.8677129997144428,0.0,0.0,0.0,0.0,0.0,0.0,0.0,0
2022-04-18,0.8676262370907337,-9.999000099991662e-05,0.0,0.0,9.999000099990002e-05,0.09999000099990002,0.1,0.0,1
2022-04-19,0.8677218801587134,0.00011023533393883511,0.00011608355921812745,4.109589041095891e-06,1.7386362381253106e-06,0.0017384415779199104,0.1,0.0,1
2022-04-20,0.8681004307527282,0.0004362579792795973,0.0005417513105563154,4.10958904109589e-06,0.00010138374223535512,0.10132926339574318,0.2,0.0,2
2022-04-21,0.8675515665269601,-0.0006322589026850345,-0.0006211877183731063,8.219178082191782e-06,2.8520062298904447e-06,0.0028538024328227836,0.2,0.0,2
2022-04-22,0.8688969620636025,0.0015507960432004086,0.0015674844944492002,8.21917808219178e-06,8.469273166588763e-06,0.008456087882042142,0.2,0.0,2
2022-04-25,0.8678949156308385,-0.0011532396550035795,-0.001025836753367826,2.4657534246575345e-05,0.00010274536738917516,0.10285341431337298,0.3,0.0,3
2022-04-26,0.8671662083582916,-0.0008396261568340835,-0.000628508234667502,1.2328767123287671e-05,0.00019878915504332645,0.19891662817893493,0.30000000000000004,0.0,3
2022-04-27,0.8670601733924458,-0.00012227755743221547,-1.0124822528462267e-05,1.2328767123287671e-05,9.982396778055915e-05,0.09982620923729785,0.2,0.0,2
2022-04-28,0.8670912239729675,3.5811332909307936e-05,0.00014556203959524845,8.219178082191782e-06,0.00010153152860382937,0.1015175858880896,0.30000000000000004,0.0,3
2022-04-29,0.8680236378686538,0.0010753354086714406,0.0013794962716845384,1.2328767123287671e-05,0.00029183209588982414,0.2914336572638775,0.0,0.0,0
2022-05-02,0.8680236378686538,0.0,0.0,0.0,0.0,0.0,0.0,0.0,0
2022-05-03,0.8678500678550828,-0.00019996000799837876,0.0,0.0,0.00019996000799840034,0.19996000799840033,0.2,0.0,2
2022-05-04,0.8673960250560395,-0.0005231811528982888,-0.00040886384089490203,8.219178082191782e-06,0.00010609813392117999,0.10614240411552997,0.3,0.0,3
2022-05-05,0.866202515794353,-0.0013759681013172376,-0.0013584668378775588,1.2328767123287671e-05,5.172496316493604e-06,0.005179596484590357,0.30000000000000004,0.0,3
2022-05-06,0.8656303110658111,-0.0006605900099668771,-0.0004476946118488369,1.2328767123287674e-05,0.0002005666309947915,0.20065893879783822,0.30000000000000004,0.0,3
2022-05-09,0.8660739121628723,0.0005124602170123449,0.0005590000568199916,3.6986301369863006e-05,9.553538437776624e-06,0.009548553961264188,0.30000000000000004,0.0,3
2022-05-10,0.8659158443688278,-0.00018251074397301892,-0.00016719892740748034,1.2328767123287674e-05,2.983049442196949e-06,0.0029835850783475016,0.3,0.0,3
2022-05-11,0.8663935224503259,0.000551644925548489,0.000568046396364247,1.2328767123287671e-05,4.072703692475631e-06,0.004070441676277327,0.3,0.0,3
2022-05-12,0.8624580313366441,-0.004542382891496444,-0.004427827198038487,1.2328767123287671e-05,0.0001022269263346896,0.10268285422238496,0.20000000000000004,0.0,2
2022-05-13,0.8627482877662186,0.000336545569788127,0.0004499141989820268,8.219178082191782e-06,0.00010514945111178331,0.1051030276277986,0.30000000000000004,0.0,3
2022-05-16,0.8630259062769633,0.00032178390230530596,0.00036459621177502554,3.698630136986301e-05,5.826008099691579e-06,0.005824100066790508,0.3,0.0,3
2022-05-17,0.8624228541282454,-0.0006987648277204661,-0.0006794144326884523,1.2328767123287673e-05,7.021627908737569e-06,0.007026488434330572,0.30000000000000004,0.0,3
2022-05-18,0.8611586163744581,-0.001465914020872261,-0.001350512401121351,1.2328767123287671e-05,0.00010307285262754886,0.10321351625662269,0.2,0.0,2
2022-05-19,0.8612292490829431,8.202055596018276e-05,0.00028916081345522495,8.21917808219178e-06,0.0001989210794128674,0.19886520989558054,0.20000000000000004,0.0,2
2022-05-20,0.8615583807029384,0.00038216493499931836,0.0003911256042875233,8.219178082191782e-06,7.414912059530226e-07,0.0007412073928791381,0.2,0.0,2
2022-05-23,0.8614239218560445,-0.0001560646961430434,-0.00012844295571067256,2.4657534246575342e-05,2.9642061858999143e-06,0.00296466007681023,0.2,0.0,2
2022-05-24,0.8602857569660396,-0.0013212599059851948,-0.0013094871931644601,8.21917808219178e-06,3.5535347385482475e-06,0.003558223432235223,0.2,0.0,2
2022-05-25,0.8602065541260516,-9.20657343755904e-05,-8.310915735057495e-05,8.219178082191782e-06,7.373989429870472e-07,0.0007374662945561667,0.20000000000000004,0.0,2
2022-05-26,0.8598778732853939,-0.0003820952526822907,-0.00037107599024330815,8.219178082191782e-06,2.8000843566638795e-06,0.0028011468181177624,0.20000000000000004,0.0,2
2022-05-27,0.860620867772157,0.0008640697822870358,0.0010773809869238152,8.219178082191782e-06,0.0002050920265545395,0.20487298418418637,0.2,0.0,2
2022-05-31,0.8611004282852776,0.0005572262201380962,0.0007866671177529148,3.287671232876712e-05,0.00019656418528611388,0.19641612869283467,0.0,0.0,0
2022-06-01,0.8611004282852776,0.0,0.0,0.0,0.0,0.0,0.0,0.0,0
2022-06-02,0.8609282426367502,-0.00019996000799848979,0.0,0.0,0.00019996000799840034,0.19996000799840033,0.2,0.0,2
2022-06-03,0.8607349967820235,-0.0002244622085283421,-0.0002149163249928976,8.219178082191782e-06,1.326705453255252e-06,0.0013270015544146778,0.2,0.0,2
2022-06-06,0.8609083849569735,0.00020144199503713267,0.00022656643810270997,2.4657534246575345e-05,4.6690881911023974e-07,0.0004668145650930976,0.2,0.0,2
2022-06-07,0.8603373912291505,-0.000663245634262899,-0.0006529448359500756,8.219178082191782e-06,2.0816202306751475e-06,0.0020829974336195782,0.20000000000000004,0.0,2
2022-06-08,0.8604090430258448,8.328336932073022e-05,9.5007876578057e-05,8.219178082191782e-06,3.5053291750328727e-06,0.003505024978476795,0.20000000000000004,0.0,2
2022-06-09,0.8596095736529082,-0.0009291736057596145,-0.0009171938008017967,8.219178082191782e-06,3.7606268756700655e-06,0.0037641102321328314,0.2,0.0,2
2022-06-10,0.8606973815089158,0.0012654673579133302,0.0012773901854485463,8.21917808219178e-06,3.7036494528675958e-06,0.0036989548466187104,0.2,0.0,2
2022-06-13,0.8609676035113294,0.0003139570402082015,0.0004462242367533955,2.4657534246575342e-05,0.0001076096622985399,0.1075643167642142,0.30000000000000004,0.0,3
2022-06-14,0.8594631239587662,-0.0017474287608817418,-0.0017297313767400575,1.2328767123287673e-05,5.368617018477516e-06,0.005377985793182081,0.30000000000000004,0.0,3
2022-06-15,0.8587601087642879,-0.000817970166352433,-0.0008019825104099767,1.2328767123287673e-05,3.6588888192929756e-06,0.0036618707219187026,0.30000000000000004,0.0,3
2022-06-16,0.8570167530343663,-0.002030084667568155,-0.0020091010756229217,1.232876712328767e-05,8.654824821900614e-06,0.008672355379872388,0.30000000000000004,0.0,3
2022-06-17,0.857978706662603,0.0011224443685970975,0.0012362658436589902,1.2328767123287673e-05,0.00010149270793864133,0.1013686391028454,0.2,0.0,2
2022-06-21,0.8571027805678432,-0.0010209182208811285,-0.0009851961727430304,3.287671232876713e-05,2.8453358092688583e-06,0.0028482355206227022,0.20000000000000004,0.0,2
2022-06-22,0.856706042668104,-0.000462882525566366,-0.00035396233035427387,8.219178082191782e-06,0.00010070101712983992,0.10073750239041178,0.30000000000000004,0.0,3
2022-06-23,0.8570271431911438,0.0003748082855115076,0.0003912832776960805,1.2328767123287673e-05,4.146225061372503e-06,0.004144654425883049,0.3,0.0,3
2022-06-24,0.8564539131411852,-0.0006688586872805047,-0.0005474445640210602,1.2328767123287673e-05,0.00010908535613623825,0.10914645341004618,0.4,0.0,4
2022-06-27,0.8560410346594283,-0.0004820790417580101,-0.00032980365520711164,4.9315068493150684e-05,0.00010296031805765533,0.10299936704623183,0.3,0.0,3
2022-06-28,0.8566428686857861,0.0007030434313202161,0.0007198110675344926,1.232876712328767e-05,4.438869091101602e-06,0.004435730890007534,0.3,0.0,3
2022-06-29,0.8565385004229799,-0.00012183404149079813,-7.128764953462427e-06,1.2328767123287671e-05,0.0001023765094139419,0.10237850144691778,0.2,0.0,2
2022-06-30,0.8566271384345111,0.00010348397823034539,0.00031254994865212996,8.21917808219178e-06,0.00020084679233960974,0.20078568707674227,0.0,0.0,0
2022-07-01,0.8566271384345111,0.0,0.0,0.0,0.0,0.0,0.0,0.0,0
2022-07-05,0.8566271384345111,0.0,0.0,0.0,0.0,0.0,0.0,0.0,0
2022-07-06,0.8566271384345111,0.0,0.0,0.0,0.0,0.0,0.0,0.0,0
2022-07-07,0.8566271384345111,0.0,0.0,0.0,0.0,0.0,0.0,0.0,0
2022-07-08,0.8566271384345111,0.0,0.0,0.0,0.0,0.0,0.0,0.0,0
2022-07-11,0.8566271384345111,0.0,0.0,0.0,0.0,0.0,0.0,0.0,0
2022-07-12,0.8566271384345111,0.0,0.0,0.0,0.0,0.0,0.0,0.0,0
2022-07-13,0.8566271384345111,0.0,0.0,0.0,0.0,0.0,0.0,0.0,0
2022-07-14,0.8566271384345111,0.0,0.0,0.0,0.0,0.0,0.0,0.0,0
2022-07-15,0.8566271384345111,0.0,0.0,0.0,0.0,0.0,0.0,0.0,0
2022-07-18,0.8566271384345111,0.0,0.0,0.0,0.0,0.0,0.0,0.0,0
2022-07-19,0.8566271384345111,0.0,0.0,0.0,0.0,0.0,0.0,0.0,0
2022-07-20,0.8566271384345111,0.0,0.0,0.0,0.0,0.0,0.0,0.0,0
2022-07-21,0.8566271384345111,0.0,0.0,0.0,0.0,0.0,0.0,0.0,0
2022-07-22,0.8566271384345111,0.0,0.0,0.0,0.0,0.0,0.0,0.0,0
2022-07-25,0.8566271384345111,0.0,0.0,0.0,0.0,0.0,0.0,0.0,0
2022-07-26,0.8566271384345111,0.0,0.0,0.0,0.0,0.0,0.0,0.0,0
2022-07-27,0.8566271384345111,0.0,0.0,0.0,0.0,0.0,0.0,0.0,0
2022-07-28,0.8566271384345111,0.0,0.0,0.0,0.0,0.0,0.0,0.0,0
2022-07-29,0.8566271384345111,0.0,0.0,0.0,0.0,0.0,0.0,0.0,0
2022-08-01,0.8566271384345111,0.0,0.0,0.0,0.0,0.0,0.0,0.0,0
2022-08-02,0.8564558472650581,-0.00019996000799837876,0.0,0.0,0.00019996000799840034,0.19996000799840033,0.2,0.0,2
2022-08-03,0.8561184665251009,-0.0003939265999929331,-0.00028351701582911553,8.219178082191782e-06,0.00010219040608159025,0.102220227421679,0.3,0.0,3
2022-08-04,0.8550525433199012,-0.0012450650778813577,-0.0012278089718034014,1.2328767123287671e-05,4.927338954610216e-06,0.004933457120969307,0.30000000000000004,0.0,3
2022-08-05,0.8550779922755698,2.9763031368590376e-05,0.00024245915667910908,1.2328767123287671e-05,0.00020036735818725467,0.20032125817807384,0.30000000000000004,0.0,3
2022-08-08,0.8549690420721024,-0.0001274155158378365,-8.902185176783427e-05,3.698630136986301e-05,1.4073627001620828e-06,0.0014075400616857228,0.30000000000000004,0.0,3
2022-08-09,0.8543136768548205,-0.0007665367809033263,-0.0007494083437299515,1.2328767123287673e-05,4.799670049971133e-06,0.0048033289238680775,0.30000000000000004,0.0,3
2022-08-10,0.8550728791849846,0.0008886692917748906,0.0009042312573803834,1.2328767123287671e-05,3.233198482124564e-06,0.003230317354032182,0.3,0.0,3
2022-08-11,0.8549659687669962,-0.00012503076707381933,-0.00011114742307785638,1.2328767123287673e-05,1.5545768726469139e-06,0.0015547688495811036,0.3,0.0,3
2022-08-12,0.8552136629147006,0.00028971228885477096,0.000407177009359172,1.2328767123287673e-05,0.00010513595338108739,0.10509445701946452,0.4,0.0,4
2022-08-15,0.8551401387629891,-8.597167573409781e-05,-3.489423793102686e-05,4.9315068493150684e-05,1.7623693099080462e-06,0.0017625177303036753,0.4000000000000001,0.0,4
2022-08-16,0.8552373042572472,0.00011362522919178275,0.00013249303213728198,1.643835616438356e-05,2.4294467809178816e-06,0.0024291648649765922,0.39999999999999997,0.0,4
2022-08-17,0.8546074096478461,-0.0007365144226819664,-0.0007183047676116216,1.643835616438356e-05,1.7712989058160415e-06,0.0017726013124415544,0.4000000000000001,0.0,4
2022-08-18,0.854504579965573,-0.00012032388335525557,-0.00010051981604851105,1.6438356164383563e-05,3.3657111424990187e-06,0.00336610483596811,0.4000000000000001,0.0,4
2022-08-19,0.854268042991722,-0.0002768118268723363,-0.0002571835981332537,1.6438356164383563e-05,3.1898725747819092e-06,0.0031907456328376326,0.4000000000000001,0.0,4
2022-08-22,0.8540915294967109,-0.00020662542214844315,-0.00015085067688041503,4.93150684931507e-05,6.45967677496693e-06,0.006460970039850792,0.4,0.0,4
2022-08-23,0.85355175875633,-0.0006319823130652713,-0.000612110483474848,1.6438356164383563e-05,3.433473426092798e-06,0.003435632889158705,0.4000000000000001,0.0,4
2022-08-24,0.8532656027023425,-0.00033525331188399843,-0.0003167706010893113,1.6438356164383563e-05,2.0443546303250877e-06,0.002045036054656406,0.39999999999999997,0.0,4
2022-08-25,0.8532472864246468,-2.146609172781755e-05,-2.240580843593251e-06,1.6438356164383563e-05,2.7871547198896077e-06,0.0027872067819495155,0.39999999999999997,0.0,4
2022-08-26,0.8526753344153579,-0.0006703238538097178,-0.0006470045092017208,1.6438356164383563e-05,6.880988443607068e-06,0.006885556617018704,0.4,0.0,4
2022-08-29,0.8528005325396313,0.00014682977121549534,0.0002997016910669613,4.931506849315069e-05,0.00010355685135819024,0.10353092859864649,0.3,0.0,3
2022-08-30,0.8525182448970928,-0.0003310125073419101,-0.00031446536088513546,1.2328767123287671e-05,4.2183793335826685e-06,0.004219758325825162,0.3,0.0,3
2022-08-31,0.8524605462686545,-6.768022711967081e-05,0.00024281971215472375,1.2328767123287671e-05,0.00029817117215113874,0.2981024622329025,0.0,0.0,0
2022-09-01,0.8524605462686545,0.0,0.0,0.0,0.0,0.0,0.0,0.0,0
2022-09-02,0.8523753087377808,-9.999000099991662e-05,0.0,0.0,9.999000099990002e-05,0.09999000099990002,0.1,0.0,1
2022-09-06,0.8524876435020452,0.00013179026083087741,0.00014840958321575838,1.6438356164383563e-05,1.8096622044993838e-07,0.00018094234126713582,0.1,0.0,1
2022-09-07,0.8526393867825446,0.00017800056300631972,0.00018539514696778168,4.10958904109589e-06,3.284994920257455e-06,0.0032843995060605445,0.1,0.0,1
2022-09-08,0.8526993864765978,7.03693671477712e-05,7.486202514928043e-05,4.109589041095891e-06,3.8306896032017225e-07,0.00038304185917550416,0.1,0.0,1
2022-09-09,0.8526443628233884,-6.452878245499782e-05,-5.9863761396039525e-05,4.109589041095891e-06,5.554320177063055e-07,0.000555467552826719,0.1,0.0,1
2022-09-12,0.852632267188388,-1.418602588343365e-05,9.858818567503039e-05,1.2328767123287673e-05,0.00010044544443518945,0.10043678081687497,0.2,0.0,2
2022-09-13,0.8519850292087112,-0.0007591056597131551,-0.0007458276139951759,8.219178082191782e-06,5.0588676358507645e-06,0.005062685137337871,0.2,0.0,2
2022-09-14,0.8520213367579107,4.2615243172949846e-05,5.2919966691444815e-05,8.219178082191782e-06,2.0855454363231505e-06,0.0020854522149645342,0.2,0.0,2
2022-09-15,0.851310097980786,-0.0008347663919204829,-0.0008215784721188057,8.219178082191782e-06,4.968741719465631e-06,0.0049728681938076115,0.2,0.0,2
2022-09-16,0.8512459350627964,-7.536961929832664e-05,-6.634889950731246e-05,8.21917808219178e-06,8.015417087848416e-07,0.0008016014826663971,0.20000000000000004,0.0,2
2022-09-19,0.8508563733497889,-0.00045763709048285417,-0.00033118429421485907,2.4657534246575345e-05,0.00010179526202133934,0.10183149792775692,0.1,0.0,1
2022-09-20,0.8512917073097667,0.000511642121529654,0.0005169894859382851,4.109589041095891e-06,1.2377753676192928e-06,0.0012371408629410603,0.1,0.0,1
2022-09-21,0.8514330139725529,0.0001659908837039481,0.00017156203472595282,4.109589041095891e-06,1.4615619810236673e-06,0.0014613172798712314,0.1,0.0,1
2022-09-22,0.8513552847525072,-9.129223176707058e-05,-8.709554717872825e-05,4.10958904109589e-06,8.709554717872627e-08,8.710349146453051e-05,0.1,0.0,1
2022-09-23,0.8513240177132366,-3.672619390582277e-05,-3.18616133380412e-05,4.109589041095891e-06,7.549915266509404e-07,0.0007550186855808795,0.1,0.0,1
2022-09-26,0.8510742608864912,-0.0002933745807105481,-0.00027868758754761035,1.2328767123287671e-05,2.3582260395391228e-06,0.0023589125216621643,0.10000000000000002,0.0,1
2022-09-27,0.8503366098449764,-0.0008667293506755547,-0.0008607806924537221,4.10958904109589e-06,1.83906918070363e-06,0.0018406611506443472,0.1,0.0,1
2022-09-28,0.8501914842297581,-0.00017066843122837128,-6.542458416555214e-05,4.109589041095891e-06,0.00010113425802175604,0.10114129079778872,0.2,0.0,2
2022-09-29,0.8500747974759915,-0.00013724761530908847,6.855756082255768e-05,8.21917808219178e-06,0.00019758599804958586,0.19757407674932337,0.2,0.0,2
2022-09-30,0.8500048392051227,-8.229660622394164e-05,0.00012470207876492668,8.219178082191782e-06,0.0001987795069066623,0.19875635518988063,0.0,0.0,0
2022-10-03,0.8500048392051227,0.0,0.0,0.0,0.0,0.0,0.0,0.0,0
2022-10-04,0.8499198472204007,-9.99900009998056e-05,0.0,0.0,9.999000099990002e-05,0.09999000099990002,0.1,0.0,1
2022-10-05,0.8496579805028313,-0.00030810754499477344,-0.00020359895288684643,4.10958904109589e-06,0.00010039900306693447,0.10041986112987035,0.2,0.0,2
2022-10-06,0.8496979830477622,4.7080761728768294e-05,5.889454157064202e-05,8.219178082191782e-06,3.5946017596551736e-06,0.0035944196111348495,0.2,0.0,2
2022-10-07,0.8485772499467323,-0.0013189781821182356,-0.0011087635158592737,8.21917808219178e-06,0.00020199548817689865,0.20222136594300216,0.4,0.0,4
2022-10-10,0.8475570717752607,-0.0012022219209101292,-0.0011501742843217256,4.9315068493150684e-05,2.732568095219252e-06,0.0027358497178266864,0.4000000000000001,0.0,4
2022-10-11,0.8471559140517416,-0.00047331057326782666,-0.00015697152196703643,1.643835616438356e-05,0.0002999006951363182,0.299952709899187,0.5,0.0,5
2022-10-12,0.8495421627488932,0.0028167762953323905,0.002947560932560733,2.0547945205479453e-05,0.00011023669202296304,0.10991496947979093,0.4,0.0,4
2022-10-13,0.8496573325898128,0.00013556695119998352,0.00016406721283691546,1.6438356164383563e-05,1.2061905472553848e-05,0.012060125050081376,0.4,0.0,4
2022-10-14,0.8486023660472428,-0.0012416376603899826,-0.0011249213273422376,1.643835616438356e-05,0.00010027797688324985,0.10039256090479057,0.3,0.0,3
2022-10-17,0.8489992157602732,0.00046765096222722846,0.0006097332163077508,3.698630136986302e-05,0.00010509595271054897,0.1050357937837013,0.4000000000000001,0.0,4
2022-10-18,0.8494760874872852,0.0005616868875255587,0.0005881731434885688,1.6438356164383563e-05,1.0047899798572742e-05,0.010042158347305768,0.4000000000000001,0.0,4
2022-10-19,0.849223560690511,-0.0002972735789670278,-0.0002749610021905769,1.6438356164383563e-05,5.874220612040265e-06,0.005875932855103978,0.39999999999999997,0.0,4
2022-10-20,0.8484419321265048,-0.0009204037666720177,-0.0007944723897695681,1.6438356164383563e-05,0.00010949302073819465,0.10958188186375763,0.5,0.0,5
2022-10-21,0.847502857104075,-0.001106822973819921,-0.0009741541805967202,2.0547945205479453e-05,0.00011212084801766331,0.11223248590998204,0.4000000000000001,0.0,4
2022-10-24,0.8478905140625062,0.0004574107983019715,0.0005098076014724116,4.9315068493150684e-05,3.0817346772562605e-06,0.003080316214640204,0.39999999999999997,0.0,4
2022-10-25,0.8483831194140202,0.0005809775476244283,0.0006064325706626294,1.643835616438356e-05,9.016666873720679e-06,0.009011350229220621,0.4,0.0,4
2022-10-26,0.8490197429370367,0.000750396263726083,0.0008685131082221909,1.643835616438356e-05,0.00010167848833168196,0.10159192441787253,0.5000000000000001,0.0,5
2022-10-27,0.8495295194139147,0.0006004294730703741,0.0006244224803972964,2.054794520547945e-05,3.445062121554224e-06,0.0034429829918003764,0.5000000000000001,0.0,5
2022-10-28,0.8504744618861025,0.0011123126984917686,0.0012445645606994407,2.0547945205479453e-05,0.00011170391700219225,0.11156735670383999,0.4000000000000001,0.0,4
2022-10-31,0.8496301060913691,-0.000992805583910017,-0.0005441244163114977,4.931506849315069e-05,0.00039936609910534634,0.3996032394458893,0.0,0.0,0
2022-11-01,0.8496301060913691,0.0,0.0,0.0,0.0,0.0,0.0,0.0,0
2022-11-02,0.8494602140485594,-0.00019996000799837876,0.0,0.0,0.00019996000799840034,0.19996000799840033,0.2,0.0,2
2022-11-03,0.8497391952803864,0.00032842177563252584,0.000537661374713766,8.219178082191782e-06,0.00020102042099906728,0.20091404862382975,0.4000000000000001,0.0,4
2022-11-04,0.8493974783448486,-0.0004021433134258068,-0.0002815702751113091,1.643835616438356e-05,0.00010413468215005815,0.10416572443502288,0.5000000000000001,0.0,5
2022-11-07,0.849198699788518,-0.00023402301207431364,3.525798982073039e-05,6.164383561643837e-05,0.00020763716627841656,0.20764264510523095,0.5000000000000001,0.0,5
2022-11-08,0.8500525344968184,0.0010054592741521873,0.0011285757736546667,2.0547945205479453e-05,0.00010256855429699177,0.10245503127117865,0.6000000000000002,0.0,6
2022-11-09,0.8510298694930515,0.0011497348182269995,0.001182645078543038,2.4657534246575345e-05,8.252726069572526e-06,0.008243180569148065,0.6000000000000001,0.0,6
2022-11-10,0.8520612043870929,0.0012118668580407554,0.001462571669210776,2.4657534246575345e-05,0.000226047276923416,0.22572270705236303,0.4,0.0,4
2022-11-11,0.8522210215474489,0.00018756535273900532,0.0005077545281547245,1.643835616438356e-05,0.0003037508192513577,0.3036016548484876,0.7000000000000002,0.0,7
2022-11-14,0.8524569772105934,0.0002768714420069429,0.00046704020521235476,8.630136986301371e-05,0.00010386739334235294,0.10382786204308185,0.6000000000000002,0.0,6
2022-11-15,0.851258880540467,-0.0014054629173743116,-0.0012755836616536618,2.4657534246575345e-05,0.00010522172147411513,0.10535871321338221,0.49999999999999994,0.0,5
2022-11-16,0.8526108951778166,0.001588253195656808,0.0016123092158322747,2.054794520547945e-05,3.50807497004098e-06,0.003502499826466832,0.5,0.0,5
2022-11-17,0.8516269723935895,-0.0011540115072325996,-0.001128491784826846,2.0547945205479453e-05,4.971777200206263e-06,0.0049774965414885325,0.5000000000000001,0.0,5
2022-11-18,0.8524013211422143,0.0009092581302920788,0.0009377978747227568,2.0547945205479453e-05,7.991799225317494e-06,0.007984475465759294,0.5,0.0,5
2022-11-21,0.8528714598884075,0.0005515462429870333,0.0006168340775443484,6.164383561643834e-05,3.6439989407991914e-06,0.003641976950734817,0.5000000000000001,0.0,5
2022-11-22,0.8529332399460126,7.243771249321185e-05,9.732877171993439e-05,2.054794520547945e-05,4.3431140213026685e-06,0.00434278057902044,0.5,0.0,5
2022-11-23,0.853556205810323,0.0007303805680616282,0.0007537651219774289,2.0547945205479456e-05,2.836608710267356e-06,0.0028345303839017967,0.5,0.0,5
2022-11-25,0.8540874090310474,0.0006223412320225385,0.0006668144281561038,4.1095890410958905e-05,3.3773057226946484e-06,0.0033751938013646516,0.5000000000000001,0.0,5
2022-11-28,0.8538665732135152,-0.0002585634856538954,-0.0001920897969669654,6.164383561643834e-05,4.829853070577447e-06,0.004831078877770401,0.5000000000000001,0.0,5
2022-11-29,0.8537565675799775,-0.0001288323456950513,-0.0001049621733530904,2.0547945205479456e-05,3.3222271363723204e-06,0.0033226441618350007,0.5,0.0,5
2022-11-30,0.8540517945813243,0.0003457976343110847,0.000877936135337376,2.0547945205479453e-05,0.0005115905558207014,0.5111522998754294,0.0,0.0,0
2022-12-01,0.8540517945813243,0.0,0.0,0.0,0.0,0.0,0.0,0.0,0
2022-12-02,0.8539663979415302,-9.999000099991662e-05,0.0,0.0,9.999000099990002e-05,0.09999000099990002,0.1,0.0,1
2022-12-05,0.8539650974557965,-1.5228769384423302e-06,1.216108740306745e-05,1.232876712328767e-05,1.3551972181878902e-06,0.0013551974454270189,0.10000000000000002,0.0,1
2022-12-06,0.8540315187465162,7.777986584889263e-05,8.197142631629075e-05,4.109589041095891e-06,8.197142631628795e-08,8.196504436734117e-05,0.1,0.0,1
2022-12-07,0.8540630986106957,3.697739894414909e-05,0.0001413859734445633,4.109589041095891e-06,0.00010029898545929404,0.1002852186670663,0.2,0.0,2
2022-12-08,0.8540666247092384,4.128615963328031e-06,0.00021347041847166186,8.21917808219178e-06,0.00020112262442602865,0.20108135222906445,0.4000000000000001,0.0,4
2022-12-09,0.8548986042822442,0.0009741389593451721,0.001093761611580768,1.643835616438356e-05,0.00010318429607112906,0.10307325285881286,0.5,0.0,5
2022-12-12,0.8542249439557941,-0.0007880002646812878,-0.0007193246532811451,6.164383561643835e-05,7.0317757837837715e-06,0.0070372716712067945,0.5000000000000001,0.0,5
2022-12-13,0.8540018862191303,-0.0002611229492208711,-3.8990607743333365e-05,2.0547945205479456e-05,0.00020158439627194496,0.2015963990298229,0.3,0.0,3
2022-12-14,0.8541560344526268,0.00018050104570477288,0.00019364068694606166,1.2328767123287674e-05,8.108741180230565e-07,0.0008107271235318365,0.30000000000000004,0.0,3
2022-12-15,0.8535218199151541,-0.0007425043105608875,-0.0006263635571815806,1.2328767123287673e-05,0.00010381198625614338,0.10387833254980451,0.4,0.0,4
2022-12-16,0.8531900711606104,-0.00038868221854793106,-0.0002677326538761016,1.643835616438356e-05,0.00010451120850750227,0.10454091600519402,0.5,0.0,5
2022-12-19,0.8532856117052433,0.00011198037560711249,0.00027816065876765117,6.164383561643835e-05,0.00010453644754402008,0.10451381854405352,0.6000000000000001,0.0,6
2022-12-20,0.8529963242200699,-0.00033902773140082054,-0.00031243699740080006,2.4657534246575342e-05,1.933199753448536e-06,0.0019338516442628344,0.6000000000000001,0.0,6
2022-12-21,0.8530368113936446,4.746465186911131e-05,7.92568352453892e-05,2.4657534246575342e-05,7.134649129685435e-06,0.0071342596040979075,0.6,0.0,6
2022-12-22,0.852850035535915,-0.0002189540418829905,-0.00019082828991183188,2.4657534246575345e-05,3.4682177244794084e-06,0.0034689652373125477,0.6,0.0,6
2022-12-23,0.8524022508369951,-0.0005250450609860513,-0.00049447290779272,2.465753424657534e-05,5.914618946798311e-06,0.00591769100034317,0.6000000000000002,0.0,6
2022-12-27,0.8527998137879065,0.00046640298112898826,0.0005682316794869191,9.863013698630137e-05,3.1985613716366477e-06,0.0031970600273163534,0.6,0.0,6
2022-12-28,0.8522156245300203,-0.000685025076742618,-0.0006539816601673633,2.4657534246575345e-05,6.385882328729668e-06,0.0063902189817916,0.6,0.0,6
2022-12-29,0.8516657768186566,-0.0006451978766135458,-0.0006142240180687376,2.4657534246575345e-05,6.316324298311725e-06,0.006320362261164333,0.6,0.0,6
2022-12-30,0.8507279086939183,-0.0011012161698473744,-0.0004829412686658597,2.4657534246575342e-05,0.0005936173669348906,0.5939188394268107,0.0,0.0,0
2023-01-03,0.8507279086939183,0.0,0.0,0.0,0.0,0.0,0.0,0.0,0
2023-01-04,0.8507279086939183,0.0,0.0,0.0,0.0,0.0,0.0,0.0,0
2023-01-05,0.8506428444094773,-9.999000099991662e-05,0.0,0.0,9.999000099990002e-05,0.0999900009999,0.1,0.0,1
2023-01-06,0.8509767524680766,0.00039253613992484837,0.0004995159880576415,4.109589041095891e-06,0.00010287025909173789,0.10281932174180446,0.20000000000000004,0.0,2
2023-01-09,0.8505872555414157,-0.0004577057193763112,-0.0004295565695042138,2.4657534246575345e-05,3.4916156254745053e-06,0.0034932022872206153,0.2,0.0,2
2023-01-10,0.8508161473244936,0.0002690985334976581,0.00027883333168979844,8.21917808219178e-06,1.515620110036032e-06,0.0015152100727446583,0.2,0.0,2
2023-01-11,0.8511103893652368,0.00034583504517216035,0.0004548688710226012,8.219178082191782e-06,0.00010081464776828035,0.10076963903994546,0.30000000000000004,0.0,3
2023-01-12,0.8510264151482678,-9.866430726046538e-05,1.82695649341261e-05,1.2328767123287673e-05,0.00010460510507127192,0.10460448363718453,0.2,0.0,2
2023-01-13,0.8517271610384264,0.0008234126199673231,0.0008334320902235126,8.21917808219178e-06,1.800292174028546e-06,0.001798807774626464,0.2,0.0,2
2023-01-17,0.8502679970971245,-0.0017131823523425238,-0.0015828228710668966,3.287671232876713e-05,9.74827689468164e-05,0.09764052670513644,0.1,0.0,1
2023-01-18,0.8514433582380198,0.0013823419732461595,0.0015883163470287952,4.10958904109589e-06,0.00020186478474167806,0.20154549500644686,0.30000000000000004,0.0,3
2023-01-19,0.8513790241443283,-7.555886491916741e-05,3.89001139401824e-05,1.2328767123287673e-05,0.00010213021173603798,0.1021274980708672,0.4000000000000001,0.0,4
2023-01-20,0.8520759470098949,0.0008185812027339257,0.0008387593087653633,1.6438356164383563e-05,3.739749866872294e-06,0.003736677118984249,0.4,0.0,4
2023-01-23,0.8513176083209861,-0.0008899895503092781,-0.0008381511253739704,4.9315068493150684e-05,2.5233564421546708e-06,0.002525597824843524,0.4,0.0,4
2023-01-24,0.852177438098177,0.0010099988168772445,0.0011300839779915862,1.643835616438356e-05,0.00010364680495003025,0.10353150753993724,0.5000000000000001,0.0,5
2023-01-25,0.8518823971009134,-0.00034622014626684017,-0.0003233525967684392,2.0547945205479453e-05,2.319604292793535e-06,0.00232040228039536,0.5000000000000001,0.0,5
2023-01-26,0.8527732705424612,0.0010457704544424296,0.0010691358130959117,2.0547945205479453e-05,2.8174134479631464e-06,0.002814462237006785,0.5000000000000001,0.0,5
2023-01-27,0.8531754768274314,0.0004716450419632867,0.0004967659614314446,2.054794520547945e-05,4.572974262576635e-06,0.0045707975664269805,0.5,0.0,5
2023-01-30,0.8529506198201616,-0.00026355305957215247,-9.97226150783071e-05,6.164383561643835e-05,0.00010218660887753345,0.10220310102919652,0.6000000000000001,0.0,6
2023-01-31,0.8535412582098146,0.0006924649281310202,0.001324061334445537,2.4657534246575345e-05,0.0006069388720681554,0.6061512368475004,0.0,0.0,0
2023-02-01,0.8535412582098146,0.0,0.0,0.0,0.0,0.0,0.0,0.0,0
2023-02-02,0.8532852726280262,-0.00029991002699192304,0.0,0.0,0.0002999100269919024,0.2999100269919024,0.3,0.0,3
2023-02-03,0.8550237010413297,0.002037335541898333,0.0022512123256607066,1.2328767123287674e-05,0.00020154801663896165,0.20109778212091284,0.3,0.0,3
2023-02-06,0.8571795139199488,0.0025213486783974837,0.0025617279903065835,3.6986301369863006e-05,3.3930105392563217e-06,0.00338446563776588,0.30000000000000004,0.0,3
2023-02-07,0.8559843884949382,-0.0013942533688716674,-0.0012781975362412324,1.2328767123287673e-05,0.00010372706550707595,0.10386110098979968,0.2,0.0,2
2023-02-08,0.8552389951140704,-0.0008708025413621812,-0.0008612286064941799,8.219178082191782e-06,1.3547567857768804e-06,0.0013559357010682021,0.2,0.0,2
2023-02-09,0.8548129621428678,-0.0004981449321610487,-0.0002911770452418638,8.21917808219178e-06,0.00019874870883700423,0.19880823127061237,0.20000000000000004,0.0,2
2023-02-10,0.854552510673232,-0.00030468825482354855,-0.00019528365650348662,8.219178082191782e-06,0.00010118542023782857,0.10120601594895132,0.30000000000000004,0.0,3
2023-02-13,0.8544304726315136,-0.00014280929515053664,-0.00010066211928903021,3.698630136986302e-05,5.160874491663429e-06,0.0051615849756834285,0.3,0.0,3
2023-02-14,0.8549418574745894,0.000598509603128683,0.0007123295688557852,1.2328767123287673e-05,0.00010149119860363712,0.10142020437925978,0.2,0.0,2
2023-02-15,0.8496984715609852,-0.00613303216793315,-0.006019406886181617,8.219178082191782e-06,0.0001054061036693883,0.1060453051144892,0.30000000000000004,0.0,3
2023-02-16,0.8486987566217133,-0.0011765525921628717,-0.0010651800077234375,1.2328767123287673e-05,9.904381731606232e-05,0.09915065301471745,0.2,0.0,2
2023-02-17,0.8491121552104105,0.0004870969651737944,0.000497452423238931,8.219178082191782e-06,2.136279983012411e-06,0.0021352353548905645,0.2,0.0,2
2023-02-21,0.8490340367673338,-9.200014697396952e-05,-5.460959296921237e-05,3.287671232876713e-05,4.51384167592608e-06,0.004514236609808313,0.2,0.0,2
2023-02-22,0.8491674930298544,0.0001571859981359669,0.00016568194296484042,8.219178082191782e-06,2.7676674674162606e-07,0.0002767231731456754,0.2,0.0,2
2023-02-23,0.8490774655911308,-0.00010601847039892753,3.850918461684224e-06,8.219178082191782e-06,0.00010165021077837355,0.10165065481482437,0.30000000000000004,0.0,3
2023-02-24,0.8481715519441061,-0.0010669387467421299,-0.0010533841910840282,1.2328767123287673e-05,1.2257885347034608e-06,0.0012270962670962733,0.3,0.0,3
2023-02-27,0.8486587973065531,0.000574465579905592,0.000712198442306028,3.698630136986302e-05,0.00010074656103043863,0.10067858162978996,0.2,0.0,2
2023-02-28,0.8480798141796967,-0.0006822331055708064,-0.0004760515417716606,8.219178082191782e-06,0.00019796238571709733,0.19805829955239457,0.0,0.0,0
2023-03-01,0.8480798141796967,0.0,0.0,0.0,0.0,0.0,0.0,0.0,0
2023-03-02,0.8480798141796967,0.0,0.0,0.0,0.0,0.0,0.0,0.0,0
2023-03-03,0.8480798141796967,0.0,0.0,0.0,0.0,0.0,0.0,0.0,0
2023-03-06,0.8480798141796967,0.0,0.0,0.0,0.0,0.0,0.0,0.0,0
2023-03-07,0.8480798141796967,0.0,0.0,0.0,0.0,0.0,0.0,0.0,0
2023-03-08,0.8479950146782289,-9.99900009998056e-05,0.0,0.0,9.999000099990002e-05,0.09999000099990002,0.1,0.0,1
2023-03-09,0.8480350175639502,4.7173491622976016e-05,5.2201623810693683e-05,4.109589041095891e-06,9.185431466935276e-07,0.0009184989742089239,0.1,0.0,1
2023-03-10,0.8481917714115225,0.00018484360235815345,0.00018920293009142556,4.109589041095891e-06,2.4973869226915634e-07,0.0002496924758545653,0.1,0.0,1
2023-03-13,0.8477791951500673,-0.00048641860881126764,-0.0003734499464055907,1.2328767123287671e-05,0.00010063989528244976,0.10067873499531597,0.20000000000000004,0.0,2
2023-03-14,0.8485305253195651,0.000886233318529106,0.0009958161502468144,8.219178082191782e-06,0.00010136365363542905,0.10126364596528338,0.30000000000000004,0.0,3
2023-03-15,0.848164736403859,-0.00043108515815415416,-0.00041374061456613285,1.2328767123287673e-05,5.015776464823924e-06,0.005017914444528675,0.30000000000000004,0.0,3
2023-03-16,0.8478525577272118,-0.00036806373013198446,-0.00035182116181466946,1.2328767123287673e-05,3.913801194134968e-06,0.003915226923741025,0.30000000000000004,0.0,3
2023-03-17,0.848354507295096,0.0005920245959152304,0.0006098096128773267,1.2328767123287673e-05,5.456249838818573e-06,0.005452991780677564,0.3,0.0,3
2023-03-20,0.8481456616837247,-0.00024617728741382905,-0.00020442661142151542,3.6986301369863006e-05,4.764374622433386e-06,0.0047655250817243465,0.30000000000000004,0.0,3
2023-03-21,0.8486221028116175,0.000561744461378133,0.000577410381773952,1.2328767123287673e-05,3.337153272403346e-06,0.003335268573452566,0.3,0.0,3
2023-03-22,0.849460956053139,0.0009884885613304917,0.0010049262177203087,1.2328767123287671e-05,4.108889266613511e-06,0.004104814837870268,0.30000000000000004,0.0,3
2023-03-23,0.8497070018096703,0.00028964928261632217,0.0003048773652114367,1.2328767123287673e-05,2.899315471914314e-06,0.002898467529302012,0.3,0.0,3
2023-03-24,0.8494356064433192,-0.00031939876424824654,-0.00020254963046927312,1.2328767123287671e-05,0.00010452036665572181,0.10454283065165204,0.4000000000000001,0.0,4
2023-03-27,0.8490945495395941,-0.00040151001575405854,-0.0003494495370330531,4.9315068493150684e-05,2.7454102278687834e-06,0.0027465054370259547,0.4,0.0,4
2023-03-28,0.8496884901916871,0.0006994988395758739,0.0008169070227100117,1.643835616438356e-05,0.00010096982696992987,0.1008890684318532,0.49999999999999994,0.0,5
2023-03-29,0.8488691254794456,-0.0009643118880622303,-0.0009373215747352727,2.0547945205479456e-05,6.442368121518843e-06,0.006448544986209099,0.5,0.0,5
2023-03-30,0.8493637695409698,0.0005827094503465524,0.0006057826080695384,2.0547945205479453e-05,2.5252125176004646e-06,0.002523735540082506,0.49999999999999994,0.0,5
2023-03-31,0.84960639299712,0.00028565317341167074,0.000810276770274282,2.0547945205479453e-05,0.0005040756516572371,0.5036778827147076,0.0,0.0,0
2023-04-03,0.84960639299712,0.0,0.0,0.0,0.0,0.0,0.0,0.0,0
2023-04-04,0.8494365056959808,-0.00019996000799837876,0.0,0.0,0.00019996000799840034,0.19996000799840033,0.2,0.0,2
2023-04-05,0.8489056790597311,-0.0006249162034951405,-0.0006126745620578689,8.219178082191782e-06,4.022463355018703e-06,0.004024962428995165,0.2,0.0,2
2023-04-06,0.8490214938815638,0.0001364283744231809,0.00014595418624737677,8.219178082191782e-06,1.3066337421083282e-06,0.001306453797683837,0.2,0.0,2
2023-04-10,0.8490323064848275,1.2735370472638508e-05,4.7073893236437874e-05,3.287671232876712e-05,1.4618104350985552e-06,0.0014617896818059936,0.20000000000000004,0.0,2
2023-04-11,0.8488185253245168,-0.00025179390545904123,-0.00014232183920892538,8.219178082191782e-06,0.0001012528881678406,0.10126813317562802,0.30000000000000004,0.0,3
2023-04-12,0.84833902143755,-0.0005649074244503671,-0.0005517447353699523,1.2328767123287673e-05,8.339219569623597e-07,0.0008343926157275677,0.3,0.0,3
2023-04-13,0.8483076008959106,-3.703771822982649e-05,7.662077043616992e-05,1.2328767123287671e-05,0.00010132972154268394,0.10132320727070641,0.4,0.0,4
2023-04-14,0.847534904817101,-0.000910867800775983,-0.0008898850384596757,1.643835616438356e-05,4.544406151842174e-06,0.0045485285897141495,0.4,0.0,4
2023-04-17,0.848159475679806,0.0007369264193781699,0.0007907291956332663,4.9315068493150684e-05,4.48770776184026e-06,0.004484382976949643,0.4000000000000001,0.0,4
2023-04-18,0.8484082988598588,0.0002933683902468509,0.00031245573430984676,1.6438356164383563e-05,2.6489878986270436e-06,0.0026482039842268385,0.39999999999999997,0.0,4
2023-04-19,0.8488537824406261,0.0005250815926318708,0.0006449259236484984,1.6438356164383563e-05,0.0001034059748522596,0.10334102630201775,0.5,0.0,5
2023-04-20,0.8483123855353696,-0.0006377976000765395,-0.0006116163743483508,2.0547945205479453e-05,5.633280522691479e-06,0.0056368439343016385,0.5000000000000001,0.0,5
2023-04-21,0.8484632456929926,0.0001778356183350649,0.00020005774708221075,2.0547945205479453e-05,1.6741835416436643e-06,0.0016738830632266198,0.5000000000000001,0.0,5
2023-04-24,0.848303918348455,-0.00018778343710990075,-0.00012355693874032683,6.164383561643835e-05,2.582662752950936e-06,0.002583141152692688,0.5000000000000001,0.0,5
2023-04-25,0.8482398720824422,-7.549919860971865e-05,-5.125882808917333e-05,2.0547945205479456e-05,3.692425315006456e-06,0.0036926904751942552,0.5000000000000001,0.0,5
2023-04-26,0.8483807151042425,0.00016604150127319528,0.0003926197432717938,2.0547945205479456e-05,0.00020603029679320623,0.20595366724191716,0.6999999999999998,0.0,7
2023-04-27,0.8491324534913999,0.0008860861329986758,0.0009268455191316249,2.876712328767123e-05,1.1992262845323745e-05,0.01198150251676369,0.7000000000000001,0.0,7
2023-04-28,0.8506781409086853,0.0018203136753636162,0.0025531391628876078,2.8767123287671238e-05,0.0007040583642363994,0.702285534269873,0.0,0.0,0
2023-05-01,0.8506781409086853,0.0,0.0,0.0,0.0,0.0,0.0,0.0,0
2023-05-02,0.8505930816005253,-9.999000099991662e-05,0.0,0.0,9.999000099990002e-05,0.0999900009999,0.1,0.0,1
2023-05-03,0.8503457507594537,-0.0002907745741431711,-0.00018611297467124865,4.10958904109589e-06,0.00010055201043077084,0.10057114133111032,0.2,0.0,2
2023-05-04,0.8500028006121043,-0.000403306710291762,-0.0002933274322270141,8.219178082191782e-06,0.00010176009998271018,0.1017907946517981,0.3,0.0,3
2023-05-05,0.8503663670918984,0.0004277238610652656,0.0008427959466861701,1.2328767123287673e-05,0.000402743318497676,0.40240913092168906,0.49999999999999994,0.0,5
2023-05-08,0.8502279652653894,-0.0001627555273409076,7.505923761309115e-07,6.164383561643837e-05,0.00010186228410070167,0.10186848720327146,0.4,0.0,4
2023-05-09,0.8497686973599865,-0.0005401703121580281,-0.0005216537908682539,1.643835616438356e-05,2.0781651253044553e-06,0.0020792839716810676,0.4000000000000001,0.0,4
2023-05-10,0.8492302810669343,-0.0006336033496231464,-0.0005147121920112907,1.6438356164383563e-05,0.00010245280144740176,0.10250724822849029,0.5000000000000001,0.0,5
2023-05-11,0.8495099886012251,0.0003293659452878739,0.0003517952553965698,2.0547945205479453e-05,1.8813649032282787e-06,0.0018807419125285898,0.49999999999999994,0.0,5
2023-05-12,0.8498571758343171,0.00040869117226471907,0.00043230210730674804,2.0547945205479453e-05,3.0629898366882673e-06,0.00306172915696466,0.49999999999999994,0.0,5
2023-05-15,0.850622146782752,0.0009001170669460379,0.0010608325824688954,6.164383561643835e-05,9.907167990651523e-05,0.09897278741108945,0.4000000000000001,0.0,4
2023-05-16,0.8504000537187577,-0.00026109485255509934,-0.0002426806787105884,1.6438356164383563e-05,1.9758176801737006e-06,0.0019763297848401427,0.4000000000000001,0.0,4
2023-05-17,0.8499778010363978,-0.0004965341670822854,-0.00047798694129716496,1.6438356164383563e-05,2.108869620577282e-06,0.0021099128148483817,0.4000000000000001,0.0,4
2023-05-18,0.8497589821630703,-0.0002574406920516914,-0.00023767607305256734,1.6438356164383563e-05,3.326262834732755e-06,0.0033271083009595963,0.4,0.0,4
2023-05-19,0.8495318126987673,-0.00026733399595813,-0.0002489805399040535,1.643835616438356e-05,1.91509988962724e-06,0.0019156083282750307,0.4,0.0,4
2023-05-22,0.8497743999259242,0.0002855540234405485,0.00034051826829679125,4.931506849315069e-05,5.649176363109504e-06,0.005647531783783073,0.4,0.0,4
2023-05-23,0.8501980965637365,0.0004985989667953827,0.0006217610747820624,1.6438356164383563e-05,0.00010672375182225559,0.10665918859225136,0.5000000000000001,0.0,5
2023-05-24,0.8505284397958052,0.00038854854345582446,0.00041325986574297093,2.0547945205479456e-05,4.163377081630599e-06,0.0041617427156559516,0.5000000000000001,0.0,5
2023-05-25,0.8505164789595213,-1.4062829323813197e-05,1.0789457475007843e-05,2.0547945205479453e-05,4.304341593231425e-06,0.004304383597505948,0.49999999999999994,0.0,5
2023-05-26,0.8510501617126032,0.0006274807911244018,0.0006498264016439714,2.0547945205479453e-05,1.7976653140933468e-06,0.0017965347934515853,0.5,0.0,5
2023-05-30,0.8510360066965887,-1.663241093330381e-05,6.916581404308723e-05,8.21917808219178e-05,3.606444154532828e-06,0.0036064911325665084,0.5,0.0,5
2023-05-31,0.8504461292612894,-0.0006931286463296438,-0.0001744907331451498,2.0547945205479453e-05,0.0004980899679788926,0.49818713373902834,0.0,0.0,0
2023-06-01,0.8504461292612894,0.0,0.0,0.0,0.0,0.0,0.0,0.0,0
2023-06-02,0.8501060868265587,-0.0003998400639744215,0.0,0.0,0.00039984006397441024,0.39984006397441024,0.4,0.0,4
2023-06-05,0.8499675087433133,-0.00016301269381890915,-0.00011126342295756927,4.931506849315069e-05,2.4342023682031113e-06,0.002434593311524372,0.4000000000000001,0.0,4
2023-06-06,0.8490694715026516,-0.0010565547875935888,-0.001037904537272283,1.6438356164383563e-05,2.2118941569228317e-06,0.00221422871323107,0.4,0.0,4
2023-06-07,0.8488003224219546,-0.00031699300202214786,-0.00029477168351347297,1.643835616438356e-05,5.782962344265062e-06,0.005784762620469706,0.39999999999999997,0.0,4
2023-06-08,0.8480008428506114,-0.0009418935764090586,-0.0008218242925643271,1.6438356164383563e-05,0.00010363092768035625,0.10371787049719973,0.5,0.0,5
2023-06-09,0.8473964786576028,-0.000712692915465718,-0.0005899910727358627,2.0547945205479453e-05,0.00010215389752429545,0.10221630456650309,0.6000000000000001,0.0,6
2023-06-12,0.8482569974646504,0.0010154854648567468,0.001092153094777254,7.397260273972603e-05,2.695027180790445e-06,0.00269228594775945,0.6000000000000001,0.0,6
2023-06-13,0.8473736902224495,-0.0010413203131139914,-0.0010131546770214663,2.4657534246575342e-05,3.5081018459751155e-06,0.0035117463792503777,0.6000000000000001,0.0,6
2023-06-14,0.8466077362234883,-0.000903915247545739,-0.0008752073716649102,2.4657534246575342e-05,4.05034163424304e-06,0.004053989677282554,0.6,0.0,6
2023-06-15,0.8465106051068899,-0.00011472977678139706,1.8705529089757474e-05,2.465753424657534e-05,0.00010877777162458277,0.10877841907429406,0.49999999999999994,0.0,5
2023-06-16,0.8447522533418486,-0.0020771762981272035,-0.0018547887029346677,2.0547945205479453e-05,0.00020183964998709184,0.20221887846081518,0.49999999999999994,0.0,5
2023-06-20,0.8445318249027649,-0.00026093856300668516,-7.646635389164659e-05,8.219178082191781e-05,0.00010228042829310697,0.10229665849013045,0.4000000000000001,0.0,4
2023-06-21,0.8445834954526054,6.118247805098065e-05,7.9485638334148e-05,1.6438356164383563e-05,1.8648041189014182e-06,0.0018646865554819965,0.4000000000000001,0.0,4
2023-06-22,0.8457105209245499,0.0013344156948515984,0.001354036152787841,1.6438356164383563e-05,3.1821017720202107e-06,0.0031778510854103678,0.39999999999999997,0.0,4
2023-06-23,0.8450792520335833,-0.0007464361331067648,-0.0007261010493415656,1.6438356164383563e-05,3.896727600840287e-06,0.003899623224751291,0.4000000000000001,0.0,4
2023-06-26,0.8445911431410221,-0.0005775894880705179,-0.0005246347594414058,4.9315068493150684e-05,3.6396601360426438e-06,0.003641750318011046,0.4000000000000001,0.0,4
2023-06-27,0.8440321025435888,-0.0006619067722569705,-0.0006412881480198417,1.6438356164383563e-05,4.18026807274865e-06,0.004183019355446242,0.4000000000000001,0.0,4
2023-06-28,0.8443491637081953,0.0003756505986574066,0.0003974319882565303,1.643835616438356e-05,5.343033434766088e-06,0.005340998548330161,0.4000000000000001,0.0,4
2023-06-29,0.8452975889201885,0.0011232618598540078,0.0011430820796834661,1.643835616438356e-05,3.3818636648585226e-06,0.003378057797243574,0.4000000000000001,0.0,4
2023-06-30,0.8450949780761671,-0.00023969173303828306,0.00018154231378550973,1.6438356164383563e-05,0.00040479569065934444,0.4047288683214211,0.0,0.0,0
2023-07-03,0.8450949780761671,0.0,0.0,0.0,0.0,0.0,0.0,0.0,0
2023-07-05,0.8449259928775915,-0.00019996000799848979,0.0,0.0,0.0001999600079984003,0.1999600079984003,0.2,0.0,2
2023-07-06,0.8446540098565961,-0.000321901590539464,-0.0003126928842324961,8.21917808219178e-06,9.895282246926334e-07,0.000989845878174772,0.2,0.0,2
2023-07-07,0.8438165154183799,-0.00099152366346833,-0.0009819598770499927,8.21917808219178e-06,1.344608336256061e-06,0.001345941058902028,0.2,0.0,2
2023-07-10,0.8433394748974999,-0.0005653367908347029,-0.0005389992887553041,2.465753424657534e-05,1.6799678327688546e-06,0.0016809152921421586,0.2,0.0,2
2023-07-11,0.8437642790611247,0.0005037166838139928,0.0006156299637391281,8.21917808219178e-06,0.00010369410184292246,0.10363115516154725,0.1,0.0,1
2023-07-12,0.8435790409691728,-0.00021953772700356033,-0.00011393563337688268,4.109589041095891e-06,0.00010149250458562065,0.1015044867053302,0.20000000000000004,0.0,2
2023-07-13,0.8440125842132223,0.0005139331621508703,0.0005231123693960949,8.219178082191782e-06,9.600291629486824e-07,0.0009595351048563653,0.2,0.0,2
2023-07-14,0.8446483784974059,0.0007532995314001312,0.0007624876352729903,8.21917808219178e-06,9.689257907949998e-07,0.0009681955114603114,0.2,0.0,2
2023-07-17,0.8440166247600172,-0.0007479487955835973,-0.0006208628057137956,2.4657534246575345e-05,0.00010242845562324877,0.10249461798389384,0.30000000000000004,0.0,3
2023-07-18,0.8440940087351446,9.168536834147645e-05,0.00010616501868130334,1.2328767123287673e-05,2.150883216399276e-06,0.002150681404517981,0.30000000000000004,0.0,3
2023-07-19,0.843835723353533,-0.0003059912509019158,-0.0002910678243851826,1.2328767123287671e-05,2.594659393327612e-06,0.0025954468430532357,0.3,0.0,3
2023-07-20,0.8448025593541393,0.0011457632971070275,0.0011632016314678919,1.2328767123287671e-05,5.10956723744754e-06,0.00510369353505012,0.30000000000000004,0.0,3
2023-07-21,0.844902217836852,0.00011796659658425135,0.00013433342480051458,1.2328767123287671e-05,4.038061092799441e-06,0.004037568490637893,0.3,0.0,3
2023-07-24,0.8456824081942553,0.0009234090536545114,0.0009634414036731377,3.698630136986302e-05,3.0460486487000926e-06,0.003043229233449285,0.30000000000000004,0.0,3
2023-07-25,0.8449706328215278,-0.0008416580099463999,-0.0007272845970598907,1.2328767123287671e-05,0.00010204464576334085,0.10212017520967864,0.4,0.0,4
2023-07-26,0.8448398278517907,-0.00015480416082669368,-0.00013698733359023273,1.643835616438356e-05,1.378471072193132e-06,0.0013786825975216094,0.4000000000000001,0.0,4
2023-07-27,0.843974825575366,-0.001023865409641278,-0.0009983644320504857,1.6438356164383563e-05,9.062621426305842e-06,0.009071827542189862,0.4,0.0,4
2023-07-28,0.8446125143929277,0.0007555780080608088,0.0007748103125209739,1.6438356164383563e-05,2.79394829575292e-06,0.0027918310493781863,0.4000000000000001,0.0,4
2023-07-31,0.8448358131963635,0.00026438017390284507,0.0007135441074035742,4.9315068493150684e-05,0.00039984886500762186,0.3995834500766129,0.0,0.0,0
2023-08-01,0.8448358131963635,0.0,0.0,0.0,0.0,0.0,0.0,0.0,0
2023-08-02,0.8447513380625572,-9.999000099991662e-05,0.0,0.0,9.999000099990002e-05,0.0999900009999,0.1,0.0,1
2023-08-03,0.8447152373732542,-4.2735285138317813e-05,-3.625934175204306e-05,4.109589041095891e-06,2.36635434519165e-06,0.0023664498762429294,0.1,0.0,1
2023-08-04,0.8445904871579559,-0.00014768315969548862,-0.0001424389237017543,4.10958904109589e-06,1.1346469526963462e-06,0.001134813257891531,0.1,0.0,1
2023-08-07,0.8443005559111821,-0.0003432802656224698,-0.00023075507145434713,1.2328767123287671e-05,0.0001001964270448921,0.10022078909901157,0.2,0.0,2
2023-08-08,0.8430769988327167,-0.0014491961066458448,-0.001439447643129083,8.21917808219178e-06,1.5292854346369e-06,0.0015315025400507323,0.2,0.0,2
2023-08-09,0.8429055696005069,-0.0002033375746783861,-9.434934595571321e-05,8.219178082191782e-06,0.00010076905064046925,0.10077938743349173,0.1,0.0,1
2023-08-10,0.8432103686207072,0.0003616051799786302,0.0003660808498695711,4.109589041095891e-06,3.6608084986957224e-07,0.00036594838707050624,0.1,0.0,1
2023-08-11,0.8426790417842427,-0.0006301236989455505,-0.0006232635364806337,4.109589041095891e-06,2.750573423751672e-06,0.0027523001428946944,0.10000000000000002,0.0,1
2023-08-14,0.8431044622901142,0.0005048428699148122,0.0005178130276627558,1.232876712328767e-05,6.413906245948705e-07,0.0006410665755309816,0.1,0.0,1
2023-08-15,0.84279350813061,-0.00036882044089703303,-0.0002621265251585181,4.109589041095891e-06,0.00010258432669753322,0.10261164562333559,0.2,0.0,2
2023-08-16,0.8429797017960503,0.00022092441819254738,0.0002305087472143141,8.21917808219178e-06,1.3651509394473262e-06,0.0013648475480739339,0.2,0.0,2
2023-08-17,0.8435653797995689,0.0006947711816438495,0.0008047703593701273,8.21917808219178e-06,0.00010177999964408245,0.10169899119251226,0.30000000000000004,0.0,3
2023-08-18,0.8429343577745468,-0.0007480416339181728,-0.0006335445624678083,1.2328767123287674e-05,0.0001021683043269818,0.10223433475716995,0.4,0.0,4
2023-08-21,0.8427749785188465,-0.0001890767106955682,-0.0001386470455440103,4.931506849315069e-05,1.1145966584762062e-06,0.0011148061998062634,0.4,0.0,4
2023-08-22,0.8433869347880693,0.0007261205954385286,0.0007485872535127892,1.643835616438356e-05,6.028301909975588e-06,0.0060238915244382255,0.4000000000000001,0.0,4
2023-08-23,0.8441872469957576,0.000948926494681146,0.00097009688673404,1.643835616438356e-05,4.732035888368712e-06,0.004727527441495628,0.4,0.0,4
2023-08-24,0.8446326471069913,0.0005276081969003421,0.0005474545620127892,1.6438356164383563e-05,3.408008948279587e-06,0.0034062002007726124,0.39999999999999997,0.0,4
2023-08-25,0.8442479227119916,-0.00045549316181114907,-0.000435030608010334,1.6438356164383563e-05,4.024197636462503e-06,0.004026015257400512,0.4,0.0,4
2023-08-28,0.8440805484697401,-0.00019825247744020835,-0.00014626114787273932,4.9315068493150684e-05,2.6762610743861116e-06,0.002676784589788209,0.4,0.0,4
2023-08-29,0.8443363456802312,0.0003030483417190144,0.00032170010295914383,1.643835616438356e-05,2.2134050756783516e-06,0.002212729613971206,0.4,0.0,4
2023-08-30,0.8451915711055438,0.001012896613639791,0.0010313480485445229,1.643835616438356e-05,2.013078740198418e-06,0.0020110377185261438,0.39999999999999997,0.0,4
2023-08-31,0.844691026509851,-0.0005922262038630111,-0.0001759048304780464,1.6438356164383563e-05,0.0003998830172205792,0.39995994679127433,0.0,0.0,0
2023-09-01,0.844691026509851,0.0,0.0,0.0,0.0,0.0,0.0,0.0,0
2023-09-05,0.8445221220854339,-0.00019996000799837876,0.0,0.0,0.00019996000799840034,0.19996000799840033,0.2,0.0,2
2023-09-06,0.8442019769382434,-0.0003790843825380863,-0.00036935799730486435,8.21917808219178e-06,1.5072071510008726e-06,0.0015077764529751018,0.2,0.0,2
2023-09-07,0.8435080399674083,-0.0008220034894396155,-0.0008120814187559611,8.219178082191782e-06,1.702892601423389e-06,0.0017042906320460418,0.2,0.0,2
2023-09-08,0.8433877246215451,-0.00014263686907811657,0.0002663387300633424,8.21917808219178e-06,0.00040075642105925376,0.40065300468518456,0.2,0.0,2
2023-09-11,0.8426713350336661,-0.0008494190358301346,-0.0008239375640195723,2.4657534246575345e-05,8.239375640195678e-07,0.0008246373472302746,0.20000000000000004,0.0,2
2023-09-12,0.8424708143112807,-0.00023795839973295152,-0.00022911092691417224,8.219178082191782e-06,6.282947366759313e-07,0.0006284438853292208,0.20000000000000004,0.0,2
2023-09-13,0.8424128593357056,-6.87916715814696e-05,4.10333263091145e-05,8.219178082191782e-06,0.00010160581980836925,0.10160248580933967,0.30000000000000004,0.0,3
2023-09-14,0.8421555093863559,-0.00030549147783986985,-0.00018889045524245204,1.2328767123287671e-05,0.00010427225547409925,0.10429324127900741,0.4,0.0,4
2023-09-15,0.8422696815073618,0.00013557130450791988,0.0001539749987222005,1.643835616438356e-05,1.965338050007225e-06,0.0019650677811822027,0.39999999999999997,0.0,4
2023-09-18,0.842423686000183,0.00018284463539708362,0.0002358324778377163,4.9315068493150684e-05,3.672773947452634e-06,0.003672089038918212,0.4,0.0,4
2023-09-19,0.8426869543993978,0.0003125130544046062,0.0004307841766221622,1.6438356164383563e-05,0.00010183276605301574,0.10179058954767473,0.49999999999999994,0.0,5
2023-09-20,0.842340169235131,-0.00041152311953607246,-0.0003888018832124973,2.054794520547945e-05,2.1732911181491254e-06,0.002174181118817063,0.49999999999999994,0.0,5
2023-09-21,0.8419914486688743,-0.0004139901894661957,-0.0003847076450206876,2.0547945205479453e-05,8.734599240153793e-06,0.008738140420407344,0.49999999999999994,0.0,5
2023-09-22,0.8440450065861956,0.0024389296596394328,0.00256243326866012,2.0547945205479453e-05,0.00010295566381516129,0.10269462585290812,0.4000000000000001,0.0,4
2023-09-25,0.8442100251172673,0.00019550916098554083,0.0003471091382378279,4.931506849315069e-05,0.00010228490875913359,0.10225445798793982,0.30000000000000004,0.0,3
2023-09-26,0.8447246409391748,0.0006095826945859972,0.0006251702800624317,1.2328767123287673e-05,3.258818353177698e-06,0.0032568224371879177,0.30000000000000004,0.0,3
2023-09-27,0.8443210530716727,-0.00047777446985963756,-0.0004598646014528531,1.2328767123287671e-05,5.581101283397533e-06,0.005583737887399832,0.3,0.0,3
2023-09-28,0.8438030639248093,-0.0006134978453740114,-0.0004984946506579268,1.2328767123287671e-05,0.00010267442759278304,0.1027269029004207,0.4,0.0,4
2023-09-29,0.8438093149379449,7.4081422583027745e-06,0.0004242287231143229,1.6438356164383563e-05,0.0004003822246917195,0.4002190192310069,0.0,0.0,0
2023-10-02,0.8438093149379449,0.0,0.0,0.0,0.0,0.0,0.0,0.0,0
2023-10-03,0.8436405868205807,-0.00019996000799837876,0.0,0.0,0.00019996000799840034,0.19996000799840033,0.2,0.0,2
2023-10-04,0.8437588032137078,0.0001401264886657927,0.0001499389355578029,8.219178082191782e-06,1.5932688099296584e-06,0.0015930430442557782,0.2,0.0,2
2023-10-05,0.8433523516942087,-0.0004817152934594171,-0.0003717034974915156,8.21917808219178e-06,0.00010179261788559179,0.10183130590778944,0.3,0.0,3
2023-10-06,0.8438678351651645,0.0006112314383426298,0.0007276687306611905,1.2328767123287671e-05,0.000104108525195263,0.10403410544206937,0.4000000000000001,0.0,4
2023-10-09,0.8453978335810536,0.0018130782477205898,0.0018655390479617453,4.931506849315069e-05,3.145731748005774e-06,0.003140028752489282,0.4,0.0,4
2023-10-10,0.8458467847957073,0.000531053188002506,0.0005506627616352343,1.643835616438356e-05,3.1712174682398777e-06,0.0031695242310419234,0.4000000000000001,0.0,4
2023-10-11,0.8461539766455688,0.0003631767069205427,0.0003840542889524957,1.6438356164383563e-05,4.439225867524231e-06,0.004437594537069151,0.4000000000000001,0.0,4
2023-10-12,0.8435550102459205,-0.0030715052713590207,-0.0029489822639652773,1.6438356164383563e-05,0.00010608465122934508,0.10640017249484665,0.49999999999999994,0.0,5
2023-10-13,0.8445514950301067,0.0011812919988416493,0.0013066497752272864,2.0547945205479453e-05,0.00010480983118008696,0.10467520820325885,0.4,0.0,4
2023-10-16,0.8450632402576749,0.0006059372703495214,0.0006605174817733374,4.931506849315069e-05,5.265142930609377e-06,0.005261926828233457,0.4000000000000001,0.0,4
2023-10-17,0.8446400239678944,-0.0005008101993070335,-0.00038284963910835694,1.6438356164383563e-05,0.00010152220403430851,0.10156275682387508,0.49999999999999994,0.0,5
2023-10-18,0.8446562081456258,1.916103579291395e-05,4.305848645760324e-05,2.054794520547945e-05,3.349505459190592e-06,0.003349430061707017,0.49999999999999994,0.0,5
2023-10-19,0.8447432748583837,0.0001030794682124192,0.00012751951538251833,2.0547945205479453e-05,3.892101964613212e-06,0.003891685664887004,0.5000000000000001,0.0,5
2023-10-20,0.8442448502038161,-0.0005900309234793122,-0.0004651915097926229,2.0547945205479456e-05,0.00010429146848120792,0.10434215158105024,0.39999999999999997,0.0,4
2023-10-23,0.8456828139107218,0.001703254342100502,0.001757012407639974,4.9315068493150684e-05,4.442997046337262e-06,0.0044354226868169935,0.4,0.0,4
2023-10-24,0.845973483917859,0.0003437104341674768,0.0004671420114780391,1.6438356164383563e-05,0.00010699322114624748,0.1069450206345299,0.3,0.0,3
2023-10-25,0.8469112815091218,0.001108542536013779,0.0011226627810694055,1.2328767123287671e-05,1.7914779321987604e-06,0.0017894909994743936,0.3,0.0,3
2023-10-26,0.8471672327614739,0.0003022173135962536,0.00041693738441557206,1.2328767123287671e-05,0.00010239130369597934,0.10234989204767792,0.2,0.0,2
2023-10-27,0.8481157655036127,0.0011196523017620308,0.001131985159989013,8.21917808219178e-06,4.1136801447486425e-06,0.004109062520071058,0.2,0.0,2
2023-10-30,0.847501578990597,-0.0007241776865815064,-0.0005985402646239092,2.4657534246575342e-05,0.0001009798877110851,0.10104285739740675,0.10000000000000002,0.0,1
2023-10-31,0.8471035989632871,-0.00046959207767360844,-0.0003649451514571079,4.109589041095891e-06,0.00010053733717533858,0.10057445465460188,0.0,0.0,0
2023-11-01,0.8471035989632871,0.0,0.0,0.0,0.0,0.0,0.0,0.0,0
2023-11-02,0.8467648930060847,-0.0003998400639744215,0.0,0.0,0.00039984006397441024,0.3998400639744102,0.39999999999999997,0.0,4
2023-11-03,0.8463592569846158,-0.0004790420869114076,-0.0002567174114513515,1.643835616438356e-05,0.0002058863192956851,0.20594257369748817,0.4,0.0,4
2023-11-06,0.8465762977780614,0.00025644050284134856,0.00030794966280218723,4.9315068493150684e-05,2.1940914675886997e-06,0.0021935241463609985,0.39999999999999997,0.0,4
2023-11-07,0.8464985165301415,-9.187742218164097e-05,-7.204804942179126e-05,1.6438356164383563e-05,3.3910165954763315e-06,0.003391316680899629,0.4000000000000001,0.0,4
2023-11-08,0.8465747372327318,9.00423345131518e-05,0.00010814387941180401,1.643835616438356e-05,1.6631887344040176e-06,0.001663036224796843,0.39999999999999997,0.0,4
2023-11-09,0.8471972735399574,0.0007353589468788169,0.0008591866646093461,1.6438356164383563e-05,0.00010738936156629582,0.10729893556984639,0.49999999999999994,0.0,5
2023-11-10,0.8481180554387284,0.0010868565415980136,0.001111398973584221,2.0547945205479453e-05,3.994486780551277e-06,0.003990134138622791,0.5000000000000001,0.0,5
2023-11-13,0.8486476532543694,0.000624438793921156,0.0006912869825155876,6.164383561643835e-05,5.204352977967366e-06,0.005201078154750741,0.5000000000000001,0.0,5
2023-11-14,0.8470487016805806,-0.0018841171217021113,-0.0016453202219949177,2.0547945205479453e-05,0.00021824895450180617,0.21861313516460873,0.5,0.0,5
2023-11-15,0.8462936278307679,-0.0008914172801570697,-0.0006695258264395985,2.0547945205479453e-05,0.00020134350851208318,0.20148254633275164,0.49999999999999994,0.0,5
2023-11-16,0.8470406364459285,0.0008826825472800781,0.0009056229277589256,2.0547945205479453e-05,2.3924352732211333e-06,0.0023903196610887984,0.49999999999999994,0.0,5
2023-11-17,0.8474473589464875,0.0004801688172428875,0.000503162350933023,2.0547945205479453e-05,2.445588484569254e-06,0.002444408777679659,0.5,0.0,5
2023-11-20,0.8473098312192024,-0.00016228468450951716,5.060776866683444e-07,6.164383561643837e-05,0.0001011469265797896,0.10115311085419484,0.4000000000000001,0.0,4
2023-11-21,0.8473454292847026,4.201304432993602e-05,6.1009548275820034e-05,1.6438356164383563e-05,2.5581477815910563e-06,0.0025580337669766006,0.4000000000000001,0.0,4
2023-11-22,0.8476371274441952,0.0003442494045655664,0.0003628502444469994,1.6438356164383563e-05,2.1624837169878342e-06,0.0021617348663308224,0.4,0.0,4
2023-11-24,0.847850052111157,0.0002511979006911691,0.0002856814584279221,3.287671232876712e-05,1.6068454079341298e-06,0.0016064392924566764,0.4,0.0,4
2023-11-27,0.8475600854446265,-0.0003420022984118587,-0.0002912620163848634,4.931506849315069e-05,1.4252135336665817e-06,0.0014256990941079663,0.4,0.0,4
2023-11-28,0.8471514293507194,-0.00048215589776468004,-0.00046403406373883306,1.643835616438356e-05,1.6834778614001603e-06,0.0016842871149060712,0.4000000000000001,0.0,4
2023-11-29,0.8469904098001423,-0.00019007174514307223,-0.00017148414919369585,1.6438356164383563e-05,2.149239784964589e-06,0.00214964375140398,0.4000000000000001,0.0,4
2023-11-30,0.8469530940087031,-4.4056923204083276e-05,0.00037726173545000747,1.6438356164383563e-05,0.00040488030248962107,0.4047342649044456,0.0,0.0,0
2023-12-01,0.8469530940087031,0.0,0.0,0.0,0.0,0.0,0.0,0.0,0
2023-12-04,0.8467837372612509,-0.00019996000799837876,0.0,0.0,0.00019996000799840034,0.19996000799840033,0.2,0.0,2
2023-12-05,0.8459740740929099,-0.000956162869825139,-0.0009468006671999818,8.21917808219178e-06,1.143024542931611e-06,0.00114411719756061,0.20000000000000004,0.0,2
2023-12-06,0.8460239511183428,5.895810162548365e-05,0.0001691106968227274,8.219178082191782e-06,0.00010193341711505434,0.10191701953099648,0.1,0.0,1
2023-12-07,0.845970248481446,-6.347649712024062e-05,4.111669204346913e-05,4.10958904109589e-06,0.000100483600122511,0.10047988165318102,0.2,0.0,2
2023-12-08,0.8455124155185303,-0.0005411927473070177,-0.0005316469461510043,8.219178082191782e-06,1.326623073786471e-06,0.0013273396595039886,0.2,0.0,2
2023-12-11,0.8459009819884521,0.00045956329296892307,0.0005858091745579497,2.4657534246575345e-05,0.0001015883473424873,0.10153137284607165,0.30000000000000004,0.0,3
2023-12-12,0.8456483097667628,-0.0002987018895467264,-0.00028446712037490937,1.2328767123287673e-05,1.906002048572674e-06,0.001906567910087624,0.3,0.0,3
2023-12-13,0.8456301043568791,-2.152834656365954e-05,0.0002016719394718479,1.2328767123287673e-05,0.00021087151891223583,0.2108315993883763,0.5000000000000001,0.0,5
2023-12-14,0.8441374297367557,-0.0017651625840102714,-0.0017339527958450676,2.0547945205479453e-05,1.0661842959614546e-05,0.010680582048733902,0.49999999999999994,0.0,5
2023-12-15,0.843907573451506,-0.00027229723165023145,0.00024375297893624583,2.054794520547945e-05,0.0004955022653809705,0.4953916914617679,0.3999999999999999,0.0,4
2023-12-18,0.8437564724223903,-0.00017904926305822855,-0.0001283436781409131,4.931506849315069e-05,1.390516424061675e-06,0.0013907635053629023,0.39999999999999997,0.0,4
2023-12-19,0.8435130039349762,-0.0002885530308467388,-0.0002708501812464571,1.6438356164383563e-05,1.2644934359969962e-06,0.0012648568148613717,0.39999999999999997,0.0,4
2023-12-20,0.843317052407976,-0.00023230409737140523,-0.00010826733715577626,1.6438356164383563e-05,0.00010759840405119799,0.10761182385830169,0.49999999999999994,0.0,5
2023-12-21,0.843325843191377,1.0424055076230232e-05,0.0001331155579000542,2.0547945205479453e-05,0.00010214355761844305,0.1021320608561729,0.6,0.0,6
2023-12-22,0.8424086757330251,-0.001087560005135213,-0.0010590948648232569,2.4657534246575342e-05,3.807606065315915e-06,0.003811737044482496,0.6,0.0,6
2023-12-26,0.8416535836407456,-0.0008963489028914751,-0.0006943432476422373,9.863013698630137e-05,0.00010337551826285634,0.10345755735227537,0.5000000000000001,0.0,5
2023-12-27,0.8420704751462851,0.0004953243396601525,0.0006173788120511726,2.0547945205479453e-05,0.00010150652718556426,0.10144598109273066,0.6,0.0,6
2023-12-28,0.8422234573746004,0.00018167390121193172,0.00021025672685814884,2.465753424657534e-05,3.925291399486055e-06,0.003924563003761204,0.6,0.0,6
2023-12-29,0.8416501869854063,-0.0006806630522748769,-5.768766871097053e-05,2.465753424657534e-05,0.0005983178493172715,0.598367121979374,0.0,0.0,0
2024-01-02,0.8416501869854063,0.0,0.0,0.0,0.0,0.0,0.0,0.0,0
2024-01-03,0.841566030382368,-9.999000099991662e-05,0.0,0.0,9.999000099990002e-05,0.0999900009999,0.1,0.0,1
2024-01-04,0.8416871597579213,0.00014393329956319256,0.00014819107968415678,4.10958904109589e-06,1.4819107968415275e-07,0.00014816973116841783,0.1,0.0,1
2024-01-05,0.8414570560538545,-0.0002733838830724089,-0.000269005288742602,4.10958904109589e-06,2.690052887426006e-07,0.000269078778160212,0.1,0.0,1
2024-01-08,0.8412453351987231,-0.00025161219293146075,-0.0002386320239327389,1.2328767123287671e-05,6.514018753870097e-07,0.0006515653927533999,0.1,0.0,1
2024-01-09,0.8413557108717921,0.00013120509374697775,0.00013579936013831116,4.10958904109589e-06,4.84677350171822e-07,0.0004846135315267846,0.1,0.0,1
2024-01-10,0.8417615068436568,0.00048231201930537537,0.00048690851686328257,4.109589041095891e-06,4.869085168632879e-07,0.00048667355139447513,0.1,0.0,1
2024-01-11,0.8413678900358094,-0.00046761084303248435,-0.0004609501464284238,4.10958904109589e-06,2.5511075630606938e-06,0.002552294532480809,0.1,0.0,1
2024-01-12,0.8414927973400452,0.00014845741763513942,0.000253042114302704,4.109589041095891e-06,0.00010047510762641002,0.10045010232877453,0.2,0.0,2
2024-01-16,0.8420380765160833,0.0006479903069422921,0.0006817043779368759,3.287671232876712e-05,8.373586657851004e-07,0.0008368157165971565,0.20000000000000004,0.0,2
2024-01-17,0.8424597865485671,0.0005008206211156718,0.0005125814390899762,8.219178082191782e-06,3.5416398920691293e-06,0.0035398545230382514,0.20000000000000004,0.0,2
2024-01-18,0.8426312034783539,0.00020347194314052075,0.00021477433627098433,8.21917808219178e-06,3.0832150482017035e-06,0.003082578325747999,0.20000000000000004,0.0,2
2024-01-19,0.843033519192505,0.00047745171611301984,0.00048641809014710616,8.219178082191782e-06,7.471959518604492e-07,0.0007468388143519381,0.2,0.0,2
2024-01-22,0.8430623282870758,3.417313062281657e-05,0.00025979126924841614,2.4657534246575345e-05,0.00020096060437905578,0.20091336286963246,0.2,0.0,2
2024-01-23,0.8442042413508407,0.0013544823739011225,0.001364065617600818,8.21917808219178e-06,1.3640656176008165e-06,0.0013622186582831373,0.2,0.0,2
2024-01-24,0.8429744784243158,-0.0014567125658562219,-0.0014453185787172865,8.219178082191782e-06,3.174809056727176e-06,0.0031794304789734833,0.20000000000000004,0.0,2
2024-01-25,0.8437698160147341,0.000943489525216501,0.001154490566165528,8.21917808219178e-06,0.0002027818628667075,0.20254968595702968,0.4000000000000001,0.0,4
2024-01-26,0.8435880389926761,-0.00021543437393456433,-9.738647107551133e-05,1.643835616438356e-05,0.00010160954669460217,0.10162111370031304,0.30000000000000004,0.0,3
2024-01-29,0.8438281364479059,0.0002846145797852362,0.00032364895251807397,3.698630136986301e-05,2.04807136299182e-06,0.0020474844256781703,0.3,0.0,3
2024-01-30,0.8451821815887443,0.0016046456409217758,0.0016192519893327595,1.2328767123287671e-05,2.2775812875347e-06,0.002273927261013362,0.3,0.0,3
2024-01-31,0.8451519796741518,-3.5734206482840314e-05,0.00027318535026570875,1.2328767123287671e-05,0.00029659078962515823,0.2965134421417853,0.0,0.0,0
2024-02-01,0.8451519796741518,0.0,0.0,0.0,0.0,0.0,0.0,0.0,0
2024-02-02,0.8450674729268591,-9.999000099991662e-05,0.0,0.0,9.999000099990003e-05,0.09999000099990003,0.10000000000000002,0.0,1
2024-02-05,0.8432909863570425,-0.0021021831116796452,-0.0019880764863810852,1.2328767123287673e-05,0.00010177785817521314,0.10198186323018096,0.20000000000000004,0.0,2
2024-02-06,0.8438851320041946,0.0007045559086535924,0.00081523911755792,8.219178082191782e-06,0.00010246403082225931,0.10238140698539053,0.1,0.0,1
2024-02-07,0.8440529575989428,0.0001988725578678796,0.00030380789955238854,4.109589041095891e-06,0.00010082575264343683,0.10079554438907634,0.2,0.0,2
2024-02-08,0.8440038867502153,-5.813716815483705e-05,-4.8867438258981574e-05,8.219178082191782e-06,1.0505518136696367e-06,0.0010506117895417897,0.2,0.0,2
2024-02-09,0.8431737934045255,-0.0009835183921794721,-0.0007741680709057896,8.21917808219178e-06,0.00020113114319148608,0.2012886288480631,0.4000000000000001,0.0,4
2024-02-12,0.8430613191655567,-0.0001333938979704019,1.684457998665229e-05,4.931506849315069e-05,0.000100923409464033,0.10092668660285034,0.3,0.0,3
2024-02-13,0.8463426942988571,0.003892214075897016,0.003912309713747352,1.2328767123287671e-05,7.766870727138306e-06,0.0077366977533106064,0.30000000000000004,0.0,3
2024-02-14,0.8461004174629508,-0.0002862632802743681,-0.000169789576201995,1.2328767123287673e-05,0.00010414493694914092,0.1041639071073376,0.39999999999999997,0.0,4
2024-02-15,0.8462618363290331,0.0001907797972329206,0.0003132545779895134,1.6438356164383563e-05,0.00010603642459225092,0.10600496060035079,0.5,0.0,5
2024-02-16,0.8456861508374963,-0.0006802687617747383,-0.0006570323598106387,2.0547945205479453e-05,2.6884567587010174e-06,0.0026902796391995248,0.5000000000000001,0.0,5
2024-02-20,0.8457066644059021,2.425671555039699e-05,0.00010951009416274016,8.219178082191781e-05,3.0615977903388994e-06,0.003061514154935918,0.49999999999999994,0.0,5
2024-02-21,0.845650803163453,-6.60527400341282e-05,5.930355158833556e-05,2.054794520547945e-05,0.00010480834641696977,0.10480428466336611,0.6000000000000001,0.0,6
2024-02-22,0.84595946152318,0.00036499505300824353,0.0004976909197715041,2.4657534246575342e-05,0.00010803833251682966,0.10798725094192306,0.5000000000000001,0.0,5
2024-02-23,0.8467811497748298,0.0009713092518290889,0.0010937867213473452,2.0547945205479456e-05,0.00010192952431281558,0.10182024687567227,0.4000000000000001,0.0,4
2024-02-26,0.8465224908770923,-0.0003054613317812205,-0.0002509216164435334,4.931506849315069e-05,5.224646844601136e-06,0.005226215946351631,0.4000000000000001,0.0,4
2024-02-27,0.847339979197084,0.0009657018316722166,0.0009844874109138594,1.6438356164383563e-05,2.3472230773519396e-06,0.0023449530477706133,0.39999999999999997,0.0,4
2024-02-28,0.8479858195793412,0.0007621974627811667,0.0007807896513315926,1.6438356164383563e-05,2.1538323858697877e-06,0.0021521873586747425,0.4,0.0,4
2024-02-29,0.8468876286757292,-0.001295058099151647,-0.0008767037736252205,1.643835616438356e-05,0.0004019159693619714,0.4022752583429695,0.0,0.0,0
2024-03-01,0.8468876286757292,0.0,0.0,0.0,0.0,0.0,0.0,0.0,0
2024-03-04,0.8467182850187255,-0.00019996000799837876,0.0,0.0,0.00019996000799840034,0.19996000799840033,0.2,0.0,2
2024-03-05,0.8471113225930408,0.0004641893074348591,0.000473566520003127,8.21917808219178e-06,1.1580344860832211e-06,0.0011574958484668527,0.2,0.0,2
2024-03-06,0.8476773940205982,0.0006682373525885854,0.0006776199366741344,8.219178082191782e-06,1.1634060033413011e-06,0.0011626277394505532,0.2,0.0,2
2024-03-07,0.8474359052399267,-0.00028488288395422945,-7.655424888745044e-05,8.219178082191782e-06,0.00020010945698479171,0.20012642238744466,0.2,0.0,2
2024-03-08,0.8467744469018177,-0.000780540845648714,-0.0006706653828694619,8.21917808219178e-06,0.00010165628469705043,0.10172534446286374,0.3,0.0,3
2024-03-11,0.8465362231274176,-0.00028133084940351605,-0.00013948938853645124,3.698630136986301e-05,0.00010485515949721133,0.10487366714997462,0.2,0.0,2
2024-03-12,0.8464120188196185,-0.00014672060616649496,-0.00013692571243960068,8.219178082191782e-06,1.5757156446853202e-06,0.0015759443849605436,0.2,0.0,2
2024-03-13,0.8465847807044331,0.0002041108596917418,0.00021328764694634737,8.21917808219178e-06,9.57609172443378e-07,0.0009574128372587704,0.2,0.0,2
2024-03-14,0.8465209072422529,-7.54483941076689e-05,-6.586382188153442e-05,8.219178082191782e-06,1.365394143809563e-06,0.001365495303798105,0.20000000000000004,0.0,2
2024-03-15,0.8467993927867016,0.0003289765699419078,0.0003376487529477557,8.219178082191782e-06,4.530049235736845e-07,0.0004528557394999456,0.2,0.0,2
2024-03-18,0.8466635282401395,-0.00016044478505705673,-0.00013452986956183913,2.4657534246575345e-05,1.2573812486831695e-06,0.00125758143980765,0.2,0.0,2
2024-03-19,0.8469871720152394,0.00038225784423784326,0.00039102350378648627,8.219178082191782e-06,5.464814663515929e-07,0.0005462723509326432,0.2,0.0,2
2024-03-20,0.8475861080285688,0.0007071370536868571,0.0007165146384819909,8.21917808219178e-06,1.158406713088708e-06,0.001157586799613523,0.2,0.0,2
2024-03-21,0.8482913114149957,0.0008320138564648083,0.0008412601307648204,8.219178082191782e-06,1.0270962178421475e-06,0.0010262413167979197,0.2,0.0,2
2024-03-22,0.8480724506465922,-0.00025800189800173623,-0.0001502827445474032,8.219178082191782e-06,9.949997537213444e-05,0.09951574880965271,0.1,0.0,1
2024-03-25,0.8478902121607306,-0.0002148855156451912,-0.00020235439412766287,1.2328767123287671e-05,2.023543941276649e-07,0.00020239784553697517,0.10000000000000002,0.0,1
2024-03-26,0.8478777876219887,-1.4653475843506847e-05,-1.0533353448999307e-05,4.109589041095891e-06,1.0533353448995919e-08,1.0533507690543249e-05,0.1,0.0,1
2024-03-27,0.8478420233173114,-4.2180966643323714e-05,-3.706536748520059e-05,4.109589041095891e-06,1.0060101170502612e-06,0.0010060515411787322,0.1,0.0,1
2024-03-28,0.8478986807708672,6.682548399061794e-05,0.00017072256976108924,4.109589041095891e-06,9.978749672937322e-05,0.09977087360673256,0.0,0.0,0
2024-04-01,0.8478986807708672,0.0,0.0,0.0,0.0,0.0,0.0,0.0,0
2024-04-02,0.8478986807708672,0.0,0.0,0.0,0.0,0.0,0.0,0.0,0
2024-04-03,0.8478986807708672,0.0,0.0,0.0,0.0,0.0,0.0,0.0,0
2024-04-04,0.8478986807708672,0.0,0.0,0.0,0.0,0.0,0.0,0.0,0
2024-04-05,0.8478138993809291,-9.999000099991662e-05,0.0,0.0,9.999000099990003e-05,0.09999000099990003,0.10000000000000002,0.0,1
2024-04-08,0.8472560609473778,-0.0006579727390156886,-0.000640515940029396,1.2328767123287673e-05,5.128031863114061e-06,0.0051313818586008276,0.1,0.0,1
2024-04-09,0.8474987449780361,0.0002864352842597562,0.00029222821565927376,4.10958904109589e-06,1.683342358436989e-06,0.0016828574958464913,0.1,0.0,1
2024-04-10,0.8478700260422151,0.0004380903999905428,0.0004444832267654463,4.109589041095891e-06,2.28323773376136e-06,0.0022822326986457237,0.1,0.0,1
2024-04-11,0.8479214494186942,6.0650070057510774e-05,6.555334893904586e-05,4.109589041095891e-06,7.93689840446731e-07,0.0007936410761550026,0.10000000000000002,0.0,1
2024-04-12,0.8479884315978814,7.899573625969047e-05,8.502938924778715e-05,4.109589041095891e-06,1.9240639469561064e-06,0.001923908264683712,0.1,0.0,1
2024-04-15,0.8480519814922707,7.494193555146467e-05,8.853742699305721e-05,1.232876712328767e-05,1.266724318255083e-06,0.001266627790248634,0.1,0.0,1
2024-04-16,0.8477849051226344,-0.00031492924427389823,-0.00030891730892322893,4.109589041095891e-06,1.9023463095953531e-06,0.0019029419816208658,0.1,0.0,1
2024-04-17,0.8480064191199798,0.0002612856114880824,0.000265919052410668,4.109589041095891e-06,5.238518814332299e-07,0.000523714767950874,0.10000000000000002,0.0,1
2024-04-18,0.8479550584787263,-6.056633546092094e-05,-5.6374948284149134e-05,4.109589041095891e-06,8.179813569745184e-08,8.180308351911028e-05,0.1,0.0,1
2024-04-19,0.8480024150331226,5.5847953170040654e-05,6.106244870800472e-05,4.109589041095891e-06,1.1049064968952967e-06,0.0011048435728943356,0.1,0.0,1
2024-04-22,0.8476743259518991,-0.0003868963995942165,-0.0003730534013076659,1.2328767123287673e-05,1.514231163244278e-06,0.0015148149459129055,0.1,0.0,1
2024-04-23,0.8474481841327169,-0.0002667791299779676,-0.0002623648076332197,4.109589041095891e-06,3.0473330365185053e-07,0.00030481452891954194,0.1,0.0,1
2024-04-24,0.8476350171822256,0.00022046545500575832,0.00022504172906000482,4.109589041095891e-06,4.666850131741887e-07,0.00046658193022984886,0.1,0.0,1
2024-04-25,0.8474287010047858,-0.00024340214037588126,-0.00013854519996940313,4.10958904109589e-06,0.00010074735136553194,0.10076172550822463,0.20000000000000004,0.0,2
2024-04-26,0.8478418859004222,0.00048757481915173706,0.0005980838911639751,8.219178082191782e-06,0.0001022898939300559,0.10222959230092485,0.3,0.0,3
2024-04-29,0.8494679991819996,0.0019179440277952153,0.0019576439694053427,3.698630136986302e-05,2.7136402401876835e-06,0.002708438257480054,0.3,0.0,3
2024-04-30,0.8494558726876367,-1.4275398690144492e-05,0.00029554977573889026,1.2328767123287673e-05,0.00029749640730578823,0.2974121739299132,0.0,0.0,0
2024-05-01,0.8494558726876367,0.0,0.0,0.0,0.0,0.0,0.0,0.0,0
2024-05-02,0.8493709355940773,-9.999000099991662e-05,0.0,0.0,9.999000099990002e-05,0.09999000099990002,0.1,0.0,1
2024-05-03,0.8491545936706993,-0.0002547084133819322,4.956750210468042e-05,4.109589041095891e-06,0.0003001663264456063,0.3001526821310762,0.39999999999999997,0.0,4
2024-05-06,0.8482887984254258,-0.0010195967280008933,-0.0009660795318045201,4.9315068493150684e-05,4.202127703198476e-06,0.004206398857885471,0.4000000000000001,0.0,4
2024-05-07,0.8479897373431928,-0.00035254630591385894,-0.0003326314418054365,1.6438356164383563e-05,3.476507944097188e-06,0.003477721911782329,0.4000000000000001,0.0,4
2024-05-08,0.8480687790477652,9.321068533219012e-05,0.00011274758583397764,1.643835616438356e-05,3.0985443375236966e-06,0.003098245947843133,0.4000000000000001,0.0,4
2024-05-09,0.8475736798113911,-0.0005837960889564231,-0.000562214283517093,1.6438356164383563e-05,5.143449275082014e-06,0.005146427268806036,0.39999999999999997,0.0,4
2024-05-10,0.847528407412674,-5.3414115840810794e-05,-3.368905056772007e-05,1.6438356164383563e-05,3.286709108686045e-06,0.003286873871149461,0.4000000000000001,0.0,4
2024-05-13,0.8468198324886049,-0.0008360485829993491,-0.0007851219242029473,4.931506849315069e-05,1.6115903032941187e-06,0.00161293619692369,0.4000000000000001,0.0,4
2024-05-14,0.844851970550798,-0.002323825992624484,-0.002303987826466908,1.6438356164383563e-05,3.3998099932399045e-06,0.0034077173498013903,0.4000000000000001,0.0,4
2024-05-15,0.8441265122495586,-0.0008586809601289769,-0.0008388967097117894,1.643835616438356e-05,3.3458942529300857e-06,0.0033487585635566483,0.4000000000000001,0.0,4
2024-05-16,0.8443197429502424,0.00022891201482200252,0.0004462115909324938,1.6438356164383563e-05,0.00020086121994618647,0.20077493225409124,0.20000000000000004,0.0,2
2024-05-17,0.8436242585711847,-0.000823721563856239,-0.0005155877093296513,8.219178082191782e-06,0.0002999146764443501,0.3000718561493196,0.30000000000000004,0.0,3
2024-05-20,0.844046753845471,0.0005008097740122341,0.0005417888300422611,3.6986301369863006e-05,3.992754660219459e-06,0.003990740124513331,0.3,0.0,3
2024-05-21,0.8436586042162032,-0.0004598674510616352,-0.0003468257773061978,1.2328767123287673e-05,0.00010071290663223269,0.1007490911261578,0.4,0.0,4
2024-05-22,0.8427636753544722,-0.0010607713324544132,-0.0010394734369069182,1.643835616438356e-05,4.859539383052798e-06,0.004864676051865435,0.4,0.0,4
2024-05-23,0.8427955916567125,3.7870998921274435e-05,6.28248404572818e-05,1.643835616438356e-05,8.515485371666938e-06,0.008515090386560469,0.4000000000000001,0.0,4
2024-05-24,0.843547105917619,0.0008916922066821709,0.0009101121569065675,1.6438356164383563e-05,1.981594059917983e-06,0.001979824742415625,0.4,0.0,4
2024-05-28,0.8434432598535445,-0.0001231064197196874,4.370302809053599e-05,6.575342465753425e-05,0.0001010560231527637,0.10105825152728624,0.30000000000000004,0.0,3
2024-05-29,0.844027341503292,0.0006924966711439051,0.0007082813274379263,1.2328767123287671e-05,3.455889170619815e-06,0.003453485708399044,0.3,0.0,3
2024-05-30,0.8447873417302597,0.0009004450325200697,0.0009168516809237582,1.2328767123287673e-05,4.077881280360059e-06,0.00407419607665341,0.30000000000000004,0.0,3
2024-05-31,0.8442381273641091,-0.0006501214436117619,-0.00033024488565244227,1.2328767123287673e-05,0.00030754779083610263,0.3076531847113773,0.0,0.0,0
2024-06-03,0.8442381273641091,0.0,0.0,0.0,0.0,0.0,0.0,0.0,0
2024-06-04,0.8440693135014088,-0.00019996000799837876,0.0,0.0,0.0001999600079984003,0.19996000799840033,0.2,0.0,2
2024-06-05,0.8439496704559148,-0.000141745522056258,-3.217597473714201e-05,8.21917808219178e-06,0.00010135036923703289,0.1013544634660735,0.3,0.0,3
2024-06-06,0.8435514833285732,-0.0004718138311808895,-0.0004582238909033976,1.2328767123287673e-05,1.2611731541549068e-06,0.0012617668819150019,0.3,0.0,3
2024-06-07,0.8441095906511876,0.0006616161949146715,0.0006758385924982679,1.2328767123287671e-05,1.8936304603897401e-06,0.001892374851082754,0.30000000000000004,0.0,3
2024-06-10,0.8430778435390505,-0.001222290474559351,-0.0011818248216865501,3.698630136986301e-05,3.479351502967299e-06,0.003483597350165931,0.3,0.0,3
2024-06-11,0.8423338970493501,-0.0008824173181652961,-0.0006690096717616112,1.2328767123287671e-05,0.00020107887928048413,0.20121597545908212,0.3,0.0,3
2024-06-12,0.8415256833176681,-0.0009594933013062912,-0.0008456367538951849,1.2328767123287671e-05,0.00010152778028787772,0.10161496242205542,0.20000000000000004,0.0,2
2024-06-13,0.840586536075563,-0.0011160054419284693,-0.0009070911024920695,8.219178082191782e-06,0.0002006951613541657,0.20087902799364007,0.39999999999999997,0.0,4
2024-06-14,0.8400159187110354,-0.0006788323867183976,-0.0006606205162350665,1.6438356164383563e-05,1.7735143190163323e-06,0.0017747159061665908,0.4,0.0,4
2024-06-17,0.8406141723659559,0.0007121932353835181,0.0007650357779240059,4.9315068493150684e-05,3.5274740472514905e-06,0.0035249511667017493,0.4000000000000001,0.0,4
2024-06-18,0.8404164946256993,-0.0002351587050931636,-0.00021713899603521006,1.6438356164383563e-05,1.581352893552812e-06,0.0015817223480707895,0.4000000000000001,0.0,4
2024-06-20,0.8416817637867747,0.0015055263302976574,0.0015413684565816434,3.287671232876712e-05,2.9654139553127575e-06,0.002960947390618842,0.4,0.0,4
2024-06-21,0.8415815965645183,-0.00011900842642209586,-0.00010193040520987128,1.6438356164383563e-05,6.396650478513183e-07,0.0006397407731742397,0.39999999999999997,0.0,4
2024-06-24,0.8413054042785264,-0.00032818242119281305,-0.00027253424646412895,4.93150684931507e-05,6.333106235472738e-06,0.006335145197614746,0.39999999999999997,0.0,4
2024-06-25,0.8399791606870939,-0.001576411591661997,-0.00155471078724449,1.643835616438356e-05,5.262448253106086e-06,0.005270729355017361,0.4000000000000001,0.0,4
2024-06-26,0.8396802380124666,-0.00035586915559038257,-0.00023711889116921338,1.6438356164383563e-05,0.0001023119082569294,0.10233785676218803,0.3,0.0,3
2024-06-27,0.8403599091438987,0.0008094404282288359,0.0008247230586480804,1.2328767123287673e-05,2.9538632959454215e-06,0.0029514655421873166,0.3,0.0,3
2024-06-28,0.8398584883627259,-0.0005966738485699841,-0.0002793475910121801,1.2328767123287673e-05,0.0003049974904344353,0.30508647694694757,0.0,0.0,0
2024-07-01,0.8398584883627259,0.0,0.0,0.0,0.0,0.0,0.0,0.0,0
2024-07-02,0.8397745109116348,-9.99900009998056e-05,0.0,0.0,9.999000099990002e-05,0.09999000099990002,0.1,0.0,1
2024-07-03,0.8398402507221134,7.828269329968052e-05,0.00018313190488485344,4.109589041095891e-06,0.00010073962254398313,0.10072159113148331,0.2,0.0,2
2024-07-05,0.8400731370876904,0.00027729840928292226,0.0002974123713761045,1.6438356164383563e-05,3.675605928854583e-06,0.003674573469192753,0.2,0.0,2
2024-07-08,0.8399219504334346,-0.00017996844272372137,-5.353709726010344e-05,2.4657534246575342e-05,0.00010177381121706186,0.1017817700050615,0.3,0.0,3
2024-07-09,0.8385026948121659,-0.0016897470301096007,-0.0015745970295562295,1.2328767123287671e-05,0.00010282123343013294,0.10298466244763342,0.4000000000000001,0.0,4
2024-07-10,0.8390600835232684,0.0006647428977284431,0.0006850974051821282,1.6438356164383563e-05,3.916151289399289e-06,0.00391353446916284,0.4,0.0,4
2024-07-11,0.8389012120630491,-0.0001893445574865371,-0.00016502500889861702,1.643835616438356e-05,7.881192423578146e-06,0.007882622830842553,0.4,0.0,4
2024-07-12,0.8404025016698448,0.0017895904609597224,0.0018090206766934404,1.643835616438356e-05,2.9918595693880396e-06,0.00298650601151165,0.4,0.0,4
2024-07-15,0.8406167873370113,0.0002549798063913311,0.0003080800707961127,4.9315068493150684e-05,3.7851959116498092e-06,0.0037842166888096143,0.4,0.0,4
2024-07-16,0.8393096354116085,-0.0015549914599536363,-0.0014288865252375827,1.643835616438356e-05,0.00010966657855172445,0.10982531180748754,0.5000000000000001,0.0,5
2024-07-17,0.8357908139995921,-0.004192518783953658,-0.004060899661148892,2.0547945205479453e-05,0.00011107117759931941,0.11152636662141177,0.5999999999999999,0.0,6
2024-07-18,0.8359465528761538,0.00018633714794780154,0.0003138664635365553,2.4657534246575342e-05,0.00010287178134207262,0.10284203850623025,0.5000000000000001,0.0,5
2024-07-19,0.8360851717788678,0.00016582268595644045,0.0002891694228010499,2.0547945205479453e-05,0.00010279879163923717,0.1027711850916436,0.39999999999999997,0.0,4
2024-07-22,0.8349312628232625,-0.0013801332622013218,-0.0013277082883951074,4.9315068493150684e-05,3.109905313191012e-06,0.0031141936305581633,0.4,0.0,4
2024-07-23,0.8349290996754228,-2.5908094904991685e-06,0.00021624490154503195,1.643835616438356e-05,0.00020239735487110426,0.20235692263345903,0.4000000000000001,0.0,4
2024-07-24,0.8351292748093514,0.00023975105671403263,0.0003595951083989745,1.6438356164383563e-05,0.00010340569552053452,0.10337022333041868,0.3,0.0,3
2024-07-25,0.8331523049962895,-0.0023672620188213145,-0.002351685275770648,1.232876712328767e-05,3.2479759273794196e-06,0.003255672382610974,0.30000000000000004,0.0,3
2024-07-26,0.833188989067367,4.403045020406893e-05,5.881440459085668e-05,1.2328767123287671e-05,2.4551872634914026e-06,0.0024550731378515604,0.30000000000000004,0.0,3
2024-07-29,0.8338409633739706,0.0007825047080054492,0.0008204451161086813,3.698630136986301e-05,9.541067334078293e-07,0.0009533598152569483,0.30000000000000004,0.0,3
2024-07-30,0.834579939546152,0.0008862315533062493,0.0009021690843833419,1.2328767123287673e-05,3.608763953752268e-06,0.003605555585026589,0.3,0.0,3
2024-07-31,0.834299285418784,-0.00033628189951540044,-2.3606472639592344e-05,1.2328767123287673e-05,0.00030034665975240673,0.30035745316950097,0.0,0.0,0
2024-08-01,0.834299285418784,0.0,0.0,0.0,0.0,0.0,0.0,0.0,0
2024-08-02,0.8341324589269985,-0.00019996000799848979,0.0,0.0,0.00019996000799840034,0.19996000799840033,0.2,0.0,2
2024-08-05,0.8348035953738173,0.0008045921719461724,0.001234815571831971,2.4657534246575345e-05,0.000405565865639236,0.405075660073368,0.6,0.0,6
2024-08-06,0.8347382476747521,-7.827912987834473e-05,5.4704828734275394e-05,2.4657534246575342e-05,0.00010832642436592664,0.10832316954775141,0.5000000000000001,0.0,5
2024-08-07,0.833533401634679,-0.0014433818546464305,-0.001419704181902787,2.0547945205479453e-05,3.1297275382265432e-06,0.003134241636410254,0.49999999999999994,0.0,5
2024-08-08,0.8331289507432824,-0.00048522457600796987,-0.0003601351517648454,2.0547945205479453e-05,0.00010454147903748904,0.10458129136737192,0.4,0.0,4
2024-08-09,0.8334316549788072,0.0003633341936499779,0.0005812799334249941,1.6438356164383563e-05,0.000201507383610553,0.20139362811599773,0.20000000000000004,0.0,2
2024-08-12,0.8338926068779394,0.0005530770236270577,0.0005792046108775151,2.4657534246575345e-05,1.4700530038381762e-06,0.001469238242066164,0.20000000000000004,0.0,2
2024-08-13,0.8337199616673399,-0.0002070353054764995,-9.745061865835683e-05,8.219178082191782e-06,0.0001013655087359823,0.10137622114066457,0.1,0.0,1
2024-08-14,0.8339061431836631,0.00022331421206578383,0.00022767380633427204,4.109589041095891e-06,2.5000522754083826e-07,0.000249949347810532,0.1,0.0,1
2024-08-15,0.8342367013216094,0.00039639729320661843,0.0004021689385997674,4.10958904109589e-06,1.6620563520485172e-06,0.001661395018228201,0.10000000000000002,0.0,1
2024-08-16,0.8344224559422879,0.00022266416759686436,0.00022700075739534034,4.109589041095891e-06,2.2700075739534003e-07,0.00022695017220629877,0.10000000000000002,0.0,1
2024-08-19,0.8342579991918452,-0.00019709051365002228,-0.0001844836579048326,1.2328767123287673e-05,2.780886218573987e-07,0.00027814336392735874,0.10000000000000002,0.0,1
2024-08-20,0.8337027378785072,-0.0006655750545704331,-0.0006604590221815311,4.109589041095891e-06,1.0064433479213506e-06,0.0010071126433721011,0.1,0.0,1
2024-08-21,0.8337297486360964,3.2398547302303626e-05,3.6904265574100333e-05,4.109589041095891e-06,3.961292307610187e-07,0.00039611624025705,0.1,0.0,1
2024-08-22,0.8335805785899574,-0.00017891894391808272,-7.418277952029868e-05,4.109589041095891e-06,0.00010062657535672753,0.10063445426651094,0.20000000000000004,0.0,2
2024-08-23,0.8336030335390853,2.6937946618010855e-05,3.728803699200594e-05,8.219178082191782e-06,2.1309122916901887e-06,0.002130850350301998,0.20000000000000004,0.0,2
2024-08-26,0.8334586956242315,-0.0001731494596907135,-4.719513476292291e-05,2.4657534246575345e-05,0.00010129679068119234,0.10130406964897815,0.30000000000000004,0.0,3
2024-08-27,0.8330415359285989,-0.0005005163397091561,-0.00048669340732959135,1.2328767123287671e-05,1.4941652562557237e-06,0.0014949112501183718,0.30000000000000004,0.0,3
2024-08-28,0.8331125799488005,8.528268656182725e-05,9.847557852392661e-05,1.2328767123287673e-05,8.641248386916927e-07,0.0008640504035045414,0.3,0.0,3
2024-08-29,0.8335670947875288,0.0005455623281505062,0.0005588558719820612,1.2328767123287673e-05,9.647767083978904e-07,0.0009642497197901725,0.3,0.0,3
2024-08-30,0.8336918879783433,0.00014970983331141774,0.0004638265184749303,1.2328767123287671e-05,0.00030178791804021495,0.30165172296560466,0.0,0.0,0
2024-09-03,0.8336918879783433,0.0,0.0,0.0,0.0,0.0,0.0,0.0,0
2024-09-04,0.8336918879783433,0.0,0.0,0.0,0.0,0.0,0.0,0.0,0
2024-09-05,0.8336918879783433,0.0,0.0,0.0,0.0,0.0,0.0,0.0,0
2024-09-06,0.8336085271256307,-9.999000099991662e-05,0.0,0.0,9.999000099990002e-05,0.09999000099990002,0.1,0.0,1
2024-09-09,0.8334006368859117,-0.0002493859323102754,-0.0002356357706779999,1.2328767123287671e-05,1.4213945089976962e-06,0.0014217470518482782,0.1,0.0,1
2024-09-10,0.8334725197370795,8.625245528537384e-05,9.100867630299492e-05,4.10958904109589e-06,6.466319765395446e-07,0.0006465757896935746,0.10000000000000002,0.0,1
2024-09-11,0.8331647598778055,-0.0003692501576070262,-0.0002645470633093616,4.10958904109589e-06,0.00010059350525655142,0.10062053763334969,0.2,0.0,2
2024-09-12,0.8330555625761941,-0.00013106327448053623,-0.00012242316883069872,8.21917808219178e-06,4.20927567729322e-07,0.0004209825658797379,0.2,0.0,2
2024-09-13,0.8328220211028705,-0.0002803432133642314,-7.018475574293028e-05,8.219178082191782e-06,0.00020193927953917807,0.20195511361454155,0.39999999999999997,0.0,4
2024-09-16,0.8329713691306377,0.0001793276642343411,0.0003316044652223905,4.931506849315069e-05,0.0001029617324950325,0.10293267569210764,0.5,0.0,5
2024-09-17,0.8323326411590957,-0.0007668066337126467,-0.0007431319689892358,2.0547945205479453e-05,3.126719517974395e-06,0.003129109155785992,0.5000000000000001,0.0,5
2024-09-18,0.8311411462457801,-0.001431512900486931,-0.0013093520879964183,2.0547945205479456e-05,0.00010161286728505191,0.1017481821959325,0.4000000000000001,0.0,4
2024-09-19,0.8301616623082922,-0.0011784808656292167,-0.001057725419601713,1.6438356164383563e-05,0.0001043170898631818,0.1044292639956959,0.30000000000000004,0.0,3
2024-09-20,0.8297291052720003,-0.0005210515685454276,-0.0005062992270155497,1.2328767123287671e-05,2.4235744064109767e-06,0.002424831992163196,0.3,0.0,3
2024-09-23,0.8292214089225847,-0.000611882054262991,-0.0004731481048508235,3.698630136986302e-05,0.00010174764804233053,0.10179957951037756,0.4,0.0,4
2024-09-24,0.8302906445187838,0.001289445237054876,0.0013087481784037347,1.643835616438356e-05,2.8645851845557215e-06,0.002860888030853123,0.4000000000000001,0.0,4
2024-09-25,0.8298059560923878,-0.0005837575427298791,-0.0003651025660564521,1.6438356164383563e-05,0.0002022166205090392,0.20229380387352863,0.5999999999999999,0.0,6
2024-09-26,0.8302258115974707,0.0005059682953589828,0.0005359610132777471,2.465753424657534e-05,5.335183672038524e-06,0.005332457168136671,0.6,0.0,6
2024-09-27,0.8318530136114818,0.0019599511256824798,0.001988714680273762,2.465753424657535e-05,4.1060203447786505e-06,0.004097971694188462,0.6000000000000002,0.0,6
2024-09-30,0.8301575804950148,-0.002038140258825649,-0.0013607635977858526,7.397260273972603e-05,0.0006034040583000871,0.6042710278186272,0.0,0.0,0
2024-10-01,0.8301575804950148,0.0,0.0,0.0,0.0,0.0,0.0,0.0,0
2024-10-02,0.8301575804950148,0.0,0.0,0.0,0.0,0.0,0.0,0.0,0
