date,nav,ret,gross_pnl,borrow,cost,turnover,gross_exp,net_exp,active_pairs
2015-08-03,1.0,0.0,0.0,0.0,0.0,0.0,0.0,0.0,0
2015-08-04,0.9997000899730081,-0.00029991002699192304,0.0,0.0,0.00029991002699190244,0.29991002699190245,0.30000000000000004,0.0,3
2015-08-05,0.998502754650068,-0.0011976945235370184,-0.0010847920909871356,1.2328767123287673e-05,0.00010057366542655696,0.10068412808355807,0.2,0.0,2
2015-08-06,0.9977243553912952,-0.0007795664610315001,-0.0007703611737314319,8.21917808219178e-06,9.861092178462258e-07,0.000986877581340703,0.2,0.0,2
2015-08-07,0.9977471514492114,2.2848051962398586e-05,0.00013172618212841657,8.219178082191782e-06,0.00010065895208359745,0.1006465215332552,0.1,0.0,1
2015-08-10,0.997595216572389,-0.0001522779359497406,-0.00013860297407471963,1.2328767123287671e-05,1.3461947517713193e-06,0.0013463979659606672,0.1,0.0,1
2015-08-11,0.9969106608083287,-0.0006862059407345411,-0.00048175184104052866,4.10958904109589e-06,0.00020034451065289362,0.20044189763992923,0.3,0.0,3
2015-08-12,0.9978580986985267,0.000950373917588454,0.0011668200304661425,1.2328767123287671e-05,0.00020411734575449174,0.2038819658062153,0.1,0.0,1
2015-08-13,0.9976860861045231,-0.0001723818188457127,-0.0001679424731776069,4.10958904109589e-06,3.297566270238044e-07,0.0003298133720946206,0.1,0.0,1
2015-08-14,0.9976891897706852,3.1108644344968184e-06,7.825710959008527e-06,4.109589041095891e-06,6.052574835038884e-07,0.0006052552343016462,0.1,0.0,1
2015-08-17,0.9979269465968746,0.0002383075096203946,0.0002509233898030816,1.2328767123287671e-05,2.871130595428233e-07,0.0002870445722514147,0.1,0.0,1
2015-08-18,0.9976637905981733,-0.0002637026684154664,-0.0001591868298207844,4.109589041095891e-06,0.00010040624955369814,0.10042264821252388,0.2,0.0,2
2015-08-19,0.9977976815964607,0.00013420452816781392,0.0003434313775880993,8.219178082191782e-06,0.00020100767133808564,0.200940313693563,0.2,0.0,2
2015-08-20,0.9979826995105666,0.00018542628181883458,0.00019651069051298547,8.21917808219178e-06,2.8652306117793515e-06,0.0028646912147378815,0.2,0.0,2
2015-08-21,0.9980641874681004,8.165267551607513e-05,9.387655646239669e-05,8.21917808219178e-06,4.004702864102577e-06,0.004004359861134781,0.2,0.0,2
2015-08-24,0.9968757899996438,-0.0011907024451718318,-0.0011573150563267134,2.4657534246575345e-05,8.729854598406737e-06,0.008740185257818013,0.2,0.0,2
2015-08-25,0.9966740126342337,-0.00020240973593121936,-0.0001888411611818077,8.219178082191782e-06,5.3493966671700595e-06,0.005350451028865023,0.2,0.0,2
2015-08-26,0.9967480449606729,7.427937871429258e-05,0.00018844156121893308,8.219178082191782e-06,0.0001059430044224563,0.10592391456214273,0.30000000000000004,0.0,3
2015-08-27,0.9972132354281342,0.00046670818148397686,0.0004839974595014397,1.2328767123287673e-05,4.960510894033699e-06,0.00495817227939809,0.30000000000000004,0.0,3
2015-08-28,0.9972906943235644,7.767535836711303e-05,9.066277319407236e-05,1.2328767123287671e-05,6.586477038742286e-07,0.0006585961134022831,0.30000000000000004,0.0,3
2015-08-31,0.996598010854388,-0.0006945652587746487,-0.0003597922355480954,3.698630136986302e-05,0.0002977867218567476,0.2979049241366872,0.0,0.0,0
2015-09-01,0.996598010854388,0.0,0.0,0.0,0.0,0.0,0.0,0.0,0
2015-09-02,0.9962991211180526,-0.00029991002699192304,0.0,0.0,0.00029991002699190244,0.29991002699190245,0.30000000000000004,0.0,3
2015-09-03,0.9965282813966109,0.00023001152334756192,0.00044450652290617404,1.2328767123287673e-05,0.00020216623243530873,0.20207889843049393,0.5000000000000001,0.0,5
2015-09-04,0.996461930244863,-6.658230678102672e-05,-3.7800483406841477e-05,2.0547945205479453e-05,8.233878168564072e-06,0.00823435863045079,0.5,0.0,5
2015-09-08,0.9960589159298359,-0.00040444527060667923,-0.00031044623904391533,8.219178082191781e-05,1.1807250740842335e-05,0.011811888537368522,0.5000000000000001,0.0,5
2015-09-09,0.995558529676611,-0.0005023661203391594,-0.00047488909042319187,2.0547945205479453e-05,6.929084710474152e-06,0.006932519337304065,0.5000000000000001,0.0,5
2015-09-10,0.9952354266920025,-0.00032454443910334696,-0.00020203855093928183,2.0547945205479453e-05,0.0001019579429586835,0.10198064247256604,0.6,0.0,6
2015-09-11,0.9947498518822098,-0.00048789944245319905,-0.0003566888520594112,2.4657534246575345e-05,0.00010655305614722208,0.10659370527153035,0.49999999999999994,0.0,5
2015-09-14,0.9943529752635984,-0.0003989712769097986,-0.00023640762640133591,6.164383561643837e-05,0.00010091981489205264,0.10094990315827952,0.39999999999999997,0.0,4
2015-09-15,0.9944365781795136,8.407770479390564e-05,0.00010463847559466503,1.643835616438356e-05,4.122414636436694e-06,0.00412205107103993,0.4000000000000001,0.0,4
2015-09-16,0.9937468738367201,-0.0006935629259093856,-0.0006736037082456848,1.643835616438356e-05,3.5208614992673086e-06,0.0035232927194489582,0.4000000000000001,0.0,4
2015-09-17,0.9932311238953115,-0.0005189952844000256,-0.0004964212594005538,1.643835616438356e-05,6.13566883522908e-06,0.00613881718665145,0.4,0.0,4
2015-09-18,0.993117445575285,-0.00011445303846369104,-9.263238990754863e-05,1.6438356164383563e-05,5.38229239162553e-06,0.0053828795063092984,0.4,0.0,4
2015-09-21,0.9928157667850547,-0.00030376950034904926,-0.0002509043652838881,4.9315068493150684e-05,3.550066572034826e-06,0.0035511326910806097,0.4,0.0,4
2015-09-22,0.992914417777648,9.936485286976549e-05,0.00011985467693115254,1.643835616438356e-05,4.051467897054025e-06,0.004051048952476113,0.4000000000000001,0.0,4
2015-09-23,0.9928130361793607,-0.0001021050721715655,-8.426165889615645e-05,1.643835616438356e-05,1.4050571109259952e-06,0.0014051986144476333,0.4,0.0,4
2015-09-24,0.9921722571386167,-0.0006454176339282247,-0.0006262374984890018,1.6438356164383563e-05,2.7417792749880065e-06,0.002743542483498366,0.4000000000000001,0.0,4
2015-09-25,0.9929687937317998,0.0008028208685055827,0.0008236303222321829,1.643835616438356e-05,4.371097562247358e-06,0.004367572093142551,0.4,0.0,4
2015-09-28,0.9917176012062846,-0.0012600522125302271,-0.0012060816583048751,4.931506849315069e-05,4.655485732219882e-06,0.004661337560135376,0.4,0.0,4
2015-09-29,0.9924981891527394,0.0007871070811944492,0.0009069015853768404,1.6438356164383563e-05,0.00010335614801799629,0.10326419504941056,0.5000000000000001,0.0,5
2015-09-30,0.9924310759653067,-6.762046335817562e-05,0.00045970303306003296,2.0547945205479453e-05,0.0005067755512127498,0.5065530958434417,0.0,0.0,0
2015-10-01,0.9924310759653067,0.0,0.0,0.0,0.0,0.0,0.0,0.0,0
2015-10-02,0.9921334359345263,-0.00029991002699192304,0.0,0.0,0.00029991002699190244,0.29991002699190245,0.3,0.0,3
2015-10-05,0.9919783541987802,-0.00015631136914562305,0.0001840916098560187,3.698630136986302e-05,0.0003034166776317792,0.3033720499927789,0.6000000000000001,0.0,6
2015-10-06,0.992258547629873,0.0002824592189001329,0.0003101520168688866,2.4657534246575345e-05,3.0352637221545326e-06,0.0030343974184334865,0.6000000000000001,0.0,6
2015-10-07,0.9940654575845764,0.001821007195170532,0.0018520726175534352,2.4657534246575345e-05,6.407888136389024e-06,0.00639619962471897,0.6,0.0,6
2015-10-08,0.9941225344261927,5.741758873201164e-05,0.00019054147089061534,2.4657534246575342e-05,0.00010846634791204543,0.10844835807148595,0.5000000000000001,0.0,5
2015-10-09,0.9952459311502919,0.0011300384864001423,0.0011532035066655123,2.0547945205479453e-05,2.6170750598762435e-06,0.002614114168924519,0.5000000000000001,0.0,5
2015-10-12,0.9941594387149535,-0.001091682368480229,-0.0009251914377821413,6.164383561643835e-05,0.00010484709508163969,0.10495066409893912,0.6,0.0,6
2015-10-13,0.9939414540365744,-0.0002192653108649134,9.009671302423387e-06,2.4657534246575342e-05,0.00020361744792065511,0.20362063414843085,0.8000000000000003,0.0,8
2015-10-14,0.9942257987552743,0.0002860779350182252,0.0003277188679177647,3.287671232876712e-05,8.764220570708441e-06,0.008761637270689062,0.8000000000000003,0.0,8
2015-10-15,0.9940862925519729,-0.00014031641853995414,5.325053583871177e-06,3.287671232876713e-05,0.00011276475979510969,0.11276786673689142,0.7,0.0,7
2015-10-16,0.9944237669337068,0.0003394819788407055,0.0005686547940852714,2.8767123287671234e-05,0.00020040569195685538,0.20029755377708025,0.7000000000000003,0.0,7
2015-10-19,0.9924138242056404,-0.00202121348553852,-0.0019292857416950858,8.63013698630137e-05,5.626373980489542e-06,0.005637737331192643,0.7,0.0,7
2015-10-20,0.9930552471896534,0.0006463261276377086,0.0006796515351141451,2.8767123287671228e-05,4.558284188725016e-06,0.004555319202465238,0.7000000000000001,0.0,7
2015-10-21,0.9938304958245954,0.0007806701964829799,0.0008145176712308467,2.8767123287671234e-05,5.080351460172151e-06,0.0050763627053948285,0.7,0.0,7
2015-10-22,0.9942697042464883,0.0004419349413589124,0.00048079739043975793,2.8767123287671234e-05,1.0095325793170473e-05,0.010090764462214848,0.7000000000000002,0.0,7
2015-10-23,0.9935876497496381,-0.0006859853960521356,-0.0005510593918399917,2.8767123287671234e-05,0.00010615888092457823,0.10622047036974794,0.6000000000000002,0.0,6
2015-10-26,0.992966371128657,-0.0006252881878489047,-0.0005472737815786501,7.397260273972604e-05,4.041803530553746e-06,0.004044316047275157,0.6000000000000001,0.0,6
2015-10-27,0.9928682085502291,-9.885790826569263e-05,2.9092133201241783e-05,2.4657534246575345e-05,0.000103292507220395,0.10329204916158176,0.5000000000000001,0.0,5
2015-10-28,0.9923315003740364,-0.0005405633613512206,-0.00040920436233503603,2.0547945205479456e-05,0.00011081105381070514,0.11085869559094629,0.6000000000000001,0.0,6
2015-10-29,0.9900327289812656,-0.0023165357462746616,-0.0021865660546207862,2.4657534246575342e-05,0.00010531215740722756,0.10554554219983965,0.7,0.0,7
2015-10-30,0.9863725842571747,-0.003696993661873371,-0.0029764170778026123,2.8767123287671238e-05,0.0006918094607831464,0.6938947422999256,0.0,0.0,0
2015-11-02,0.9863725842571747,0.0,0.0,0.0,0.0,0.0,0.0,0.0,0
2015-11-03,0.9861753491873372,-0.00019996000799837876,0.0,0.0,0.0001999600079984003,0.19996000799840033,0.2,0.0,2
2015-11-04,0.9864866685516904,0.0003156835796085389,0.0003246009996578592,8.21917808219178e-06,6.98241967031156e-07,0.0006980211258358658,0.2,0.0,2
2015-11-05,0.9865734197134275,8.793951758567786e-05,0.00019710319665622861,8.219178082191782e-06,0.00010094450098854088,0.10092543778627545,0.30000000000000004,0.0,3
2015-11-06,0.9855382424308482,-0.0010492653277441866,-0.0009257413600568199,1.2328767123287671e-05,0.00011119520056403963,0.1112996074009093,0.39999999999999997,0.0,4
2015-11-09,0.9857047318686172,0.00016893249860938653,0.0003219566061639089,4.931506849315068e-05,0.00010370903906127057,0.10368077137633563,0.5000000000000001,0.0,5
2015-11-10,0.9848801060117954,-0.0008365850646354644,-0.0008124151273744439,2.0547945205479456e-05,3.6219920555490373e-06,0.0036250115563131215,0.49999999999999994,0.0,5
2015-11-11,0.9847172862565163,-0.00016531936657593338,5.763023123893107e-05,2.0547945205479456e-05,0.00020240165260934818,0.20239414737168382,0.5000000000000001,0.0,5
2015-11-12,0.9852916770151215,0.0005833052457002719,0.0007072489202048949,2.054794520547945e-05,0.00010339572929899982,0.10332477607452785,0.4,0.0,4
2015-11-13,0.9857802265045835,0.0004958425011181156,0.0005156580360057561,1.643835616438356e-05,3.377178723344539e-06,0.003375493610504996,0.4,0.0,4
2015-11-16,0.9856244256189924,-0.00015804829656962394,-2.960547679975417e-06,4.9315068493150684e-05,0.00010577268039661122,0.10577821001771759,0.30000000000000004,0.0,3
2015-11-17,0.9847176098140065,-0.0009200419362744849,-0.0009050372903387448,1.2328767123287671e-05,2.6758788125340135e-06,0.0026783358269121074,0.3,0.0,3
2015-11-18,0.9849976459697636,0.0002843821954296999,0.0003005565006081514,1.2328767123287673e-05,3.845538055287515e-06,0.0038444299839467005,0.30000000000000004,0.0,3
2015-11-19,0.9851678057006789,0.0001727514087079829,0.00018707590351989536,1.2328767123287671e-05,1.9957276885216786e-06,0.0019953790017550963,0.3,0.0,3
2015-11-20,0.9854959783488353,0.000333113451594258,0.00044719784800711373,1.232876712328767e-05,0.00010175562928957456,0.10171139814734681,0.4,0.0,4
2015-11-23,0.9858218987814351,0.00033071716147015096,0.00038211177239845805,4.931506849315069e-05,2.0795424351151076e-06,0.002078850600487354,0.39999999999999997,0.0,4
2015-11-24,0.9864454029676253,0.0006324714301446654,0.0006510234407547445,1.6438356164383563e-05,2.113654445713413e-06,0.0021123140027532942,0.39999999999999997,0.0,4
2015-11-25,0.9858323940395968,-0.0006214321909598919,-0.0006027727141653061,1.643835616438356e-05,2.221120630267393e-06,0.0022224968249051464,0.4,0.0,4
2015-11-27,0.9861747793643411,0.0003473058167031695,0.0003831692596897528,3.287671232876713e-05,2.9867306578613726e-06,0.0029856847947290098,0.4,0.0,4
2015-11-30,0.9857228626874485,-0.0004582521134680606,-1.0879495054477725e-05,4.9315068493150684e-05,0.0003980575499204006,0.3980815122632877,0.0,0.0,0
2015-12-01,0.9857228626874485,0.0,0.0,0.0,0.0,0.0,0.0,0.0,0
2015-12-02,0.9857228626874485,0.0,0.0,0.0,0.0,0.0,0.0,0.0,0
2015-12-03,0.9856243002574228,-9.999000099991662e-05,0.0,0.0,9.999000099990002e-05,0.09999000099990002,0.1,0.0,1
2015-12-04,0.9857785327695858,0.00015648205114549008,0.0003631315848647843,4.109589041095891e-06,0.00020253994467823088,0.2024672544804384,0.3,0.0,3
2015-12-07,0.9850147678820627,-0.0007747834448954549,-0.0007353198266321526,3.6986301369863026e-05,2.477316893401209e-06,0.002479231619173433,0.30000000000000004,0.0,3
2015-12-08,0.9843671473864034,-0.0006574728793677931,-0.000542840527845756,1.2328767123287671e-05,0.0001023035843987724,0.10236041175639994,0.4,0.0,4
2015-12-09,0.984637638710671,0.00027478702939820465,0.000394225283786559,1.643835616438356e-05,0.00010299989822380976,0.10296100090361347,0.5000000000000001,0.0,5
2015-12-10,0.9839482321357043,-0.0007001627277517519,-0.0005737474901407359,2.054794520547945e-05,0.00010586729240566576,0.10593024626748762,0.6,0.0,6
2015-12-11,0.9839747465593971,2.694697020322323e-05,6.018245695350023e-05,2.465753424657534e-05,8.577952503852745e-06,0.008577647783578224,0.6,0.0,6
2015-12-14,0.9828776169295944,-0.001114997751353819,-0.0008379528790245119,7.397260273972603e-05,0.00020307226958960725,0.20325762539757017,0.5999999999999999,0.0,6
2015-12-15,0.983313355142412,0.0004433290628580444,0.0005790847453948532,2.4657534246575342e-05,0.0001110981482902062,0.11103658658517036,0.5000000000000001,0.0,5
2015-12-16,0.9818646425978726,-0.0014732969271321616,-0.0013436337436884772,2.0547945205479456e-05,0.00010911523823825358,0.1092642945881807,0.6000000000000001,0.0,6
2015-12-17,0.9821143460860979,0.0002543155923862006,0.00028719822832674614,2.465753424657535e-05,8.225101693966816e-06,0.008222942836847049,0.6,0.0,6
2015-12-18,0.9825816202089765,0.00047578382775981254,0.0005161391189988709,2.4657534246575342e-05,1.5697756992534238e-05,0.015690045624046096,0.6,0.0,6
2015-12-21,0.9833147749116352,0.0007461514520317181,0.0008237799812703061,7.397260273972603e-05,3.6559264988392824e-06,0.003653187312037562,0.6000000000000001,0.0,6
2015-12-22,0.983930263346114,0.0006259322550443702,0.0007562447134782382,2.4657534246575345e-05,0.00010565492418741278,0.10557768490672206,0.7,0.0,7
2015-12-23,0.9838181957012654,-0.00011389795499072708,2.522863192526686e-05,2.8767123287671234e-05,0.00011035946362832267,0.11035985413571328,0.5999999999999999,0.0,6
2015-12-24,0.9835953948280622,-0.00022646549349936151,-0.00020044594192428764,2.465753424657534e-05,1.3620173285748442e-06,0.0013623239924412135,0.6000000000000002,0.0,6
2015-12-28,0.9833283741470307,-0.00027147410656414017,-0.00016989642706753412,9.863013698630138e-05,2.947542510299392e-06,0.002948334216356192,0.6000000000000001,0.0,6
2015-12-29,0.9831375351915718,-0.0001940744927902971,-0.00016360610528545207,2.4657534246575342e-05,5.810853258314682e-06,0.005811947436691882,0.6000000000000001,0.0,6
2015-12-30,0.9825605239772094,-0.0005869079286551226,-0.000558208300548646,2.4657534246575345e-05,4.042093859816221e-06,0.00404445123226,0.6000000000000001,0.0,6
2015-12-31,0.9822011061529896,-0.0003657971345774058,0.0002526003607988158,2.4657534246575345e-05,0.0005937399611297004,0.5936046532071937,0.0,0.0,0
2016-01-04,0.9822011061529896,0.0,0.0,0.0,0.0,0.0,0.0,0.0,0
2016-01-05,0.9822011061529896,0.0,0.0,0.0,0.0,0.0,0.0,0.0,0
2016-01-06,0.9822011061529896,0.0,0.0,0.0,0.0,0.0,0.0,0.0,0
2016-01-07,0.9822011061529896,0.0,0.0,0.0,0.0,0.0,0.0,0.0,0
2016-01-08,0.9820047052119473,-0.00019996000799837876,0.0,0.0,0.00019996000799840034,0.19996000799840036,0.2,0.0,2
2016-01-11,0.9807530486267261,-0.0012745932667920234,-0.0012486870454999468,2.4657534246575345e-05,1.2486870454999473e-06,0.0012502790815916622,0.2,0.0,2
2016-01-12,0.9801646272646023,-0.0005999689350419946,-0.0004896382994947324,8.219178082191782e-06,0.00010211145746515014,0.10216231973995928,0.3,0.0,3
2016-01-13,0.9810131201342586,0.0008656636304293919,0.0010746316174613298,1.2328767123287671e-05,0.00019663921990872372,0.19643055117431776,0.1,0.0,1
2016-01-14,0.9807428000481261,-0.0002755519580568411,-0.0002707959339279143,4.109589041095891e-06,6.464350878053496e-07,0.0006466128452477309,0.1,0.0,1
2016-01-15,0.9807118964251789,-3.151042551186034e-05,-2.4792477009954935e-05,4.10958904109589e-06,2.608359460813213e-06,0.0026084348499695368,0.1,0.0,1
2016-01-19,0.9804054195013352,-0.00031250454385312043,-0.00029513847699168537,1.643835616438356e-05,9.277106969940676e-07,0.0009279998402454605,0.1,0.0,1
2016-01-20,0.9790260844207336,-0.0014069027497860542,-0.0013015906949761292,4.109589041095891e-06,0.00010120246576887872,0.10133477861810118,0.2,0.0,2
2016-01-21,0.9812327389243782,0.002253928203506783,0.0023647375119212333,8.219178082191782e-06,0.0001025901303322719,0.10234894317123984,0.3,0.0,3
2016-01-22,0.982056233987195,0.0008392454003516292,0.0008568212615503113,1.2328767123287673e-05,5.247094075384128e-06,0.005242666682719788,0.3,0.0,3
2016-01-25,0.9818663400157401,-0.000193363643427924,4.1414660524274924e-05,3.698630136986302e-05,0.0001977920025822937,0.19779112669214713,0.1,0.0,1
2016-01-26,0.9816399878783644,-0.00023053253599891743,-2.4314320379415066e-05,4.10958904109589e-06,0.0002021086265784341,0.20211437145902103,0.3,0.0,3
2016-01-27,0.9812616281052309,-0.0003854363899246094,-0.0002706012128318946,1.2328767123287673e-05,0.0001025064099694403,0.10253542031385439,0.4,0.0,4
2016-01-28,0.9814899626367918,0.00023269485427834802,0.0003569916738976668,1.6438356164383563e-05,0.00010785846345495879,0.10782174440217883,0.5000000000000001,0.0,5
2016-01-29,0.9822847843080804,0.0008098113088730319,0.001339068631404572,2.0547945205479453e-05,0.0005087093773261077,0.5080395167139138,0.0,0.0,0
2016-02-01,0.9822847843080804,0.0,0.0,0.0,0.0,0.0,0.0,0.0,0
2016-02-02,0.9819901872519049,-0.000299910026991812,0.0,0.0,0.00029991002699190244,0.29991002699190245,0.3,0.0,3
2016-02-03,0.9826758915050609,0.0006982801478647715,0.0007123033411952584,1.2328767123287671e-05,1.6944262072862134e-06,0.001693240981651281,0.30000000000000004,0.0,3
2016-02-04,0.9822152762975844,-0.0004687356344632576,-0.00035403262969410665,1.2328767123287673e-05,0.00010237423764598603,0.10241175736046312,0.4,0.0,4
2016-02-05,0.9818270806195227,-0.00039522463906793703,-0.00027088107185684876,1.6438356164383563e-05,0.00010790521104666322,0.10793622322058175,0.5000000000000001,0.0,5
2016-02-08,0.9831993660060424,0.001397685410809535,0.0014712703381216164,6.164383561643835e-05,1.194109169552999e-05,0.011924282910316239,0.5,0.0,5
2016-02-09,0.9836691771286097,0.0004778391227771017,0.0009000462943296818,2.054794520547945e-05,0.00040165922634718943,0.40130627813807385,0.3,0.0,3
2016-02-10,0.9822395716780153,-0.001453339683538113,-0.0014368558911647125,1.2328767123287671e-05,4.155025250215756e-06,0.00416105538784611,0.30000000000000004,0.0,3
2016-02-11,0.9837099198406366,0.0014969343579891436,0.0015160395953948246,1.2328767123287673e-05,6.776470282402724e-06,0.006766295730245866,0.3,0.0,3
2016-02-12,0.9847855001572188,0.0010933917559319273,0.0012138788000421563,1.2328767123287671e-05,0.00010815827698686127,0.10802847536872581,0.4000000000000001,0.0,4
2016-02-16,0.9826783216848597,-0.0021397334465451667,-0.002067258721017912,6.575342465753424e-05,6.7213008697588196e-06,0.006735668131692959,0.4000000000000001,0.0,4
2016-02-17,0.9849436923787661,0.002305302400507081,0.002327734976573287,1.6438356164383563e-05,5.994219901762138e-06,0.005980397429394876,0.39999999999999997,0.0,4
2016-02-18,0.9841597167775943,-0.0007959598170311777,-0.0006790967459473442,1.643835616438356e-05,0.00010042471491949151,0.10049461245002361,0.3,0.0,3
2016-02-19,0.9835873898305281,-0.0005815386845340331,-0.0005676868093039079,1.2328767123287673e-05,1.5231081068123754e-06,0.00152399204593737,0.3,0.0,3
2016-02-22,0.983968121921552,0.000387085169005319,0.0004279236739109683,3.698630136986302e-05,3.8522035358395815e-06,0.0038506981540208,0.30000000000000004,0.0,3
2016-02-23,0.983770162612203,-0.00020118467757113123,-0.00018555638357484197,1.232876712328767e-05,3.2995268729856956e-06,0.003300179929588393,0.30000000000000004,0.0,3
2016-02-24,0.983467394165823,-0.00030776339625515625,-0.00029442148125767293,1.2328767123287673e-05,1.0131478743187435e-06,0.0010134587530429631,0.30000000000000004,0.0,3
2016-02-25,0.9825173148765265,-0.000966050623470216,-0.0009498865650801602,1.2328767123287673e-05,3.835291266745764e-06,0.0038389851971625754,0.3,0.0,3
2016-02-26,0.9818044683318508,-0.000725530770687044,-0.0007112363939009104,1.2328767123287673e-05,1.965609662771854e-06,0.0019670329392773027,0.3,0.0,3
2016-02-29,0.9802420726562658,-0.0015913511559378923,-0.0012582051518449657,3.698630136986302e-05,0.00029615970272306707,0.2965437836972157,0.0,0.0,0
2016-03-01,0.9802420726562658,0.0,0.0,0.0,0.0,0.0,0.0,0.0,0
2016-03-02,0.9802420726562658,0.0,0.0,0.0,0.0,0.0,0.0,0.0,0
2016-03-03,0.9802420726562658,0.0,0.0,0.0,0.0,0.0,0.0,0.0,0
2016-03-04,0.9802420726562658,0.0,0.0,0.0,0.0,0.0,0.0,0.0,0
2016-03-07,0.9801440582504408,-9.999000099991662e-05,0.0,0.0,9.999000099990002e-05,0.09999000099990002,0.1,0.0,1
2016-03-08,0.9801975265674623,5.4551488193332887e-05,5.9300685468843794e-05,4.109589041095891e-06,6.396082343964879e-07,0.0006395729356649231,0.1,0.0,1
2016-03-09,0.9799244923400239,-0.00027855021058309504,-0.00027303412496565427,4.10958904109589e-06,1.4064965765094425e-06,0.0014068864862554291,0.1,0.0,1
2016-03-10,0.9798572723946339,-6.859706632034168e-05,3.641340826117113e-05,4.10958904109589e-06,0.00010090088554037166,0.10089762616169638,0.2,0.0,2
2016-03-11,0.9807456607904473,0.000906650816238086,0.0009157857801004089,8.21917808219178e-06,9.157857801004095e-07,0.0009149553971396292,0.2,0.0,2
2016-03-14,0.9808117251677446,6.736137608198689e-05,9.255431317560238e-05,2.465753424657535e-05,5.354028469696247e-07,0.000535366497308911,0.2,0.0,2
2016-03-15,0.9804785878067294,-0.00033965474970054643,-0.00033110446715126085,8.21917808219178e-06,3.3110446715126383e-07,0.00033121685686249714,0.2,0.0,2
2016-03-16,0.9799105526765675,-0.0005793447579844901,-0.0005694890946317422,8.21917808219178e-06,1.6364852705717386e-06,0.0016374312281382342,0.2,0.0,2
2016-03-17,0.9799159577549995,5.5158896057339035e-06,0.00011683493286710497,8.219178082191782e-06,0.00010309986517928731,0.10308866812578904,0.30000000000000004,0.0,3
2016-03-18,0.980021250387787,0.00010745067671802389,0.00022238365887952696,1.2328767123287671e-05,0.00010260421503837062,0.10258266704734792,0.4,0.0,4
2016-03-21,0.9796673137847044,-0.00036115196781960623,-0.0003107495911170877,4.9315068493150684e-05,1.0873082093977904e-06,0.0010876998516746417,0.4,0.0,4
2016-03-22,0.9802095894235381,0.0005535303987418416,0.0005715144891694891,1.643835616438356e-05,1.5457342632277112e-06,0.0015448767390214455,0.4000000000000001,0.0,4
2016-03-23,0.9792020418894246,-0.0010278898972065909,-0.0010094468341030726,1.6438356164383563e-05,2.0047069391877507e-06,0.0020067656503487807,0.39999999999999997,0.0,4
2016-03-24,0.9790148830301157,-0.00019113405742876566,-0.00017312837892128342,1.6438356164383563e-05,1.567322343090526e-06,0.0015676195116031972,0.4,0.0,4
2016-03-28,0.9794411274039577,0.0004353808928039271,0.0005025741460278677,6.575342465753425e-05,1.4398285664433398e-06,0.0014391998941073998,0.4,0.0,4
2016-03-29,0.9786651630666711,-0.0007922521482668365,-0.000771429627472392,1.643835616438356e-05,4.384164630024043e-06,0.004387621496525472,0.4,0.0,4
2016-03-30,0.9792422001730843,0.0005896164778207424,0.000608556239891811,1.6438356164383563e-05,2.501405906625858e-06,0.002499925655936989,0.4,0.0,4
2016-03-31,0.9787814413658471,-0.0004705258894640574,-5.495521691502023e-05,1.6438356164383563e-05,0.0003991323163846862,0.3991608139014239,0.0,0.0,0
2016-04-01,0.9787814413658471,0.0,0.0,0.0,0.0,0.0,0.0,0.0,0
2016-04-04,0.9787814413658471,0.0,0.0,0.0,0.0,0.0,0.0,0.0,0
2016-04-05,0.9784878949973479,-0.00029991002699192304,0.0,0.0,0.00029991002699190244,0.29991002699190245,0.30000000000000004,0.0,3
2016-04-06,0.9781298063163256,-0.0003659612784716604,-0.0003523322190935874,1.2328767123287673e-05,1.3002922547373461e-06,0.001300766593566194,0.30000000000000004,0.0,3
2016-04-07,0.9782635117266539,0.00013669495548018773,0.0002504726075422237,1.2328767123287673e-05,0.00010144888493859564,0.10142473126357907,0.39999999999999997,0.0,4
2016-04-08,0.9790234317825833,0.0007768050702290363,0.0007945883970521654,1.6438356164383563e-05,1.3449706586645229e-06,0.0013439248834615073,0.39999999999999997,0.0,4
2016-04-11,0.9790290728136569,5.76189587553344e-06,5.7440638782285685e-05,4.931506849315069e-05,2.3636744135942395e-06,0.0023636552075477113,0.4,0.0,4
2016-04-12,0.9785386729673254,-0.0005009042733757907,-0.00048314127296896766,1.643835616438356e-05,1.3246442423682166e-06,0.001325306338417251,0.39999999999999997,0.0,4
2016-04-13,0.9792175985311271,0.0006938157709628356,0.0007131219733526096,1.6438356164383563e-05,2.8678462254233684e-06,0.0028658496349333856,0.39999999999999997,0.0,4
2016-04-14,0.9795155065329326,0.00030423064521345466,0.00032154699299558607,1.643835616438356e-05,8.779916176722929e-07,0.0008777238165551094,0.4000000000000001,0.0,4
2016-04-15,0.9802509048937268,0.0007507776608837169,0.0007696137741372732,1.643835616438356e-05,2.397757089042119e-06,0.002395952516504058,0.4,0.0,4
2016-04-18,0.9802291033770838,-2.22407513568168e-05,2.9231286855752068e-05,4.931506849315069e-05,2.156969719309672e-06,0.002157013040288562,0.4,0.0,4
2016-04-19,0.9802778322437561,4.971171178702605e-05,6.745638043272329e-05,1.6438356164383563e-05,1.30631248140473e-06,0.0013062458393227991,0.4,0.0,4
2016-04-20,0.9804036977975861,0.00012839783752105483,0.00025256612863105445,1.643835616438356e-05,0.00010772993494562897,0.10770450292126953,0.5,0.0,5
2016-04-21,0.9804101258475758,6.55653380765564e-06,3.4976838327022166e-05,2.054794520547945e-05,7.872359313889838e-06,0.00787224572609763,0.5000000000000001,0.0,5
2016-04-22,0.981065721514642,0.0006686953243157934,0.0008914345106275533,2.0547945205479453e-05,0.00020219124110620922,0.20201530868786335,0.5000000000000001,0.0,5
2016-04-25,0.9815621226039087,0.0005059814835852716,0.0005688409453061261,6.164383561643837e-05,1.2156261043682032e-06,0.0012150098548815626,0.49999999999999994,0.0,5
2016-04-26,0.9818837288873314,0.0003276474061260082,0.00035128974725869835,2.0547945205479453e-05,3.094395927195415e-06,0.0030933728194946727,0.5000000000000001,0.0,5
2016-04-27,0.9832066174942964,0.0013472965973924111,0.0014724473144159308,2.0547945205479453e-05,0.00010460277181795896,0.10445111930372855,0.4,0.0,4
2016-04-28,0.9824265129980319,-0.0007934288504410913,-0.0005728548120255693,1.6438356164383563e-05,0.00020413568225103053,0.2042560489452354,0.2,0.0,2
2016-04-29,0.9822087308973513,-0.0002216777517699553,-1.3893373803658414e-05,8.219178082191782e-06,0.0001995651998841392,0.19956961287755878,0.0,0.0,0
2016-05-02,0.9822087308973513,0.0,0.0,0.0,0.0,0.0,0.0,0.0,0
2016-05-03,0.982012328431665,-0.00019996000799837876,0.0,0.0,0.00019996000799840034,0.19996000799840036,0.2,0.0,2
2016-05-04,0.9812065087378289,-0.0008205800176898093,-0.0008110305972578724,8.219178082191783e-06,1.3302423497401183e-06,0.0013313330440373487,0.2,0.0,2
2016-05-05,0.981500314275796,0.00029943292808476407,0.00030808527971635245,8.21917808219178e-06,4.331735494155247e-07,0.0004330436942910804,0.2,0.0,2
2016-05-06,0.9816399943683954,0.00014231283532750716,0.00015095077637655718,8.219178082191782e-06,4.187629668204035e-07,0.00041870320464279385,0.2,0.0,2
2016-05-09,0.9811127303975069,-0.0005371255999281344,-0.0005116992872178262,2.4657534246575345e-05,7.687784638143017e-07,0.0007691910246673912,0.2,0.0,2
2016-05-10,0.9810958085740867,-1.7247583173563008e-05,9.267353918498426e-05,8.21917808219178e-06,0.00010170194427628673,0.1016933558288918,0.3,0.0,3
2016-05-11,0.980851073127833,-0.00024945111793861496,-0.00023452229287119204,1.232876712328767e-05,2.6000579441168815e-06,0.0026006999296512433,0.3,0.0,3
2016-05-12,0.9802136261990334,-0.0006498916566067825,-0.0006357079959492196,1.2328767123287671e-05,1.8548935342570549e-06,0.0018560963529295582,0.30000000000000004,0.0,3
2016-05-13,0.9796773466196055,-0.000547104799499154,-0.0005336445970288651,1.2328767123287671e-05,1.1314353469687806e-06,0.0011320534179817961,0.3,0.0,3
2016-05-16,0.9796986598275358,2.1755334043138674e-05,6.107081634581518e-05,3.698630136986301e-05,2.3291809327094366e-06,0.0023291248368674223,0.30000000000000004,0.0,3
2016-05-17,0.9791608480715835,-0.0005489563046323642,-0.0004332367809842976,1.2328767123287673e-05,0.00010339075652476987,0.10343684441904796,0.4,0.0,4
2016-05-18,0.9797052703821032,0.0005560090679603835,0.0005784467642112048,1.6438356164383563e-05,5.99934008641501e-06,0.005995970300691622,0.39999999999999997,0.0,4
2016-05-19,0.9796472439169555,-5.9228491365637126e-05,-3.9701944612086046e-05,1.643835616438356e-05,3.0881905891731682e-06,0.0030883639708553993,0.4,0.0,4
2016-05-20,0.9793426913081892,-0.00031087987095090863,-0.0002928664093616029,1.6438356164383563e-05,1.575105424971344e-06,0.0015755927633215676,0.4,0.0,4
2016-05-23,0.9795891046289339,0.00025161092529879525,0.0003034718166661621,4.9315068493150684e-05,2.545822874077692e-06,0.0025451760004218966,0.4,0.0,4
2016-05-24,0.978993892006393,-0.0006076145801625632,-0.0005853056348090634,1.6438356164383563e-05,5.870589189071154e-06,0.005874123907834927,0.4000000000000001,0.0,4
2016-05-25,0.9793630955943263,0.000377125527490918,0.00039499499149418533,1.6438356164383563e-05,1.4311078388278468e-06,0.0014305662884670685,0.4000000000000001,0.0,4
2016-05-26,0.9790728471283676,-0.0002963645120633851,-0.0002761508359707564,1.6438356164383563e-05,3.775319928340317e-06,0.003776424869442026,0.4,0.0,4
2016-05-27,0.9786256136958766,-0.00045679280535937394,-0.00043828697673552473,1.6438356164383563e-05,2.067472459519581e-06,0.0020684130193183645,0.4000000000000001,0.0,4
2016-05-31,0.9783483211866855,-0.00028334891843262433,0.00018287925085747064,6.575342465753424e-05,0.0004004747446324892,0.40042784419040495,0.0,0.0,0
2016-06-01,0.9783483211866855,0.0,0.0,0.0,0.0,0.0,0.0,0.0,0
2016-06-02,0.9781526906485557,-0.00019996000799848979,0.0,0.0,0.0001999600079984003,0.19996000799840033,0.2,0.0,2
2016-06-03,0.9770446724802392,-0.0011327660588265065,-0.001121629593964918,8.219178082191782e-06,2.9172867793453163e-06,0.002920586600529582,0.2,0.0,2
2016-06-06,0.9760522390640308,-0.0010157502969532217,-0.0008917204622363951,2.4657534246575342e-05,9.937230047028148e-05,0.09946344658418557,0.1,0.0,1
2016-06-07,0.9760022639302309,-5.120129005375951e-05,-4.692879640412206e-05,4.109589041095891e-06,1.6290460846678778e-07,0.0001629129232793601,0.1,0.0,1
2016-06-08,0.9763522768500775,0.00035861896307198826,0.0003634603068964682,4.109589041095891e-06,7.317547834508194e-07,0.0007314919213037935,0.1,0.0,1
2016-06-09,0.975634164877698,-0.0007355049907767919,-0.0007296158782464369,4.109589041095891e-06,1.7795234892383515e-06,0.001780830129657394,0.1,0.0,1
2016-06-10,0.9752940791018494,-0.0003485791991419962,-0.0002445766290001761,4.109589041095891e-06,9.98929811008029e-05,0.0999178292878834,0.0,0.0,0
2016-06-13,0.9751965594459048,-9.999000099991662e-05,0.0,0.0,9.999000099990002e-05,0.09999000099990002,0.1,0.0,1
2016-06-14,0.9746144420500567,-0.0005969231435546396,-0.0005896089463523436,4.109589041095891e-06,3.204608161238555e-06,0.0032065119268034586,0.1,0.0,1
2016-06-15,0.9743219007276331,-0.0003001610788858633,-0.00029519495108565336,4.109589041095891e-06,8.565387591222981e-07,0.0008567952018161604,0.1,0.0,1
2016-06-16,0.9740035499273139,-0.0003267408852059006,-0.00032139973432406276,4.109589041095891e-06,1.23156184073939e-06,0.0012319628561351013,0.1,0.0,1
2016-06-17,0.9729918759019436,-0.0010386759118544697,-0.0010335327900233226,4.109589041095891e-06,1.033532790023325e-06,0.0010346063414088196,0.1,0.0,1
2016-06-20,0.972269967799726,-0.0007419466905089767,-0.0006292037583512266,1.2328767123287673e-05,0.00010041416503444628,0.1004786253407173,0.0,0.0,0
2016-06-21,0.972269967799726,0.0,0.0,0.0,0.0,0.0,0.0,0.0,0
2016-06-22,0.972269967799726,0.0,0.0,0.0,0.0,0.0,0.0,0.0,0
2016-06-23,0.9721727505246734,-9.999000099991662e-05,0.0,0.0,9.999000099990003e-05,0.09999000099990002,0.1,0.0,1
2016-06-24,0.9717462654452181,-0.0004386926903938715,-0.0004341131883075001,4.109589041095891e-06,4.699130453385851e-07,0.0004701190622197155,0.1,0.0,1
2016-06-27,0.9724430071733844,0.0007169996458356032,0.0007318205235692155,1.2328767123287671e-05,2.4921106104248438e-06,0.0024903188465438333,0.1,0.0,1
2016-06-28,0.9727798652418062,0.00034640391872509113,0.00035086437213837637,4.10958904109589e-06,3.5086437213837547e-07,0.0003507427504120334,0.1,0.0,1
2016-06-29,0.9725311461781618,-0.0002556786715384174,-0.00015196983477228088,4.109589041095891e-06,9.959924772510785e-05,0.09961479554499979,0.0,0.0,0
2016-06-30,0.9725311461781618,0.0,0.0,0.0,0.0,0.0,0.0,0.0,0
2016-07-01,0.9725311461781618,0.0,0.0,0.0,0.0,0.0,0.0,0.0,0
2016-07-05,0.972433902787883,-9.999000099991662e-05,0.0,0.0,9.999000099990002e-05,0.09999000099990002,0.1,0.0,1
2016-07-06,0.9720996684535615,-0.000343709051446317,-0.0002393944388715097,4.109589041095891e-06,0.00010020502353372688,0.10022942980359943,0.2,0.0,2
2016-07-07,0.9722467901681433,0.0001513442698892753,0.00016026544031750304,8.21917808219178e-06,7.019923459863489e-07,0.000701885626900262,0.2,0.0,2
2016-07-08,0.9717860478857208,-0.0004738943723772149,-0.0003634691216097941,8.21917808219178e-06,0.0001022060726853922,0.10224407561201,0.3,0.0,3
2016-07-11,0.9715498599680656,-0.00024304518280438003,-0.00020388447849531977,3.698630136986301e-05,2.174402939177761e-06,0.002174926815495959,0.30000000000000004,0.0,3
2016-07-12,0.9717798715633744,0.00023674708297138913,0.00025207603237038535,1.2328767123287673e-05,3.0001822756912245e-06,0.002999463162600781,0.3,0.0,3
2016-07-13,0.9715434106540722,-0.0002433276467455059,-0.00022982867516154195,1.2328767123287673e-05,1.1702044607292273e-06,0.0011704879030860638,0.30000000000000004,0.0,3
2016-07-14,0.971150031928868,-0.0004049008216107097,-0.00038921234555633913,1.2328767123287673e-05,3.359708931123677e-06,0.003361058534307324,0.3,0.0,3
2016-07-15,0.9718178297853655,0.000687636137097325,0.0008011744867248039,1.2328767123287671e-05,0.00010120958250424779,0.10112980668911695,0.39999999999999997,0.0,4
2016-07-18,0.9737578145245945,0.001996243205022896,0.002048436883674715,4.93150684931507e-05,2.878610158787428e-06,0.002872866947799967,0.4,0.0,4
2016-07-19,0.9744290460121079,0.0006893207710390037,0.000707624439032284,1.643835616438356e-05,1.8653118287684703e-06,0.0018640234417074226,0.4,0.0,4
2016-07-20,0.9747042712594579,0.0002824477046086127,0.0004005650715606269,1.6438356164383563e-05,0.00010167901078769153,0.10163996816056904,0.30000000000000004,0.0,3
2016-07-21,0.9746526665183203,-5.294399815336526e-05,6.145228785257018e-05,1.2328767123287673e-05,0.00010206751888263218,0.10206250521304167,0.4,0.0,4
2016-07-22,0.97470282283797,5.146071146455711e-05,0.00017104695884930811,1.643835616438356e-05,0.00010314789122035987,0.10313194613427587,0.3,0.0,3
2016-07-25,0.9743199849079361,-0.00039277400358728176,-0.0003552361393637071,3.6986301369863006e-05,5.51562853793225e-07,0.0005517792740068222,0.30000000000000004,0.0,3
2016-07-26,0.9746764794038184,0.00036589057127467406,0.00037908371488820094,1.232876712328767e-05,8.643764901273245e-07,0.000864059591996796,0.30000000000000004,0.0,3
2016-07-27,0.9749947622546764,0.00032655230487632636,0.0003405291915101638,1.232876712328767e-05,1.6481195105980696e-06,0.0016475787745450531,0.3,0.0,3
2016-07-28,0.974893616942662,-0.00010373933884577635,0.00010935868097979854,1.2328767123287671e-05,0.00020076925270234348,0.20074977396906854,0.5000000000000001,0.0,5
2016-07-29,0.9713824414669131,-0.003601598589556998,-0.0030805957535580517,2.0547945205479453e-05,0.0005004548907935388,0.5020117012174747,0.0,0.0,0
2016-08-01,0.9713824414669131,0.0,0.0,0.0,0.0,0.0,0.0,0.0,0
2016-08-02,0.9709940438493734,-0.0003998400639744215,0.0,0.0,0.0003998400639744103,0.3998400639744103,0.4,0.0,4
2016-08-03,0.9703203942384852,-0.0006937731648873902,-0.0004744771604960951,1.6438356164383563e-05,0.00020285764822691805,0.20295728310641425,0.6000000000000001,0.0,6
2016-08-04,0.9702810480046896,-4.054973391176553e-05,8.586204886334992e-05,2.4657534246575345e-05,0.0001017542485285433,0.10174802109029925,0.7000000000000002,0.0,7
2016-08-05,0.9701093892287588,-0.00017691655039930865,-0.00013937450533408358,2.8767123287671238e-05,8.774921777527941e-06,0.008776397455289504,0.7000000000000002,0.0,7
2016-08-08,0.970385819072426,0.0002849470861086001,0.00037568186866323016,8.630136986301368e-05,4.4334126916444194e-06,0.0044321301196196565,0.6999999999999998,0.0,7
2016-08-09,0.9707074511148913,0.0003314475914051318,0.0004618312304779493,2.876712328767123e-05,0.00010161651578502767,0.10157252836871461,0.6000000000000001,0.0,6
2016-08-10,0.9702216088122936,-0.0005005033205830456,-0.0004722384563453475,2.4657534246575345e-05,3.6073299911243015e-06,0.0036091233500464915,0.6000000000000001,0.0,6
2016-08-11,0.9694928130026913,-0.00075116427317512,-0.0007241351456938383,2.4657534246575345e-05,2.371593234698442e-06,0.002373370397078561,0.6000000000000001,0.0,6
2016-08-12,0.969201586897428,-0.00030039016417393594,-0.0002741262080137473,2.4657534246575345e-05,1.60642191365252e-06,0.0016069020298544456,0.6,0.0,6
2016-08-15,0.9693541073195169,0.00015736707837743502,0.0002374286641512736,7.397260273972604e-05,6.088983034070224e-06,0.0060879879155436275,0.6,0.0,6
2016-08-16,0.9696034229102751,0.0002571976420955302,0.0003868908628453791,2.465753424657534e-05,0.00010503568650321562,0.10499765285392727,0.49999999999999994,0.0,5
2016-08-17,0.969613157912034,1.0040189142079825e-05,3.6165077145078164e-05,2.054794520547945e-05,5.576942797525602e-06,0.00557685570303428,0.49999999999999994,0.0,5
2016-08-18,0.9688519652000288,-0.0007850478366489,-0.0007588346722659567,2.0547945205479453e-05,5.665219177406539e-06,0.0056696379947069695,0.49999999999999994,0.0,5
2016-08-19,0.9686675638282652,-0.00019032977006505636,-0.00016532801696302334,2.054794520547945e-05,4.453807896497611e-06,0.004454635906232793,0.49999999999999994,0.0,5
2016-08-22,0.9686870630895635,2.012998269629307e-05,8.32545598043189e-05,6.164383561643837e-05,1.4807414916465344e-06,0.0014807094924420908,0.5000000000000001,0.0,5
2016-08-23,0.9697107387946656,0.0010567661571088127,0.001080968848365266,2.0547945205479453e-05,3.654746051103833e-06,0.0036508745873765638,0.5000000000000001,0.0,5
2016-08-24,0.9688442668754773,-0.0008935364789971478,-0.0008714592595277516,2.0547945205479456e-05,1.529274263894853e-06,0.0015306396054507651,0.49999999999999994,0.0,5
2016-08-25,0.9692689214565263,0.00043831046491971115,0.00046058204886758605,2.0547945205479453e-05,1.7236387424293316e-06,0.0017228806162016645,0.5000000000000001,0.0,5
2016-08-26,0.9689016016531383,-0.0003789658321408096,-0.0003503962138914911,2.0547945205479453e-05,8.021673043781721e-06,0.008024649740731844,0.5,0.0,5
2016-08-29,0.9683749056494927,-0.0005436011280680608,-0.0003779562632602484,6.164383561643835e-05,0.00010400102919143876,0.10404676816101013,0.4,0.0,4
2016-08-30,0.9678094511098156,-0.0005839210995433053,-0.0003655096017609882,1.6438356164383563e-05,0.00020197314161789548,0.20205031432284926,0.2,0.0,2
2016-08-31,0.9677956210873518,-1.4290026252528065e-05,0.0001945274585896106,8.219178082191782e-06,0.00020059830675985113,0.2005609405958718,0.0,0.0,0
2016-09-01,0.9677956210873518,0.0,0.0,0.0,0.0,0.0,0.0,0.0,0
2016-09-02,0.9676021006672184,-0.00019996000799837876,0.0,0.0,0.00019996000799840034,0.19996000799840033,0.2,0.0,2
2016-09-06,0.9669355310013664,-0.0006888881962868743,-0.0006548613636389923,3.287671232876713e-05,1.150120319108315e-06,0.0011509118450062081,0.2,0.0,2
2016-09-07,0.9668813697898448,-5.6013260227860684e-05,-4.7322804141403116e-05,8.21917808219178e-06,4.7127800436916934e-07,0.0004713041815376422,0.2,0.0,2
2016-09-08,0.9675927944450481,0.0007357931153000319,0.0007452230653140212,8.21917808219178e-06,1.2107719317804143e-06,0.0012098802453365163,0.2,0.0,2
2016-09-09,0.9673237829821699,-0.00027802135818144613,-0.0002634854402838394,8.219178082191782e-06,6.316739815463755e-06,0.006318456569294578,0.2,0.0,2
2016-09-12,0.9687121615135661,0.0014352779863593401,0.0015626320613973677,2.4657534246575342e-05,0.00010269654079147738,0.10253883866955996,0.3,0.0,3
2016-09-13,0.969015987444068,0.000313639017422096,0.0003315085410442396,1.2328767123287671e-05,5.540756498856454e-06,0.005538988565738291,0.30000000000000004,0.0,3
2016-09-14,0.9689307182434773,-8.799565920025731e-05,-7.449630250384032e-05,1.2328767123287671e-05,1.1705895731010922e-06,0.0011706912184476456,0.3,0.0,3
2016-09-15,0.9696076941567474,0.0006986835080400322,0.0007118684621036764,1.2328767123287673e-05,8.561869404458957e-07,0.0008555884223818738,0.30000000000000004,0.0,3
2016-09-16,0.968394537365595,-0.0012511831315524802,-0.001236038629978942,1.2328767123287671e-05,2.8157344501939856e-06,0.0028192539148654567,0.3,0.0,3
2016-09-19,0.9684497996266164,5.7065853729110216e-05,9.611416113532998e-05,3.698630136986301e-05,2.0620060363743883e-06,0.002061884121579195,0.3,0.0,3
2016-09-20,0.9682415932441855,-0.00021498933915953256,-0.0002015194738380799,1.2328767123287673e-05,1.1410981981255595e-06,0.0011413422721627963,0.3,0.0,3
2016-09-21,0.9687005039550126,0.000473963021242918,0.0004908151248870675,1.2328767123287673e-05,4.523336520760044e-06,0.004521173201062249,0.3,0.0,3
2016-09-22,0.9696944954129412,0.0010261081251328186,0.0011412822074230776,1.2328767123287671e-05,0.00010284531516690471,0.10272933852675521,0.4000000000000001,0.0,4
2016-09-23,0.9697170738695482,2.3284092787845267e-05,4.084578672406408e-05,1.643835616438356e-05,1.1233377718911246e-06,0.0011233103547716435,0.4,0.0,4
2016-09-26,0.9693348719740245,-0.00039413753333084056,-0.00034319547443153466,4.9315068493150684e-05,1.6269904061954539e-06,0.0016276292678430548,0.4,0.0,4
2016-09-27,0.9691322298527447,-0.00020905275064242446,-0.00018882916852009936,1.6438356164383563e-05,3.7852259578647938e-06,0.0037860031013498556,0.4,0.0,4
2016-09-28,0.9690866507173619,-4.703087357826874e-05,-2.9498130387717277e-05,1.643835616438356e-05,1.0943870261952023e-06,0.0010944373007995526,0.4000000000000001,0.0,4
2016-09-29,0.9684897540699697,-0.0006159373333131102,-0.0005939813901622904,1.643835616438356e-05,5.517586986338297e-06,0.005520957087563168,0.4,0.0,4
2016-09-30,0.9682160698250434,-0.000282588683851559,0.00013130569233144049,1.6438356164383563e-05,0.0003974560200185684,0.39741037054793843,0.0,0.0,0
2016-10-03,0.9682160698250434,0.0,0.0,0.0,0.0,0.0,0.0,0.0,0
2016-10-04,0.9681192578992535,-9.999000099991662e-05,0.0,0.0,9.999000099990003e-05,0.09999000099990002,0.1,0.0,1
2016-10-05,0.9677010918284904,-0.00043193652781003955,-0.00042739953922975033,4.10958904109589e-06,4.2739953922975075e-07,0.0004275840456485511,0.1,0.0,1
2016-10-06,0.9674309286147398,-0.00027918043705021933,-0.00017480999467409667,4.109589041095891e-06,0.00010026085333491875,0.10027879517520696,0.2,0.0,2
2016-10-07,0.9680695928208853,0.0006601651727839997,0.0007687084690429281,8.219178082191782e-06,0.00010032411817665413,0.10024788073691221,0.1,0.0,1
2016-10-10,0.9680875820501126,1.8582578525938587e-05,3.1425914685656615e-05,1.2328767123287671e-05,5.145690363909472e-07,0.0005145592097777885,0.1,0.0,1
2016-10-11,0.9677637857993885,-0.00033446999706199243,-0.0002295267180061122,4.109589041095891e-06,0.00010083369001492049,0.1008572539312679,0.2,0.0,2
2016-10-12,0.9669744782078952,-0.000815599429401348,-0.0007058413627286375,8.21917808219178e-06,0.00010153888859054216,0.10161144531413575,0.3,0.0,3
2016-10-13,0.9673667646305727,0.0004056843603612581,0.0004207305353037871,1.2328767123287671e-05,2.7174078190456742e-06,0.0027162984779443757,0.30000000000000004,0.0,3
2016-10-14,0.9667472713255073,-0.0006403913466077604,-0.0006261921602923271,1.2328767123287671e-05,1.8704191921645926e-06,0.0018716142570357592,0.30000000000000004,0.0,3
2016-10-17,0.967059433599824,0.00032289956597320035,0.0004606957379805433,3.6986301369863006e-05,0.00010080987063745391,0.10076717463466062,0.4,0.0,4
2016-10-18,0.9676001094945015,0.00055909272573329,0.0005778738670229933,1.643835616438356e-05,2.342785125261133e-06,0.002341470540552038,0.4000000000000001,0.0,4
2016-10-19,0.9685516697532572,0.0009834230581606818,0.0010015007570028157,1.643835616438356e-05,1.6393426776462966e-06,0.001637729411979808,0.39999999999999997,0.0,4
2016-10-20,0.9689873542636173,0.0004498309423914826,0.00046788150926059806,1.643835616438356e-05,1.612210704742159e-06,0.0016114832116799164,0.4,0.0,4
2016-10-21,0.9693003186469288,0.0003229808747600149,0.0004400406721543293,1.6438356164383563e-05,0.00010062144122982852,0.1005788358020432,0.3,0.0,3
2016-10-24,0.9681532854142555,-0.0011833620711839687,-0.0011445078503236783,3.698630136986301e-05,1.867919490478747e-06,0.0018701290369988733,0.3,0.0,3
2016-10-25,0.9679963172061127,-0.0001621315658456579,-0.00014803792752069442,1.232876712328767e-05,1.7648712017284522e-06,0.0017651542736848596,0.3,0.0,3
2016-10-26,0.9680403814815493,4.552111888589394e-05,6.016345346196995e-05,1.2328767123287671e-05,2.3135674528640827e-06,0.0023134567893842045,0.30000000000000004,0.0,3
2016-10-27,0.9679925840897798,-4.93754110714173e-05,6.43323188127154e-05,1.2328767123287673e-05,0.00010137896276088827,0.10137369096891001,0.39999999999999997,0.0,4
2016-10-28,0.9681166131850034,0.00012813021221669274,0.0002466379199314916,1.643835616438356e-05,0.00010206935155047394,0.10204586063787086,0.30000000000000004,0.0,3
2016-10-31,0.967900235981561,-0.0002235032438194784,0.00011559706059171,3.698630136986302e-05,0.0003021140030412087,0.3020902554968706,0.0,0.0,0
2016-11-01,0.967900235981561,0.0,0.0,0.0,0.0,0.0,0.0,0.0,0
2016-11-02,0.9678034556359975,-9.999000099991662e-05,0.0,0.0,9.999000099990002e-05,0.09999000099990002,0.1,0.0,1
2016-11-03,0.9670155860545936,-0.0008140801490382765,-0.0005095291892723729,4.109589041095891e-06,0.0003004413707247474,0.30059576836797813,0.2,0.0,2
2016-11-04,0.9671744396888697,0.00016427205162661274,0.0002742657784513603,8.219178082191782e-06,0.00010177454874248809,0.10174747917155835,0.30000000000000004,0.0,3
2016-11-07,0.9664301356840748,-0.0007695654209332048,-0.0006261760354053015,3.698630136986302e-05,0.00010640308415797926,0.1064736935013667,0.4,0.0,4
2016-11-08,0.9662601867799971,-0.00017585223991112287,4.300209653953503e-05,1.6438356164383563e-05,0.00020241598028616383,0.2024106035034432,0.6,0.0,6
2016-11-09,0.9660457164015247,-0.00022195924183443516,-0.00017906230036669507,2.465753424657534e-05,1.8239407221085048e-05,0.018243123707229515,0.6000000000000001,0.0,6
2016-11-10,0.9661238392313445,8.086866749001942e-05,0.0004096958844039879,2.4657534246575345e-05,0.0003041696826675583,0.3040526107519533,0.7000000000000001,0.0,7
2016-11-11,0.9646172573977104,-0.0015594086104248062,-0.0014249061466442277,2.876712328767123e-05,0.00010573534049300475,0.10588926889276679,0.6000000000000001,0.0,6
2016-11-14,0.9630486118889119,-0.00162618437185158,-0.0013468869524565891,7.397260273972604e-05,0.00020532481665534348,0.2056169694911555,0.4,0.0,4
2016-11-15,0.9620885670408736,-0.0009968809841854886,-0.0009728736139452023,1.6438356164383563e-05,7.569014075924774e-06,0.007576509607571193,0.4000000000000001,0.0,4
2016-11-16,0.9628122042801766,0.0007521524151654635,0.0007723756444626416,1.643835616438356e-05,3.784873132783231e-06,0.003782014167249335,0.4,0.0,4
2016-11-17,0.9621791423501327,-0.0006575134042023922,-0.000638784351857208,1.6438356164383563e-05,2.290696180690219e-06,0.0022921980809241242,0.39999999999999997,0.0,4
2016-11-18,0.9620622342063423,-0.00012150351077544475,-0.00010293313662095858,1.643835616438356e-05,2.1320179900946525e-06,0.002132272522648706,0.4,0.0,4
2016-11-21,0.9617014683854136,-0.0003749921866814665,-0.0002216242799339796,4.9315068493150684e-05,0.00010405283825434125,0.10408103790293428,0.5000000000000001,0.0,5
2016-11-22,0.9581737572573916,-0.0036681977141457267,-0.0036381851244734922,2.054794520547945e-05,9.464644466758035e-06,0.009499400236545602,0.5000000000000001,0.0,5
2016-11-23,0.9596646435689827,0.0015559665460453953,0.0016818258792731524,2.0547945205479453e-05,0.00010531138802239208,0.10513672669826814,0.4,0.0,4
2016-11-25,0.9594542896424167,-0.0002191952448968859,-0.0001824364550677914,3.287671232876712e-05,3.882077500297681e-06,0.003882913542711289,0.4,0.0,4
2016-11-28,0.9596872580916553,0.00024281349487265125,0.0002981408618612403,4.93150684931507e-05,6.012298495432008e-06,0.00601080285264342,0.4,0.0,4
2016-11-29,0.9596598321829107,-2.857796486654962e-05,-1.0991394456416568e-05,1.6438356164383563e-05,1.148214245766946e-06,0.0011482457418612966,0.4,0.0,4
2016-11-30,0.9590169223377362,-0.0006699351411970644,-0.00026070100208290255,1.6438356164383563e-05,0.00039279578294976403,0.3929046722984972,0.0,0.0,0
2016-12-01,0.9590169223377362,0.0,0.0,0.0,0.0,0.0,0.0,0.0,0
2016-12-02,0.9589210302347126,-9.999000099991662e-05,0.0,0.0,9.999000099990002e-05,0.09999000099990002,0.1,0.0,1
2016-12-05,0.9587979962389063,-0.00012830461730128917,-0.00011558867280243581,1.2328767123287673e-05,3.8717737558090855e-07,0.0003872269086557341,0.1,0.0,1
2016-12-06,0.9595679124948494,0.0008030015279165692,0.0008079190359936872,4.10958904109589e-06,8.079190359936852e-07,0.0008072701446251927,0.1,0.0,1
2016-12-07,0.9593675957973694,-0.0002087571863039761,-3.5681970761536534e-06,4.10958904109589e-06,0.0002010794001866878,0.20108094404316842,0.3,0.0,3
2016-12-08,0.9596724658797617,0.0003177823430016158,0.0005307404894598744,1.2328767123287671e-05,0.00020062937933497822,0.20052542460423686,0.3,0.0,3
2016-12-09,0.9601067940455439,0.00045257958441480284,0.00046766232161489784,1.2328767123287671e-05,2.753970076760636e-06,0.002752716672493641,0.30000000000000004,0.0,3
2016-12-12,0.9605597374036812,0.00047176351729460997,0.0005113119519853437,3.698630136986302e-05,2.562133320972618e-06,0.0025609186115860038,0.3,0.0,3
2016-12-13,0.960603476091639,4.5534583904105475e-05,0.00016055822354497657,1.2328767123287671e-05,0.00010269487251737128,0.10267965236831515,0.2,0.0,2
2016-12-14,0.9594281043927173,-0.0012235763540059397,-0.0012125573703687111,8.219178082191782e-06,2.799805555043883e-06,0.0028032276696429515,0.2,0.0,2
2016-12-15,0.959024253086075,-0.0004209292022959721,-0.00041185188557972817,8.21917808219178e-06,8.581386339023014e-07,0.0008584992646015355,0.2,0.0,2
2016-12-16,0.9593359998494234,0.00032506661051079355,0.0005348886367582795,8.21917808219178e-06,0.00020160284816520452,0.20149672599360047,0.2,0.0,2
2016-12-19,0.9585048307556691,-0.0008664003997398417,-0.0006401385728799337,2.4657534246575342e-05,0.00020160429261332808,0.20173840752130615,0.39999999999999997,0.0,4
2016-12-20,0.9593395146479752,0.0008708186599832857,0.0008889451854397603,1.6438356164383563e-05,1.6881692921341103e-06,0.0016866976369269687,0.4000000000000001,0.0,4
2016-12-21,0.9588891846821116,-0.0004694166757311935,-0.0004492496951986779,1.6438356164383563e-05,3.728624367955387e-06,0.0037303615527577707,0.39999999999999997,0.0,4
2016-12-22,0.9588667338350628,-2.341339062683634e-05,-4.962648769679686e-06,1.6438356164383563e-05,2.012385692687796e-06,0.002012428760685633,0.4000000000000001,0.0,4
2016-12-23,0.9585660458776888,-0.00031358680697102237,-0.00029604022588332617,1.643835616438356e-05,1.1082249233411249e-06,0.00110857132813784,0.4,0.0,4
2016-12-27,0.9583810660488797,-0.00019297556971120677,-0.00012646469902113935,6.575342465753425e-05,7.574460325016808e-07,0.0007575916553481864,0.4000000000000001,0.0,4
2016-12-28,0.9578273760606262,-0.0005777346901647551,-0.0005587906124016663,1.643835616438356e-05,2.505721598737559e-06,0.0025071637919796457,0.39999999999999997,0.0,4
2016-12-29,0.9578702893715035,4.4802760862605595e-05,6.64038189778115e-05,1.643835616438356e-05,5.162701950753321e-06,0.00516244400684927,0.4,0.0,4
2016-12-30,0.9577156672283008,-0.000161422840773362,0.0002572817297666397,1.643835616438356e-05,0.0004022662143755713,0.40216935455146163,0.0,0.0,0
2017-01-03,0.9577156672283008,0.0,0.0,0.0,0.0,0.0,0.0,0.0,0
2017-01-04,0.9576199052377771,-9.999000099991662e-05,0.0,0.0,9.999000099990002e-05,0.09999000099990002,0.1,0.0,1
2017-01-05,0.9573673058034404,-0.00026377838739044535,-0.0001590860021939089,4.109589041095891e-06,0.00010058279615535991,0.1005992135034854,0.2,0.0,2
2017-01-06,0.9575357293917122,0.00017592368911145684,0.00018535675849601919,8.21917808219178e-06,1.2138913022219217e-06,0.0012136763145361592,0.2,0.0,2
2017-01-09,0.9576300372292034,9.849014986751392e-05,0.00022558002410685293,2.4657534246575345e-05,0.00010243233999288736,0.10241176316644097,0.30000000000000004,0.0,3
2017-01-10,0.95693985279444,-0.0007207213724835793,-0.0007037125946750877,1.2328767123287673e-05,4.680010685187907e-06,0.0046833641676443044,0.3,0.0,3
2017-01-11,0.9568919735804295,-5.003367126021896e-05,-3.548944529704892e-05,1.2328767123287671e-05,2.215458839823528e-06,0.0022155647841710082,0.3,0.0,3
2017-01-12,0.9574590194459158,0.0005925913072135636,0.0006066940797020026,1.2328767123287673e-05,1.7740053651040541e-06,0.0017729515841815352,0.30000000000000004,0.0,3
2017-01-13,0.957795920972887,0.0003518704405398587,0.00036512173702308854,1.2328767123287673e-05,9.225293601453264e-07,0.0009222040130527079,0.3,0.0,3
2017-01-17,0.9581796237240305,0.0004006101328493106,0.0004527031838649664,4.9315068493150684e-05,2.777982522382509e-06,0.002776862369104789,0.3,0.0,3
2017-01-18,0.958310174323368,0.0001362485656186685,0.00014920744227126526,1.2328767123287673e-05,6.301095293597785e-07,0.0006300232926061742,0.3,0.0,3
2017-01-19,0.9578498417932506,-0.0004803585962576129,-0.00046397121913755454,1.232876712328767e-05,4.058609996840871e-06,0.004060544033908432,0.30000000000000004,0.0,3
2017-01-20,0.9577728221814606,-8.040885787041763e-05,-6.630986918697561e-05,1.2328767123287673e-05,1.7702215602275047e-06,0.0017703607789849411,0.30000000000000004,0.0,3
2017-01-23,0.9573375430095987,-0.0004544701643032223,-0.0004152961904391961,3.698630136986302e-05,2.1876724941273148e-06,0.0021886623878058,0.3,0.0,3
2017-01-24,0.9578394441727124,0.0005242677118206807,0.0005377191130641667,1.2328767123287673e-05,1.1226341201947487e-06,0.0011220446087895758,0.30000000000000004,0.0,3
2017-01-25,0.9573782278468447,-0.0004815173656437244,-0.00036731993870742224,1.2328767123287671e-05,0.0001018686598129953,0.10190734880608417,0.4,0.0,4
2017-01-26,0.9572441901157964,-0.00014000499191391125,-0.00012271952568359,1.6438356164383563e-05,8.471100658757244e-07,0.0008472279643246822,0.4000000000000001,0.0,4
2017-01-27,0.9568876312757398,-0.0003724847261945552,-0.000353538332686254,1.643835616438356e-05,2.5080373440464486e-06,0.0025089656028326243,0.4000000000000001,0.0,4
2017-01-30,0.9568728194386259,-1.5479181285082966e-05,3.55405508175921e-05,4.9315068493150684e-05,1.7046636094476806e-06,0.0017046870906901428,0.39999999999999997,0.0,4
2017-01-31,0.9571721878674088,0.0003128612525105101,0.0007334909985762198,1.6438356164383563e-05,0.00040419138990118386,0.4039017710689641,0.0,0.0,0
2017-02-01,0.9571721878674088,0.0,0.0,0.0,0.0,0.0,0.0,0.0,0
2017-02-02,0.9568851223307095,-0.00029991002699192304,0.0,0.0,0.00029991002699190244,0.29991002699190245,0.3,0.0,3
2017-02-03,0.9570952188279538,0.00021956292593672266,0.00033400800516241716,1.2328767123287671e-05,0.00010211631210252814,0.1020834739684056,0.39999999999999997,0.0,4
2017-02-06,0.954828373013225,-0.0023684642553170043,-0.0022148442468415577,4.9315068493150684e-05,0.00010430493998233312,0.10454163890790681,0.5000000000000001,0.0,5
2017-02-07,0.9552507288774882,0.0004423369436858948,0.0005653458715299597,2.0547945205479456e-05,0.00010246098263858514,0.10240519250206516,0.4,0.0,4
2017-02-08,0.9559933991277653,0.0007774610663211501,0.0007969780955011774,1.6438356164383563e-05,3.078673015707301e-06,0.0030762718632690155,0.4,0.0,4
2017-02-09,0.9552659033272313,-0.000760984125201869,-0.0007414774237723187,1.643835616438356e-05,3.0683452652115567e-06,0.0030706725764122382,0.4,0.0,4
2017-02-10,0.9546284838446065,-0.0006672691660034591,-0.0004478467207602255,1.6438356164383563e-05,0.00020298408907893048,0.20307837533804604,0.5999999999999999,0.0,6
2017-02-13,0.9550109041828969,0.00040059598551911435,0.000477805036939827,7.397260273972603e-05,3.236448680933842e-06,0.0032351422255739054,0.6,0.0,6
2017-02-14,0.9552242750212325,0.0002234224105726046,0.0002519006095507759,2.4657534246575342e-05,3.820664731490429e-06,0.0038197967091392073,0.6,0.0,6
2017-02-15,0.9545599589910694,-0.000695455556914526,-0.0006676807009918351,2.4657534246575342e-05,3.1173216760696397e-06,0.003119481412325508,0.6,0.0,6
2017-02-16,0.9562255285024249,0.0017448558319124174,0.0017736032345509693,2.4657534246575342e-05,4.089868391993197e-06,0.004082727922547544,0.6,0.0,6
2017-02-17,0.9536375669040893,-0.0027064343308097483,-0.0025781000354291378,2.465753424657534e-05,0.000103676761134096,0.1039473107840867,0.7,0.0,7
2017-02-21,0.9538283020296165,0.00020000798222175042,0.00032139815869737255,0.00011506849315068494,6.321683325043171e-06,0.006320379243307771,0.7,0.0,7
2017-02-22,0.9536655049095767,-0.0001706775943778327,-3.898710860260053e-05,2.8767123287671234e-05,0.00010292336248747914,0.10293033645336375,0.6000000000000001,0.0,6
2017-02-23,0.955077336241005,0.001480426128616319,0.0015093231328292436,2.4657534246575342e-05,4.239469966167868e-06,0.004233185101874682,0.6,0.0,6
2017-02-24,0.955118541701432,4.314358519819095e-05,7.270769030546234e-05,2.4657534246575342e-05,4.906570860811342e-06,0.004906335110643598,0.6000000000000001,0.0,6
2017-02-27,0.9541307143944672,-0.0010342457651435488,-0.0009575652471904896,7.397260273972603e-05,2.7079152133377374e-06,0.0027107114147623024,0.6000000000000001,0.0,6
2017-02-28,0.9541488438052894,1.9000971825722246e-05,0.000647120057323758,2.4657534246575342e-05,0.0006034615512515275,0.6030861527232704,0.0,0.0,0
2017-03-01,0.9541488438052894,0.0,0.0,0.0,0.0,0.0,0.0,0.0,0
2017-03-02,0.9540534384614433,-9.999000099991662e-05,0.0,0.0,9.999000099990003e-05,0.09999000099990002,0.1,0.0,1
2017-03-03,0.9540555541215636,2.2175488656461795e-06,6.737893099934006e-06,4.109589041095891e-06,4.1075519323422657e-07,0.00041075411364752243,0.1,0.0,1
2017-03-06,0.9542935519280885,0.00024945906503748283,0.0002620498820428252,1.2328767123287674e-05,2.6204988204282587e-07,0.0002619844589916349,0.1,0.0,1
2017-03-07,0.9542987214643873,5.417134264718015e-06,9.64513844834425e-06,4.109589041095891e-06,1.1841514251986113e-07,0.00011841448703061763,0.1,0.0,1
2017-03-08,0.9542262185644763,-7.597505716006037e-05,-7.052561571579404e-05,4.109589041095891e-06,1.3398524032124955e-06,0.0013399524108350426,0.1,0.0,1
2017-03-09,0.9540362217970249,-0.00019911082273271763,-0.00019480642726434348,4.10958904109589e-06,1.9480642726434195e-07,0.00019484518509235683,0.1,0.0,1
2017-03-10,0.9540081647946073,-2.9408739182557042e-05,7.516724133371792e-05,4.109589041095891e-06,0.00010046639147532805,0.10045925307665335,0.2,0.0,2
2017-03-13,0.9540038869583252,-4.484066740695347e-06,2.0865148814985773e-05,2.4657534246575345e-05,6.916813091022521e-07,0.0006916839322343199,0.2,0.0,2
2017-03-14,0.9540021190416433,-1.853154589781525e-06,0.00020678224070196373,8.219178082191782e-06,0.00020041621720960683,0.2003764298520186,0.4000000000000001,0.0,4
2017-03-15,0.9543078771186974,0.0003205004170863113,0.000342622101854706,1.6438356164383563e-05,5.683328604059648e-06,0.005681475399132912,0.4,0.0,4
2017-03-16,0.9540792144196492,-0.00023961103594638544,-0.00021901155560525876,1.6438356164383563e-05,4.161124176778352e-06,0.004162104143831793,0.4,0.0,4
2017-03-17,0.9544529113320913,0.000391683318108349,0.0004108126579034033,1.6438356164383563e-05,2.690983630656435e-06,0.0026899227942327277,0.39999999999999997,0.0,4
2017-03-20,0.9540056664000239,-0.0004685877393817428,-0.00031652864456256375,4.93150684931507e-05,0.00010274402632588939,0.10278162833843464,0.5000000000000001,0.0,5
2017-03-21,0.9535043900769424,-0.0005254437586027505,-0.0004995328641472895,2.0547945205479453e-05,5.362949249933167e-06,0.005365739868266632,0.5,0.0,5
2017-03-22,0.9540416415740405,0.0005634494216169017,0.0005877480933760615,2.0547945205479453e-05,3.7507265536715375e-06,0.0037486003469992873,0.5,0.0,5
2017-03-23,0.9541863090220918,0.00015163640846171944,0.00027425608027468193,2.054794520547945e-05,0.00010207172660733726,0.10204583674840424,0.5999999999999999,0.0,6
2017-03-24,0.9542058093621268,2.0436616885666226e-05,4.745270187669358e-05,2.4657534246575345e-05,2.3585507444405827e-06,0.0023584969821065205,0.6000000000000002,0.0,6
2017-03-27,0.9545163335643839,0.00032542686201497695,0.00040137624886535394,7.397260273972603e-05,1.9767841107604865e-06,0.001976137116263378,0.5999999999999999,0.0,6
2017-03-28,0.9553369267758857,0.0008596953060377999,0.0008873293700112139,2.4657534246575342e-05,2.9765297267516035e-06,0.0029739641716201737,0.6000000000000001,0.0,6
2017-03-29,0.9557121945209928,0.0003928119332450297,0.0004196561346024198,2.4657534246575342e-05,2.1866671109143908e-06,0.0021858037215037444,0.6,0.0,6
2017-03-30,0.9550085246434844,-0.0007362780150158565,-0.0006095044276293982,2.4657534246575345e-05,0.00010211605313990393,0.10218085234969618,0.5000000000000001,0.0,5
2017-03-31,0.9554416032019197,0.00045348135357947683,0.0009741905822263808,2.0547945205479453e-05,0.0005001612834414032,0.4996847627465784,0.0,0.0,0
2017-04-03,0.9554416032019197,0.0,0.0,0.0,0.0,0.0,0.0,0.0,0
2017-04-04,0.9553460685950602,-9.999000099991662e-05,0.0,0.0,9.999000099990002e-05,0.09999000099990002,0.1,0.0,1
2017-04-05,0.9553810012949742,3.6565492926854404e-05,4.140931562233163e-05,4.109589041095891e-06,7.342336543496519e-07,0.0007342062686565769,0.1,0.0,1
2017-04-06,0.9554529338436065,7.529200238942657e-05,7.984245087159783e-05,4.10958904109589e-06,4.4085944089803966e-07,0.0004408260558792585,0.1,0.0,1
2017-04-07,0.9554933213593839,4.22705445206617e-05,4.6763710851410734e-05,4.10958904109589e-06,3.835772896262218e-07,0.0003835609291716272,0.1,0.0,1
2017-04-10,0.955595583058932,0.00010702502807924397,0.00011986839909727824,1.2328767123287671e-05,5.146038947457531e-07,0.0005145485603829366,0.1,0.0,1
2017-04-11,0.9556549477682841,6.212325632781734e-05,6.629914451345975e-05,4.10958904109589e-06,6.629914451346199e-08,6.62950216555352e-05,0.1,0.0,1
2017-04-12,0.9555711220027656,-8.771551459474392e-05,-8.296232061484336e-05,4.109589041095891e-06,6.436049388035247e-07,0.0006436609835945372,0.1,0.0,1
2017-04-13,0.9552952941420647,-0.00028865236124209215,-0.0002841093552125584,4.109589041095891e-06,4.3341698856649183e-07,0.0004335419435677566,0.1,0.0,1
2017-04-17,0.9553610783690941,6.886271442230196e-05,8.596022856469657e-05,1.643835616438356e-05,6.591579780007133e-07,0.0006591121552895557,0.1,0.0,1
2017-04-18,0.9554826313437341,0.00012723249606061415,0.00013150522112787,4.109589041095891e-06,1.6313602615093098e-07,0.00016311524598106624,0.1,0.0,1
2017-04-19,0.9552205143112982,-0.0002743294580533906,-0.0002693128375796939,4.10958904109589e-06,9.070314326233879e-07,0.0009072795031867725,0.1,0.0,1
2017-04-20,0.9550374603526851,-0.0001916352882611605,-0.00018702299719677853,4.10958904109589e-06,5.027020233911039e-07,0.0005027981244969946,0.1,0.0,1
2017-04-21,0.9552346549400693,0.00020647837971865535,0.00021118163616854483,4.109589041095891e-06,5.936674088133334e-07,0.000593544502338173,0.1,0.0,1
2017-04-24,0.9552203814789156,-1.4942361104552937e-05,9.790812412382444e-05,1.2328767123287673e-05,0.00010052171810510028,0.10051311625724085,0.2,0.0,2
2017-04-25,0.9554553732753216,0.0002460079380237623,0.00025448159770369847,8.21917808219178e-06,2.544815977037072e-07,0.00025441894387899,0.2,0.0,2
2017-04-26,0.9557464227515926,0.0003046185980128957,0.00031351132844314463,8.219178082191782e-06,6.735523481071778e-07,0.0006733467806205835,0.2,0.0,2
2017-04-27,0.9559138975094656,0.00017522928036806107,0.00028456344437119977,8.219178082191782e-06,0.00010111498592101064,0.10108705109404473,0.30000000000000004,0.0,3
2017-04-28,0.9562505551544283,0.0003521840678744059,0.0006628714426295757,1.2328767123287671e-05,0.00029835860763181116,0.2981646388099384,0.0,0.0,0
2017-05-01,0.9562505551544283,0.0,0.0,0.0,0.0,0.0,0.0,0.0,0
2017-05-02,0.9559637660246209,-0.00029991002699192304,0.0,0.0,0.0002999100269919025,0.29991002699190245,0.30000000000000004,0.0,3
2017-05-03,0.9558198944270675,-0.00015049900704044994,-0.00013725886123446275,1.232876712328767e-05,9.1137868262851e-07,0.0009115150340006586,0.30000000000000004,0.0,3
2017-05-04,0.95552049911689,-0.00031323402235416964,-0.0002995235237166549,1.232876712328767e-05,1.3817315142821005e-06,0.0013821625448380214,0.3,0.0,3
2017-05-05,0.955563940806706,4.5463901461317846e-05,0.00015883951883452488,1.2328767123287671e-05,0.00010104685024999599,0.10103204796870115,0.2,0.0,2
2017-05-08,0.9558997447560765,0.00035141965391338736,0.00037689978361877814,2.4657534246575342e-05,8.22595458593336e-07,0.0008223058077459438,0.2,0.0,2
2017-05-09,0.9558858072598908,-1.4580499955285653e-05,-5.3915844553219905e-06,8.21917808219178e-06,9.697374178632258e-07,0.000969750616908593,0.2,0.0,2
2017-05-10,0.956154571615369,0.00028116784812248774,0.00028982704058892473,8.21917808219178e-06,4.4001438417039884e-07,0.00043989050754483214,0.2,0.0,2
2017-05-11,0.9565965344996064,0.000462229536267067,0.0004710545011651414,8.219178082191782e-06,6.057868158606187e-07,0.0006055065660334998,0.2,0.0,2
2017-05-12,0.9560465713186234,-0.0005749165517002774,-0.0004653504880614668,8.21917808219178e-06,0.00010134688555664132,0.10139490310705442,0.3,0.0,3
2017-05-15,0.955733276101271,-0.00032769869873627844,-8.937371775625818e-05,3.698630136986301e-05,0.00020133867961003035,0.20136412398458836,0.3,0.0,3
2017-05-16,0.9547406436483081,-0.0010386082370305028,-0.0010245952611119546,1.2328767123287671e-05,1.6842087952480794e-06,0.0016859570045766963,0.30000000000000004,0.0,3
2017-05-17,0.9553069071521932,0.000593107151824368,0.0006092872985106024,1.2328767123287671e-05,3.8513795630781e-06,0.0038490818208471366,0.30000000000000004,0.0,3
2017-05-18,0.9555857231021524,0.00029186007959514093,0.00030558407878789604,1.232876712328767e-05,1.3952320695790438e-06,0.0013948230303165712,0.30000000000000004,0.0,3
2017-05-19,0.9568384753180952,0.001310978372380811,0.001324631771275364,1.2328767123287673e-05,1.324631771275372e-06,0.0013228957312330946,0.30000000000000004,0.0,3
2017-05-22,0.9562693528380071,-0.0005947947273952092,-0.0004547679330500154,3.698630136986302e-05,0.00010304049297528927,0.10309118850376738,0.4,0.0,4
2017-05-23,0.9555534770543481,-0.0007486131198646273,-0.0006284921559792991,1.6438356164383563e-05,0.00010368260772082108,0.10374951895121295,0.3,0.0,3
2017-05-24,0.9567794932750046,0.0012830430217634081,0.0013984413094999869,1.2328767123287671e-05,0.00010306952061313394,0.10292685241205823,0.4,0.0,4
2017-05-25,0.9553815659335501,-0.0014610757768955818,-0.0014422288558349316,1.643835616438356e-05,2.4085648961030405e-06,0.002412083322958851,0.4,0.0,4
2017-05-26,0.9561410688586274,0.000794973392997278,0.0010131944236254355,1.6438356164383563e-05,0.00020178267446366416,0.2015817466346167,0.6,0.0,6
2017-05-30,0.9558658063381736,-0.000287889025394894,-8.976001063063501e-05,9.863013698630137e-05,9.949887777789955e-05,0.09951762591813676,0.5000000000000001,0.0,5
2017-05-31,0.9562123087690269,0.0003625011257393229,0.0008848140349830004,2.054794520547945e-05,0.0005017649640384252,0.5013316800676115,0.0,0.0,0
2017-06-01,0.9562123087690269,0.0,0.0,0.0,0.0,0.0,0.0,0.0,0
2017-06-02,0.9560211045481173,-0.00019996000799837876,0.0,0.0,0.00019996000799840034,0.19996000799840033,0.2,0.0,2
2017-06-05,0.9560420470770586,2.1905927433785166e-05,0.00024745525018815556,2.4657534246575342e-05,0.00020089178850781479,0.20084704024599434,0.4,0.0,4
2017-06-06,0.9561945659826414,0.00015953158760018127,0.00017766050177553958,1.643835616438356e-05,1.6905580110099234e-06,0.0016902854995549895,0.4,0.0,4
2017-06-07,0.9560703299237537,-0.000129927593512269,-1.1990238864933999e-05,1.6438356164383563e-05,0.00010149899848300606,0.10150188403896213,0.5000000000000001,0.0,5
2017-06-08,0.9567666166906443,0.0007282798609031804,0.000753512400243095,2.0547945205479453e-05,4.68459413438274e-06,0.004681163008289428,0.49999999999999994,0.0,5
2017-06-09,0.9573674043485114,0.0006279354310512186,0.0006523442952019285,2.054794520547945e-05,3.860918945162939e-06,0.00385848117084267,0.5,0.0,5
2017-06-12,0.9582090674621138,0.0008791432732924154,0.0009435654773885637,6.164383561643835e-05,2.7783684797780633e-06,0.002775920335558299,0.49999999999999994,0.0,5
2017-06-13,0.9579565991982115,-0.0002634793099703936,-0.00014114321743583517,2.054794520547945e-05,0.00010178814732911276,0.10180460823458044,0.4000000000000001,0.0,4
2017-06-14,0.9586510055298494,0.0007248828727930423,0.0007437836857770997,1.6438356164383563e-05,2.4624568196239036e-06,0.0024606670649264975,0.39999999999999997,0.0,4
2017-06-15,0.9585794258842762,-7.466705314052025e-05,-5.5879527834545804e-05,1.643835616438356e-05,2.349169141625188e-06,0.0023493390408534185,0.4,0.0,4
2017-06-16,0.9593720989730644,0.0008269247882688457,0.0008448180810751049,1.6438356164383563e-05,1.4549366418107283e-06,0.001453732399365648,0.4000000000000001,0.0,4
2017-06-19,0.9588962820206903,-0.0004959670527039384,-0.0003449333671106392,4.931506849315068e-05,0.0001017186171000695,0.10175873532227933,0.5,0.0,5
2017-06-20,0.9593387252062099,0.0004614088028240815,0.00048291619610782985,2.0547945205479453e-05,9.594480783787404e-07,0.0009590046650691452,0.5000000000000001,0.0,5
2017-06-21,0.9585139097565399,-0.000859774997087337,-0.0007376672334840184,2.0547945205479453e-05,0.00010155981839778763,0.10163688102369445,0.6000000000000001,0.0,6
2017-06-22,0.9586797623782066,0.00017303100140586558,0.0002003972673957965,2.4657534246575342e-05,2.708731743203382e-06,0.00270825579505266,0.6000000000000002,0.0,6
2017-06-23,0.9583861826265851,-0.0003062333879805257,-0.00017992450275184372,2.4657534246575345e-05,0.00010165135098223758,0.10167215127805204,0.49999999999999994,0.0,5
2017-06-26,0.958681101457528,0.00030772441870419165,0.0003727897504595899,6.164383561643835e-05,3.4214961389984824e-06,0.0034204318855902815,0.5,0.0,5
2017-06-27,0.958693596514998,1.3033591098166042e-05,3.938681562445375e-05,2.0547945205479453e-05,5.8052793208429685e-06,0.005805169957998369,0.5,0.0,5
2017-06-28,0.9583936184254671,-0.0003129029865447386,-0.0002879206352779384,2.0547945205479453e-05,4.434406061280037e-06,0.004435774358299686,0.5,0.0,5
2017-06-29,0.9597736588062954,0.001439951554660368,0.0014655005194720682,2.0547945205479453e-05,5.001019606222189e-06,0.004993803796570951,0.5000000000000001,0.0,5
2017-06-30,0.958942006903342,-0.000866508364052998,-0.0003473108392064829,2.0547945205479456e-05,0.000498649579641132,0.4988330797714811,0.0,0.0,0
2017-07-03,0.958942006903342,0.0,0.0,0.0,0.0,0.0,0.0,0.0,0
2017-07-05,0.958942006903342,0.0,0.0,0.0,0.0,0.0,0.0,0.0,0
2017-07-06,0.9588461222911129,-9.999000099991662e-05,0.0,0.0,9.999000099990003e-05,0.09999000099990002,0.1,0.0,1
2017-07-07,0.958765305540824,-8.428542224880875e-05,2.001284173291928e-05,4.109589041095891e-06,0.00010018867494067103,0.10018708164019526,0.2,0.0,2
2017-07-10,0.958719378373037,-4.7902408985334155e-05,7.758988840815827e-05,2.4657534246575345e-05,0.00010083476314696155,0.10082942600807418,0.30000000000000004,0.0,3
2017-07-11,0.9583563944476768,-0.00037861331850430613,-0.00036510200796913145,1.2328767123287673e-05,1.1825434118975199e-06,0.0011829899086956853,0.30000000000000004,0.0,3
2017-07-12,0.9586758098844793,0.00033329504415369193,0.0003459788103946704,1.2328767123287673e-05,3.549991176047478e-07,0.000354880711639953,0.30000000000000004,0.0,3
2017-07-13,0.9579281520131373,-0.0007798860299104149,-0.0005647844211025156,1.2328767123287673e-05,0.00020277284168458131,0.20288993214017764,0.5000000000000001,0.0,5
2017-07-14,0.9567553027385511,-0.001224360378303313,-0.0012015753514225513,2.0547945205479453e-05,2.237081675307431e-06,0.002239819010300149,0.5,0.0,5
2017-07-17,0.9569224577890496,0.0001747103465432609,0.00023816008830111483,6.164383561643835e-05,1.8059061415634803e-06,0.0018055874260371415,0.5000000000000001,0.0,5
2017-07-18,0.9564297535726272,-0.0005148841605837617,-0.0004921583615043746,2.054794520547945e-05,2.1778538738398156e-06,0.002178971046037257,0.5000000000000001,0.0,5
2017-07-19,0.9577884742901729,0.0014206173662731914,0.0015442699274259566,2.0547945205479456e-05,0.00010310461594716799,0.10294775219412962,0.4000000000000001,0.0,4
2017-07-20,0.9603478183139552,0.002672139091754122,0.002792715052378231,1.6438356164383563e-05,0.00010413760445963664,0.10384929009562581,0.3,0.0,3
2017-07-21,0.9589904316825231,-0.0014134323060318588,-0.0010999707600874268,1.2328767123287671e-05,0.0003011327788210262,0.30146810164795834,0.2,0.0,2
2017-07-24,0.9589133724428694,-8.03545448502252e-05,-5.366847322292864e-05,2.465753424657535e-05,2.0285373808489737e-06,0.002028696280528996,0.2,0.0,2
2017-07-25,0.9588410005185698,-7.547284914311003e-05,0.00013463749412797604,8.219178082191782e-06,0.00020189116518887183,0.20186564567387824,0.2,0.0,2
2017-07-26,0.9576251126539064,-0.0012680808017240253,-0.0012581849675621928,8.219178082191782e-06,1.6766560796832665e-06,0.0016787820962896412,0.2,0.0,2
2017-07-27,0.9585107462530689,0.0009248228638325529,0.0009343153667721038,8.219178082191782e-06,1.273324857396266e-06,0.001272146727160788,0.2,0.0,2
2017-07-28,0.9589411071773801,0.0004489891490455644,0.0004577038873559647,8.219178082191782e-06,4.955602281069833e-07,0.0004953375814381983,0.2,0.0,2
2017-07-31,0.9591440296171733,0.00021161095115673767,0.00043636332173833676,2.4657534246575342e-05,0.00020009483633502318,0.200012490035305,0.0,0.0,0
2017-08-01,0.9591440296171733,0.0,0.0,0.0,0.0,0.0,0.0,0.0,0
2017-08-02,0.9589522391693394,-0.00019996000799848979,0.0,0.0,0.00019996000799840034,0.19996000799840033,0.2,0.0,2
2017-08-03,0.9586913934505814,-0.0002720111681306925,-0.00016232837095808697,8.219178082191782e-06,0.00010146361909041197,0.10148092641368615,0.3,0.0,3
2017-08-04,0.9582561727982767,-0.00045397367210975315,-0.00024048133637170622,1.232876712328767e-05,0.0002011635686146313,0.20121443765744015,0.3,0.0,3
2017-08-07,0.9580263987343711,-0.00023978354685116887,-0.0002017935113040437,3.698630136986302e-05,1.0037341771854267e-06,0.0010039739058866038,0.30000000000000004,0.0,3
2017-08-08,0.9580199848869132,-6.694854616129398e-06,6.589446130605974e-06,1.2328767123287673e-05,9.555336234530876e-07,0.000955539107598747,0.30000000000000004,0.0,3
2017-08-09,0.9581339298346582,0.00011893796532680412,0.00013315750339269457,1.2328767123287673e-05,1.8907709424055452e-06,0.0018905425105431328,0.30000000000000004,0.0,3
2017-08-10,0.9582120414660598,8.152475240597035e-05,9.529938542615637e-05,1.2328767123287671e-05,1.445865896870816e-06,0.0014457459424360632,0.3,0.0,3
2017-08-11,0.958420522793906,0.00021757327065863308,0.0002315987963680211,1.2328767123287671e-05,1.6967585861034934e-06,0.0016963866193598558,0.3,0.0,3
2017-08-14,0.9592685371445857,0.0008848040400968316,0.0010240236940630254,3.698630136986301e-05,0.0001022333525963739,0.10213254395647799,0.4,0.0,4
2017-08-15,0.9591304031226765,-0.0001439993250694771,-0.0001259662576473141,1.6438356164383563e-05,1.5947112577682968e-06,0.001594938384352974,0.4,0.0,4
2017-08-16,0.9588694691854651,-0.0002720526180400862,-0.00015483895578513593,1.6438356164383563e-05,0.00010077530609067436,0.10079256957105497,0.3,0.0,3
2017-08-17,0.9591366549483619,0.0002786466474145044,0.0002935832122885175,1.2328767123287673e-05,2.6077977507104132e-06,0.002607064502230328,0.3,0.0,3
2017-08-18,0.9589327334034525,-0.00021260947942847164,-9.92086613372079e-05,1.2328767123287671e-05,0.00010107205096795488,0.1010833255421461,0.4,0.0,4
2017-08-21,0.9583578217437673,-0.0005995328344301498,-0.000447543311130716,4.931506849315068e-05,0.00010267445480635862,0.10272549482926555,0.30000000000000004,0.0,3
2017-08-22,0.95861370737591,0.0002670042716166332,0.0003814872573443152,1.2328767123287673e-05,0.00010215421860448843,0.10211652142361306,0.2,0.0,2
2017-08-23,0.9582805765909524,-0.0003475130622422329,-0.00013801474989263984,8.21917808219178e-06,0.0002012791342674686,0.2013085724107472,0.4,0.0,4
2017-08-24,0.957605674235138,-0.0007042847077370906,-0.0006859856944692321,1.643835616438356e-05,1.8606571034329534e-06,0.0018619649924250707,0.4,0.0,4
2017-08-25,0.9575740823136576,-3.299053287841858e-05,-1.3498614556617555e-05,1.643835616438356e-05,3.0535621574525855e-06,0.00305365357459024,0.4000000000000001,0.0,4
2017-08-28,0.9569385908936116,-0.0006636472642519431,-0.00060883475098098,4.931506849315069e-05,5.497444777852822e-06,0.005501065302988899,0.39999999999999997,0.0,4
2017-08-29,0.9577713684066889,0.0008702517810466048,0.0010897549855305392,1.6438356164383563e-05,0.0002030648483195614,0.20284712912265487,0.6,0.0,6
2017-08-30,0.958538314409434,0.000800761045948839,0.0008325535952605098,2.4657534246575342e-05,7.135015065054343e-06,0.007129255367724796,0.6000000000000001,0.0,6
2017-08-31,0.9580376719470352,-0.0005222978099809206,0.00010238928798790852,2.4657534246575345e-05,0.0006000295637222972,0.5999829259972446,0.0,0.0,0
2017-09-01,0.9580376719470352,0.0,0.0,0.0,0.0,0.0,0.0,0.0,0
2017-09-05,0.9577503468429822,-0.00029991002699192304,0.0,0.0,0.00029991002699190244,0.29991002699190245,0.30000000000000004,0.0,3
2017-09-06,0.957983813336848,0.00024376550176707923,0.00025769431672298404,1.2328767123287673e-05,1.6000478326107366e-06,0.0015996553323009562,0.30000000000000004,0.0,3
2017-09-07,0.9577659487700677,-0.00022741988303687233,-1.3561869624945132e-05,1.2328767123287673e-05,0.00020152924628874088,0.20153446414434428,0.49999999999999994,0.0,5
2017-09-08,0.958127157987194,0.0003771372511103266,0.00040125412266760473,2.0547945205479456e-05,3.568926351885989e-06,0.0035675681566502346,0.5000000000000001,0.0,5
2017-09-11,0.9585675550286049,0.0004596436263597514,0.0005251336471793879,6.164383561643835e-05,3.846185203246203e-06,0.0038444033614566295,0.49999999999999994,0.0,5
2017-09-12,0.9577255679604089,-0.0008783805207874806,-0.0008515517908262494,2.0547945205479453e-05,6.280784755773033e-06,0.00628626700757096,0.5000000000000001,0.0,5
2017-09-13,0.9581927374898386,0.0004877905999989274,0.0006121433731293257,2.0547945205479453e-05,0.00010380482792494124,0.10374345377201268,0.5999999999999999,0.0,6
2017-09-14,0.9576701498347214,-0.000545388870809238,-0.0005157432268617422,2.4657534246575342e-05,4.988109700813218e-06,0.004990806736572206,0.6000000000000001,0.0,6
2017-09-15,0.9577810528448785,0.00011580501927110909,0.00024231695338065024,2.4657534246575345e-05,0.00010185439986290191,0.10183223511775705,0.49999999999999994,0.0,5
2017-09-18,0.9588446237634141,0.0011104530783694333,0.0011774995092824815,6.164383561643835e-05,5.402595296574915e-06,0.005396573499417234,0.5,0.0,5
2017-09-19,0.9588299559781509,-1.5297353606280595e-05,0.00010662855279681135,2.0547945205479453e-05,0.00010137796119752941,0.10136923527216611,0.4,0.0,4
2017-09-20,0.958363569431016,-0.000486412157053584,-0.00046753122440911784,1.6438356164383563e-05,2.442576480250116e-06,0.0024437591853580763,0.4,0.0,4
2017-09-21,0.9577006641266835,-0.0006917054502875164,-0.0005745421244804485,1.6438356164383563e-05,0.00010072496964268691,0.10078453133345591,0.30000000000000004,0.0,3
2017-09-22,0.9582400977399559,0.0005632590990884978,0.0005777280134698637,1.232876712328767e-05,2.140147258179904e-06,0.00213893790430083,0.30000000000000004,0.0,3
2017-09-25,0.9579304830770429,-0.00032310760491371937,-0.000283234016667433,3.698630136986301e-05,2.8872868763765245e-06,0.002888211740458613,0.30000000000000004,0.0,3
2017-09-26,0.9577319029222715,-0.00020730121682055458,5.217814425234603e-06,1.2328767123287673e-05,0.00020019026412249223,0.2001916876761138,0.30000000000000004,0.0,3
2017-09-27,0.9579529389492869,0.00023079112885460162,0.0003436991129572964,1.2328767123287671e-05,0.00010057921697950862,0.10054589905016818,0.2,0.0,2
2017-09-28,0.9575827499424393,-0.0003864375709872192,-0.00037769043965499294,8.21917808219178e-06,5.279532500171002e-07,0.0005281570709104405,0.2,0.0,2
2017-09-29,0.9576245701870261,4.367272132799194e-05,0.00025168637525253005,8.219178082191782e-06,0.00019979447584237147,0.19974584428151781,0.0,0.0,0
2017-10-02,0.9576245701870261,0.0,0.0,0.0,0.0,0.0,0.0,0.0,0
2017-10-03,0.9575288173052955,-9.999000099991662e-05,0.0,0.0,9.999000099990002e-05,0.0999900009999,0.1,0.0,1
2017-10-04,0.957324825317324,-0.00021304005089428646,-0.00010814449947481594,4.109589041095891e-06,0.00010078596237838521,0.10079727728487171,0.2,0.0,2
2017-10-05,0.9574714418755096,0.00015315236198643056,0.0001625785887609754,8.219178082191782e-06,1.207048692319355e-06,0.0012068624017502504,0.2,0.0,2
2017-10-06,0.9570749892668329,-0.0004140620715539223,-0.00030504853785183196,8.219178082191782e-06,0.00010079435561987179,0.10082594113215716,0.3,0.0,3
2017-10-09,0.9575799465367404,0.0005276047076461232,0.0008662313555026725,3.698630136986302e-05,0.00030164034648664004,0.30139041997151567,0.6000000000000001,0.0,6
2017-10-10,0.9569343370757168,-0.0006742094624667683,-0.0006443368550182407,2.4657534246575342e-05,5.215073201982637e-06,0.00521856439228109,0.6,0.0,6
2017-10-11,0.9570907782106391,0.00016348157743029113,0.00019150102328605042,2.4657534246575342e-05,3.361911609318606e-06,0.003361350789824946,0.5999999999999999,0.0,6
2017-10-12,0.9572758409083159,0.00019335960798061436,0.0003229281935469343,2.4657534246575345e-05,0.00010491105131967258,0.1048797687618967,0.5000000000000001,0.0,5
2017-10-13,0.9577942249548719,0.0005415200346685634,0.0005647918611966783,2.0547945205479453e-05,2.7238813226980277e-06,0.0027223996732389706,0.5000000000000001,0.0,5
2017-10-16,0.9568435851740513,-0.00099253029100832,-0.0009296003900527926,6.164383561643835e-05,1.2860653391068723e-06,0.0012873414088448547,0.5000000000000001,0.0,5
2017-10-17,0.957161017532951,0.0003317494769450313,0.00045466863104643985,2.0547945205479453e-05,0.00010237120889596009,0.1023267867211288,0.4000000000000001,0.0,4
2017-10-18,0.956616232961087,-0.0005691671117866726,-0.00035174589576481013,1.643835616438356e-05,0.0002009828598573869,0.2010568858364938,0.6,0.0,6
2017-10-19,0.9565051509598359,-0.00011611971177538649,-8.525498223198026e-05,2.4657534246575342e-05,6.207195296802319e-06,0.006207877620253552,0.6000000000000002,0.0,6
2017-10-20,0.9568585139379432,0.0003694313384017267,0.00039528449633838834,2.4657534246575342e-05,1.19562368995042e-06,0.0011951807237496259,0.6000000000000001,0.0,6
2017-10-23,0.9593866286076956,0.0026420987355257886,0.002720095316058996,7.397260273972603e-05,4.023977793497057e-06,0.0040133579558533925,0.6000000000000001,0.0,6
2017-10-24,0.9592268607139756,-0.00016653129088528562,-0.0001384422062660262,2.465753424657535e-05,3.4315503726090314e-06,0.0034321101488837247,0.6,0.0,6
2017-10-25,0.9607855524595127,0.001624945890669638,0.0017537265665217075,2.4657534246575342e-05,0.00010412314160545965,0.1039434162632899,0.5000000000000001,0.0,5
2017-10-26,0.962039431210213,0.0013050557926173045,0.0014290430790619476,2.054794520547945e-05,0.00010343934123913067,0.10329385235073736,0.4,0.0,4
2017-10-27,0.9618299496530045,-0.000217747371274557,0.00010160554172842228,1.643835616438356e-05,0.0003029145568386481,0.3028887606553641,0.3,0.0,3
2017-10-30,0.9626537258344543,0.0008564675925790688,0.0009946654179138648,3.698630136986301e-05,0.00010121152396482155,0.10111468853923168,0.2,0.0,2
2017-10-31,0.9624401097804469,-0.00022190331608828995,-1.344286410666641e-05,8.219178082191782e-06,0.00020024127389944448,0.20024561162833168,0.0,0.0,0
2017-11-01,0.9624401097804469,0.0,0.0,0.0,0.0,0.0,0.0,0.0,0
2017-11-02,0.9622476602483973,-0.00019996000799837876,0.0,0.0,0.00019996000799840034,0.19996000799840033,0.2,0.0,2
2017-11-03,0.961504199749034,-0.0007726290539084024,-0.0002643008035373151,8.219178082191782e-06,0.000500109072288819,0.5002453991558022,0.49999999999999994,0.0,5
2017-11-06,0.9609535475987777,-0.0005726986428140624,-0.0004079762094284733,6.164383561643835e-05,0.0001030785977691433,0.10312702828881365,0.39999999999999997,0.0,4
2017-11-07,0.9611173908206385,0.00017050066808144138,0.0003903833235028743,1.643835616438356e-05,0.00020344429925705436,0.20336825072318,0.39999999999999997,0.0,4
2017-11-08,0.9603140959243556,-0.0008357926970784524,-0.0006178251476712804,1.643835616438356e-05,0.0002015291932428322,0.20165709697973588,0.4,0.0,4
2017-11-09,0.9605845291014928,0.00028160908840657584,0.00029968694554545207,1.6438356164383563e-05,1.6395009743438523e-06,0.0016390367195051087,0.39999999999999997,0.0,4
2017-11-10,0.9598408209452949,-0.0007742245827064842,-0.0007560092041435042,1.6438356164383563e-05,1.777022398587899e-06,0.0017783961163292184,0.39999999999999997,0.0,4
2017-11-13,0.9605917732605526,0.0007823717213006898,0.0009333212736073071,4.931506849315069e-05,0.00010163448381355833,0.10154471765305645,0.30000000000000004,0.0,3
2017-11-14,0.9608624680772204,0.0002818000572177848,0.00039533981992996846,1.232876712328767e-05,0.00010121099558880861,0.10117224550054463,0.2,0.0,2
2017-11-15,0.9613377787746769,0.0004946708954169932,0.0005047514682897492,8.21917808219178e-06,1.8613947905280406e-06,0.0018604710065982695,0.2,0.0,2
2017-11-16,0.9603832213275454,-0.0009929469830554094,-0.0008823313684940939,8.21917808219178e-06,0.00010239643647905384,0.10248770696250664,0.1,0.0,1
2017-11-17,0.960535335781852,0.0001583893293100047,0.00026294803453975055,4.109589041095891e-06,0.00010044911618863766,0.10042312282363387,0.2,0.0,2
2017-11-20,0.9604082980863948,-0.00013225718068332615,-0.00010712813505469048,2.4657534246575342e-05,4.715113819242263e-07,0.000471573528557312,0.2,0.0,2
2017-11-21,0.959730294413203,-0.0007059535767680591,-0.0005962428300283262,8.21917808219178e-06,0.00010149156865742526,0.10155295355966351,0.3,0.0,3
2017-11-22,0.9599851361954991,0.00026553479011703907,0.0004782733268913874,1.2328767123287671e-05,0.00020040976965093527,0.20031643329860763,0.30000000000000004,0.0,3
2017-11-24,0.9604252012926898,0.0004584082405012513,0.0004836921007165763,2.4657534246575342e-05,6.263259687490744e-07,0.0006260385953938442,0.3,0.0,3
2017-11-27,0.9605950422902603,0.00017683938045554015,0.00021495389668655388,3.698630136986301e-05,1.1282148611999121e-06,0.0011280141112410512,0.30000000000000004,0.0,3
2017-11-28,0.9608275699733896,0.00024206629525691525,0.00025699587064852435,1.2328767123287671e-05,2.600808268411978e-06,0.0026001720918376004,0.3,0.0,3
2017-11-29,0.9605247983368407,-0.0003151154754617025,-0.0002016042393967577,1.2328767123287671e-05,0.00010118246894157007,0.10120411984320035,0.2,0.0,2
2017-11-30,0.9598088073812351,-0.000745416419071443,-0.0005363253367154209,8.21917808219178e-06,0.00020087190427380434,0.20098134756419705,0.0,0.0,0
2017-12-01,0.9598088073812351,0.0,0.0,0.0,0.0,0.0,0.0,0.0,0
2017-12-04,0.9596168840044342,-0.00019996000799837876,0.0,0.0,0.00019996000799840034,0.19996000799840036,0.2,0.0,2
2017-12-05,0.95983808696136,0.00023051173922938872,0.0004405923946278035,8.219178082191782e-06,0.00020186147731618203,0.20177423554094515,0.4,0.0,4
2017-12-06,0.9601583219201727,0.00033363435267141917,0.0003517655394259188,1.6438356164383563e-05,1.6928305901331054e-06,0.0016922631283049535,0.4,0.0,4
2017-12-07,0.9594730315620321,-0.0007137264162540014,-0.0006948275431255422,1.643835616438356e-05,2.4605169640682722e-06,0.0024622682915389467,0.4000000000000001,0.0,4
2017-12-08,0.9590541389141437,-0.0004365861614750166,-0.00031857816005928524,1.6438356164383563e-05,0.00010156964525129986,0.10160368416360384,0.5000000000000001,0.0,5
2017-12-11,0.9593545682485174,0.00031325586552788387,0.00047645193806817313,6.164383561643835e-05,0.00010155223692388269,0.10151012969960237,0.39999999999999997,0.0,4
2017-12-12,0.9585843372961316,-0.0008028636938604006,-0.0006822646341834771,1.6438356164383563e-05,0.00010416070351254904,0.10423353179290726,0.5,0.0,5
2017-12-13,0.9578936557154989,-0.0007205224973536595,-0.0006970959193790982,2.0547945205479453e-05,2.8786327690673747e-06,0.0028807000858096644,0.5000000000000001,0.0,5
2017-12-14,0.9578724555678949,-2.213204720324935e-05,1.8935865782498508e-06,2.0547945205479453e-05,3.4776885760454025e-06,0.0034777534513055004,0.5000000000000001,0.0,5
2017-12-15,0.9574291049222554,-0.0004628493522935706,-0.00043809026192866975,2.0547945205479453e-05,4.211145159495625e-06,0.004213077437778203,0.5000000000000001,0.0,5
2017-12-18,0.9589331224072631,0.0015708917530032895,0.0016381258383095293,6.164383561643837e-05,5.590249689748155e-06,0.005581450633275875,0.49999999999999994,0.0,5
2017-12-19,0.9581214881163712,-0.0008463930089873672,-0.0008178341090755214,2.0547945205479453e-05,8.010954706208029e-06,0.008017676582371718,0.5000000000000001,0.0,5
2017-12-20,0.9571043763755862,-0.0010615686563762994,-0.0009388264998053399,2.0547945205479453e-05,0.00010219421136564114,0.1022923480302615,0.39999999999999997,0.0,4
2017-12-21,0.9583048467345442,0.0012542731896221238,0.0012731002281225088,1.6438356164383563e-05,2.388682335852439e-06,0.002385684337307217,0.4000000000000001,0.0,4
2017-12-22,0.958044353504022,-0.00027182710325412973,-0.00015435452361876049,1.6438356164383563e-05,0.00010103422347103464,0.10105148234471065,0.49999999999999994,0.0,5
2017-12-26,0.9582742864063273,0.00024000235632559708,0.00032457870923073844,8.219178082191781e-05,2.384572083241468e-06,0.0023839942342016958,0.5000000000000001,0.0,5
2017-12-27,0.9579987584315641,-0.0002875251675555912,-0.00026519916501829274,2.0547945205479453e-05,1.7780573317375845e-06,0.0017785655517043274,0.5,0.0,5
2017-12-28,0.9576399673814777,-0.0003745214144889042,-0.00035174101408632654,2.0547945205479453e-05,2.232455197139025e-06,0.0022332866250924805,0.5000000000000001,0.0,5
2017-12-29,0.9570004831110338,-0.0006677710749609655,-0.00014816751358974755,2.0547945205479453e-05,0.0004990556161657055,0.4991398287709195,0.0,0.0,0
2018-01-02,0.9570004831110338,0.0,0.0,0.0,0.0,0.0,0.0,0.0,0
2018-01-03,0.9567134690703127,-0.00029991002699192304,0.0,0.0,0.00029991002699190244,0.29991002699190245,0.3,0.0,3
2018-01-04,0.955763642267607,-0.0009928017461996452,-0.0008787374984034369,1.2328767123287671e-05,0.00010173548067286977,0.10182621457762618,0.4000000000000001,0.0,4
2018-01-05,0.9561349870883632,0.00038853206413569374,0.0007059479678758917,1.643835616438356e-05,0.0003009775475756754,0.3007701636569179,0.3,0.0,3
2018-01-08,0.9557542434714059,-0.00039821115438598564,-0.0001596542994487083,3.698630136986302e-05,0.00020157055356748862,0.20161019831801702,0.1,0.0,1
2018-01-09,0.9564195866644756,0.0006961446392883541,0.0007013929407670428,4.109589041095891e-06,1.1387124376695149e-06,0.00113791898570517,0.1,0.0,1
2018-01-10,0.9564706407652523,5.33804425260076e-05,5.8643736487718e-05,4.10958904109589e-06,1.1537049204875368e-06,0.0011536420076041938,0.1,0.0,1
2018-01-11,0.9568076806951326,0.0003523787511245935,0.00035734558207155547,4.10958904109589e-06,8.572419059006771e-07,0.0008569392041299394,0.1,0.0,1
2018-01-12,0.9561234401067096,-0.0007151286535721502,-0.0007100065206443574,4.109589041095891e-06,1.0125438865949394e-06,0.0010132674772238453,0.1,0.0,1
2018-01-16,0.9564558341470747,0.000347647622076952,0.0005647202279936759,1.643835616438356e-05,0.00020063424975240907,0.2005243059106171,0.3,0.0,3
2018-01-17,0.9571723176389987,0.0007491025370376381,0.0007643188931689359,1.2328767123287671e-05,2.887589008086948e-06,0.002885419201338039,0.30000000000000004,0.0,3
2018-01-18,0.956667140210076,-0.0005277810688975038,-0.0005134154009471148,1.232876712328767e-05,2.036900827148681e-06,0.002037972279189154,0.3,0.0,3
2018-01-19,0.9574353056581129,0.0008029600011851823,0.0009172947035351208,1.232876712328767e-05,0.00010200593522684674,0.10191370679374494,0.4,0.0,4
2018-01-22,0.9567985112599483,-0.0006651043620402586,-0.0005133130517427031,4.931506849315069e-05,0.00010247624180431487,0.10253393027676688,0.30000000000000004,0.0,3
2018-01-23,0.9567931626254006,-5.590136778810262e-06,8.621892252030889e-06,1.2328767123287671e-05,1.883261907561487e-06,0.001883268888603606,0.3,0.0,3
2018-01-24,0.9561776306294459,-0.0006433281716454742,-0.0006295682226361454,1.2328767123287671e-05,1.4311818859693462e-06,0.0014321011473848835,0.3,0.0,3
2018-01-25,0.9563461295362791,0.00017622134364536635,0.000291761121490791,1.2328767123287673e-05,0.00010321101072208957,0.10318217828308315,0.4,0.0,4
2018-01-26,0.9559929621717534,-0.0003692882248572671,-0.00034846256418901166,1.643835616438356e-05,4.387304503958528e-06,0.0043889060198045,0.4,0.0,4
2018-01-29,0.9539814050803024,-0.0021041547072494504,-0.0019536540752376932,4.9315068493150684e-05,0.00010118556351857634,0.10138864183970606,0.30000000000000004,0.0,3
2018-01-30,0.9542488981517792,0.00028039652560551964,0.0003948100609137307,1.2328767123287671e-05,0.00010208476818497855,0.1020457375992358,0.2,0.0,2
2018-01-31,0.9536423564197941,-0.000635622145500836,-0.0004260898449707117,8.21917808219178e-06,0.00020131312244797838,0.2014005925425678,0.0,0.0,0
2018-02-01,0.9536423564197941,0.0,0.0,0.0,0.0,0.0,0.0,0.0,0
2018-02-02,0.9536423564197941,0.0,0.0,0.0,0.0,0.0,0.0,0.0,0
2018-02-05,0.9535470017196221,-9.999000099991662e-05,0.0,0.0,9.999000099990002e-05,0.09999000099990002,0.1,0.0,1
2018-02-06,0.9537877482567307,0.00025247474605283315,0.0002568411762701561,4.10958904109589e-06,2.5684117627015427e-07,0.00025677628079314666,0.1,0.0,1
2018-02-07,0.9537395671378968,-5.05155564454185e-05,-4.5733918333717986e-05,4.109589041095891e-06,6.720490704525284e-07,0.000672082569405033,0.1,0.0,1
2018-02-08,0.9539047441650602,0.00017318881679528886,0.00037939393138655675,4.109589041095891e-06,0.00020209552555013063,0.20201971071585384,0.30000000000000004,0.0,3
2018-02-09,0.9538707950970666,-3.558957873017743e-05,8.366513574834516e-05,1.2328767123287671e-05,0.00010692594735519125,0.10691832019048936,0.4000000000000001,0.0,4
2018-02-12,0.9540175541886611,0.00015385636330278452,0.00020542943566157488,4.9315068493150684e-05,2.2580038655653235e-06,0.00225765141374358,0.39999999999999997,0.0,4
2018-02-13,0.9526214454748949,-0.0014633993972505976,-0.0013447925322723432,1.643835616438356e-05,0.00010216850881389819,0.10230777331506183,0.3,0.0,3
2018-02-14,0.9518062705996474,-0.0008557175351444624,-0.0007386322546353461,1.2328767123287673e-05,0.00010475651338573452,0.10483524056510561,0.4000000000000001,0.0,4
2018-02-15,0.9529355312043943,0.0011864395514389336,0.001410975777390999,1.643835616438356e-05,0.00020809786978774896,0.20780807365260737,0.39999999999999997,0.0,4
2018-02-16,0.9528888647022282,-4.897131089987017e-05,0.00017177132722715488,1.643835616438356e-05,0.0002043042819626329,0.2042725517002707,0.4,0.0,4
2018-02-20,0.9523768123132107,-0.0005373684256216871,-0.00036644003535912795,6.575342465753425e-05,0.00010517496560496993,0.10522044119151297,0.49999999999999994,0.0,5
2018-02-21,0.9521099947771983,-0.00028015963068694916,-0.0001564677065735541,2.0547945205479456e-05,0.0001031439789079245,0.10316224023911941,0.4,0.0,4
2018-02-22,0.9526737275547216,0.0005920878686451747,0.0006119328845361595,1.6438356164383563e-05,3.406659726747285e-06,0.0034046322868493475,0.4,0.0,4
2018-02-23,0.9531891246945792,0.0005410006857022864,0.0006655333255830564,1.643835616438356e-05,0.00010809428371646468,0.10802416577388521,0.49999999999999994,0.0,5
2018-02-26,0.9527135869219897,-0.0004988913115661076,-0.000433446138993243,6.164383561643834e-05,3.8013369563657147e-06,0.003803219892405681,0.49999999999999994,0.0,5
2018-02-27,0.9533653583235739,0.0006841210312640289,0.0008125037468514561,2.0547945205479453e-05,0.00010783477038209514,0.10774943758987174,0.4,0.0,4
2018-02-28,0.9528129909823813,-0.0005793868388127565,-0.0001661092532912856,1.6438356164383567e-05,0.00039683922935701733,0.39691168463621274,0.0,0.0,0
2018-03-01,0.9528129909823813,0.0,0.0,0.0,0.0,0.0,0.0,0.0,0
2018-03-02,0.9528129909823813,0.0,0.0,0.0,0.0,0.0,0.0,0.0,0
2018-03-05,0.9528129909823813,0.0,0.0,0.0,0.0,0.0,0.0,0.0,0
2018-03-06,0.9527177192104602,-9.999000099991662e-05,0.0,0.0,9.999000099990002e-05,0.0999900009999,0.1,0.0,1
2018-03-07,0.9542273414554138,0.0015845430545835537,0.0018861763446065217,4.109589041095891e-06,0.0002975237009818943,0.29696479341663146,0.2,0.0,2
2018-03-08,0.954379129936369,0.0001590695155766486,0.0002682521705859087,8.21917808219178e-06,0.00010096347692715814,0.10093722991720774,0.30000000000000004,0.0,3
2018-03-09,0.9536349105302057,-0.0007797943006286889,-0.0007636449657928759,1.2328767123287674e-05,3.820567712442969e-06,0.003823534674917599,0.30000000000000004,0.0,3
2018-03-12,0.9539576660472548,0.00033844767372226414,0.0003769004337703608,3.698630136986302e-05,1.4664586783112421e-06,0.0014659603776613359,0.3,0.0,3
2018-03-13,0.9534469014940222,-0.0005354163726667416,-0.00042172874009226423,1.2328767123287671e-05,0.00010135886545122769,0.10140288013260251,0.4,0.0,4
2018-03-14,0.9531355436906567,-0.00032656019215926424,-0.0002063126665558524,1.6438356164383563e-05,0.0001038091694391388,0.10383229818975194,0.49999999999999994,0.0,5
2018-03-15,0.9527945163013362,-0.00035779527012502754,-0.00033503616990379625,2.0547945205479453e-05,2.2111550157590818e-06,0.002211941547036758,0.5000000000000001,0.0,5
2018-03-16,0.9535438878911348,0.0007864986384551464,0.0008111997904166502,2.0547945205479456e-05,4.153206755919019e-06,0.004149925609578317,0.5000000000000001,0.0,5
2018-03-19,0.9534146728907952,-0.00013551028115266206,0.00012986855481516573,6.164383561643835e-05,0.0002037350003514107,0.20372110153646347,0.5000000000000001,0.0,5
2018-03-20,0.9532154370013334,-0.00020897086559168443,1.3304820637771643e-05,2.0547945205479453e-05,0.00020172774102404994,0.2017292021737902,0.5000000000000001,0.0,5
2018-03-21,0.9533279165406603,0.00011800012354057365,0.00014213092222077354,2.0547945205479456e-05,3.582853474777557e-06,0.0035824179137426905,0.5000000000000001,0.0,5
2018-03-22,0.9544646050494934,0.0011923373784727964,0.0013168118138246478,2.0547945205479453e-05,0.0001039264901462741,0.10379194839371773,0.39999999999999997,0.0,4
2018-03-23,0.9535167131608182,-0.0009931137138669,-0.0009704908864940684,1.643835616438356e-05,6.184471208443383e-06,0.006190580873736716,0.39999999999999997,0.0,4
2018-03-26,0.9534836317910813,-3.469406385891993e-05,1.8266044982573335e-05,4.9315068493150684e-05,3.6450403483768603e-06,0.0036451535268344146,0.39999999999999997,0.0,4
2018-03-27,0.9535074687747078,2.4999887603405213e-05,4.729007304340442e-05,1.6438356164383563e-05,5.85182927555538e-06,0.005851648742145112,0.4,0.0,4
2018-03-28,0.9530327435523362,-0.0004978725787870841,-0.0004728005147289547,1.643835616438356e-05,8.633707893693073e-06,0.008637933906724451,0.4000000000000001,0.0,4
2018-03-29,0.9529446456682725,-9.243951444448673e-05,0.00032639138600901163,1.6438356164383563e-05,0.00040239254428925245,0.4022678601471907,0.0,0.0,0
2018-04-02,0.9529446456682725,0.0,0.0,0.0,0.0,0.0,0.0,0.0,0
2018-04-03,0.9527540948493026,-0.00019996000799848979,0.0,0.0,0.0001999600079984003,0.19996000799840033,0.2,0.0,2
2018-04-04,0.953664738859977,0.0009558017284811982,0.0009657360187595166,8.219178082191782e-06,1.7151121961807296e-06,0.0017134715183458925,0.2,0.0,2
2018-04-05,0.9534466876266005,-0.00022864558632762488,-0.00021932955745267448,8.219178082191782e-06,1.096850792774849e-06,0.0010971004365919503,0.2,0.0,2
2018-04-06,0.9531115729070475,-0.00035147714487016035,-0.00033986856285564404,8.21917808219178e-06,3.3894039323914978e-06,0.0033905841531698343,0.2,0.0,2
2018-04-09,0.9534892051559041,0.0003962099082532866,0.0005225293976526935,2.4657534246575342e-05,0.00010166195515300408,0.1016113657130133,0.3,0.0,3
2018-04-10,0.9537305822201532,0.0002531513340098268,0.00027075776710061556,1.2328767123287671e-05,5.277665967673282e-06,0.00527630241811579,0.30000000000000004,0.0,3
2018-04-11,0.9536740829655769,-5.924026725112608e-05,5.526287627204976e-05,1.2328767123287671e-05,0.00010217437639985085,0.10216998982235609,0.39999999999999997,0.0,4
2018-04-12,0.953676103222874,2.1183938341273745e-06,0.00012333723091501053,1.6438356164383563e-05,0.00010478048091656698,0.10476928119829844,0.5,0.0,5
2018-04-13,0.9532976433694242,-0.0003968431757603863,-0.00037032712775554317,2.0547945205479453e-05,5.96810279943104e-06,0.005970436494231332,0.49999999999999994,0.0,5
2018-04-16,0.9538097967325716,0.0005372439203112922,0.0007041889897806463,6.164383561643835e-05,0.00010530123385288706,0.10523361650254817,0.4000000000000001,0.0,4
2018-04-17,0.9543524806867362,0.0005689645420121625,0.0005912443374544607,1.6438356164383563e-05,5.841439278051708e-06,0.005838083512729321,0.4000000000000001,0.0,4
2018-04-18,0.9537625159054484,-0.0006181833161509331,-0.0005002539618326806,1.6438356164383563e-05,0.0001014909981539776,0.10154346488222504,0.3,0.0,3
2018-04-19,0.9528748543445362,-0.0009306945346551077,-0.000815232162265789,1.2328767123287673e-05,0.00010313360526609944,0.10321902529860617,0.4,0.0,4
2018-04-20,0.9531071641142049,0.00024379882479785842,0.0002624076273979815,1.6438356164383567e-05,2.170446435620919e-06,0.0021699127037745317,0.4000000000000001,0.0,4
2018-04-23,0.9531363533055591,3.062529844832795e-05,8.254902948974246e-05,4.931506849315069e-05,2.608662548320619e-06,0.002608575855012397,0.4,0.0,4
2018-04-24,0.9485403828301529,-0.004821944372877085,-0.0047981672513514985,1.6438356164383567e-05,7.338765361120942e-06,0.007374269560699217,0.4,0.0,4
2018-04-25,0.946598961664731,-0.0020467459272838218,-0.0018275459085025098,1.643835616438356e-05,0.00020276166261688853,0.20313624265192223,0.2,0.0,2
2018-04-26,0.9470037288214882,0.00042760152202725443,0.0005386414386578942,8.21917808219178e-06,0.0001028207385485658,0.10276622905304064,0.1,0.0,1
2018-04-27,0.9469853982593421,-1.935637800376533e-05,-1.399741436272084e-05,4.109589041095891e-06,1.249374600056456e-06,0.0012493972228962238,0.1,0.0,1
2018-04-30,0.9466864356308642,-0.0003156993012009002,-0.00020353993090201918,1.2328767123287673e-05,9.983060317566854e-05,0.09985215813103929,0.0,0.0,0
2018-05-01,0.9466864356308642,0.0,0.0,0.0,0.0,0.0,0.0,0.0,0
2018-05-02,0.9465917764532189,-9.99900009998056e-05,0.0,0.0,9.999000099990002e-05,0.09999000099990002,0.1,0.0,1
2018-05-03,0.945291042778122,-0.0013741231515559393,-0.0012688820927373335,4.10958904109589e-06,0.00010113146977758174,0.10126037339060175,0.2,0.0,2
2018-05-04,0.945299535686819,8.984437927184175e-06,0.00011788452896935866,8.219178082191782e-06,0.00010068091295999792,0.10066987296305566,0.3,0.0,3
2018-05-07,0.9445174448578421,-0.0008273470994658583,-0.0007882518504518542,3.698630136986301e-05,2.1089476442601965e-06,0.0021106894657339685,0.30000000000000004,0.0,3
2018-05-08,0.9437948242428263,-0.0007650685743814112,-0.0006499559894166339,1.2328767123287673e-05,0.00010278381784147356,0.10285193511027774,0.2,0.0,2
2018-05-09,0.943507641421437,-0.0003042852259969031,-0.00029483195820766416,8.219178082191782e-06,1.2340897070711825e-06,0.0012344638127323396,0.2,0.0,2
2018-05-10,0.9437751783362348,0.0002835556417908336,0.00029406714620839876,8.219178082191782e-06,2.2923263353795965e-06,0.002291671265804653,0.2,0.0,2
2018-05-11,0.943837918173374,6.647752407507035e-05,7.515669963416016e-05,8.219178082191782e-06,4.599974768867872e-07,0.00045996668785670564,0.2,0.0,2
2018-05-14,0.9440519131875553,0.000226728562246592,0.0002520182538841898,2.465753424657535e-05,6.321573910063574e-07,0.0006320136959176327,0.2,0.0,2
2018-05-15,0.9443291793023502,0.0002936979533876283,0.00030406395849214566,8.219178082191782e-06,2.146827022254238e-06,0.0021461920825288647,0.2,0.0,2
2018-05-16,0.9442007343461908,-0.0001360171420884404,-0.00012650984713094557,8.219178082191782e-06,1.2881168753596357e-06,0.0012882904454755457,0.2,0.0,2
2018-05-17,0.9439232117714476,-0.0002939232778031986,-0.00028380926119768733,8.21917808219178e-06,1.8948385233399903e-06,0.0018953920317168358,0.2,0.0,2
2018-05-18,0.9437378275931676,-0.0001963975204424262,-8.777300242433505e-05,8.219178082191782e-06,0.00010040533993585209,0.10041497898864073,0.3,0.0,3
2018-05-21,0.9400543661752452,-0.00390305581722461,-0.0037618467224996063,3.698630136986301e-05,0.00010422279335515943,0.1046202281327549,0.2,0.0,2
2018-05-22,0.9410042400837124,0.0010104457174449077,0.0011210529449590004,8.219178082191782e-06,0.00010238804943187107,0.10227423520944849,0.1,0.0,1
2018-05-23,0.9409086146003237,-0.00010162067216634707,-9.610992503492619e-05,4.109589041095891e-06,1.4011580903680674e-06,0.0014012985278256014,0.1,0.0,1
2018-05-24,0.9408832914971366,-2.691345662497735e-05,-2.174084814052785e-05,4.10958904109589e-06,1.063019443292965e-06,0.0010630469235206825,0.1,0.0,1
2018-05-25,0.9405303944718975,-0.00037506992464242384,-0.0003705128015296655,4.10958904109589e-06,4.4753407160793824e-07,0.00044770179072304173,0.1,0.0,1
2018-05-29,0.9405019556410348,-3.023701416760005e-05,-1.3676544710949929e-05,1.643835616438356e-05,1.2211329211107313e-07,0.0001221169696515094,0.1,0.0,1
2018-05-30,0.9403337847546419,-0.00017880971473183127,-0.00017406074301477004,4.109589041095891e-06,6.393826758838184e-07,0.0006394966152080988,0.1,0.0,1
2018-05-31,0.9405748718288218,0.0002563845711900381,0.0003606575131960499,4.109589041095891e-06,0.00010016335296486518,0.1001276526581594,0.0,0.0,0
2018-06-01,0.9405748718288218,0.0,0.0,0.0,0.0,0.0,0.0,0.0,0
2018-06-04,0.9404808237464471,-9.999000099991662e-05,0.0,0.0,9.999000099990002e-05,0.09999000099990002,0.1,0.0,1
2018-06-05,0.940189399998419,-0.0003098667624792384,-0.00030535347020830276,4.109589041095892e-06,4.03703229851342e-07,0.00040382819976145137,0.1,0.0,1
2018-06-06,0.9403257822478263,0.00014505827167110574,0.00014989172540427203,4.10958904109589e-06,7.238646921263935e-07,0.0007237591809667797,0.1,0.0,1
2018-06-07,0.9420289782085873,0.0018112828478333842,0.0019175037247719407,4.10958904109589e-06,0.00010211128789739466,0.10191628188130747,0.2,0.0,2
2018-06-08,0.9418756188753107,-0.00016279683197040207,4.6204745808431404e-05,8.219178082191782e-06,0.0002007823996967018,0.20077477315295844,0.2,0.0,2
2018-06-11,0.9414577752165335,-0.0004436293395895241,-0.00041725653236884813,2.4657534246575345e-05,1.7152729741233167e-06,0.0017160313124990625,0.2,0.0,2
2018-06-12,0.9411330392492117,-0.0003449288708111675,-0.0003345005125951483,8.219178082191782e-06,2.209180133930283e-06,0.0022099375230345934,0.2,0.0,2
2018-06-13,0.9405415406486154,-0.0006284962655950244,-0.0006164076535853158,8.219178082191782e-06,3.869433927591363e-06,0.003871852390482715,0.2,0.0,2
2018-06-14,0.9406524129738715,0.00011788136989632214,0.00022868465477364762,8.219178082191782e-06,0.00010258410679514798,0.10256149552614661,0.1,0.0,1
2018-06-15,0.9404458044812481,-0.0002196438235566589,-0.00011544075813973432,4.10958904109589e-06,0.00010009347637578408,0.10010544401637093,0.2,0.0,2
2018-06-18,0.9401726397561373,-0.00029046301637924987,-0.0001645725932212073,2.465753424657534e-05,0.00010123288891150062,0.10125204884961081,0.30000000000000004,0.0,3
2018-06-19,0.9402196416670596,4.9992851243185754e-05,6.49462385640176e-05,1.2328767123287671e-05,2.6246201975408925e-06,0.002624482103928742,0.3,0.0,3
2018-06-20,0.9412094035724308,0.001052692223719287,0.0010671172641363471,1.2328767123287674e-05,2.096273293616278e-06,0.002094064498471287,0.3,0.0,3
2018-06-21,0.941656680339143,0.0004752149362452496,0.0004893450542777511,1.2328767123287671e-05,1.8013509091390342e-06,0.0018004920451086255,0.3,0.0,3
2018-06-22,0.9426523919135031,0.001057404036045817,0.0011722034847703453,1.2328767123287671e-05,0.0001024706816012098,0.10235196614337862,0.4,0.0,4
2018-06-25,0.9432149959719062,0.0005968308819128687,0.0006508119070028794,4.9315068493150684e-05,4.665956596776704e-06,0.004663151725756171,0.4,0.0,4
2018-06-26,0.9452017761686571,0.00210639165538673,0.0021264969888942446,1.6438356164383563e-05,3.666977343025753e-06,0.0036592560981065737,0.4,0.0,4
2018-06-27,0.944861983528358,-0.0003594921728525824,-0.00024262144391384302,1.643835616438356e-05,0.00010043237277446322,0.10045839750683752,0.3,0.0,3
2018-06-28,0.9450657186145798,0.00021562417556575397,0.00023084023428393557,1.2328767123287671e-05,2.8872915949047045e-06,0.00288666082641233,0.3,0.0,3
2018-06-29,0.9452235881670157,0.00016704611047302365,0.0004795277158468059,1.2328767123287673e-05,0.0003001528382505306,0.300012672645267,0.0,0.0,0
2018-07-02,0.9452235881670157,0.0,0.0,0.0,0.0,0.0,0.0,0.0,0
2018-07-03,0.9449401061351751,-0.00029991002699192304,0.0,0.0,0.00029991002699190244,0.29991002699190245,0.3,0.0,3
2018-07-05,0.9460206786502864,0.001143535455946365,0.0011708493741913076,2.4657534246575342e-05,2.656383998400579e-06,0.0026533427585821155,0.30000000000000004,0.0,3
2018-07-06,0.9460847073485305,6.768213389940492e-05,8.19673157499978e-05,1.2328767123287671e-05,1.9564147272106674e-06,0.001956278494815579,0.3,0.0,3
2018-07-09,0.9469841204297337,0.0009506686602342995,0.0009911055086048615,3.698630136986301e-05,3.4505470005909457e-06,0.0034472579056109096,0.30000000000000004,0.0,3
2018-07-10,0.9472845056422686,0.00031720195307882726,0.0003312626379752492,1.2328767123287673e-05,1.731917773111828e-06,0.0017313655819849055,0.30000000000000004,0.0,3
2018-07-11,0.9471404439248547,-0.0001520786168841548,-0.00013825453341907435,1.2328767123287671e-05,1.4953163418576285e-06,0.0014955415454396392,0.30000000000000004,0.0,3
2018-07-12,0.9474950217677068,0.00037436670044699305,0.0003879083724417088,1.2328767123287673e-05,1.21290487144903e-06,0.001212449500144297,0.30000000000000004,0.0,3
2018-07-13,0.9472617679272004,-0.0002461794892296698,-0.00023306104157309602,1.2328767123287671e-05,7.896805334153492e-07,0.0007898743605335747,0.30000000000000004,0.0,3
2018-07-16,0.9474332856680217,0.00018106688840258123,0.0003194492885502997,3.698630136986301e-05,0.00010139609877794463,0.10136746622063303,0.4,0.0,4
2018-07-17,0.9473150775318471,-0.00012476671229810776,-0.00010589216471879604,1.6438356164383563e-05,2.4361914148930324e-06,0.0024364894719192585,0.4,0.0,4
2018-07-18,0.9472864913283813,-3.0176025003547657e-05,-1.0478656427698172e-05,1.6438356164383563e-05,3.2590124113353576e-06,0.0032591001365747723,0.4,0.0,4
2018-07-19,0.9476013422416356,0.00033237137459107835,0.0003538139224173398,1.643835616438356e-05,5.0041916618982475e-06,0.005002503939299044,0.4,0.0,4
2018-07-20,0.9477151955099037,0.00012014890987677163,0.0002399344565172101,1.6438356164383563e-05,0.00010334719047614745,0.10332409794318466,0.5000000000000001,0.0,5
2018-07-23,0.9478686535189481,0.0001619241833110685,0.00022761129360461264,6.164383561643837e-05,4.043274677184087e-06,0.004042603736518283,0.5000000000000001,0.0,5
2018-07-24,0.9479082764653903,4.180214874183186e-05,6.605306691348511e-05,2.0547945205479456e-05,3.7029729660844262e-06,0.00370280446951638,0.49999999999999994,0.0,5
2018-07-25,0.9487271706938402,0.0008638960633442494,0.0009892718250108733,2.0547945205479453e-05,0.0001048278164610669,0.10472636552993285,0.6000000000000001,0.0,6
2018-07-26,0.9487622854366397,3.7012477226427976e-05,0.00016432664845636435,2.465753424657535e-05,0.00010265663698331336,0.10264230102404888,0.7000000000000001,0.0,7
2018-07-27,0.9494028210682821,0.0006751276283580854,0.0009103131987829135,2.876712328767123e-05,0.0002064184471370712,0.20623664003642375,0.7,0.0,7
2018-07-30,0.9503744061441646,0.0010233644290094102,0.0011142473203265722,8.63013698630137e-05,4.581521454097189e-06,0.0045768167338695945,0.7000000000000001,0.0,7
2018-07-31,0.9507957721362399,0.00044336841286041206,0.0011831494543302517,2.8767123287671228e-05,0.0007110139181821678,0.7101940826815093,0.0,0.0,0
2018-08-01,0.9507957721362399,0.0,0.0,0.0,0.0,0.0,0.0,0.0,0
2018-08-02,0.9506056510060387,-0.00019996000799837876,0.0,0.0,0.00019996000799840034,0.19996000799840033,0.2,0.0,2
2018-08-03,0.9508624708059129,0.0002701643942495391,0.00047966592504072864,8.21917808219178e-06,0.00020128235270889364,0.20118750351483286,0.4000000000000001,0.0,4
2018-08-06,0.950694388785273,-0.00017676796150911667,-0.0001260275823799507,4.9315068493150684e-05,1.4253106360792103e-06,0.0014255605976533831,0.4,0.0,4
2018-08-07,0.9498918885781424,-0.0008441200627637979,-0.0008254511407493781,1.6438356164383563e-05,2.2305658499058966e-06,0.00223244532217507,0.4,0.0,4
2018-08-08,0.9498671228938722,-2.607210838201368e-05,-7.863606540164949e-06,1.643835616438356e-05,1.7701456774908442e-06,0.0017701886965505278,0.4000000000000001,0.0,4
2018-08-09,0.9498188694719757,-5.080018113423623e-05,-3.3161026953454324e-05,1.6438356164383563e-05,1.2007980163839742e-06,0.0012008575781790641,0.4,0.0,4
2018-08-10,0.9492202864193637,-0.0006302075815199926,-0.000610449957765663,1.6438356164383563e-05,3.3192675899684485e-06,0.003321349705285166,0.4,0.0,4
2018-08-13,0.9489885407027855,-0.00024414324039834234,-0.00019253852028441876,4.9315068493150684e-05,2.289651620821808e-06,0.0022902055152447085,0.4,0.0,4
2018-08-14,0.9496082918476687,0.0006530649405147582,0.0006726203454840876,1.6438356164383563e-05,3.1170488050289477e-06,0.003115004794985834,0.4,0.0,4
2018-08-15,0.9499122298990044,0.00032006676220608377,0.0003409779087153232,1.6438356164383563e-05,4.472790344882978e-06,0.004471339218453717,0.4000000000000001,0.0,4
2018-08-16,0.949957206500635,4.734816566731581e-05,6.835455567374419e-05,1.643835616438356e-05,4.568033841971751e-06,0.004567796699326992,0.4,0.0,4
2018-08-17,0.9498175343032919,-0.00014702998870619322,-0.00012733014135062344,1.6438356164383563e-05,3.2614911911776596e-06,0.00326196015828857,0.4000000000000001,0.0,4
2018-08-20,0.9491896027403877,-0.0006611075709028746,-0.0006106028460918622,4.931506849315069e-05,1.1896563179093261e-06,0.0011904419118532307,0.4,0.0,4
2018-08-21,0.9498471888818776,0.0006927869201174275,0.000712080258812703,1.6438356164383563e-05,2.8549825309104585e-06,0.0028529978660466705,0.4,0.0,4
2018-08-22,0.9499586287070052,0.00011732395108610127,0.00013542090372640765,1.643835616438356e-05,1.658596475848442e-06,0.0016583991552920705,0.39999999999999997,0.0,4
2018-08-23,0.9502783653784567,0.00033657957493016255,0.00035484506930839047,1.643835616438356e-05,1.8271382138002599e-06,0.001826520107134313,0.39999999999999997,0.0,4
2018-08-24,0.9501443731031362,-0.00014100318412191282,-0.0001223351691865327,1.6438356164383563e-05,2.229658771053681e-06,0.0022299682316066017,0.4,0.0,4
2018-08-27,0.9498978700233566,-0.00025943749892920476,-0.0002088238384451047,4.931506849315068e-05,1.29859199107327e-06,0.0012989272947453278,0.39999999999999997,0.0,4
2018-08-28,0.9502079642514349,0.0003264500720174812,0.0003460351822617725,1.6438356164383563e-05,3.146754079929498e-06,0.003145717261504306,0.4,0.0,4
2018-08-29,0.9501882034782894,-2.0796261333333455e-05,-3.1887934569486043e-06,1.643835616438356e-05,1.1691117119576878e-06,0.0011691346587385622,0.4,0.0,4
2018-08-30,0.9496104596728225,-0.0006080309178243537,-0.0003928674714295477,1.643835616438356e-05,0.00019872509023048727,0.19880646287430503,0.2,0.0,2
2018-08-31,0.9497095288164282,0.00010432608718291547,0.000313486881408398,8.219178082191782e-06,0.0002009416161431241,0.20088029387716874,0.0,0.0,0
2018-09-04,0.9497095288164282,0.0,0.0,0.0,0.0,0.0,0.0,0.0,0
2018-09-05,0.9497095288164282,0.0,0.0,0.0,0.0,0.0,0.0,0.0,0
2018-09-06,0.9496145673596923,-9.99900009998056e-05,0.0,0.0,9.999000099990002e-05,0.09999000099990002,0.1,0.0,1
2018-09-07,0.9496462695587256,3.338428044696862e-05,3.851225286281009e-05,4.10958904109589e-06,1.0183833746020379e-06,0.0010183483407064193,0.1,0.0,1
2018-09-10,0.9494882767925452,-0.00016637012248121863,-0.0001533612756046243,1.232876712328767e-05,6.800797533513722e-07,0.0006801924544682161,0.1,0.0,1
2018-09-11,0.9494456310752467,-4.491442215859287e-05,5.935832074244197e-05,4.10958904109589e-06,0.00010016315385993174,0.10015762027844112,0.2,0.0,2
2018-09-12,0.9494421196436748,-3.6984019484709307e-06,0.00010547745235037761,8.219178082191782e-06,0.00010095667621682742,0.10094685829959639,0.3,0.0,3
2018-09-13,0.9502614426480483,0.0008629520298522042,0.0008776825060126226,1.2328767123287671e-05,2.401709037212462e-06,0.0023996325062512172,0.30000000000000004,0.0,3
2018-09-14,0.9506511449174032,0.00041010005443231634,0.0005247202894589464,1.2328767123287671e-05,0.00010229146790341564,0.10223908146482168,0.4,0.0,4
2018-09-17,0.9500706043223878,-0.0006106767957092529,-0.0005594536513860715,4.9315068493150684e-05,1.908075830044687e-06,0.0019092381144875882,0.4,0.0,4
2018-09-18,0.950567984666726,0.0005235193490624734,0.0005419728015675529,1.6438356164383563e-05,2.0150963406725144e-06,0.002014037894384668,0.4,0.0,4
2018-09-19,0.9508915564834843,0.00034039839546218253,0.00036382188373159654,1.6438356164383563e-05,6.985132105028931e-06,0.006982706427838063,0.39999999999999997,0.0,4
2018-09-20,0.9525986938164782,0.001795301810552541,0.0019156749183634025,1.643835616438356e-05,0.0001039347516464398,0.10373772915834278,0.49999999999999994,0.0,5
2018-09-21,0.9523969037782725,-0.00021183110948563844,-0.00018905864280169282,2.0547945205479453e-05,2.2245214785659e-06,0.002224987850677638,0.5,0.0,5
2018-09-24,0.9526926151670518,0.00031049175780206717,0.00047664279310990495,6.164383561643835e-05,0.0001045071996914621,0.1044638473037353,0.6000000000000002,0.0,6
2018-09-25,0.9528662178559637,0.00018222319156047107,0.0002110851818926674,2.4657534246575345e-05,4.204456085611757e-06,0.004203672404853844,0.6,0.0,6
2018-09-26,0.9536887322234008,0.0008632002604602729,0.0008961378205913974,2.4657534246575342e-05,8.280025884538574e-06,0.008272816288230829,0.6000000000000001,0.0,6
2018-09-27,0.9529102173434122,-0.0008163196792454475,-0.0007864743862270873,2.4657534246575345e-05,5.187758771791279e-06,0.005191970144505634,0.6000000000000001,0.0,6
2018-09-28,0.9529596973380442,5.1925138099484514e-05,0.0006773353139940542,2.4657534246575342e-05,0.0006007526416479347,0.6003607994942735,0.0,0.0,0
2018-10-01,0.9529596973380442,0.0,0.0,0.0,0.0,0.0,0.0,0.0,0
2018-10-02,0.9527691435093423,-0.00019996000799848979,0.0,0.0,0.0001999600079984003,0.1999600079984003,0.2,0.0,2
2018-10-03,0.9529163443746749,0.00015449793513511167,0.00016551381440964576,8.219178082191782e-06,2.7967011923709762e-06,0.002796261355457993,0.2,0.0,2
2018-10-04,0.953351172057666,0.0004563125457528461,0.00046585355633148594,8.21917808219178e-06,1.3218324965660896e-06,0.0013212278572770988,0.2,0.0,2
2018-10-05,0.9532184932151775,-0.00013917100684113226,-0.0001302715939233812,8.21917808219178e-06,6.802348355370837e-07,0.0006803290548331054,0.2,0.0,2
2018-10-08,0.9528941544921554,-0.0003402564315848622,-0.00021337758866726297,2.4657534246575342e-05,0.00010222130867098274,0.10224564672606859,0.3,0.0,3
2018-10-09,0.9523866605716472,-0.0005325816284167395,-0.000518498001537382,1.2328767123287671e-05,1.754859756087867e-06,0.0017557917773634857,0.3,0.0,3
2018-10-10,0.9523272035523258,-6.242949611001691e-05,-4.532766254479707e-05,1.2328767123287673e-05,4.773066441944115e-06,0.004773341655781573,0.3,0.0,3
2018-10-11,0.9521554098189366,-0.00018039360080057687,-0.00016085990253514863,1.2328767123287674e-05,7.204931142210796e-06,0.0072061791707947066,0.3,0.0,3
2018-10-12,0.9518213956430321,-0.000350797960564031,-0.0003366886208932606,1.232876712328767e-05,1.7805725474984609e-06,0.001781194215251018,0.3,0.0,3
2018-10-15,0.9510839581868449,-0.0007747645299452932,-0.0005359819023452338,3.698630136986301e-05,0.0002017963262301655,0.20191201539493484,0.3,0.0,3
2018-10-16,0.9513874013687746,0.000319049837101959,0.00043563828836203896,1.2328767123287674e-05,0.00010425968413681203,0.10421556869432241,0.4000000000000001,0.0,4
2018-10-17,0.951516174764699,0.00013535327011804377,0.00015534247780929497,1.643835616438356e-05,3.5508515268916617e-06,0.003550358367481102,0.4000000000000001,0.0,4
2018-10-18,0.950263760989114,-0.0013162296225753822,-0.001296475828789517,1.6438356164383563e-05,3.315437621441839e-06,0.003319796229002053,0.4,0.0,4
2018-10-19,0.9502392497982561,-2.5794091981778955e-05,-5.5095213419010454e-06,1.643835616438356e-05,3.846214475427296e-06,0.003846298893524264,0.39999999999999997,0.0,4
2018-10-22,0.9487918529268641,-0.0015231920505276442,-0.0013669839905226517,4.931506849315069e-05,0.00010689299151190813,0.10704459867628609,0.5000000000000001,0.0,5
2018-10-23,0.9474011619778355,-0.001465749252313353,-0.0013441314928217263,2.0547945205479453e-05,0.00010106981428614241,0.10120793066809043,0.4,0.0,4
2018-10-24,0.9475847760386894,0.00019380814402913948,0.00031115697749695695,1.6438356164383557e-05,0.00010091047730359152,0.10088074586924992,0.3,0.0,3
2018-10-25,0.9468760049577574,-0.0007479764331957961,-0.0006311493352329892,1.2328767123287671e-05,0.00010449833083954264,0.10456561652403523,0.4,0.0,4
2018-10-26,0.946197817528903,-0.0007162367884532284,-0.000692195826294828,1.643835616438356e-05,7.602605994056336e-06,0.007607997280989702,0.4,0.0,4
2018-10-29,0.946416830143341,0.0002314659898603466,0.00048784120945639665,4.931506849315069e-05,0.00020706015110294435,0.20696938961521888,0.39999999999999997,0.0,4
2018-10-30,0.9457802683199318,-0.0006726019689577978,-0.0005535815486619855,1.6438356164383563e-05,0.00010258206413149317,0.10264057130017701,0.3,0.0,3
2018-10-31,0.9461127016900993,0.0003514911246329522,0.0006643503756355583,1.2328767123287671e-05,0.0003005304838791412,0.3003346591915631,0.0,0.0,0
2018-11-01,0.9461127016900993,0.0,0.0,0.0,0.0,0.0,0.0,0.0,0
2018-11-02,0.9457344079269285,-0.0003998400639744215,0.0,0.0,0.0003998400639744103,0.3998400639744103,0.4,0.0,4
2018-11-05,0.9471777188371977,0.001526127100982766,0.0015796625868041037,4.931506849315069e-05,4.220417328235688e-06,0.004213968492011698,0.4,0.0,4
2018-11-06,0.9449708813542855,-0.0023299085683955445,-0.002208872371441695,1.6438356164383563e-05,0.00010459784078943069,0.1048311226111643,0.5000000000000001,0.0,5
2018-11-07,0.946501362403555,0.001619606571449106,0.001753475902209756,2.0547945205479453e-05,0.00011332138555515052,0.1131253474778603,0.4,0.0,4
2018-11-08,0.9454668856586986,-0.0010929479723403857,-0.0010749183905220728,1.643835616438356e-05,1.5912256538935839e-06,0.0015929641460616178,0.4000000000000001,0.0,4
2018-11-09,0.9442023026862985,-0.001337522224820309,-0.0013154215484412755,1.6438356164383563e-05,5.662320214679888e-06,0.005669871689447321,0.4000000000000001,0.0,4
2018-11-12,0.9437126802040054,-0.0005185567551572179,-0.0003619170267952332,4.931506849315069e-05,0.00010732465986895817,0.10736881337104937,0.49999999999999994,0.0,5
2018-11-13,0.9441136437643808,0.00042487885220388044,0.0005480980735818706,2.054794520547945e-05,0.00010267127617242459,0.10261714048678716,0.6,0.0,6
2018-11-14,0.9435721504421271,-0.0005735467608483091,-0.00044325628803948414,2.4657534246575345e-05,0.00010563293856225779,0.10568238881275548,0.7,0.0,7
2018-11-15,0.9400946003020542,-0.003685515875435086,-0.003544511437732889,2.876712328767123e-05,0.0001122373144144745,0.11263980782489266,0.6,0.0,6
2018-11-16,0.941160866484787,0.0011342115808241626,0.0012620046801079033,2.4657534246575342e-05,0.00010313556503712189,0.10300810824838018,0.5,0.0,5
2018-11-19,0.9401870951228242,-0.001034649225907458,-0.0009651025222815411,6.164383561643835e-05,7.902868009404337e-06,0.00791099059018017,0.5,0.0,5
2018-11-20,0.9399070777234494,-0.00029783157078777656,-7.67563137414884e-05,2.054794520547945e-05,0.00020052731184076346,0.20054682590104192,0.30000000000000004,0.0,3
2018-11-21,0.9394205546668438,-0.0005176288892131398,-0.00030245050721356407,1.232876712328767e-05,0.00020284961487628466,0.20291348783673907,0.1,0.0,1
2018-11-23,0.9395164882620836,0.00010211996614639673,0.00011067664995978999,8.21917808219178e-06,3.375057313040102e-07,0.00033747115486265134,0.1,0.0,1
2018-11-26,0.9396841487088501,0.00017845396952709258,0.00019112627942678988,1.2328767123287671e-05,3.4354277645081225e-07,0.00034348136283761426,0.1,0.0,1
2018-11-27,0.9396056209064269,-8.356829529487797e-05,-7.892009923825552e-05,4.109589041095891e-06,5.386070155495303e-07,0.0005386517396355633,0.1,0.0,1
2018-11-28,0.9398697396330737,0.00028109530293374263,0.00028549038235709537,4.10958904109589e-06,2.854903823570964e-07,0.0002854100734442103,0.1,0.0,1
2018-11-29,0.9396255217946021,-0.00025984221873864843,-0.00015542105691787047,4.10958904109589e-06,0.00010031157277967129,0.10032757810301357,0.2,0.0,2
2018-11-30,0.9394967709087084,-0.00013702361516088057,7.446181389128013e-05,8.21917808219178e-06,0.00020326625096990305,0.20325278696955865,0.0,0.0,0
2018-12-03,0.9394967709087084,0.0,0.0,0.0,0.0,0.0,0.0,0.0,0
2018-12-04,0.9394028306256459,-9.999000099991662e-05,0.0,0.0,9.999000099990002e-05,0.09999000099990002,0.1,0.0,1
2018-12-06,0.939209179371985,-0.00020614293181542287,2.699704395470164e-06,8.219178082191782e-06,0.0002006234581287309,0.20062456547074092,0.3,0.0,3
2018-12-07,0.9389147487078119,-0.0003134878476911407,-0.00019889970366135934,1.2328767123287673e-05,0.0001022593769065155,0.10228098156184116,0.4,0.0,4
2018-12-10,0.9388665384548945,-5.134678412888061e-05,0.00020094305094248152,4.931506849315069e-05,0.00020297476657827284,0.20294399458982296,0.2,0.0,2
2018-12-11,0.93820574678483,-0.000703818533305034,-0.000693908497966056,8.219178082191782e-06,1.6908572567402976e-06,0.0016920452885665273,0.2,0.0,2
2018-12-12,0.9385576863517046,0.0003751198157553315,0.0004855376114749732,8.219178082191782e-06,0.0001021986176374775,0.10214985962650927,0.3,0.0,3
2018-12-13,0.9375904318373226,-0.0010305754547084156,-0.0009158851359526989,1.2328767123287673e-05,0.00010236155163250488,0.10245665332258153,0.4000000000000001,0.0,4
2018-12-14,0.9365922365229196,-0.0010646389729542793,-0.0008423712529511015,1.643835616438356e-05,0.00020582936383876937,0.20600628401501964,0.6,0.0,6
2018-12-17,0.9364057430282745,-0.00019911919763226926,-1.6178319327420446e-05,7.397260273972603e-05,0.00010896827556505785,0.10897810004126171,0.5000000000000001,0.0,5
2018-12-18,0.9351964593881408,-0.0012914098927063744,-0.0011665697359644956,2.0547945205479453e-05,0.00010429221153632231,0.10441616581295886,0.4000000000000001,0.0,4
2018-12-19,0.9347314243531731,-0.0004972591911563962,-0.0004786951841845799,1.643835616438356e-05,2.1256508073714864e-06,0.0021267038097580854,0.4000000000000001,0.0,4
2018-12-20,0.9353785857696766,0.0006923501228721651,0.0007125844150589421,1.643835616438356e-05,3.795936022319541e-06,0.0037932953347220508,0.4,0.0,4
2018-12-21,0.9350516145749839,-0.0003495602739543857,-0.00032786453121564344,1.6438356164383563e-05,5.257386574363338e-06,0.0052591973311897685,0.4000000000000001,0.0,4
2018-12-24,0.9361966901338226,0.0012246121401107146,0.0012922210804315328,4.9315068493150684e-05,1.8293871827701716e-05,0.018271162489997793,0.4,0.0,4
2018-12-26,0.9362105395211199,1.4793245311839343e-05,6.160592189795594e-05,3.287671232876712e-05,1.393596425738885e-05,0.013935563899653112,0.39999999999999997,0.0,4
2018-12-27,0.9360656976431779,-0.00015471079615925198,-0.00013451056189546775,1.643835616438356e-05,3.7618780992526003e-06,0.003762446036411055,0.4,0.0,4
2018-12-28,0.9361499238268929,8.997892340989466e-05,0.00020621425198096295,1.643835616438356e-05,9.979697240659819e-05,0.09977803694025504,0.30000000000000004,0.0,3
2018-12-31,0.9360597683202255,-9.63045601700685e-05,0.00024182325198320872,3.698630136986302e-05,0.00030114151078334113,0.3010798385073301,0.0,0.0,0
2019-01-02,0.9360597683202255,0.0,0.0,0.0,0.0,0.0,0.0,0.0,0
2019-01-03,0.9355919723340586,-0.0004997501249375258,0.0,0.0,0.0004997501249375314,0.4997501249375314,0.5000000000000001,0.0,5
2019-01-04,0.9358969222649829,0.00032594329573343295,0.000356316812453705,2.0547945205479453e-05,9.82557151470895e-06,0.009822273501061698,0.49999999999999994,0.0,5
2019-01-07,0.935942592520615,4.879838211402365e-05,0.00011334582134419629,6.164383561643835e-05,2.9036036137292326e-06,0.0029034534994178446,0.5000000000000001,0.0,5
2019-01-08,0.9365732740071991,0.0006738463359015068,0.0007002146057279225,2.054794520547945e-05,5.820324620882685e-06,0.005816371427138443,0.5000000000000001,0.0,5
2019-01-09,0.9368756633808543,0.00032286782256907287,0.00034752830846822573,2.0547945205479453e-05,4.112540693597051e-06,0.004111196413100451,0.49999999999999994,0.0,5
2019-01-10,0.938079085222681,0.0012845053926195948,0.0013111416487982198,2.0547945205479453e-05,6.088310973092323e-06,0.006080463565100279,0.5,0.0,5
2019-01-11,0.9383234577268937,0.00026050309410186046,0.0002831067238334263,2.0547945205479456e-05,2.05568452605579e-06,0.002055144929713141,0.5000000000000001,0.0,5
2019-01-14,0.9384686951698737,0.00015478398390667003,0.0003183383618178271,6.164383561643837e-05,0.00010191054229466012,0.10188438912966517,0.4,0.0,4
2019-01-15,0.9375111522363602,-0.0010203248530737952,-0.0009981491112232676,1.6438356164383563e-05,5.7373856861919905e-06,0.005743212677797425,0.39999999999999997,0.0,4
2019-01-16,0.938470733083403,0.0010235407277596753,0.0010415774760173136,1.643835616438356e-05,1.59839209316134e-06,0.0015967551969441243,0.4,0.0,4
2019-01-17,0.9393207847900457,0.000905783927698689,0.0009247756278154384,1.643835616438356e-05,2.5533439522787814e-06,0.0025510267595920647,0.39999999999999997,0.0,4
2019-01-18,0.9392007285636803,-0.0001278117426010139,-8.219491962824152e-06,1.6438356164383563e-05,0.00010315389447372903,0.10315643808951279,0.3,0.0,3
2019-01-22,0.939152959995431,-5.0860872225166887e-05,1.6142599417292835e-06,4.9315068493150684e-05,3.16006367371668e-06,0.0031602144184996383,0.3,0.0,3
2019-01-23,0.9393364466932878,0.0001953746681027102,0.0002097721103915928,1.2328767123287671e-05,2.06867516561867e-06,0.002068266800106886,0.3,0.0,3
2019-01-24,0.9400076282901567,0.0007145273658142326,0.0007280933086816987,1.2328767123287673e-05,1.2371757442420033e-06,0.0012362908510877419,0.30000000000000004,0.0,3
2019-01-25,0.9400186599542976,1.1735717678096336e-05,2.8088645787466254e-05,1.232876712328767e-05,4.024160986039802e-06,0.004024097566750417,0.3,0.0,3
2019-01-28,0.9396831987940187,-0.0003568664906026253,-0.00031847967067547006,3.698630136986301e-05,1.4005185571539127e-06,0.0014010165708711292,0.30000000000000004,0.0,3
2019-01-29,0.9393338709054473,-0.00037175070174688685,-0.0002568143307486837,1.232876712328767e-05,0.00010260760387485656,0.10263522743792,0.4000000000000001,0.0,4
2019-01-30,0.9395944463850416,0.000277404539179571,0.0003965092236565937,1.643835616438356e-05,0.00010266632831265077,0.10262732265710008,0.49999999999999994,0.0,5
2019-01-31,0.9393688654416077,-0.00024008330860392224,0.0002875998806390778,2.0547945205479453e-05,0.0005071352440374853,0.506999848746613,0.0,0.0,0
2019-02-01,0.9393688654416077,0.0,0.0,0.0,0.0,0.0,0.0,0.0,0
2019-02-04,0.9391810292357605,-0.00019996000799837876,0.0,0.0,0.0001999600079984003,0.19996000799840033,0.2,0.0,2
2019-02-05,0.9389666457068868,-0.00022826646003293316,-0.00011920014038003245,8.219178082191782e-06,0.00010084714157063128,0.10085999308220993,0.3,0.0,3
2019-02-06,0.9386989862142971,-0.0002850575084998308,-0.00027159704910184607,1.2328767123287671e-05,1.1316922746791983e-06,0.001132013682588005,0.3,0.0,3
2019-02-07,0.9387942643523034,0.00010150020337240662,0.00011739505468033048,1.2328767123287673e-05,3.5660841846070853e-06,0.003565709548742292,0.3,0.0,3
2019-02-08,0.9380982428117264,-0.000741399438626944,-0.0007270701527422428,1.232876712328767e-05,2.000518761388354e-06,0.0020019990373141157,0.30000000000000004,0.0,3
2019-02-11,0.9381414101828766,4.6015832010137814e-05,0.0001839495637314448,3.698630136986301e-05,0.00010094743035148087,0.10093259696775186,0.4,0.0,4
2019-02-12,0.9374537998861598,-0.0007329495204594361,-0.0007132489598859426,1.6438356164383563e-05,3.262204409153598e-06,0.003264586536541461,0.4,0.0,4
2019-02-13,0.937480549268743,2.8534080918296567e-05,4.7236380432302834e-05,1.643835616438356e-05,2.263943349566345e-06,0.0022638736267314493,0.4,0.0,4
2019-02-14,0.9369061022211884,-0.0006127562305188183,-0.0005947689032144377,1.6438356164383563e-05,1.5489711400189518e-06,0.0015499184614340255,0.4000000000000001,0.0,4
2019-02-15,0.9375832746193453,0.0007227750961931179,0.0007419126654786613,1.6438356164383563e-05,2.6992131210661376e-06,0.00269725633089244,0.4000000000000001,0.0,4
2019-02-19,0.9372647050007065,-0.00033977741205781786,-0.00027216516275848084,6.575342465753425e-05,1.8588246417307893e-06,0.0018594529854570017,0.4,0.0,4
2019-02-20,0.9375615968037887,0.0003167640918282366,0.00033555575444473853,1.6438356164383563e-05,2.353306452226335e-06,0.002352555710768605,0.4,0.0,4
2019-02-21,0.9378064492496557,0.0002611587832754836,0.0002802628106303606,1.643835616438356e-05,2.665671190598636e-06,0.0026649681068416794,0.4,0.0,4
2019-02-22,0.9368562873382914,-0.0010131748530035622,-0.0009935504534572092,1.643835616438356e-05,3.1860433818725344e-06,0.0031892645033318226,0.4,0.0,4
2019-02-25,0.9374931793703549,0.0006798182823462007,0.0008307981078039593,4.931506849315069e-05,0.0001016647569646561,0.10158536972117688,0.5,0.0,5
2019-02-26,0.9379160074223878,0.0004510198701572765,0.00047342162313545607,2.0547945205479453e-05,1.8538077727485198e-06,0.0018529686120380973,0.5000000000000001,0.0,5
2019-02-27,0.9379923796986331,8.142762853058372e-05,0.0001044661569980398,2.0547945205479456e-05,2.4905832619823313e-06,0.0024903742742265443,0.5000000000000001,0.0,5
2019-02-28,0.9373079282075722,-0.0007296983492347531,-0.00020689412931266252,2.0547945205479453e-05,0.0005022562747165931,0.5023705349132306,0.0,0.0,0
2019-03-01,0.9373079282075722,0.0,0.0,0.0,0.0,0.0,0.0,0.0,0
2019-03-04,0.9371205041067509,-0.00019996000799848979,0.0,0.0,0.0001999600079984003,0.19996000799840033,0.2,0.0,2
2019-03-05,0.937266821532177,0.00015613512326839718,0.00016508599713812024,8.21917808219178e-06,7.316957872806708e-07,0.0007315810264921634,0.2,0.0,2
2019-03-06,0.9376052809970092,0.0003611132465768385,0.00037007663096561005,8.219178082191782e-06,7.442063066250452e-07,0.0007439371074382421,0.2,0.0,2
2019-03-07,0.9372756730989418,-0.0003515422798354706,-0.00034240876658784284,8.21917808219178e-06,9.143351654214341e-07,0.0009146558693289773,0.2,0.0,2
2019-03-08,0.937342353287997,7.114255812767922e-05,8.045144357793352e-05,8.219178082191782e-06,1.0897073679576062e-06,0.0010896286616108289,0.2,0.0,2
2019-03-11,0.9373240840387421,-1.949047665539272e-05,6.7698430490370456e-06,2.465753424657535e-05,1.602785457922197e-06,0.0016028141285663758,0.2,0.0,2
2019-03-12,0.936698693564669,-0.0006672083697865094,-0.0005580880862711912,8.21917808219178e-06,0.00010090110543317115,0.10095827883987478,0.30000000000000004,0.0,3
2019-03-13,0.9363709160462842,-0.00034992844618730867,-0.0002367785872811168,1.2328767123287671e-05,0.00010082109178280208,0.10084621331620298,0.4,0.0,4
2019-03-14,0.9366649773846752,0.00031404364803711005,0.0003316769422157362,1.643835616438356e-05,1.1949380143162163e-06,0.0011945614424561447,0.4,0.0,4
2019-03-15,0.9365302600472973,-0.000143826598229424,-0.00012508635106401317,1.643835616438356e-05,2.301891001091598e-06,0.0023022168216532586,0.4,0.0,4
2019-03-18,0.9363483984867487,-0.00019418652904978906,-0.00014216825832260587,4.9315068493150684e-05,2.703202234048805e-06,0.0027037199513398657,0.4,0.0,4
2019-03-19,0.9360057799376021,-0.00036590925952373343,-0.0003470286899635745,1.6438356164383563e-05,2.4422133957784484e-06,0.0024431013826213812,0.4,0.0,4
2019-03-20,0.9358456515317666,-0.00017107630024060239,-0.00015354544351506852,1.643835616438356e-05,1.09250056114671e-06,0.0010926863001158615,0.4000000000000001,0.0,4
2019-03-21,0.9352960027256857,-0.0005873284821927838,-0.0005659574915939711,1.643835616438356e-05,4.932634434416446e-06,0.004935508854279753,0.4,0.0,4
2019-03-22,0.9344715791320202,-0.0008814574116247087,-0.000762118828390984,1.643835616438356e-05,0.00010290022706930114,0.10298040320208253,0.3,0.0,3
2019-03-25,0.9350630150634465,0.0006329094909185429,0.0006707780504746519,3.698630136986301e-05,8.82258186201992e-07,0.0008816993724145648,0.3,0.0,3
2019-03-26,0.9347408549881513,-0.0003445330101878863,-0.0003292586901660122,1.2328767123287671e-05,2.9455528987106126e-06,0.0029465594064460123,0.30000000000000004,0.0,3
2019-03-27,0.9346835589713867,-6.129615118333209e-05,5.2715780179063415e-05,1.2328767123287673e-05,0.00010168316423911892,0.10167905772568706,0.39999999999999997,0.0,4
2019-03-28,0.9351337765592148,0.00048167915601693423,0.0005004892873983924,1.643835616438356e-05,2.3717752170683485e-06,0.002370627712516496,0.4,0.0,4
2019-03-29,0.9351439341244301,1.0862151993640268e-05,0.0004281446821580048,1.6438356164383563e-05,0.000400844174000119,0.4006792118339128,0.0,0.0,0
2019-04-01,0.9351439341244301,0.0,0.0,0.0,0.0,0.0,0.0,0.0,0
2019-04-02,0.9351439341244301,0.0,0.0,0.0,0.0,0.0,0.0,0.0,0
2019-04-03,0.9351439341244301,0.0,0.0,0.0,0.0,0.0,0.0,0.0,0
2019-04-04,0.9351439341244301,0.0,0.0,0.0,0.0,0.0,0.0,0.0,0
2019-04-05,0.9351439341244301,0.0,0.0,0.0,0.0,0.0,0.0,0.0,0
2019-04-08,0.9351439341244301,0.0,0.0,0.0,0.0,0.0,0.0,0.0,0
2019-04-09,0.9351439341244301,0.0,0.0,0.0,0.0,0.0,0.0,0.0,0
2019-04-10,0.9351439341244301,0.0,0.0,0.0,0.0,0.0,0.0,0.0,0
2019-04-11,0.9351439341244301,0.0,0.0,0.0,0.0,0.0,0.0,0.0,0
2019-04-12,0.9351439341244301,0.0,0.0,0.0,0.0,0.0,0.0,0.0,0
2019-04-15,0.9351439341244301,0.0,0.0,0.0,0.0,0.0,0.0,0.0,0
2019-04-16,0.9349569427358829,-0.00019996000799837876,0.0,0.0,0.00019996000799840034,0.19996000799840033,0.2,0.0,2
2019-04-17,0.9351449113275638,0.00020104518517283232,0.0002114336355055702,8.21917808219178e-06,2.1692722505383073e-06,0.002168831512619228,0.2,0.0,2
2019-04-18,0.9353145084025674,0.0001813591379786761,0.00019098359734949228,8.219178082191782e-06,1.4052812886222245e-06,0.0014050245001354007,0.2,0.0,2
2019-04-22,0.9351007526153465,-0.00022853894096641625,-9.417423356446467e-05,3.287671232876712e-05,0.00010148799507304886,0.10150089085724129,0.3,0.0,3
2019-04-23,0.935630455739479,0.0005664663648821122,0.0007811668707222996,1.2328767123287671e-05,0.00020237173871695188,0.20221626714560278,0.5,0.0,5
2019-04-24,0.9357922775565288,0.00017295484136625738,0.00029609715664251634,2.0547945205479453e-05,0.00010259437007091852,0.10256610806072222,0.6,0.0,6
2019-04-25,0.9357967021635133,4.72819352181908e-06,0.000132293958700791,2.4657534246575342e-05,0.00010290823093248677,0.10289715545058754,0.5000000000000001,0.0,5
2019-04-26,0.9356505231259329,-0.00015620811362382359,-0.0001334339658269678,2.0547945205479453e-05,2.226202591396756e-06,0.002226545439118472,0.49999999999999994,0.0,5
2019-04-29,0.9350683269693356,-0.0006222367670486451,-0.0005561525122504352,6.164383561643835e-05,4.440419181813188e-06,0.004443164152399513,0.5000000000000001,0.0,5
2019-04-30,0.9350768308404902,9.094384773034037e-06,0.0005372739886340682,2.054794520547945e-05,0.0005076316586555147,0.5073694876276165,0.0,0.0,0
2019-05-01,0.9350768308404902,0.0,0.0,0.0,0.0,0.0,0.0,0.0,0
2019-05-02,0.9348898528699162,-0.00019996000799837876,0.0,0.0,0.00019996000799840034,0.19996000799840033,0.2,0.0,2
2019-05-03,0.934731426985805,-0.0001694594113144099,-0.00015960001456493132,8.219178082191778e-06,1.640218667248536e-06,0.001640493973622732,0.2,0.0,2
2019-05-06,0.9344373033950708,-0.00031466106973920827,-0.00018884231792034022,2.4657534246575345e-05,0.00010116121757233324,0.10118282008946416,0.30000000000000004,0.0,3
2019-05-07,0.9345398763318851,0.00010976973676202206,0.00022717398143348722,1.2328767123287671e-05,0.00010507547754822964,0.10505290743381811,0.4,0.0,4
2019-05-08,0.9348939121540337,0.00037883436663865844,0.00039816619786848254,1.643835616438356e-05,2.8934750656093788e-06,0.0028923709670827065,0.39999999999999997,0.0,4
2019-05-09,0.9345820890058217,-0.00033353853753692597,-0.0002158958826067148,1.6438356164383563e-05,0.00010120429876576177,0.10122781745367232,0.5000000000000001,0.0,5
2019-05-10,0.9346095231135838,2.9354412078630432e-05,5.69052611830931e-05,2.0547945205479453e-05,7.002903898856591e-06,0.007002649301323262,0.5000000000000001,0.0,5
2019-05-13,0.9344843699014701,-0.00013390962644677096,3.935759329882216e-05,6.164383561643835e-05,0.00011162338412896792,0.1116258718501969,0.6000000000000001,0.0,6
2019-05-14,0.9341770718091255,-0.00032884241004160764,-0.00029830928516983416,2.465753424657535e-05,5.875590625204901e-06,0.005877488859087876,0.6000000000000001,0.0,6
2019-05-15,0.9351739227592462,0.0010670899342350992,0.0010962770312745952,2.4657534246575345e-05,4.529562792955683e-06,0.0045247140211920975,0.6,0.0,6
2019-05-16,0.9347607560256831,-0.00044180737241261703,-0.00041083912343879963,2.4657534246575342e-05,6.310714727305276e-06,0.006313464219871446,0.6000000000000001,0.0,6
2019-05-17,0.9342911480363005,-0.0005023830818263741,-0.0004743980680582073,2.4657534246575345e-05,3.327479521605747e-06,0.0033291409480467322,0.6,0.0,6
2019-05-20,0.9339963390516931,-0.00031554294956881446,-0.00023760507321553552,7.397260273972603e-05,3.965273613575453e-06,0.0039665094893838095,0.5999999999999999,0.0,6
2019-05-21,0.9336075468721856,-0.0004162673484375823,-0.0003870062059732672,2.4657534246575342e-05,4.603608217772506e-06,0.0046055041368310715,0.6000000000000002,0.0,6
2019-05-22,0.9335517073958245,-5.981043806702058e-05,6.658415309305779e-05,2.4657534246575345e-05,0.00010173705691343113,0.10173279160145346,0.5,0.0,5
2019-05-23,0.9333810671257491,-0.000182786093928744,-0.0001555806395416305,2.0547945205479453e-05,6.657509181584159e-06,0.0066586819658150794,0.5000000000000001,0.0,5
2019-05-24,0.9335547348360321,0.00018606303084522935,0.0002094553287985357,2.0547945205479453e-05,2.8443527477244635e-06,0.002843815529973275,0.49999999999999994,0.0,5
2019-05-28,0.9341086566014152,0.0005933468544618847,0.0006828702166579158,8.219178082191781e-05,7.331581374103153e-06,0.007327180095024584,0.5000000000000001,0.0,5
2019-05-29,0.9334018503814033,-0.0007566638153032601,-0.0006345050106863761,2.054794520547945e-05,0.00010161085941144659,0.10167746353448244,0.4,0.0,4
2019-05-30,0.9321929747104939,-0.0012951288562536023,-0.0012762552608840798,1.6438356164383563e-05,2.4352392052387212e-06,0.002438391298105649,0.4,0.0,4
2019-05-31,0.9327054980252636,0.0005498038803917193,0.0009649797566289976,1.6438356164383563e-05,0.00039873752007299,0.39835965944373264,0.0,0.0,0
2019-06-03,0.9327054980252636,0.0,0.0,0.0,0.0,0.0,0.0,0.0,0
2019-06-04,0.9327054980252636,0.0,0.0,0.0,0.0,0.0,0.0,0.0,0
2019-06-05,0.9327054980252636,0.0,0.0,0.0,0.0,0.0,0.0,0.0,0
2019-06-06,0.9327054980252636,0.0,0.0,0.0,0.0,0.0,0.0,0.0,0
2019-06-07,0.9327054980252636,0.0,0.0,0.0,0.0,0.0,0.0,0.0,0
2019-06-10,0.9326122368015834,-9.999000099991662e-05,0.0,0.0,9.999000099990002e-05,0.09999000099990002,0.1,0.0,1
2019-06-11,0.932527436265198,-9.092796881615683e-05,1.3859902022544998e-05,4.109589041095891e-06,0.00010067828179767789,0.10067730016249118,0.2,0.0,2
2019-06-12,0.9331585639870944,0.0006767926576232153,0.0008867924862169307,8.21917808219178e-06,0.0002017806505115275,0.20160352703384976,0.2,0.0,2
2019-06-13,0.9329671480703131,-0.00020512689286522612,-0.0001965415423150374,8.21917808219178e-06,3.661724681065812e-07,0.0003662474612005802,0.2,0.0,2
2019-06-14,0.9328411114625836,-0.000135092224833544,-0.00012553767487455406,8.219178082191782e-06,1.3353718768359163e-06,0.0013355505158698835,0.2,0.0,2
2019-06-17,0.9329852175972992,0.00015448090027847527,0.00018173751603393627,2.4657534246575342e-05,2.599081508847997e-06,0.002598673309291902,0.2,0.0,2
2019-06-18,0.9331194529613676,0.00014387726786702082,0.0002542464347614625,8.21917808219178e-06,0.00010214998881219738,0.10212486331223791,0.3,0.0,3
2019-06-19,0.9328801018884918,-0.00025650635844765013,-0.00014088008442157966,1.2328767123287674e-05,0.00010329750690268227,0.10331333542015127,0.4,0.0,4
2019-06-20,0.9330164034912588,0.00014610838251472025,0.00026461499850101715,1.6438356164383563e-05,0.00010206825982193292,0.1020429351489135,0.5000000000000001,0.0,5
2019-06-21,0.9325924723494926,-0.00045436622569539065,-0.0004318687044990611,2.0547945205479456e-05,1.9495759907583984e-06,0.0019504584106179185,0.5000000000000001,0.0,5
2019-06-24,0.9317326592974701,-0.0009219601031695834,-0.0008585588794481738,6.164383561643835e-05,1.7573881050020742e-06,0.001759006747787205,0.5000000000000001,0.0,5
2019-06-25,0.9314553117873936,-0.00029766855042479,-0.00027434891990135707,2.0547945205479453e-05,2.7716853178770036e-06,0.0027725029202966987,0.5,0.0,5
2019-06-26,0.9308737044118636,-0.0006244071703386256,-0.0005942104267585187,2.0547945205479453e-05,9.648798374631298e-06,0.009654733703004303,0.5,0.0,5
2019-06-27,0.9306264568956538,-0.000265608014318075,-0.000242792032533784,2.0547945205479453e-05,2.268036578685126e-06,0.0022686340007123727,0.49999999999999994,0.0,5
2019-06-28,0.9299669899522783,-0.0007086269023290903,-0.00018416535231086112,2.0547945205479453e-05,0.0005039136048127058,0.504016783750511,0.0,0.0,0
2019-07-01,0.9299669899522783,0.0,0.0,0.0,0.0,0.0,0.0,0.0,0
2019-07-02,0.9298740025520231,-9.999000099991662e-05,0.0,0.0,9.999000099990002e-05,0.09999000099990002,0.1,0.0,1
2019-07-03,0.9292792735484688,-0.0006395802032556075,-0.0005345264570480679,4.10958904109589e-06,0.00010094415716635143,0.10099855863063294,0.2,0.0,2
2019-07-05,0.929342088249447,6.75950736943598e-05,0.00018512125571182317,1.6438356164383563e-05,0.00010108782585304237,0.10107077694132839,0.30000000000000004,0.0,3
2019-07-08,0.9292500610799809,-9.902399840666654e-05,-6.0756782022286526e-05,3.698630136986302e-05,1.280915014454799e-06,0.0012810402272765626,0.3,0.0,3
2019-07-09,0.928959191504682,-0.0003130153954048476,-0.0001992972899893863,1.2328767123287671e-05,0.00010138933829208556,0.10141079945972388,0.4000000000000001,0.0,4
2019-07-10,0.9290957130412821,0.00014696182334872354,0.00026549210642640717,1.6438356164383563e-05,0.00010209192691326502,0.10206650686695365,0.5000000000000001,0.0,5
2019-07-11,0.9282872365225917,-0.0008701757067030025,-0.0008450333000928624,2.0547945205479453e-05,4.594461404652668e-06,0.004598441729571382,0.49999999999999994,0.0,5
2019-07-12,0.9280540315841965,-0.00025122066664273746,-0.00022760544156024133,2.0547945205479453e-05,3.067279877001111e-06,0.003068041221821042,0.5000000000000001,0.0,5
2019-07-15,0.9273791048687996,-0.0007272493760356324,-0.0005652493987232277,6.164383561643835e-05,0.0001003561416960021,0.10041909374647028,0.4,0.0,4
2019-07-16,0.9271294358024976,-0.0002692200686765789,-0.00025082013581423916,1.643835616438356e-05,1.9615766978717994e-06,0.0019621010860491664,0.39999999999999997,0.0,4
2019-07-17,0.92711895420921,-1.1305426063423774e-05,7.255057405991532e-06,1.6438356164383563e-05,2.1221273048878255e-06,0.0021221467931958364,0.4,0.0,4
2019-07-18,0.9263256222320084,-0.0008556959962902067,-0.0007362439408341471,1.6438356164383563e-05,0.0001030136992915389,0.10309129428372092,0.49999999999999994,0.0,5
2019-07-19,0.9253935698159577,-0.0010061822686119326,-0.0009772580083706797,2.054794520547945e-05,8.376315035772238e-06,0.008384681320712885,0.5,0.0,5
2019-07-22,0.924791972824028,-0.0006500985219178856,-0.00038816996321949787,6.164383561643835e-05,0.00020028472308187507,0.20037485445634926,0.5000000000000001,0.0,5
2019-07-23,0.9262417654228653,0.001567695915882572,0.0015918727769650477,2.0547945205479453e-05,3.6289158769482844e-06,0.0036232226172787613,0.49999999999999994,0.0,5
2019-07-24,0.9259716257211003,-0.00029165139367437476,-0.0002681703509879453,2.0547945205479456e-05,2.9330974810168526e-06,0.002933944564492639,0.5000000000000001,0.0,5
2019-07-25,0.9256350899638671,-0.00036344067991400664,-0.00014297656708074934,2.0547945205479456e-05,0.00019991616762777222,0.19994886416826751,0.3,0.0,3
2019-07-26,0.9255733937457519,-6.66528514142728e-05,-5.1080232271771775e-05,1.232876712328767e-05,3.2438520192788336e-06,0.0032440577217329484,0.30000000000000004,0.0,3
2019-07-29,0.924629701470662,-0.0010195758450561865,-0.0008804921901780506,3.698630136986301e-05,0.00010209735350826649,0.10219111165523753,0.2,0.0,2
2019-07-30,0.9226051621050163,-0.0021895677398483526,-0.0021784212846887364,8.219178082191782e-06,2.927277077340629e-06,0.002933692006988417,0.2,0.0,2
2019-07-31,0.9223781792679258,-0.0002460238099823986,-4.080236783423614e-05,8.21917808219178e-06,0.00019700226406600655,0.1970119218949818,0.0,0.0,0
2019-08-01,0.9223781792679258,0.0,0.0,0.0,0.0,0.0,0.0,0.0,0
2019-08-02,0.9221015488032848,-0.00029991002699192304,0.0,0.0,0.00029991002699190244,0.29991002699190245,0.30000000000000004,0.0,3
2019-08-05,0.921440698343926,-0.0007166786133441239,-0.0002799568766540527,3.698630136986301e-05,0.0003997354353202031,0.39986216890678794,0.30000000000000004,0.0,3
2019-08-06,0.9207913108659507,-0.0007047523287634361,-0.000689214512907521,1.2328767123287674e-05,3.2090487326463313e-06,0.0032113015997037556,0.3,0.0,3
2019-08-07,0.9217252042175852,0.0010142291099122236,0.0011297587629842231,1.2328767123287673e-05,0.00010320088594859403,0.10308569490096753,0.39999999999999997,0.0,4
2019-08-08,0.9203251384463277,-0.001518962229579035,-0.0012944874972658613,1.6438356164383563e-05,0.00020803637614875823,0.20830945439804255,0.39999999999999997,0.0,4
2019-08-09,0.9205709641434859,0.00026710744593283486,0.00028619449632244503,1.6438356164383563e-05,2.6486942252396475e-06,0.002647979916398184,0.39999999999999997,0.0,4
2019-08-12,0.9206098847486148,4.227876681417442e-05,9.664747065705739e-05,4.9315068493150684e-05,5.0536353498275465e-06,0.005053396160448187,0.4,0.0,4
2019-08-13,0.9215910025400443,0.001065725892892555,0.0010847763098485788,1.643835616438356e-05,2.6120607915782636e-06,0.0026092732059807833,0.4,0.0,4
2019-08-14,0.9227884133564088,0.0012992865740488746,0.001323641430054978,1.6438356164383563e-05,7.916499841723662e-06,0.00790616487869155,0.4,0.0,4
2019-08-15,0.9223600376766748,-0.00046421874563407073,-0.00034387011349127933,1.6438356164383563e-05,0.00010391027597838423,0.10394772922562569,0.30000000000000004,0.0,3
2019-08-16,0.9218920864732392,-0.0005073411513083492,-0.0002932315355442861,1.2328767123287674e-05,0.00020178084864072587,0.20184252370335987,0.3,0.0,3
2019-08-19,0.9214838803144726,-0.00044279169412142494,-0.0004033861991895705,3.698630136986302e-05,2.4191935620651946e-06,0.002420259377739372,0.3,0.0,3
2019-08-20,0.9215950234199635,0.00012061318473954863,0.0001338971761349728,1.2328767123287671e-05,9.55224272121873e-07,0.0009551081611422888,0.3,0.0,3
2019-08-21,0.9210395191576273,-0.0006027639562058429,-0.0005880495045502141,1.2328767123287674e-05,2.3856845322895236e-06,0.002387117705892068,0.3,0.0,3
2019-08-22,0.9208667637850776,-0.00018756564615995952,-7.468016876136519e-05,1.2328767123287673e-05,0.00010055671027534818,0.10056546036904163,0.2,0.0,2
2019-08-23,0.9209213766717727,5.93059591711409e-05,6.987550845775628e-05,8.21917808219178e-06,2.3503712044762105e-06,0.002350226298147114,0.2,0.0,2
2019-08-26,0.9210584693582009,0.00014886470213526515,0.00017600580349766976,2.4657534246575342e-05,2.48356711579207e-06,0.002483191289088247,0.2,0.0,2
2019-08-27,0.9209851014866087,-7.965604142734506e-05,-7.094396864620878e-05,8.219178082191782e-06,4.928946989090694e-07,0.0004929337210935597,0.2,0.0,2
2019-08-28,0.9212585681141445,0.00029692839449246833,0.00030545302560018865,8.219178082191782e-06,3.05453025600189e-07,0.00030536226160028673,0.2,0.0,2
2019-08-29,0.9212105921596001,-5.207653551886349e-05,-4.25601458947988e-05,8.219178082191782e-06,1.297211541891076e-06,0.0012972774167613096,0.2,0.0,2
2019-08-30,0.920840480865352,-0.00040176621653953415,-0.00019285736955569898,8.219178082191782e-06,0.00020068966890161987,0.20073003100326126,0.0,0.0,0
2019-09-03,0.920840480865352,0.0,0.0,0.0,0.0,0.0,0.0,0.0,0
2019-09-04,0.9207484060247495,-9.999000099991662e-05,0.0,0.0,9.999000099990002e-05,0.0999900009999,0.1,0.0,1
2019-09-05,0.9203287173036082,-0.00045581259592208934,-5.0205766245148276e-05,4.10958904109589e-06,0.000401497240635868,0.4015190492856841,0.49999999999999994,0.0,5
2019-09-06,0.9207688907381811,0.00047827849582104953,0.0006996364608791384,2.0547945205479453e-05,0.00020081001985260111,0.2006737446172343,0.5000000000000001,0.0,5
2019-09-09,0.9205378849755143,-0.00025088354416680225,-8.076104547157817e-05,6.164383561643835e-05,0.00010847866307872127,0.108494113170006,0.4,0.0,4
2019-09-10,0.919185897147518,-0.0014686933042763473,-0.0011491180863805349,1.6438356164383563e-05,0.00030313686173152426,0.3034905971522869,0.30000000000000004,0.0,3
2019-09-11,0.9190728269741547,-0.00012301121428659467,9.285812901421733e-05,1.2328767123287674e-05,0.0002035405761774577,0.20352418650458912,0.3,0.0,3
2019-09-12,0.9198658093476978,0.0008628068965479407,0.0008783710879298634,1.2328767123287673e-05,3.2354242587542368e-06,0.0032326246689836136,0.3,0.0,3
2019-09-13,0.9194432483615542,-0.00045937242350946317,-0.00034656633122405196,1.2328767123287673e-05,0.00010047732516223924,0.10051339892843289,0.4,0.0,4
2019-09-16,0.920596276192777,0.001254050027859277,0.0013056714172296092,4.9315068493150684e-05,2.306320877256508e-06,0.0023034269521812847,0.39999999999999997,0.0,4
2019-09-17,0.9204202892479325,-0.00019116625756110395,-0.00017061354349634503,1.6438356164383563e-05,4.114357900444446e-06,0.004115127642887394,0.4000000000000001,0.0,4
2019-09-18,0.9204678599939667,5.168372165398338e-05,7.155309893138184e-05,1.6438356164383563e-05,3.4310211129968466e-06,0.0034308320235723905,0.39999999999999997,0.0,4
2019-09-19,0.9208969140806218,0.0004661260922873556,0.0004848416618030761,1.6438356164383563e-05,2.2772133514671055e-06,0.0022761471965960997,0.4000000000000001,0.0,4
2019-09-20,0.9208807877622908,-1.7511534770586756e-05,0.00010092141864970746,1.6438356164383563e-05,0.00010199459725583854,0.10198598116781891,0.3,0.0,3
2019-09-23,0.9209512153911651,7.647855163250838e-05,0.00011440270550536201,3.698630136986301e-05,9.378525029583921e-07,0.0009377799034103995,0.3,0.0,3
2019-09-24,0.9210485740612386,0.00010571533914771614,0.00011991975343681461,1.2328767123287671e-05,1.875647165867531e-06,0.0018754453848487977,0.3,0.0,3
2019-09-25,0.9215371032160319,0.0005304054189445573,0.000544032087948687,1.2328767123287671e-05,1.2979018808721643e-06,0.0012972121488647977,0.3,0.0,3
2019-09-26,0.9211419774721749,-0.00042876813367376254,-0.00041557744608838323,1.2328767123287671e-05,8.619204619670177e-07,0.0008622894409763984,0.30000000000000004,0.0,3
2019-09-27,0.9211738890851058,3.464353347415461e-05,0.0001490948586241271,1.232876712328767e-05,0.00010212255802675529,0.10210859303357743,0.4000000000000001,0.0,4
2019-09-30,0.9186690343644295,-0.002719198568648218,-0.0022695542141321972,4.9315068493150684e-05,0.00040032928602283665,0.40125975494292754,0.0,0.0,0
2019-10-01,0.9186690343644295,0.0,0.0,0.0,0.0,0.0,0.0,0.0,0
2019-10-02,0.9186690343644295,0.0,0.0,0.0,0.0,0.0,0.0,0.0,0
2019-10-03,0.9186690343644295,0.0,0.0,0.0,0.0,0.0,0.0,0.0,0
2019-10-04,0.9184853372969701,-0.00019996000799837876,0.0,0.0,0.00019996000799840037,0.19996000799840036,0.2,0.0,2
2019-10-07,0.9187259291496317,0.00026194414095881413,0.0002879645701911682,2.4657534246575345e-05,1.362894985795821e-06,0.0013625362204222541,0.2,0.0,2
2019-10-08,0.9187296707047239,4.07254761558562e-06,1.4746382022662435e-05,8.219178082191782e-06,2.4546563247154264e-06,0.00245464030277757,0.2,0.0,2
2019-10-09,0.9184267691567156,-0.00032969605496246945,-0.0003207718120964709,8.21917808219178e-06,7.050647837282768e-07,0.0007052968200274675,0.2,0.0,2
2019-10-10,0.9190104999592599,0.0006355768605048606,0.0006445976096266626,8.21917808219178e-06,8.015710396931505e-07,0.0008010612615839326,0.2,0.0,2
2019-10-11,0.9184841860671916,-0.0005726962772368838,-0.00036383526415667,8.219178082191782e-06,0.00020064183499805848,0.20071651246815292,0.2,0.0,2
2019-10-14,0.9199870280849677,0.0016362198071269152,0.0016640206744719332,2.4657534246575345e-05,3.1433330982679966e-06,0.0031381884677668596,0.2,0.0,2
2019-10-15,0.9200453985375642,6.344703872396273e-05,7.325769068121108e-05,8.21917808219178e-06,1.5914738750342796e-06,0.0015913703746721168,0.2,0.0,2
2019-10-16,0.9202033568768548,0.00017168537502798564,0.0001809060016777553,8.21917808219178e-06,1.001448567646384e-06,0.0010012756605330228,0.2,0.0,2
2019-10-17,0.9202639711642226,6.587053493656292e-05,0.00017556339569708708,8.21917808219178e-06,0.00010147368267853147,0.10145670448569752,0.1,0.0,1
2019-10-18,0.9202306722012666,-3.6184142810591347e-05,-3.158431617807934e-05,4.109589041095891e-06,4.902375914047864e-07,0.0004902550905235207,0.1,0.0,1
2019-10-21,0.9203178630236339,9.474887656013564e-05,0.00020729441298407704,1.2328767123287671e-05,0.0001002167693006401,0.10019723428214482,0.2,0.0,2
2019-10-22,0.9203459713016338,3.054192375162579e-05,3.947958960492937e-05,8.219178082191782e-06,7.18487770943226e-07,0.0007184653114219263,0.2,0.0,2
2019-10-23,0.9208194430434067,0.0005144497357916222,0.0007234952991199584,8.21917808219178e-06,0.00020082638524627827,0.20068284160177852,0.4,0.0,4
2019-10-24,0.9188738853103533,-0.0021128547488344918,-0.0019932025493726584,1.6438356164383563e-05,0.00010321384329741656,0.10342168374358718,0.30000000000000004,0.0,3
2019-10-25,0.9186080742426282,-0.0002892791622163271,-0.00017541824132591421,1.2328767123287673e-05,0.0001015321537670811,0.10155121970478505,0.4,0.0,4
2019-10-28,0.9189394855530345,0.00036077552516555755,0.00041567988293810833,4.9315068493150684e-05,5.5892892793257915e-06,0.005587242310333508,0.39999999999999997,0.0,4
2019-10-29,0.9178061950547496,-0.0012332591167337759,-0.001114809004181966,1.6438356164383563e-05,0.000102011756387456,0.10212728761198638,0.5000000000000001,0.0,5
2019-10-30,0.9171193478516815,-0.0007483575582393209,-0.0006215697063961967,2.0547945205479453e-05,0.0001062399066376862,0.1063081689895038,0.4,0.0,4
2019-10-31,0.9165900119807534,-0.0005771722864292839,-0.0001590946745224475,1.643835616438356e-05,0.0004016392557424288,0.4017097690756511,0.0,0.0,0
2019-11-01,0.9165900119807534,0.0,0.0,0.0,0.0,0.0,0.0,0.0,0
2019-11-04,0.9161319460077495,-0.0004997501249375258,0.0,0.0,0.0004997501249375313,0.49975012493753135,0.5000000000000001,0.0,5
2019-11-05,0.919086407415369,0.0032249300119859825,0.0032535716389449965,2.054794520547945e-05,8.09368175351859e-06,0.008067599014752307,0.5000000000000001,0.0,5
2019-11-06,0.9183724353704719,-0.0007768279882464091,-0.000652195355571972,2.0547945205479453e-05,0.00010408468746894234,0.10415475688388007,0.6,0.0,6
2019-11-07,0.9182230669556868,-0.0001626447060388836,-3.3449867957552454e-05,2.4657534246575345e-05,0.00010453730383493266,0.10454337857907951,0.5,0.0,5
2019-11-08,0.9166511129990991,-0.0017119521531945292,-0.0016872587028734843,2.0547945205479453e-05,4.145505115645902e-06,0.004152596948321037,0.5000000000000001,0.0,5
2019-11-11,0.9164405075871936,-0.00022975525684620912,0.0001300582693571086,6.164383561643835e-05,0.00029816969058688627,0.2981492928718443,0.2,0.0,2
2019-11-12,0.9163801599693994,-6.585001131509394e-05,-5.740040486980069e-05,8.21917808219178e-06,2.3042836324456708e-07,0.00023044348484993694,0.2,0.0,2
2019-11-13,0.9167235219978693,0.0003746938699342728,0.00038659486381743553,8.21917808219178e-06,3.6818158009863654e-06,0.0036804232183273345,0.2,0.0,2
2019-11-14,0.9159972008642198,-0.000792301185930766,-0.0006829824819882756,8.21917808219178e-06,0.00010109952586025958,0.10116945435505822,0.1,0.0,1
2019-11-15,0.9158960017215867,-0.00011047975096167839,-6.258802802572294e-06,4.109589041095891e-06,0.00010011135911786497,0.10011239712242676,0.0,0.0,0
2019-11-18,0.9158044212794587,-9.999000099991662e-05,0.0,0.0,9.999000099990002e-05,0.0999900009999,0.1,0.0,1
2019-11-19,0.9154015530161234,-0.0004399064406923614,-0.0003355053369584638,4.109589041095891e-06,0.00010029151469288925,0.10032558675961246,0.2,0.0,2
2019-11-20,0.914977019350323,-0.00046376769233302806,-0.00045412717709272256,8.219178082191782e-06,1.4213371580148315e-06,0.001421994612040787,0.2,0.0,2
2019-11-21,0.9146999502214912,-0.0003028153964222957,-0.00019388213173578971,8.219178082191782e-06,0.00010071408660429586,0.10073444516760803,0.3,0.0,3
2019-11-22,0.9145988373555872,-0.00011054211370564726,4.817290062680931e-06,1.2328767123287673e-05,0.00010303063664509688,0.10303141056317384,0.39999999999999997,0.0,4
2019-11-25,0.9144348531252015,-0.00017929634686597584,-2.6642682755356727e-05,4.931506849315069e-05,0.00010333859561743125,0.10334644558103712,0.49999999999999994,0.0,5
2019-11-26,0.9147324481370626,0.00032544145801538527,0.00034912049259465134,2.0547945205479456e-05,3.1310893739046836e-06,0.00313006092181412,0.49999999999999994,0.0,5
2019-11-27,0.9153286011020921,0.0006517238633478861,0.0006755079418365117,2.0547945205479453e-05,3.2361332831075367e-06,0.0032340151325672057,0.5000000000000001,0.0,5
2019-11-29,0.9146625353239289,-0.0007276794119196461,-0.00018718630981368612,4.109589041095891e-05,0.0004993972116949949,0.4995112412201776,0.0,0.0,0
2019-12-02,0.9146625353239289,0.0,0.0,0.0,0.0,0.0,0.0,0.0,0
2019-12-03,0.9146625353239289,0.0,0.0,0.0,0.0,0.0,0.0,0.0,0
2019-12-04,0.9145710782161073,-9.999000099991662e-05,0.0,0.0,9.999000099990002e-05,0.0999900009999,0.1,0.0,1
2019-12-05,0.9144369048126325,-0.0001467063705278271,-4.251372112480389e-05,4.109589041095891e-06,0.00010008306036197442,0.10008772678310403,0.2,0.0,2
2019-12-06,0.9145051474147203,7.462800520041668e-05,0.00018453141435466065,8.219178082191782e-06,0.00010168423107210123,0.10166630605832652,0.3,0.0,3
2019-12-09,0.9144117182390676,-0.00010216364108694975,3.6815758276420575e-05,3.698630136986302e-05,0.00010199309799353654,0.10199311538775795,0.4,0.0,4
2019-12-10,0.9141562369306031,-0.0002793941759151597,-0.0002607290317404809,1.643835616438356e-05,2.2267880103262973e-06,0.0022274053744557403,0.4,0.0,4
2019-12-11,0.912766200711275,-0.0015205674513530942,-0.001401125049488067,1.6438356164383563e-05,0.00010300404570057759,0.10315026774541676,0.49999999999999994,0.0,5
2019-12-12,0.9115800894480335,-0.0012994688698126922,-0.001170552829319904,2.0547945205479453e-05,0.00010836809528736046,0.10849732653703265,0.6000000000000002,0.0,6
2019-12-13,0.9117206951806601,0.00015424397072094642,0.00018351511629616783,2.465753424657535e-05,4.613611328552609e-06,0.004612878537821803,0.6000000000000001,0.0,6
2019-12-16,0.9124895059711428,0.000843252538355932,0.0009198318940140727,7.397260273972603e-05,2.6067529184537253e-06,0.0026045498357755476,0.6,0.0,6
2019-12-17,0.9117398843856411,-0.0008215125550444791,-0.0007933389813788107,2.4657534246575345e-05,3.5160394191511618e-06,0.0035189178817171783,0.5999999999999999,0.0,6
2019-12-18,0.9113908694272275,-0.00038280102076360123,-0.00035347218401574065,2.4657534246575342e-05,4.67130250129199e-06,0.00467306952775594,0.6,0.0,6
2019-12-19,0.9124969773278241,0.0012136482136273496,0.0012419842639802838,2.4657534246575345e-05,3.6785161063112217e-06,0.0036740435948370196,0.5999999999999999,0.0,6
2019-12-20,0.911439609514304,-0.0011587630861161768,-0.001131276670276771,2.4657534246575342e-05,2.828881592896988e-06,0.0028321553781711405,0.6,0.0,6
2019-12-23,0.9113845691184905,-6.0388417662537996e-05,0.00011508740773397697,7.397260273972603e-05,0.00010150322265678492,0.10149904954315585,0.5000000000000001,0.0,5
2019-12-24,0.9112771971755996,-0.00011781189470294606,-9.632657184965864e-05,2.0547945205479453e-05,9.373776478019811e-07,0.0009374872161676161,0.5,0.0,5
2019-12-26,0.9113094425142549,3.538477507758486e-05,7.994984651063526e-05,4.1095890410958905e-05,3.469181022127505e-06,0.0034690462359573456,0.5000000000000001,0.0,5
2019-12-27,0.9108879316307977,-0.00046253321187395,-0.000440150934499961,2.0547945205479453e-05,1.8343321684248533e-06,0.0018351776327043007,0.49999999999999994,0.0,5
2019-12-30,0.9110891321681502,0.00022088396427899504,0.0002850697451481422,6.164383561643835e-05,2.541945252626327e-06,0.0025413774430596485,0.5,0.0,5
2019-12-31,0.9108942757394781,-0.00021387197124000945,0.0003095214712428684,2.054794520547945e-05,0.0005028454972772719,0.5027002302192057,0.0,0.0,0
2020-01-02,0.9108942757394781,0.0,0.0,0.0,0.0,0.0,0.0,0.0,0
2020-01-03,0.9108031954199362,-9.999000099991662e-05,0.0,0.0,9.999000099990003e-05,0.09999000099990002,0.1,0.0,1
2020-01-06,0.9109519188460088,0.00016328821288791318,0.0001757927727838227,1.2328767123287671e-05,1.7579277278382257e-07,0.0001757640416895169,0.1,0.0,1
2020-01-07,0.9104255576759273,-0.0005778144369554816,-0.0004730830707463219,4.109589041095891e-06,0.00010062177716808798,0.10066981606537652,0.2,0.0,2
2020-01-08,0.9105160353257142,9.937951436467252e-05,0.0003096300379459461,8.219178082191782e-06,0.0002020313454990466,0.20197046940619579,0.4000000000000001,0.0,4
2020-01-09,0.91107558692308,0.000614543375027532,0.0006339122290656253,1.643835616438356e-05,2.9304978737212625e-06,0.0029286894844827538,0.4,0.0,4
2020-01-10,0.9116157710710067,0.0005929081578741613,0.0006128780355975918,1.6438356164383563e-05,3.531521559055854e-06,0.0035294164750249036,0.4000000000000001,0.0,4
2020-01-13,0.911341354723678,-0.0003010219393266844,-0.00014878048762663197,4.9315068493150684e-05,0.00010292638320695304,0.1029467765058957,0.30000000000000004,0.0,3
2020-01-14,0.9106295758493145,-0.0007810233461635896,-0.0007670762322752712,1.2328767123287673e-05,1.618346765109856e-06,0.0016196090965367683,0.30000000000000004,0.0,3
2020-01-15,0.9097490039376305,-0.0009669924358240989,-0.0009512985222468408,1.2328767123287673e-05,3.3651464538972286e-06,0.0033683923286664365,0.3,0.0,3
2020-01-16,0.909997479165808,0.0002731250345997527,0.0003881650675336968,1.2328767123287671e-05,0.00010271126581073956,0.1026726776914028,0.2,0.0,2
2020-01-17,0.9098942213570195,-0.00011347043387766043,-0.00010504202673558007,8.21917808219178e-06,2.0922905995264062e-07,0.00020925276017236917,0.2,0.0,2
2020-01-21,0.9091382523154877,-0.0008308317865831638,-0.0006956913619302396,3.287671232876713e-05,0.00010226371232408982,0.10233827272237016,0.30000000000000004,0.0,3
2020-01-22,0.9092528121317043,0.00012600923558636623,0.00014130569908908376,1.2328767123287673e-05,2.967696379481294e-06,0.0029673136644686707,0.3,0.0,3
2020-01-23,0.9092074848736935,-4.9851105661691264e-05,-3.4473076050178735e-05,1.2328767123287673e-05,3.0492624881888067e-06,0.003049405205973029,0.30000000000000004,0.0,3
2020-01-24,0.9086205619032834,-0.0006455324886504021,-0.0005315763646951466,1.2328767123287671e-05,0.00010162735683196741,0.10168266255394748,0.4000000000000001,0.0,4
2020-01-27,0.9090996645073356,0.0005272856725238029,0.0005819086678040487,4.931506849315069e-05,5.307926786996127e-06,0.005305101323987276,0.4,0.0,4
2020-01-28,0.9088849054046862,-0.00023623273776673948,-0.00011627131359862597,1.6438356164383563e-05,0.00010352306800367161,0.10353680833931464,0.5000000000000001,0.0,5
2020-01-29,0.9073811140281167,-0.0016545454409323535,-0.0015317283043055632,2.0547945205479456e-05,0.00010226919142137546,0.10242818826530012,0.6,0.0,6
2020-01-30,0.9117391695278829,0.004802894211032971,0.004937377883608901,2.4657534246575342e-05,0.00010982613832944626,0.10928923090083359,0.5000000000000001,0.0,5
2020-01-31,0.9116584092740894,-8.8578243090498e-05,0.0004241008909648682,2.0547945205479453e-05,0.0004921311888498986,0.4919326679726229,0.0,0.0,0
2020-02-03,0.9116584092740894,0.0,0.0,0.0,0.0,0.0,0.0,0.0,0
2020-02-04,0.9115672525488345,-9.99900009998056e-05,0.0,0.0,9.999000099990002e-05,0.09999000099990002,0.1,0.0,1
2020-02-05,0.9121945518470028,0.00068815470983008,0.0006961016679668088,4.10958904109589e-06,3.837369095693454e-06,0.0038347155029404855,0.1,0.0,1
2020-02-06,0.9118074291898879,-0.00042438606581363114,-0.0003193256728605098,4.109589041095891e-06,0.00010095080391200005,0.10098346552562006,0.2,0.0,2
2020-02-07,0.9114979921685938,-0.00033936663750255835,-0.0003303436614279287,8.219178082191782e-06,8.037979925772728e-07,0.0008040702208744175,0.2,0.0,2
2020-02-10,0.9104036635658906,-0.001200582570785036,-0.001174750286252163,2.4657534246575345e-05,1.174750286252159e-06,0.0011761609829332549,0.2,0.0,2
2020-02-11,0.9103270695223791,-8.41319587967515e-05,2.576523276696107e-05,8.219178082191782e-06,0.0001016780134814958,0.10167622946481346,0.1,0.0,1
2020-02-12,0.9105840299313244,0.0002822726221687333,0.000386797235707781,4.109589041095891e-06,0.00010041502449792468,0.10037661160864779,0.2,0.0,2
2020-02-13,0.9097067518844297,-0.0009634234931188423,-0.0009536181217183582,8.219178082191782e-06,1.5861933182607384e-06,0.001587720447008327,0.2,0.0,2
2020-02-14,0.909921117791065,0.00023564286644162102,0.0002453361874990901,8.219178082191782e-06,1.4741429754291955e-06,0.0014737935139186769,0.2,0.0,2
2020-02-18,0.9108146518634007,0.0009819906966275216,0.0010158847247105252,3.287671232876712e-05,1.017315754193385e-06,0.0010163167067275543,0.2,0.0,2
2020-02-19,0.9103165315598821,-0.0005468953562610679,-0.00033892333036189553,8.21917808219178e-06,0.00019975284781695933,0.19982221460177904,0.2,0.0,2
2020-02-20,0.9099237118697527,-0.00043151989062117924,-0.0004226118879254115,8.21917808219178e-06,6.88824613561373e-07,0.0006891215085154956,0.2,0.0,2
2020-02-21,0.9097615238761133,-0.0001782435071464583,-6.93972384033126e-05,8.219178082191782e-06,0.00010062709066094015,0.10063490158137425,0.1,0.0,1
2020-02-24,0.9099912127900569,0.0002524715630585206,0.00026664823480638253,1.2328767123287671e-05,1.8479046244269575e-06,0.0018474347857956547,0.1,0.0,1
2020-02-25,0.9091507669364028,-0.0009235757904487718,-0.0007168925001846572,4.10958904109589e-06,0.0002025737012230078,0.20271986266751868,0.30000000000000004,0.0,3
2020-02-26,0.9083709846341647,-0.0008577040581133621,-0.0008418679110113569,1.2328767123287671e-05,3.5073799786985126e-06,0.0035103785323798665,0.30000000000000004,0.0,3
2020-02-27,0.9079164803060022,-0.0005003509973906528,-0.0003732053061029867,1.2328767123287673e-05,0.00011481692416432226,0.11486120707334094,0.4,0.0,4
2020-02-28,0.9077018646604087,-0.00023638258611757834,0.00016419109226404867,1.6438356164383563e-05,0.000384135322217237,0.3840785735571167,0.0,0.0,0
2020-03-02,0.9077018646604087,0.0,0.0,0.0,0.0,0.0,0.0,0.0,0
2020-03-03,0.907520360588291,-0.00019996000799848979,0.0,0.0,0.0001999600079984003,0.19996000799840033,0.2,0.0,2
2020-03-04,0.9074170005041117,-0.00011389285427421125,-9.655018387830791e-05,8.219178082191782e-06,9.123492313571519e-06,0.009124448276195657,0.2,0.0,2
2020-03-05,0.9066220822013635,-0.0008760231539706176,-0.0006712134664973446,8.21917808219178e-06,0.00019659050939103235,0.19672417021425376,0.2,0.0,2
2020-03-06,0.9069808775948948,0.0003957496740649713,0.0006037299386103034,8.219178082191782e-06,0.00019976108646323313,0.19964219738643402,0.2,0.0,2
2020-03-09,0.9019656802877319,-0.005529551318062986,-0.005089462639129196,2.4657534246575342e-05,0.00041543114468731,0.4175666306166753,0.6000000000000001,0.0,6
2020-03-10,0.9013022677670822,-0.0007355185847405243,-0.0002887325871195448,2.4657534246575345e-05,0.00042212846337426725,0.4222607957362912,0.4,0.0,4
2020-03-11,0.902765541124494,0.001623510125007277,0.0018460935244012098,1.6438356164383563e-05,0.0002061450432295817,0.2057685577244805,0.4,0.0,4
2020-03-12,0.8982299926539846,-0.005024060250305884,-0.004982390170536728,1.643835616438356e-05,2.5231723604675354e-05,0.025358486329533386,0.4000000000000001,0.0,4
2020-03-13,0.8983770005702516,0.00016366400306067064,0.0006069512840493287,1.643835616438356e-05,0.00042684892482411347,0.42659701377248377,0.2,0.0,2
2020-03-16,0.8982385210466707,-0.00015414411042691256,-9.554833334846096e-06,2.465753424657535e-05,0.00011993174284556115,0.1199358461348153,0.3,0.0,3
2020-03-17,0.9025253063080527,0.00477243533976579,0.0050120414576293355,1.2328767123287671e-05,0.0002272773507402259,0.22614668230280074,0.1,0.0,1
2020-03-18,0.8988628401463855,-0.004058020463325485,-0.004049861013271262,4.109589041095891e-06,4.049861013271263e-06,0.004066345859845912,0.1,0.0,1
2020-03-19,0.8996827191699108,0.0009121291780087581,0.001003734436095605,4.10958904109589e-06,8.749566904572637e-05,0.0874082935436615,0.0,0.0,0
2020-03-20,0.8996827191699108,0.0,0.0,0.0,0.0,0.0,0.0,0.0,0
2020-03-23,0.8996827191699108,0.0,0.0,0.0,0.0,0.0,0.0,0.0,0
2020-03-24,0.8995927598939214,-9.999000099991662e-05,0.0,0.0,9.999000099990002e-05,0.0999900009999,0.1,0.0,1
2020-03-25,0.9011707026492148,0.0017540634225197138,0.0018568881224908795,4.10958904109589e-06,9.871511093008035e-05,0.09853255193301286,0.0,0.0,0
2020-03-26,0.9011707026492148,0.0,0.0,0.0,0.0,0.0,0.0,0.0,0
2020-03-27,0.9011707026492148,0.0,0.0,0.0,0.0,0.0,0.0,0.0,0
2020-03-30,0.9011707026492148,0.0,0.0,0.0,0.0,0.0,0.0,0.0,0
2020-03-31,0.9011707026492148,0.0,0.0,0.0,0.0,0.0,0.0,0.0,0
2020-04-01,0.9011707026492148,0.0,0.0,0.0,0.0,0.0,0.0,0.0,0
2020-04-02,0.9008103784978158,-0.0003998400639743105,0.0,0.0,0.00039984006397441034,0.39984006397441035,0.4000000000000001,0.0,4
2020-04-03,0.9027644538528872,0.0021692416092384814,0.002401166331473315,1.643835616438356e-05,0.00021548636607043192,0.2149737122448855,0.6,0.0,6
2020-04-06,0.9069917150632621,0.004682573834551729,0.004897641429060274,7.397260273972604e-05,0.00014109499176866288,0.14041766346275283,0.7000000000000002,0.0,7
2020-04-07,0.9055394543801596,-0.0016011840670465682,-0.0014581214427277227,2.8767123287671234e-05,0.00011429550103127879,0.11446569876998083,0.6,0.0,6
2020-04-08,0.9064209306888874,0.0009734267286356513,0.0010238548089168244,2.4657534246575345e-05,2.5770546034520766e-05,0.025744821878662734,0.5999999999999999,0.0,6
2020-04-09,0.9094304181496482,0.0033201875186990026,0.0033654734480315245,2.4657534246575342e-05,2.06283950858983e-05,0.02055970888327826,0.6,0.0,6
2020-04-13,0.9101683099979899,0.000811378015970865,0.0010232458301702495,9.863013698630138e-05,0.00011323767721321254,0.11313307259886951,0.49999999999999994,0.0,5
2020-04-14,0.9076266481814204,-0.0027925184701005357,-0.00275629265045107,2.0547945205479456e-05,1.5677874443923632e-05,0.015721530628398428,0.5000000000000001,0.0,5
2020-04-15,0.9065649276118005,-0.0011697767708199747,-0.0010316671342318784,2.0547945205479456e-05,0.0001175616913826254,0.11768552186336147,0.6000000000000001,0.0,6
2020-04-16,0.9050574334618751,-0.0016628639648532673,-0.0015236860763582385,2.4657534246575345e-05,0.00011452035424842902,0.11469794608039209,0.7000000000000002,0.0,7
2020-04-17,0.9095040776453295,0.004913107189723709,0.004970691214538371,2.8767123287671238e-05,2.881690152705509e-05,0.02867519091027439,0.6999999999999998,0.0,7
2020-04-20,0.9062930833570743,-0.003530489161267303,-0.003423128606106862,8.63013698630137e-05,2.1059185297371047e-05,0.021133351313964977,0.7000000000000002,0.0,7
2020-04-21,0.9078087651333048,0.0016723969365584068,0.0018181496296082627,2.876712328767123e-05,0.00011698556976216534,0.11677661173597759,0.5999999999999999,0.0,6
2020-04-22,0.9091784949169132,0.0015088307540269685,0.0015438349237422494,2.4657534246575342e-05,1.0346635468713087e-05,0.01033094093682964,0.6000000000000001,0.0,6
2020-04-23,0.9145828412546165,0.005944208280242336,0.00598358489463262,2.4657534246575345e-05,1.4719080143667645e-05,0.014631889775351152,0.6000000000000001,0.0,6
2020-04-24,0.9140650697180117,-0.0005661286361927642,-0.00043166405392998126,2.4657534246575342e-05,0.00010980704801623805,0.10985717821827522,0.7,0.0,7
2020-04-27,0.9197845252362541,0.006257164514564373,0.0065651505654836795,8.630136986301371e-05,0.00022168468105614034,0.22025766486132428,0.49999999999999994,0.0,5
2020-04-28,0.9155687521366304,-0.004583435559041282,-0.004453024708709635,2.054794520547945e-05,0.00010986290512624528,0.11035659336449992,0.4000000000000001,0.0,4
2020-04-29,0.916038112675531,0.0005126436849285376,0.0006496574779394414,1.643835616438356e-05,0.00012057543684659544,0.12049913449047872,0.3,0.0,3
2020-04-30,0.9154735888721325,-0.0006162667203329919,-0.00031107520755710975,1.2328767123287673e-05,0.0002928627456525032,0.29295748926894516,0.0,0.0,0
2020-05-01,0.9154735888721325,0.0,0.0,0.0,0.0,0.0,0.0,0.0,0
2020-05-04,0.9154735888721325,0.0,0.0,0.0,0.0,0.0,0.0,0.0,0
2020-05-05,0.9153820506670658,-9.999000099991662e-05,0.0,0.0,9.999000099990002e-05,0.09999000099990002,0.1,0.0,1
2020-05-06,0.9149432137634749,-0.00047940300257265367,-0.0004735877184081195,4.10958904109589e-06,1.7056951234555877e-06,0.0017065103188400317,0.1,0.0,1
2020-05-07,0.9150048030082361,6.731482766886288e-05,7.466977735037805e-05,4.109589041095891e-06,3.2453606404490196e-06,0.0032451316633477657,0.1,0.0,1
2020-05-08,0.9162914279882698,0.0014061401380667249,0.001411661388496388,4.109589041095891e-06,1.4116613884963824e-06,0.0014096771948241566,0.1,0.0,1
2020-05-11,0.916282002378472,-1.0286694287264808e-05,0.00020334790110604359,1.2328767123287673e-05,0.00020130582826998866,0.2012673823489134,0.30000000000000004,0.0,3
2020-05-12,0.9170042933579131,0.0007882845865860855,0.0009115495486107516,1.232876712328767e-05,0.0001109361949014541,0.1108365283917763,0.4,0.0,4
2020-05-13,0.9152599310995215,-0.001902240012425671,-0.0018773008960782983,1.6438356164383563e-05,8.500760182985351e-06,0.008516888949896762,0.39999999999999997,0.0,4
2020-05-14,0.9161442280298345,0.0009661702651515558,0.0009876284819541616,1.6438356164383563e-05,5.019860638227298e-06,0.005014990129332757,0.4000000000000001,0.0,4
2020-05-15,0.9155588423772872,-0.0006389666982961062,-0.0005169703566120121,1.6438356164383563e-05,0.00010555798551971222,0.10561432111879093,0.5000000000000001,0.0,5
2020-05-18,0.9146710474236633,-0.0009696754730900148,-0.000882455067676058,6.164383561643835e-05,2.5576569797544583e-05,0.02560073942756162,0.49999999999999994,0.0,5
2020-05-19,0.9137374168850412,-0.0010207282074270463,-0.0009888939018313115,2.0547945205479453e-05,1.1286360390259996e-05,0.011297764826854203,0.49999999999999994,0.0,5
2020-05-20,0.9150808217031827,0.001470230717618204,0.0014954532510527698,2.0547945205479453e-05,4.674588229087472e-06,0.004667703807974966,0.49999999999999994,0.0,5
2020-05-21,0.9143067147848535,-0.0008459437679925186,-0.000820704997569288,2.054794520547945e-05,4.690825217701264e-06,0.0046947747107423405,0.5000000000000001,0.0,5
2020-05-22,0.9149832347560944,0.0007399267229488693,0.0008676967251665723,2.0547945205479456e-05,0.00010722205701219249,0.10713130086137214,0.4000000000000001,0.0,4
2020-05-26,0.9132027552736375,-0.0019459148701578277,-0.0017679538820631053,6.575342465753425e-05,0.00011220756343725556,0.11241369725528805,0.3,0.0,3
2020-05-27,0.9134966810045398,0.000321862509946369,0.00033831773065623466,1.2328767123287673e-05,4.12645358652386e-06,0.004125108846566508,0.30000000000000004,0.0,3
2020-05-28,0.9136313969871228,0.00014747287580152424,0.00025972891932518605,1.2328767123287673e-05,9.992727640027743e-05,0.09990256049160645,0.2,0.0,2
2020-05-29,0.9141272928629415,0.0005427745559685171,0.0007518576732216012,8.219178082191782e-06,0.00020086393917083685,0.20071468000824313,0.0,0.0,0
2020-06-01,0.9141272928629415,0.0,0.0,0.0,0.0,0.0,0.0,0.0,0
2020-06-02,0.9138531369218649,-0.00029991002699192304,0.0,0.0,0.00029991002699190244,0.29991002699190245,0.30000000000000004,0.0,3
2020-06-03,0.9134501521058866,-0.0004409732808223765,-0.0004168542468837243,1.2328767123287673e-05,1.1790266815393968e-05,0.011795329170318489,0.3,0.0,3
2020-06-04,0.9144464727484111,0.0010907225098462092,0.0011078480011005806,1.2328767123287671e-05,4.796724130935885e-06,0.004791474977938433,0.30000000000000004,0.0,3
2020-06-05,0.917245199466306,0.00306056920913389,0.0030828657293712983,1.232876712328767e-05,9.967753113964566e-06,0.009937240449860524,0.30000000000000004,0.0,3
2020-06-08,0.9160271617862311,-0.001327930286016854,-0.0011812364144611846,3.698630136986301e-05,0.00010970757018582957,0.10984138145185247,0.4000000000000001,0.0,4
2020-06-09,0.9165936272884888,0.0006183937833821318,0.0007448634048459412,1.643835616438356e-05,0.00011003126529951981,0.10995117411016601,0.5000000000000001,0.0,5
2020-06-10,0.9160053280231547,-0.0006418321574790387,-0.0006120280612499639,2.0547945205479453e-05,9.25615102354278e-06,0.009262009948807947,0.5000000000000001,0.0,5
2020-06-11,0.9147199947062759,-0.0014031941491571276,-0.001356316530082036,2.0547945205479453e-05,2.6329673869634428e-05,0.026365976245683383,0.49999999999999994,0.0,5
2020-06-12,0.9128054266124837,-0.0020930646589910618,-0.0020614637431575385,2.0547945205479453e-05,1.1052970628107004e-05,0.011076031054222567,0.5000000000000001,0.0,5
2020-06-15,0.9127492582409351,-6.153378355444605e-05,4.2920261954628e-06,6.164383561643835e-05,4.181974133508374e-06,0.004182213991048146,0.5,0.0,5
2020-06-16,0.9120843325701093,-0.0007284866734454942,-0.0005995514832852157,2.0547945205479453e-05,0.00010838724495474592,0.10845449752667946,0.4,0.0,4
2020-06-17,0.9112771859909571,-0.0008849473127970908,-0.0008601644570092327,1.6438356164383563e-05,8.34449962355616e-06,0.008351820853211208,0.4000000000000001,0.0,4
2020-06-18,0.9110585890972372,-0.00023987969531147346,-0.00012094066466735148,1.6438356164383563e-05,0.00010250067447967064,0.10251475785672581,0.3,0.0,3
2020-06-19,0.9117268992243004,0.0007335534015713296,0.0007530579471862586,1.232876712328767e-05,7.175778491538729e-06,0.007170467117310254,0.30000000000000004,0.0,3
2020-06-22,0.9121129884209809,0.0004234702266752155,0.0005629552524744787,3.698630136986301e-05,0.00010249872442922984,0.10244484162333514,0.4,0.0,4
2020-06-23,0.9098043546853742,-0.0025310830619825753,-0.0024108688140800968,1.6438356164383563e-05,0.00010377589173808176,0.10402840062081772,0.49999999999999994,0.0,5
2020-06-24,0.910338002606589,0.0005865523927937044,0.0007174948236102379,2.054794520547945e-05,0.00011039448561112186,0.1103176001040962,0.6,0.0,6
2020-06-25,0.9102828026965883,-6.0636719375284365e-05,-2.7591337211163517e-05,2.4657534246575345e-05,8.387847917514e-06,0.008388286196001205,0.6,0.0,6
2020-06-26,0.9114333185197149,0.0012639103141554031,0.0014940219285764055,2.4657534246575342e-05,0.00020545408017443663,0.2051526361954082,0.5999999999999999,0.0,6
2020-06-29,0.9113725322985422,-6.669299874995094e-05,0.00011988668758109428,7.397260273972603e-05,0.00011260708359131199,0.11260191357749869,0.5,0.0,5
2020-06-30,0.9095030923907166,-0.0020512357368405176,-0.0015287844179366122,2.054794520547945e-05,0.0005019033736984401,0.5026821954922917,0.0,0.0,0
2020-07-01,0.9095030923907166,0.0,0.0,0.0,0.0,0.0,0.0,0.0,0
2020-07-02,0.9095030923907166,0.0,0.0,0.0,0.0,0.0,0.0,0.0,0
2020-07-06,0.9093212281450875,-0.00019996000799848979,0.0,0.0,0.0001999600079984003,0.19996000799840033,0.2,0.0,2
2020-07-07,0.9109329898558762,0.0017724888201240407,0.0017824904886949268,8.219178082191782e-06,1.7824904886949178e-06,0.0017793334683699757,0.2,0.0,2
2020-07-08,0.9111257703697139,0.00021162974223609687,0.00022099770052266268,8.21917808219178e-06,1.1487802041937e-06,0.001148535820438857,0.2,0.0,2
2020-07-09,0.909735157983738,-0.0015262573304358762,-0.0014157134703908227,8.219178082191782e-06,0.00010232468196280954,0.10247059318595543,0.30000000000000004,0.0,3
2020-07-10,0.9100101052666074,0.00030222783021671695,0.00031927479366200556,1.2328767123287673e-05,4.7181963219323305e-06,0.004716748534711419,0.3,0.0,3
2020-07-13,0.9099144130759742,-0.00010515508572861432,-6.71925546084362e-05,3.698630136986301e-05,9.762297503567669e-07,0.0009763314634516849,0.3,0.0,3
2020-07-14,0.9093519832457279,-0.0006181128929972912,-0.0006032903241607769,1.2328767123287674e-05,2.4938017131852405e-06,0.0024953378908300398,0.3,0.0,3
2020-07-15,0.9094352152681101,9.152893919606164e-05,0.00010749106300476103,1.2328767123287671e-05,3.6333566855111176e-06,0.003633010959847216,0.3,0.0,3
2020-07-16,0.9096587847117049,0.0002458332818451314,0.00026032469302783573,1.2328767123287673e-05,2.16264405950771e-06,0.0021621078655656833,0.3,0.0,3
2020-07-17,0.9089842676904809,-0.000741505532140585,-0.0005222204330910696,1.2328767123287671e-05,0.0002069563319262277,0.20706701943585792,0.5000000000000001,0.0,5
2020-07-20,0.9094321056894996,0.0004926795929665051,0.0006601699366153016,6.164383561643835e-05,0.00010584650803245518,0.10578319402978131,0.6,0.0,6
2020-07-21,0.9104266409438991,0.0010935783421077705,0.0011266712581318341,2.465753424657534e-05,8.435381777379666e-06,0.008426096103834466,0.6,0.0,6
2020-07-22,0.9088888999375735,-0.0016890334016712583,-0.001654011489446644,2.4657534246575342e-05,1.036437797807612e-05,0.010381805593535994,0.6,0.0,6
2020-07-23,0.9080985402532997,-0.00086958888410682,-0.0008389758571177073,2.4657534246575342e-05,5.955492742541916e-06,0.005960640550755468,0.6,0.0,6
2020-07-24,0.9080904391626563,-8.920937854539623e-06,2.1236222244086352e-05,2.4657534246575342e-05,5.499625852066301e-06,0.005499644668066612,0.6,0.0,6
2020-07-27,0.9077788779144869,-0.00034309495478968,-0.0002636831058788481,7.397260273972604e-05,5.439246171154206e-06,0.005441083384019889,0.6,0.0,6
2020-07-28,0.909758266761669,0.002180474667718091,0.00221669753955559,2.465753424657534e-05,1.1565337590852336e-05,0.011540041358531514,0.6,0.0,6
2020-07-29,0.910326321191426,0.000624401503686256,0.0006570478747554733,2.4657534246575342e-05,7.988836822705023e-06,0.007983787952323303,0.6000000000000001,0.0,6
2020-07-30,0.9098866794542726,-0.0004829496049042481,-0.00045381681725421017,2.4657534246575342e-05,4.4752534034790825e-06,0.004477395722493815,0.6,0.0,6
2020-07-31,0.9073182858698636,-0.0028227620454334135,-0.0021969567014342934,2.4657534246575342e-05,0.0006011478097526024,0.602486301897701,0.0,0.0,0
2020-08-03,0.9073182858698636,0.0,0.0,0.0,0.0,0.0,0.0,0.0,0
2020-08-04,0.9069555036683963,-0.0003998400639744215,0.0,0.0,0.00039984006397441024,0.39984006397441024,0.4,0.0,4
2020-08-05,0.9045707008571136,-0.0026294595508123964,-0.002604319247305009,1.643835616438356e-05,8.701947342880288e-06,0.008724812962791373,0.4,0.0,4
2020-08-06,0.9049665495028869,0.0004376094045477341,0.0005557575249502567,1.643835616438356e-05,0.00010170976423811666,0.10165493978049128,0.3,0.0,3
2020-08-07,0.9055116027250674,0.000602291015596057,0.000618490718374448,1.2328767123287671e-05,3.870935655242469e-06,0.003868590662777727,0.3,0.0,3
2020-08-10,0.9046166935048481,-0.000988291279234943,-0.000946688244967925,3.698630136986301e-05,4.616732897258107e-06,0.004621278731517833,0.3,0.0,3
2020-08-11,0.9058535572046401,0.001367279322471937,0.0014815656810639069,1.2328767123287673e-05,0.00010195759146882552,0.10180801138037059,0.2,0.0,2
2020-08-12,0.905944637479702,0.00010054635690015523,0.00020940632521014859,8.21917808219178e-06,0.00010064079022793163,0.1006205466672052,0.1,0.0,1
2020-08-13,0.9059432987928581,-1.4776695932416928e-06,3.0682274504256865e-06,4.10958904109589e-06,4.3630800241279253e-07,0.0004363084567676611,0.1,0.0,1
2020-08-14,0.9056390447884219,-0.00033584221533677905,-0.00033140122507061557,4.109589041095891e-06,3.3140122507061376e-07,0.00033151245108296477,0.1,0.0,1
2020-08-17,0.9057939990929923,0.00017109940816051328,0.00018464527558877952,1.2328767123287671e-05,1.2171003049957853e-06,0.0012168906146538838,0.1,0.0,1
2020-08-18,0.9055890900956722,-0.0002262203078462477,-0.00022188882997513097,4.10958904109589e-06,2.218888299751371e-07,0.00022193898783550597,0.1,0.0,1
2020-08-19,0.9058437237137992,0.0002811800858819602,0.0002859704863674373,4.109589041095891e-06,6.808114443184955e-07,0.0006806196042660991,0.1,0.0,1
2020-08-20,0.9058803139135597,4.039350144258158e-05,4.60252363649882e-05,4.109589041095891e-06,1.522145881431721e-06,0.0015220820823759577,0.1,0.0,1
2020-08-21,0.9059016667060903,2.3571317537829373e-05,2.772076865052431e-05,4.109589041095891e-06,3.9862071583109964e-08,3.986113041480031e-05,0.1,0.0,1
2020-08-24,0.9055162276137946,-0.00042547564096795387,-0.000411575824495336,1.2328767123287673e-05,1.5710493494519343e-06,0.0015717156069144239,0.1,0.0,1
2020-08-25,0.9053526489972379,-0.00018064680849261272,-0.00017552486555463264,4.10958904109589e-06,1.0123538968873952e-06,0.001012535783200569,0.1,0.0,1
2020-08-26,0.905380382276434,3.063257088475879e-05,3.574131368039299e-05,4.109589041095891e-06,9.991537544731906e-07,0.0009991221505164444,0.1,0.0,1
2020-08-27,0.9048993586290215,-0.0005312945330261387,-0.00052623934952174,4.109589041095891e-06,9.455944631548964e-07,0.0009460962242832234,0.1,0.0,1
2020-08-28,0.904610535195205,-0.0003191774102416778,-0.0003125057190089707,4.109589041095891e-06,2.562102191525984e-06,0.002562913649220538,0.1,0.0,1
2020-08-31,0.9047103377318209,0.00011032652476727911,0.00022071005808552705,1.2328767123287673e-05,9.80547661951364e-05,0.09803433767329339,0.0,0.0,0
2020-09-01,0.9047103377318209,0.0,0.0,0.0,0.0,0.0,0.0,0.0,0
2020-09-02,0.9043485982925038,-0.0003998400639744215,0.0,0.0,0.00039984006397441024,0.39984006397441024,0.4,0.0,4
2020-09-03,0.9049415981757218,0.0006557204648049986,0.000681595647480088,1.643835616438356e-05,9.436826510799204e-06,0.009430553709238359,0.4,0.0,4
2020-09-04,0.9054831221133071,0.0005984076084875056,0.0006184960965761767,1.6438356164383563e-05,3.6501319242304952e-06,0.0036479356563320765,0.4000000000000001,0.0,4
2020-09-08,0.9055184555521592,3.902164268909658e-05,0.00010936074532093551,6.575342465753424e-05,4.585677974276168e-06,0.004585478013866023,0.39999999999999997,0.0,4
2020-09-09,0.9050619914549161,-0.0005040914345194603,-0.0003807878848853142,1.6438356164383563e-05,0.00010686519346975241,0.1069076599976727,0.5000000000000001,0.0,5
2020-09-10,0.9042233002343661,-0.0009266671548119332,-0.0008984943762231747,2.0547945205479453e-05,7.624833383311661e-06,0.007631847374039086,0.49999999999999994,0.0,5
2020-09-11,0.9037512494342569,-0.0005220511349208756,-0.0004972860614730513,2.0547945205479453e-05,4.217128242371392e-06,0.004219313146203323,0.5000000000000001,0.0,5
2020-09-14,0.9029357370412494,-0.0009023637793230677,-0.000833960593491945,6.164383561643837e-05,6.7593502148264e-06,0.006765409345400872,0.5,0.0,5
2020-09-15,0.9022954990142669,-0.0007090626726996563,-0.0005864732357399538,2.0547945205479453e-05,0.00010204149175436446,0.10210347072374179,0.4000000000000001,0.0,4
2020-09-16,0.9031289311519853,0.000923679812909306,0.0009425901534921178,1.643835616438356e-05,2.4719844183736913e-06,0.0024696971039620016,0.4,0.0,4
2020-09-17,0.9027661374812824,-0.0004017075061919506,-0.00038228913738196373,1.6438356164383563e-05,2.9800126455876446e-06,0.0029812013325227183,0.4,0.0,4
2020-09-18,0.9030222626221243,0.000283711506455564,0.0003075892991265257,1.6438356164383563e-05,7.439436506716842e-06,0.007437271138211886,0.39999999999999997,0.0,4
2020-09-21,0.9028690099615517,-0.0001697108331831787,-0.00011326297618288164,4.9315068493150684e-05,7.132788507158115e-06,0.007133948330528512,0.4000000000000001,0.0,4
2020-09-22,0.9028156249603786,-5.9128179818013216e-05,6.385922161000742e-05,1.643835616438356e-05,0.00010654904526356246,0.10654399285521324,0.3,0.0,3
2020-09-23,0.9029783084989712,0.00018019574993477505,0.0002965996542013736,1.232876712328767e-05,0.00010407513714337185,0.10404556001972849,0.2,0.0,2
2020-09-24,0.903367118030187,0.0004305856824646792,0.00044093457573383114,8.21917808219178e-06,2.12971518694739e-06,0.0021287940249943463,0.2,0.0,2
2020-09-25,0.9033270513245962,-4.435262784208138e-05,-3.38178028088221e-05,8.21917808219178e-06,2.3156469510728402e-06,0.002315744297971643,0.2,0.0,2
2020-09-28,0.9033192657086598,-8.61882296665506e-06,1.8049925003193954e-05,2.4657534246575342e-05,2.011213723291137e-06,0.002011227012693337,0.2,0.0,2
2020-09-29,0.9035520224152781,0.0002576682635409,0.0002672409911511908,8.219178082191782e-06,1.3535495279050486e-06,0.001353199019841486,0.2,0.0,2
2020-09-30,0.9026003806135403,-0.0010532230332394033,-0.0008423981092430257,8.219178082191782e-06,0.00020260574591408485,0.20277823258421426,0.0,0.0,0
2020-10-01,0.9026003806135403,0.0,0.0,0.0,0.0,0.0,0.0,0.0,0
2020-10-02,0.9026003806135403,0.0,0.0,0.0,0.0,0.0,0.0,0.0,0
2020-10-05,0.9025101296005803,-9.99900009998056e-05,0.0,0.0,9.999000099990002e-05,0.09999000099990002,0.1,0.0,1
2020-10-06,0.9023603220367805,-0.0001659898973832563,-6.0786622132069694e-05,4.10958904109589e-06,0.00010109368621016179,0.10110024723315587,0.2,0.0,2
2020-10-07,0.9031783351677348,0.0009065260417344678,0.0009181854895739861,8.21917808219178e-06,3.4402697572561942e-06,0.003437142073761261,0.2,0.0,2
2020-10-08,0.9038335560054337,0.000725461198731292,0.000737237434516025,8.219178082191782e-06,3.5570577026389016e-06,0.0035544664317182974,0.2,0.0,2
2020-10-09,0.9036683068842474,-0.0001828313632397105,-0.00017342959521029488,8.219178082191782e-06,1.1825899473357274e-06,0.0011828048023771237,0.2,0.0,2
2020-10-12,0.9049479235793066,0.0014160247574370732,0.001442322706137389,2.4657534246575345e-05,1.6404144537865266e-06,0.001638092187543899,0.2,0.0,2
2020-10-13,0.9069037412579467,0.0021612488715418987,0.002271537328536821,8.219178082191782e-06,0.00010206927891269433,0.10183878534141086,0.1,0.0,1
2020-10-14,0.9072275553469691,0.00035705452992540465,0.00036238239471977343,4.10958904109589e-06,1.218275753386111e-06,0.001217839434634998,0.1,0.0,1
2020-10-15,0.9066523189713364,-0.00063405963833707,-0.0006285621705323319,4.109589041095891e-06,1.387878763737254e-06,0.0013887573913196405,0.1,0.0,1
2020-10-16,0.9059073694772964,-0.0008216484736784935,-0.0008167221624750587,4.109589041095891e-06,8.167221624750551e-07,0.0008173931046888541,0.1,0.0,1
2020-10-19,0.9061997320039934,0.0003227289417742085,0.00033674990854006817,1.2328767123287673e-05,1.6921996424609495e-06,0.0016916508351661264,0.1,0.0,1
2020-10-20,0.9065674498419575,0.00040578012217129533,0.0004108045388511394,4.10958904109589e-06,9.148276388393313e-07,0.0009144557343103625,0.1,0.0,1
2020-10-21,0.9072731485346417,0.0007784293301147382,0.0008853395819264975,4.10958904109589e-06,0.00010280066277076121,0.10271015150468148,0.2,0.0,2
2020-10-22,0.9111788695150742,0.004304900885406804,0.004318811023412134,8.219178082191782e-06,5.690959923220569e-06,0.005666533808793099,0.2,0.0,2
2020-10-23,0.9112391971412628,6.620832441028845e-05,7.557578088292501e-05,8.21917808219178e-06,1.1482783905831265e-06,0.0011482010516609543,0.2,0.0,2
2020-10-26,0.9112208241413232,-2.0162653227795424e-05,9.826147145442072e-06,2.4657534246575342e-05,5.331266126687485e-06,0.005331345197931886,0.2,0.0,2
2020-10-27,0.9120099022891868,0.0008659571060694038,0.0008782644876336898,8.21917808219178e-06,4.0882034820695726e-06,0.004084649651798863,0.2,0.0,2
2020-10-28,0.9128691908153401,0.0009421921012002787,0.0009561571675300083,8.219178082191782e-06,5.745888247583454e-06,0.005740446660117929,0.2,0.0,2
2020-10-29,0.9148818274138695,0.002204737128582268,0.002217062618000076,8.219178082191782e-06,4.106311335670949e-06,0.004097261127308264,0.2,0.0,2
2020-10-30,0.9146849581292252,-0.0002151854794194552,-7.74983886324681e-06,8.219178082191782e-06,0.0001992164624740974,0.19921964381596532,0.0,0.0,0
2020-11-02,0.9146849581292252,0.0,0.0,0.0,0.0,0.0,0.0,0.0,0
2020-11-03,0.9145934987793473,-9.999000099991662e-05,0.0,0.0,9.999000099990002e-05,0.09999000099990002,0.1,0.0,1
2020-11-04,0.912482208784065,-0.00230844631861038,-0.002102695723110026,4.109589041095891e-06,0.00020164100645938797,0.20206672170207884,0.3,0.0,3
2020-11-05,0.9147928882508753,0.0025323008433111305,0.0028524391350605366,1.2328767123287671e-05,0.0003078095246260987,0.3069377874336965,0.4,0.0,4
2020-11-06,0.9127195687402676,-0.0022664359739088535,-0.0020456759896309244,1.6438356164383563e-05,0.00020432162811356708,0.20474383330944762,0.4,0.0,4
2020-11-09,0.9147675255286603,0.002243796296839795,0.002317935920062946,4.9315068493150684e-05,2.4824554730099815e-05,0.02476836470147875,0.4,0.0,4
2020-11-10,0.9140449635586624,-0.0007898858997866798,-0.00056976144453732,1.643835616438356e-05,0.00020368609908511713,0.20380556986955653,0.2,0.0,2
2020-11-11,0.9120622376578471,-0.0021691776442768207,-0.001955756038169226,8.21917808219178e-06,0.00020520242802536638,0.20560623357240937,0.2,0.0,2
2020-11-12,0.9129887278523506,0.0010158190485802798,0.0010292601262275383,8.219178082191782e-06,5.2218995651450425e-06,0.00521657323026794,0.2,0.0,2
2020-11-13,0.9137146062456342,0.0007950573442359055,0.0008062412431898426,8.219178082191782e-06,2.964720871798001e-06,0.002962356845670433,0.2,0.0,2
2020-11-16,0.9148442416688578,0.0012363110051016868,0.0013655208008690912,2.465753424657534e-05,0.00010455226152086712,0.10441225895824494,0.30000000000000004,0.0,3
2020-11-17,0.9144071450452443,-0.00047778255981156814,-0.00036866569880381625,1.2328767123287671e-05,9.678809388454191e-05,0.0968249836674827,0.2,0.0,2
2020-11-18,0.9147074560606421,0.0003284215538177371,0.0003384026676856,8.219178082191782e-06,1.7619357857599973e-06,0.001761354215678637,0.2,0.0,2
2020-11-19,0.9144602144000162,-0.0002702958842061287,-0.00026135140257207425,8.219178082191782e-06,7.253035519256386e-07,0.0007254991251460683,0.2,0.0,2
2020-11-20,0.9137430770091269,-0.000784219345572934,-0.0007751702622920298,8.219178082191782e-06,8.299051988658682e-07,0.0008305558475464772,0.2,0.0,2
2020-11-23,0.9139242020153149,0.00019822312282880006,0.0002289440956032785,2.465753424657535e-05,6.0634385278377155e-06,0.0060622001018246574,0.2,0.0,2
2020-11-24,0.9150226067002972,0.0012018553426642598,0.0012166441505190697,8.21917808219178e-06,6.569629772682032e-06,0.006561700449996605,0.2,0.0,2
2020-11-25,0.91434931265208,-0.0007358223100577543,-0.0006245161023760436,8.21917808219178e-06,0.00010308702959954663,0.1031522976975602,0.3,0.0,3
2020-11-27,0.9147893848142569,0.00048129544812636205,0.0005091484073832198,2.4657534246575345e-05,3.195425010387028e-06,0.003193877605837084,0.3,0.0,3
2020-11-30,0.9137862944609922,-0.0010965260090641804,-0.000765168104405356,3.698630136986301e-05,0.00029437160328897653,0.29460792433345684,0.0,0.0,0
2020-12-01,0.9137862944609922,0.0,0.0,0.0,0.0,0.0,0.0,0.0,0
2020-12-02,0.9137862944609922,0.0,0.0,0.0,0.0,0.0,0.0,0.0,0
2020-12-03,0.913603573746243,-0.00019996000799837876,0.0,0.0,0.00019996000799840034,0.19996000799840033,0.2,0.0,2
2020-12-04,0.9134156272513335,-0.00020571996466567377,-9.382278742385854e-05,8.21917808219178e-06,0.00010367799915954689,0.10368857974602472,0.30000000000000004,0.0,3
2020-12-07,0.9143028561157499,0.0009713309450225527,0.0011119119806280555,3.698630136986301e-05,0.00010359473423565682,0.1034834971671724,0.39999999999999997,0.0,4
2020-12-08,0.9142209499788506,-8.958315765006386e-05,-7.048808314859561e-05,1.6438356164383563e-05,2.6567183370345287e-06,0.00265694929617628,0.4,0.0,4
2020-12-09,0.9165940106764288,0.0025957190082255277,0.0026157186951830114,1.643835616438356e-05,3.5613307930004556e-06,0.0035520978947802834,0.4000000000000001,0.0,4
2020-12-10,0.9159079357053359,-0.0007485047503055231,-0.000630046925616834,1.6438356164383563e-05,0.00010201946852432994,0.1020854652751141,0.3,0.0,3
2020-12-11,0.9157776274015853,-0.0001422722728680048,-0.0001267084599403002,1.2328767123287673e-05,3.235045804342123e-06,0.003235495658686683,0.3,0.0,3
2020-12-14,0.9170841358717208,0.0014266656348032036,0.0014694438990721708,3.698630136986301e-05,5.79196289894838e-06,0.005783678025418206,0.3,0.0,3
2020-12-15,0.9168033865140652,-0.00030613260733014513,-0.00028913950319768843,1.2328767123287671e-05,4.664337009209276e-06,0.004665743582856961,0.30000000000000004,0.0,3
2020-12-16,0.916568256552704,-0.0002564671605929103,-0.00014205278806710963,1.2328767123287674e-05,0.0001020856054025102,0.10210136797048454,0.4000000000000001,0.0,4
2020-12-17,0.9158937673183143,-0.0007358854395923542,-0.0007169648002967211,1.643835616438356e-05,2.4822831313723674e-06,0.002484104981807005,0.4,0.0,4
2020-12-18,0.9146419541202462,-0.0013667668049902604,-0.0013433183232053386,1.643835616438356e-05,7.010125620527784e-06,0.007019670664600951,0.4000000000000001,0.0,4
2020-12-21,0.9147430492394117,0.00011052972008362971,0.00016610270670005544,4.9315068493150684e-05,6.257918123436063e-06,0.006257187361302318,0.39999999999999997,0.0,4
2020-12-22,0.9139232666600214,-0.0008961889134571077,-0.0008760987146546217,1.643835616438356e-05,3.651842638130562e-06,0.003655104954800455,0.4,0.0,4
2020-12-23,0.9155515779126343,0.001781671735487933,0.0021072557806171735,1.6438356164383563e-05,0.00030914568896490426,0.30850067038780216,0.30000000000000004,0.0,3
2020-12-24,0.9150234568606717,-0.0005768337521373512,-0.0005619464987393074,1.2328767123287673e-05,2.5584862747834806e-06,0.002559956394422484,0.3,0.0,3
2020-12-28,0.9159223777085352,0.0009824019713633447,0.0010336733360319706,4.931506849315069e-05,1.9562961755113453e-06,0.0019543723729082236,0.30000000000000004,0.0,3
2020-12-29,0.9154950550435638,-0.00046654899516762605,-0.00045147575904035396,1.2328767123287673e-05,2.7444690039932487e-06,0.00274574249178862,0.30000000000000004,0.0,3
2020-12-30,0.9154271740876327,-7.41467204623536e-05,-5.974187359152891e-05,1.2328767123287671e-05,2.0760797475304817e-06,0.0020762293827123646,0.3,0.0,3
2020-12-31,0.9161201719923058,0.0007570213385501567,0.001073763991236332,1.2328767123287671e-05,0.0003044138855629031,0.3040911125447084,0.0,0.0,0
2021-01-04,0.9161201719923058,0.0,0.0,0.0,0.0,0.0,0.0,0.0,0
2021-01-05,0.9160285691353922,-9.999000099991662e-05,0.0,0.0,9.999000099990002e-05,0.09999000099990002,0.1,0.0,1
2021-01-06,0.9158183887364271,-0.00022944742778441274,-0.00012452134459739478,4.109589041095891e-06,0.0001008164941458507,0.10082946393393478,0.2,0.0,2
2021-01-07,0.9166669574753855,0.0009265687928905475,0.0011363548478100281,8.219178082191782e-06,0.00020156687683732175,0.20133973829681542,0.2,0.0,2
2021-01-08,0.9164795185444954,-0.00020447876882823124,-9.396620481656459e-05,8.21917808219178e-06,0.00010229338592958357,0.1023038398866344,0.3,0.0,3
2021-01-11,0.9152095585705573,-0.0013856937861033147,-0.0013461430727079783,3.6986301369863026e-05,2.5644120254571097e-06,0.0025679638516919547,0.30000000000000004,0.0,3
2021-01-12,0.9153330326402755,0.00013491343983673687,0.00015098144181159857,1.2328767123287671e-05,3.7392348515698105e-06,0.003738716468531547,0.3,0.0,3
2021-01-13,0.9158987556053061,0.0006180515122444774,0.0007344788714827076,1.2328767123287673e-05,0.00010409859211503401,0.10402347155419532,0.4,0.0,4
2021-01-14,0.9166711334128886,0.0008433004225145702,0.0008644256829036688,1.643835616438356e-05,4.686904224638992e-06,0.004682933156670169,0.4,0.0,4
2021-01-15,0.9169176895750525,0.0002689690480879303,0.0002897928275339636,1.643835616438356e-05,4.385423281579098e-06,0.004384224834117202,0.4,0.0,4
2021-01-19,0.9190556169861834,0.002331645943183691,0.0024022845041476227,6.575342465753424e-05,4.8851363065065115e-06,0.004873748641332416,0.4,0.0,4
2021-01-20,0.9202578753266595,0.0013081453594925296,0.001427956562444349,1.6438356164383563e-05,0.0001033728467873203,0.10322713980011025,0.5000000000000001,0.0,5
2021-01-21,0.9203727844484674,0.00012486621944640675,0.0002461394057583224,2.054794520547945e-05,0.00010072524110636534,0.1007025234770128,0.4000000000000001,0.0,4
2021-01-22,0.9213747147356279,0.0010886135532146568,0.0013088762101010787,1.6438356164383563e-05,0.00020382430072203833,0.20356121050798462,0.2,0.0,2
2021-01-25,0.9218721966030934,0.0005399343605909657,0.0005681545481166951,2.4657534246575345e-05,3.562653279108513e-06,0.003560718039486819,0.2,0.0,2
2021-01-26,0.9211539823195465,-0.0007790822699647038,-0.0007667287727365191,8.219178082191782e-06,4.134319145981335e-06,0.004137525512899016,0.2,0.0,2
2021-01-27,0.9191920681378255,-0.00212984389079085,-0.0021132319805034776,8.219178082191782e-06,8.392732205218886e-06,0.008410574828934099,0.2,0.0,2
2021-01-28,0.922372923078908,0.0034604899795604993,0.0036671867846307053,8.219178082191782e-06,0.0001984776269880946,0.19775405132025003,0.2,0.0,2
2021-01-29,0.9202578030682786,-0.002293128904487962,-0.002090558573350293,8.21917808219178e-06,0.0001943511530553342,0.1947599108230406,0.0,0.0,0
2021-02-01,0.9202578030682786,0.0,0.0,0.0,0.0,0.0,0.0,0.0,0
2021-02-02,0.9200737883106165,-0.00019996000799848979,0.0,0.0,0.00019996000799840034,0.19996000799840033,0.2,0.0,2
2021-02-03,0.9183194009925716,-0.0019067898035288744,-0.0018965765402300218,8.21917808219178e-06,1.994085216710153e-06,0.0019978907905336164,0.2,0.0,2
2021-02-04,0.9192528731187322,0.0010165004955264845,0.0010260131439007668,8.21917808219178e-06,1.2934702919161573e-06,0.0012921551442074818,0.2,0.0,2
2021-02-05,0.9198483093332218,0.0006477393021024902,0.0007569150539169567,8.21917808219178e-06,0.00010095657373219221,0.10088104451021752,0.30000000000000004,0.0,3
2021-02-08,0.9187719355545265,-0.0011701644366509667,-0.0011316920864264004,3.6986301369863006e-05,1.4860488547107873e-06,0.0014877875999244504,0.3,0.0,3
2021-02-09,0.9172660939404446,-0.0016389721494628473,-0.0015237876070224477,1.2328767123287671e-05,0.00010285577531704309,0.10301401683506996,0.39999999999999997,0.0,4
2021-02-10,0.9163964447894709,-0.0009480881902412808,-0.000929776165266283,1.6438356164383563e-05,1.8736688104579908e-06,0.0018754433822203691,0.4000000000000001,0.0,4
2021-02-11,0.9155013589058962,-0.0009767452598316018,-0.0007573571378361566,1.643835616438356e-05,0.00020294976583102838,0.20310692905753341,0.4,0.0,4
2021-02-12,0.9150023052691398,-0.0005451151239718177,-0.00042606639106616,1.6438356164383563e-05,0.00010261037674122897,0.10265580242113108,0.30000000000000004,0.0,3
2021-02-16,0.9147913737463469,-0.00023052567362757959,-7.828389753536399e-05,4.931506849315069e-05,0.00010292670759902066,0.10293984261650166,0.2,0.0,2
2021-02-17,0.9144673761861934,-0.00035417644880775256,-0.000343907483656203,8.219178082191782e-06,2.0497870693983463e-06,0.002050509108325525,0.2,0.0,2
2021-02-18,0.9153784875831238,0.0009963301268658409,0.0010056841868788023,8.21917808219178e-06,1.1348819307434296e-06,0.001133751053738639,0.2,0.0,2
2021-02-19,0.9161913461277376,0.0008880026739102043,0.000898337078765943,8.219178082191782e-06,2.11522677346627e-06,0.002113345646675832,0.2,0.0,2
2021-02-22,0.9162351012610186,4.7757636508993784e-05,7.415458421217145e-05,2.4657534246575345e-05,1.7394134566548652e-06,0.0017393273650813694,0.2,0.0,2
2021-02-23,0.9181028436071517,0.0020384968263740255,0.0021491134606381637,8.219178082191782e-06,0.00010239745618192454,0.10217870238219552,0.3,0.0,3
2021-02-24,0.9168025142702296,-0.0014163220885071715,-0.0013980473595137989,1.2328767123287673e-05,5.945961870092945e-06,0.005954359756943547,0.3,0.0,3
2021-02-25,0.9147768337294377,-0.0022095058742332974,-0.0020945573372531225,1.2328767123287671e-05,0.00010261976985691868,0.10283643451181522,0.4000000000000001,0.0,4
2021-02-26,0.914384932520703,-0.0004284118205497567,-2.1298297310207336e-05,1.6438356164383563e-05,0.00039067516707517514,0.39068991040494006,0.0,0.0,0
2021-03-01,0.914384932520703,0.0,0.0,0.0,0.0,0.0,0.0,0.0,0
2021-03-02,0.9142020921022825,-0.00019996000799837876,0.0,0.0,0.00019996000799840034,0.19996000799840033,0.2,0.0,2
2021-03-03,0.9132004787612457,-0.0010956147986203035,-0.0010853374984299002,8.21917808219178e-06,2.058122108163127e-06,0.002060375245268711,0.2,0.0,2
2021-03-04,0.9141929098377597,0.0010867614500817968,0.0011962855898989156,8.219178082191782e-06,0.00010130496173490712,0.10118474753497265,0.3,0.0,3
2021-03-05,0.9142241423242422,3.416399990241459e-05,0.00025353223151636245,1.2328767123287671e-05,0.00020703946449070486,0.20698953789707095,0.5000000000000001,0.0,5
2021-03-08,0.912561972638545,-0.0018181205338457795,-0.0017443180633161083,6.164383561643837e-05,1.2158634913147322e-05,0.012180632671657227,0.49999999999999994,0.0,5
2021-03-09,0.9129620295028854,0.0004383887082033411,0.0004683359278927874,2.054794520547945e-05,9.399274484024222e-06,0.009395067485707585,0.49999999999999994,0.0,5
2021-03-10,0.9122336127464002,-0.0007978609547231175,-0.0007714440628038056,2.0547945205479453e-05,5.868946713929843e-06,0.005873598557045278,0.5000000000000001,0.0,5
2021-03-11,0.9122385188856883,5.37816105383726e-06,3.06609656710366e-05,2.0547945205479456e-05,4.7348594117464525e-06,0.004734811528500564,0.5000000000000001,0.0,5
2021-03-12,0.9122529554629827,1.5825441477712587e-05,0.00014462219476724098,2.0547945205479453e-05,0.00010824880808407382,0.10823537886066563,0.4,0.0,4
2021-03-15,0.9117588361030791,-0.000541647310589255,-0.00048776755556622075,4.9315068493150684e-05,4.5646865299057055e-06,0.004567139461151946,0.4,0.0,4
2021-03-16,0.9120766472443511,0.00034856930219651083,0.00046617412748651833,1.643835616438356e-05,0.00010116646912552718,0.10112099139846373,0.49999999999999994,0.0,5
2021-03-17,0.9126731302609626,0.0006539834326573235,0.0006799834768439929,2.054794520547945e-05,5.452098981041202e-06,0.005448506042562389,0.5,0.0,5
2021-03-18,0.9125357385624009,-0.00015053768321460215,-0.00012241391166365492,2.0547945205479453e-05,7.575826345433784e-06,0.007576909554493024,0.5000000000000001,0.0,5
2021-03-19,0.9114017354130223,-0.0012426945065900918,-0.0012188362920499685,2.0547945205479456e-05,3.310269334716574e-06,0.0033143771214772526,0.5,0.0,5
2021-03-22,0.9125830141530322,0.001296112015273465,0.001364262284622675,6.164383561643835e-05,6.506433732568011e-06,0.006497969357801462,0.5,0.0,5
2021-03-23,0.9114339816886986,-0.001259099113739337,-0.0012349695629592095,2.0547945205479453e-05,3.5816055747198834e-06,0.0035861079960951498,0.5,0.0,5
2021-03-24,0.9099721276847091,-0.0016039055305804295,-0.0013769895507460717,2.0547945205479453e-05,0.00020636803462876246,0.2066568453188907,0.5000000000000001,0.0,5
2021-03-25,0.9102499457329205,0.0003053039096023724,0.0003318022828135593,2.0547945205479453e-05,5.950428005586817e-06,0.005948576485353158,0.5,0.0,5
2021-03-26,0.9107612223986145,0.000561688213320588,0.0005927292914757854,2.0547945205479453e-05,1.0493132949599734e-05,0.010487132408059974,0.5000000000000001,0.0,5
2021-03-29,0.9103526014828224,-0.0004486586667753478,-0.00038154669924745364,6.164383561643835e-05,5.468131911519258e-06,0.00547055641034076,0.5,0.0,5
2021-03-30,0.9107294755344415,0.00041398690024641027,0.000538232993360277,2.0547945205479453e-05,0.00010369814790852528,0.10364449270432866,0.4000000000000001,0.0,4
2021-03-31,0.9099423067413654,-0.0008643277880230338,-0.0004447098409683994,1.6438356164383563e-05,0.0004031795908903089,0.4033656022105536,0.0,0.0,0
2021-04-01,0.9099423067413654,0.0,0.0,0.0,0.0,0.0,0.0,0.0,0
2021-04-05,0.9098513216092046,-9.99900009998056e-05,0.0,0.0,9.999000099990003e-05,0.09999000099990003,0.1,0.0,1
2021-04-06,0.9098738853924655,2.479941802024932e-05,2.9401629088754446e-05,4.109589041095891e-06,4.926220273885353e-07,0.0004926095682876063,0.1,0.0,1
2021-04-07,0.9099477984297428,8.123437595464189e-05,8.603734438453749e-05,4.10958904109589e-06,6.933793887151897e-07,0.000693322586351961,0.1,0.0,1
2021-04-08,0.9097827936927035,-0.00018133428898237103,-0.00017704765228906407,4.10958904109589e-06,1.7704765228906955e-07,0.0001770797315647353,0.1,0.0,1
2021-04-09,0.9095901919247587,-0.0002117008249442609,-0.00010631247615380254,4.109589041095891e-06,0.00010127875974936604,0.10128994439420952,0.2,0.0,2
2021-04-12,0.909554900130983,-3.879966394648715e-05,-1.2506586958610517e-05,2.4657534246575345e-05,1.6355427413165508e-06,0.0016356035270842751,0.2,0.0,2
2021-04-13,0.9095485935590268,-6.933690264498971e-06,2.0949150874360795e-06,8.21917808219178e-06,8.094272696828788e-07,0.0008094322268587125,0.2,0.0,2
2021-04-14,0.9095360695198661,-1.3769510776473481e-05,9.48973468141601e-05,8.219178082191782e-06,0.00010044767950846882,0.1004389736421642,0.30000000000000004,0.0,3
2021-04-15,0.910043721961847,0.0005581443760100946,0.0005740853201904926,1.2328767123287671e-05,3.6121770570099882e-06,0.003610149032133638,0.30000000000000004,0.0,3
2021-04-16,0.9095648341379302,-0.0005262250728838014,-0.0005121815283776199,1.2328767123287671e-05,1.7147773828577102e-06,0.0017156772732512874,0.30000000000000004,0.0,3
2021-04-19,0.9092936172481649,-0.0002981831306422267,-0.0002597320530721148,3.698630136986302e-05,1.46477620022534e-06,0.0014652109552088799,0.3,0.0,3
2021-04-20,0.908804275116373,-0.0005381563474214923,-0.0005232555965136165,1.2328767123287673e-05,2.5719837845147027e-06,0.0025733620369836887,0.3,0.0,3
2021-04-21,0.9079797018119123,-0.0009073167094807433,-0.000892990885823347,1.2328767123287673e-05,1.997056534101681e-06,0.0019988661469080866,0.3,0.0,3
2021-04-22,0.9071332660598861,-0.0009322188043819901,-0.0009165151222350898,1.2328767123287671e-05,3.3749150236254373e-06,0.003378052707240488,0.3,0.0,3
2021-04-23,0.9062086615124921,-0.0010192598838425493,-0.0009032466318397046,1.2328767123287671e-05,0.00010368448487952464,0.10377950283924087,0.2,0.0,2
2021-04-26,0.9061111915101643,-0.00010755801226303152,-8.050750025879178e-05,2.4657534246575342e-05,2.39297775775658e-06,0.0023932294418134077,0.2,0.0,2
2021-04-27,0.9059953031841079,-0.00012789636320820197,-0.00011892681941252367,8.21917808219178e-06,7.503657134750973e-07,0.000750461131604256,0.2,0.0,2
2021-04-28,0.9050040860560563,-0.0010940643119980997,-0.0009849695707763674,8.21917808219178e-06,0.00010087556313957657,0.10097585121891361,0.3,0.0,3
2021-04-29,0.9043801577942089,-0.0006894203810354771,-0.0005716987309455249,1.2328767123287673e-05,0.00010539288296676459,0.10545447127778511,0.4,0.0,4
2021-04-30,0.9037806544292986,-0.0006628886754576069,-0.000246582818237473,1.643835616438356e-05,0.0003998675010557909,0.39997270234569055,0.0,0.0,0
2021-05-03,0.9037806544292986,0.0,0.0,0.0,0.0,0.0,0.0,0.0,0
2021-05-04,0.9037806544292986,0.0,0.0,0.0,0.0,0.0,0.0,0.0,0
2021-05-05,0.9037806544292986,0.0,0.0,0.0,0.0,0.0,0.0,0.0,0
2021-05-06,0.9037806544292986,0.0,0.0,0.0,0.0,0.0,0.0,0.0,0
2021-05-07,0.9037806544292986,0.0,0.0,0.0,0.0,0.0,0.0,0.0,0
2021-05-10,0.9037806544292986,0.0,0.0,0.0,0.0,0.0,0.0,0.0,0
2021-05-11,0.9037806544292986,0.0,0.0,0.0,0.0,0.0,0.0,0.0,0
2021-05-12,0.9037806544292986,0.0,0.0,0.0,0.0,0.0,0.0,0.0,0
2021-05-13,0.9037806544292986,0.0,0.0,0.0,0.0,0.0,0.0,0.0,0
2021-05-14,0.9037806544292986,0.0,0.0,0.0,0.0,0.0,0.0,0.0,0
2021-05-17,0.9037806544292986,0.0,0.0,0.0,0.0,0.0,0.0,0.0,0
2021-05-18,0.9036902854007585,-9.999000099991662e-05,0.0,0.0,9.999000099990002e-05,0.0999900009999,0.1,0.0,1
2021-05-19,0.9035508822066471,-0.00015425992329831661,-0.0001500003339232836,4.10958904109589e-06,1.5000033392328048e-07,0.0001500234540262233,0.1,0.0,1
2021-05-20,0.903781015077895,0.00025469829732860383,0.00035927113650928715,4.109589041095891e-06,0.00010046325013948935,0.1004275821240137,0.2,0.0,2
2021-05-21,0.9038675270803409,9.57223055171319e-05,0.00010464250456224121,8.21917808219178e-06,7.010209629171149e-07,0.0007009533746610226,0.2,0.0,2
2021-05-24,0.9037628793466158,-0.0001157777335614174,-9.010806957048811e-05,2.4657534246575345e-05,1.0121297443693645e-06,0.0010122459153830547,0.2,0.0,2
2021-05-25,0.9034912317642213,-0.000300573954299721,-0.0002913012456688957,8.219178082191782e-06,1.0535305486311025e-06,0.0010538461970906235,0.2,0.0,2
2021-05-26,0.9033658065693426,-0.00013882281362465054,-0.00013025957773118435,8.219178082191782e-06,3.4405781127978517e-07,0.00034410546257611124,0.2,0.0,2
2021-05-27,0.9038961719337669,0.0005870992244421114,0.0005973669687330097,8.219178082191782e-06,2.0485662089388174e-06,0.0020473600113114863,0.2,0.0,2
2021-05-28,0.9028543037076001,-0.0011526414852912614,-0.0009436851318680217,8.21917808219178e-06,0.00020073717534102622,0.20092843998904336,0.0,0.0,0
2021-06-01,0.9028543037076001,0.0,0.0,0.0,0.0,0.0,0.0,0.0,0
2021-06-02,0.9028543037076001,0.0,0.0,0.0,0.0,0.0,0.0,0.0,0
2021-06-03,0.9027640273048696,-9.999000099991662e-05,0.0,0.0,9.999000099990002e-05,0.09999000099990002,0.1,0.0,1
2021-06-04,0.9027612041807498,-3.127200502439642e-06,1.1975874204317442e-06,4.109589041095891e-06,2.1519888179353738e-07,0.00021519950845485478,0.1,0.0,1
2021-06-07,0.9030682234445669,0.0003400891203513279,0.00035306677171095813,1.2328767123287671e-05,6.488842363887202e-07,0.0006486632121801524,0.1,0.0,1
2021-06-08,0.9026451952962732,-0.0004684343190376472,-0.0004631827616009276,4.10958904109589e-06,1.1419683956095957e-06,0.0011425022781847826,0.1,0.0,1
2021-06-09,0.9041863326675887,0.0017073567547321034,0.0017131795232964934,4.109589041095891e-06,1.7131795232964881e-06,0.0017102565752039444,0.1,0.0,1
2021-06-10,0.9053667533736832,0.0013055060261881746,0.001311216651039149,4.10958904109589e-06,1.6010358098739912e-06,0.0015989458165054846,0.1,0.0,1
2021-06-11,0.9048677108189888,-0.0005512048601683528,-0.0003468777161328762,4.109589041095891e-06,0.00020021755499430524,0.20028785348826017,0.10000000000000002,0.0,1
2021-06-14,0.9045304674831789,-0.00037269904957115685,-0.00026014740494786367,1.2328767123287674e-05,0.00010022287749999075,0.10025019328890751,0.2,0.0,2
2021-06-15,0.9048341052946421,0.0003356855544160986,0.0005450488183096347,8.21917808219178e-06,0.0002011440858115063,0.20103616364010668,0.39999999999999997,0.0,4
2021-06-16,0.9048466631187532,1.3878592813432178e-05,3.664195376354995e-05,1.6438356164383563e-05,6.325004785820665e-06,0.006324877000550882,0.4000000000000001,0.0,4
2021-06-17,0.9058131520026214,0.001068124493642797,0.0010858420757921038,1.643835616438356e-05,1.2792259848249355e-06,0.0012778594371896433,0.4,0.0,4
2021-06-18,0.9051789986327072,-0.0007000929148711643,-0.0006732311347927845,1.643835616438356e-05,1.0423423914016779e-05,0.010430617592742332,0.4,0.0,4
2021-06-21,0.9059121334935223,0.0008099335732738577,0.0008642251952631355,4.931506849315069e-05,4.97655349607004e-06,0.004972501354360994,0.4000000000000001,0.0,4
2021-06-22,0.9061273928227562,0.00023761612332506843,0.0002583516938610474,1.643835616438356e-05,4.297214371626786e-06,0.004296175069576375,0.4,0.0,4
2021-06-23,0.9058329888966777,-0.0003249034610479651,-0.00030427941170538286,1.6438356164383563e-05,4.185693178260725e-06,0.004187036035111896,0.4,0.0,4
2021-06-24,0.9046114208646806,-0.0013485576778176078,-0.001330091751018575,1.643835616438356e-05,2.027570634762797e-06,0.002030304500900008,0.4,0.0,4
2021-06-25,0.9044612430962168,-0.00016601356670942202,-4.600322749160883e-05,1.643835616438356e-05,0.00010357198305331669,0.10357845065580829,0.3,0.0,3
2021-06-28,0.9049659481292694,0.0005580173135169009,0.0005962025708833252,3.6986301369863006e-05,1.1989559965546595e-06,0.0011982858955863192,0.30000000000000004,0.0,3
2021-06-29,0.905234445637275,0.0002966934927888243,0.0003144786233795107,1.232876712328767e-05,5.456363467272599e-06,0.005454715325820984,0.3,0.0,3
2021-06-30,0.9060254118506078,0.0008737694606573143,0.0011853371656733894,1.232876712328767e-05,0.0002992389378928845,0.29888833936058584,0.0,0.0,0
2021-07-01,0.9060254118506078,0.0,0.0,0.0,0.0,0.0,0.0,0.0,0
2021-07-02,0.9060254118506078,0.0,0.0,0.0,0.0,0.0,0.0,0.0,0
2021-07-06,0.9060254118506078,0.0,0.0,0.0,0.0,0.0,0.0,0.0,0
2021-07-07,0.9060254118506078,0.0,0.0,0.0,0.0,0.0,0.0,0.0,0
2021-07-08,0.9059348183687709,-9.999000099991662e-05,0.0,0.0,9.999000099990002e-05,0.09999000099990002,0.1,0.0,1
2021-07-09,0.9057933239005856,-0.00015618614641610407,-4.805941816318216e-05,4.109589041095891e-06,0.00010401713921186228,0.10402256596585557,0.2,0.0,2
2021-07-12,0.9057391918385308,-5.9762045740985315e-05,-3.361941765210312e-05,2.465753424657535e-05,1.485093842219932e-06,0.0014851803940063143,0.2,0.0,2
2021-07-13,0.9063306193016561,0.0006529776655956887,0.0006638312553500114,8.219178082191782e-06,2.6344116720518085e-06,0.002632685651543007,0.2,0.0,2
2021-07-14,0.9061086612505961,-0.00024489744286815274,-0.00023595386134158685,8.219178082191782e-06,7.244034442864938e-07,0.0007245803672770786,0.2,0.0,2
2021-07-15,0.9064673012858266,0.0003958024578814001,0.00040501473050738037,8.21917808219178e-06,9.930945438617053e-07,0.0009927006446610142,0.2,0.0,2
2021-07-16,0.9064284180287325,-4.2895377515450583e-05,-2.9753601092818824e-05,8.219178082191782e-06,4.922598340450026e-06,0.004922785272288096,0.2,0.0,2
2021-07-19,0.9061373951713533,-0.00032106546042787176,-0.0002901280255575845,2.465753424657534e-05,6.2799006236585216e-06,0.006281878068162829,0.2,0.0,2
2021-07-20,0.9062019168817097,7.120521755332732e-05,0.00018370076654595767,8.21917808219178e-06,0.00010427637091038711,0.10425807553768157,0.30000000000000004,0.0,3
2021-07-21,0.9055396379599094,-0.0007308293101819796,-0.00071475320931203,1.2328767123287673e-05,3.747333746717298e-06,0.0037500603480068785,0.30000000000000004,0.0,3
2021-07-22,0.9056846588269934,0.00016014855783752502,0.00027689425280165707,1.2328767123287673e-05,0.0001044169278408864,0.10438931003237803,0.4,0.0,4
2021-07-23,0.9058692665664425,0.0002038322474051668,0.00042292062925034505,1.643835616438356e-05,0.00020265002568077364,0.20256768550751478,0.4,0.0,4
2021-07-26,0.9053531368591862,-0.0005697618037232566,-0.0005193142730553989,4.9315068493150684e-05,1.1324621747197675e-06,0.001133106492318399,0.4,0.0,4
2021-07-27,0.904695113944711,-0.0007268135357192396,-0.0007065922731765039,1.643835616438356e-05,3.782906378342652e-06,0.003785643514555441,0.4,0.0,4
2021-07-28,0.9042168558786912,-0.0005286400453016205,-0.0005094349050570268,1.6438356164383563e-05,2.7667840801486735e-06,0.0027682398234524755,0.4,0.0,4
2021-07-29,0.9030670027642872,-0.0012716563586802065,-0.0010536572819841992,1.643835616438356e-05,0.00020156072053156707,0.20177664083480468,0.4,0.0,4
2021-07-30,0.9035551181604381,0.0005405085056333636,0.0009553855606134034,1.6438356164383563e-05,0.00039843869881568363,0.3980649368560335,0.0,0.0,0
2021-08-02,0.9035551181604381,0.0,0.0,0.0,0.0,0.0,0.0,0.0,0
2021-08-03,0.9031938406241884,-0.0003998400639744215,0.0,0.0,0.0003998400639744103,0.3998400639744103,0.4,0.0,4
2021-08-04,0.9022349227039063,-0.0010616967002559097,-0.0009433850989550575,1.6438356164383563e-05,0.00010187324513632136,0.10197111940847442,0.5,0.0,5
2021-08-05,0.9011018919095052,-0.001255804631243418,-0.001129792693270548,2.0547945205479453e-05,0.00010546399276740175,0.10558545200367343,0.5999999999999999,0.0,6
2021-08-06,0.9025248005641938,0.0015790763147476294,0.0016070982852213257,2.4657534246575342e-05,3.3644362270537084e-06,0.003359120617700819,0.6000000000000001,0.0,6
2021-08-09,0.9018438071320366,-0.000754542625013177,-0.0006782950221046802,7.397260273972603e-05,2.2750001688329243e-06,0.0022767128662132432,0.6000000000000001,0.0,6
2021-08-10,0.9037333110067376,0.0020951564558722158,0.002225736201019452,2.4657534246575345e-05,0.00010592221090081114,0.10568957982136615,0.5000000000000001,0.0,5
2021-08-11,0.9025682700224242,-0.001289142460639825,-0.001163624863577112,2.0547945205479453e-05,0.0001049696518572333,0.10509410143451547,0.4000000000000001,0.0,4
2021-08-12,0.9024058715779573,-0.00017992926392473851,3.790728041638831e-05,1.643835616438356e-05,0.00020139818817678992,0.20139386446716886,0.2,0.0,2
2021-08-13,0.9021353325648537,-0.00029979748760999847,-0.0001898811866893557,8.219178082191782e-06,0.00010169712283844302,0.10171727306734121,0.30000000000000004,0.0,3
2021-08-16,0.9028094656690688,0.0007472638304704127,0.0007863400073402415,3.698630136986301e-05,2.0898754999780874e-06,0.002088310616678262,0.3,0.0,3
2021-08-17,0.9020597918215967,-0.0008303788074669471,-0.0008144518475884821,1.2328767123287673e-05,3.5981927551851896e-06,0.0036011701328413017,0.3,0.0,3
2021-08-18,0.9023100247147564,0.0002774016705193727,0.0003934675612223549,1.2328767123287673e-05,0.00010373712357958649,0.10369760040121861,0.4,0.0,4
2021-08-19,0.9039767067784796,0.0018471279472376256,0.0018675446355636725,1.643835616438356e-05,3.9783321617245196e-06,0.003970981453021453,0.4,0.0,4
2021-08-20,0.9039258849751658,-5.622025759377536e-05,-3.6864260854363444e-05,1.6438356164383563e-05,2.9176405749646687e-06,0.002917796101132786,0.4,0.0,4
2021-08-23,0.904252146499914,0.00036093835807915475,0.0004134030501879826,4.9315068493150684e-05,3.1496236156015815e-06,0.0031484772928586126,0.4,0.0,4
2021-08-24,0.9041773628169785,-8.27022454135129e-05,3.578847542858873e-05,1.6438356164383563e-05,0.00010205236467779003,0.10205038999057274,0.30000000000000004,0.0,3
2021-08-25,0.9043214097060829,0.00015931264708468618,0.00017337646345848547,1.2328767123287671e-05,1.735049250506266e-06,0.0017347698698150604,0.3,0.0,3
2021-08-26,0.903909203138951,-0.000455818653310347,-0.000442858527707507,1.2328767123287673e-05,6.313584795029017e-07,0.0006316459967354465,0.3,0.0,3
2021-08-27,0.903729737426835,-0.0001985439593852334,-0.00018500090519338322,1.2328767123287671e-05,1.2142870684790002e-06,0.0012145267306407773,0.30000000000000004,0.0,3
2021-08-30,0.9034799448991854,-0.0002764018016723213,-0.0002365286671497712,3.698630136986301e-05,2.886833152754466e-06,0.0028876229608577014,0.3,0.0,3
2021-08-31,0.9023846715428481,-0.0012122829759763087,-0.0008997484461472471,1.2328767123287671e-05,0.0003002057627057494,0.3004798235058166,0.0,0.0,0
2021-09-01,0.9023846715428481,0.0,0.0,0.0,0.0,0.0,0.0,0.0,0
2021-09-02,0.9022042306967087,-0.00019996000799837876,0.0,0.0,0.00019996000799840034,0.19996000799840033,0.2,0.0,2
2021-09-03,0.9026081416755349,0.0004476935100539148,0.0005576049875686495,8.219178082191782e-06,0.00010169229943253972,0.10163646180269889,0.3,0.0,3
2021-09-07,0.9016719149857378,-0.001037246005846093,-0.00098078034556397,4.9315068493150684e-05,7.150591788848952e-06,0.00715796517595068,0.30000000000000004,0.0,3
2021-09-08,0.9021390753377688,0.0005181045835704889,0.0008339569570642359,1.2328767123287674e-05,0.0003035236063703235,0.30327442755135914,0.6000000000000001,0.0,6
2021-09-09,0.901930914448775,-0.00023074146180379618,-0.0002003825833078175,2.4657534246575345e-05,5.701344249428714e-06,0.005702627569407302,0.6,0.0,6
2021-09-10,0.9032274556311274,0.0014375171774045903,0.0015723466461780688,2.4657534246575342e-05,0.00011017193452692939,0.11000168611503504,0.7,0.0,7
2021-09-13,0.903074186765476,-0.00016969021999480027,-7.526577058697958e-05,8.630136986301371e-05,8.123079544765736e-06,0.008124392179578084,0.6999999999999998,0.0,7
2021-09-14,0.9023482159523897,-0.0008038883446404022,-0.0007698634568642282,2.876712328767123e-05,5.257764488401426e-06,0.005261966856044408,0.7,0.0,7
2021-09-15,0.9006597272497466,-0.0018712163140489624,-0.00173693617166939,2.876712328767123e-05,0.00010551301909195758,0.10569965331809715,0.7999999999999998,0.0,8
2021-09-16,0.9012633411274146,0.0006701908161377279,0.0007098871162227904,3.287671232876712e-05,6.81958775620347e-06,0.0068149739479384484,0.7999999999999997,0.0,8
2021-09-17,0.9026825952277823,0.0015747385204776254,0.0016183191068211648,3.287671232876712e-05,1.0703874014698896e-05,0.010686930502014011,0.7999999999999997,0.0,8
2021-09-20,0.9033876374731155,0.00078105222041569,0.0009861380817369923,9.863013698630137e-05,0.00010645572433500647,0.10636132781155948,0.7000000000000002,0.0,7
2021-09-21,0.9036121666108973,0.0002485412999559955,0.0002818045862647944,2.8767123287671234e-05,4.496163020954822e-06,0.004495025611078178,0.7000000000000001,0.0,7
2021-09-22,0.9041299144655022,0.0005729757452765938,0.0006106790363712421,2.8767123287671238e-05,8.936167806981662e-06,0.008930970768695957,0.7,0.0,7
2021-09-23,0.9047792250340637,0.0007181606959054676,0.0008584851659255542,2.8767123287671234e-05,0.00011155734673242415,0.11146486232503292,0.6000000000000001,0.0,6
2021-09-24,0.9049740910045645,0.0002153740549175609,0.00024342149471682804,2.4657534246575345e-05,3.389905552787109e-06,0.00338916412582026,0.6,0.0,6
2021-09-27,0.9054006138988224,0.0004713095087445218,0.0005545683686463352,7.397260273972603e-05,9.28625716210742e-06,0.009281796370071956,0.6,0.0,6
2021-09-28,0.9060294114176383,0.0006944964573285528,0.0007235831772226309,2.4657534246575342e-05,4.429185647399299e-06,0.0044260921381058015,0.6000000000000001,0.0,6
2021-09-29,0.9059077092426472,-0.00013432475089369955,-2.6867520955042923e-06,2.4657534246575342e-05,0.00010698046455161569,0.10698338993606395,0.5,0.0,5
2021-09-30,0.9044664609732719,-0.0015909438176436863,-0.0010790702278269948,2.0547945205479453e-05,0.0004913256446112864,0.4918665099643492,0.0,0.0,0
2021-10-01,0.9044664609732719,0.0,0.0,0.0,0.0,0.0,0.0,0.0,0
2021-10-04,0.9043760233709348,-9.999000099991662e-05,0.0,0.0,9.999000099990002e-05,0.09999000099990002,0.1,0.0,1
2021-10-05,0.9048291134334921,0.000500997428999117,0.000506610534067986,4.109589041095891e-06,1.5035160276531275e-06,0.0015027608888863125,0.1,0.0,1
2021-10-06,0.9049658700612974,0.00015114083507583587,0.00015585981200816337,4.10958904109589e-06,6.093878913514327e-07,0.000609295430633981,0.1,0.0,1
2021-10-07,0.9056341989421937,0.0007385128025336751,0.0007440338669766343,4.109589041095891e-06,1.4114754018583522e-06,0.001410431789135199,0.1,0.0,1
2021-10-08,0.9050613152743642,-0.000632577334754636,-0.00032994251774171593,4.10958904109589e-06,0.0002985252279718019,0.2986249842769377,0.2,0.0,2
2021-10-11,0.906281379989479,0.0013480464743373943,0.0013745920337602468,2.4657534246575342e-05,1.888025176112256e-06,0.0018854799017447512,0.2,0.0,2
2021-10-12,0.9058991389826578,-0.00042176857569953263,-0.0003126644181064675,8.219178082191782e-06,0.00010088497951093865,0.10091736223705114,0.3,0.0,3
2021-10-13,0.9060681125586486,0.00018652581586575678,0.00020134668173036889,1.2328767123287673e-05,2.492098741421589e-06,0.0024916277791348,0.30000000000000004,0.0,3
2021-10-14,0.9053909840865265,-0.0007473262360043753,-0.0007301560622637428,1.2328767123287671e-05,4.841406617332393e-06,0.004845003959270472,0.3,0.0,3
2021-10-15,0.9053794012617592,-1.2793174408498587e-05,0.00010161008550291216,1.2328767123287671e-05,0.0001020744927881156,0.10206538025640538,0.39999999999999997,0.0,4
2021-10-18,0.9063772079993294,0.001102086855719886,0.0011546599019569394,4.931506849315069e-05,3.2579777438596938e-06,0.0032543805311534583,0.4,0.0,4
2021-10-19,0.9052097933899776,-0.0012880008445144142,-0.0011680485969027487,1.643835616438356e-05,0.00010351389144728114,0.10363664770434655,0.5000000000000001,0.0,5
2021-10-20,0.9040683461000598,-0.0012609754095159742,-0.001036558203994903,2.0547945205479456e-05,0.00020386926031568388,0.20408499982395734,0.5,0.0,5
2021-10-21,0.9034376306966649,-0.0006976412857674363,-0.0006745403176884268,2.0547945205479453e-05,2.5530228735491105e-06,0.0025547986841285048,0.5000000000000001,0.0,5
2021-10-22,0.902581285840849,-0.0009478737952897109,-0.0008222031026937692,2.0547945205479453e-05,0.0001051227473904607,0.1052114144202143,0.6000000000000001,0.0,6
2021-10-25,0.9014244867882373,-0.001281656367973505,-0.0011035136373955035,7.397260273972604e-05,0.00010417012783831793,0.10429293132990226,0.49999999999999994,0.0,5
2021-10-26,0.901595211543684,0.00018939440624143877,0.0003123871771541832,2.0547945205479453e-05,0.00010244482570724029,0.10241493701068302,0.4,0.0,4
2021-10-27,0.8996685165665337,-0.0021369844831490292,-0.002113275749548521,1.6438356164383563e-05,7.270377436216021e-06,0.007285894308096707,0.4000000000000001,0.0,4
2021-10-28,0.8963582007607913,-0.003679483881880996,-0.0034545208940102443,1.643835616438356e-05,0.0002085246317064386,0.20925093316852755,0.2,0.0,2
2021-10-29,0.8971006871289771,0.0008283366711605566,0.001036450336168765,8.21917808219178e-06,0.0001998944869259498,0.19968916030938755,0.0,0.0,0
2021-11-01,0.8971006871289771,0.0,0.0,0.0,0.0,0.0,0.0,0.0,0
2021-11-02,0.8969213028684033,-0.00019996000799848979,0.0,0.0,0.0001999600079984003,0.19996000799840033,0.2,0.0,2
2021-11-03,0.8959473559772718,-0.0010858777554025867,-0.0008749261695314925,8.21917808219178e-06,0.00020273240778896808,0.20291160823175472,0.4,0.0,4
2021-11-04,0.8952986470986569,-0.0007240479859526028,-0.0006058881325835652,1.643835616438356e-05,0.00010172149720461851,0.10178484060708128,0.30000000000000004,0.0,3
2021-11-05,0.8950205963024989,-0.00031056764919634716,-0.00019514748498887806,1.2328767123287671e-05,0.00010309139708419512,0.10311279053952108,0.4000000000000001,0.0,4
2021-11-08,0.8956489181418684,0.0007020194194025109,0.0007578178428341131,4.931506849315068e-05,6.483354938544238e-06,0.006478764715768813,0.39999999999999997,0.0,4
2021-11-09,0.895266731180211,-0.00042671514911252206,-0.000308983326626533,1.6438356164383563e-05,0.00010129346632160474,0.10132644014226705,0.5,0.0,5
2021-11-10,0.8956997743086184,0.00048370291593036185,0.0006060215801166725,2.054794520547945e-05,0.00010177071898088729,0.10171116977260944,0.39999999999999997,0.0,4
2021-11-11,0.8963116909872708,0.0006831716342954319,0.0008035999954495388,1.643835616438356e-05,0.00010399000498971152,0.10390821243087925,0.5,0.0,5
2021-11-12,0.8961729564101867,-0.00015478385307154952,-0.0001318658439860342,2.0547945205479453e-05,2.3700638799812537e-06,0.002370425165462717,0.49999999999999994,0.0,5
2021-11-15,0.8957199694748011,-0.0005054682047090919,-0.00043757649307556477,6.164383561643834e-05,6.247876017186884e-06,0.006250996641785047,0.49999999999999994,0.0,5
2021-11-16,0.8966713524390193,0.0010621432999602387,0.0010870926951894566,2.0547945205479456e-05,4.401450023788575e-06,0.0043967606817665005,0.49999999999999994,0.0,5
2021-11-17,0.8968736060770056,0.00022556049932465072,0.0003482235517330568,2.054794520547945e-05,0.00010211510720288049,0.10208165753383273,0.4,0.0,4
2021-11-18,0.8968180252681717,-6.197172985955568e-05,-4.3207054518534884e-05,1.643835616438356e-05,2.3263191765762206e-06,0.0023264579391154357,0.4,0.0,4
2021-11-19,0.8957339937059374,-0.0012087530933715396,-0.0011884135076804692,1.6438356164383563e-05,3.9012295267224545e-06,0.003905935600510788,0.39999999999999997,0.0,4
2021-11-22,0.8961532429493118,0.0004680510579260222,0.0005208995156484876,4.9315068493150684e-05,3.5333892294009732e-06,0.003531723723421358,0.4,0.0,4
2021-11-23,0.8950885140779222,-0.001188110269941589,-0.001166489047355263,1.6438356164383563e-05,5.182866421920791e-06,0.005189004637703721,0.39999999999999997,0.0,4
2021-11-24,0.8945469683643302,-0.0006050191741650002,-0.0003859507411744289,1.6438356164383563e-05,0.000202630076826219,0.20271164578238546,0.2,0.0,2
2021-11-26,0.8948306454187386,0.0003171181217316299,0.00034242870906794383,1.643835616438356e-05,8.872231171979436e-06,0.008869339852750817,0.2,0.0,2
2021-11-29,0.8951916588041049,0.000403443251764557,0.00043045414462041816,2.4657534246575345e-05,2.3533586093357773e-06,0.0023524040117615746,0.2,0.0,2
2021-11-30,0.8961859830255131,0.0011107389257141165,0.001314879489486892,8.219178082191782e-06,0.00019592138569061003,0.19566571706382022,0.0,0.0,0
2021-12-01,0.8961859830255131,0.0,0.0,0.0,0.0,0.0,0.0,0.0,0
2021-12-02,0.8960067816691792,-0.00019996000799848979,0.0,0.0,0.0001999600079984003,0.19996000799840033,0.2,0.0,2
2021-12-03,0.8959180594430068,-9.90195922481174e-05,-8.813643441604177e-05,8.219178082191782e-06,2.6639797498220996e-06,0.002664236463958424,0.2,0.0,2
2021-12-06,0.8968538728411171,0.0010445301199666357,0.0010721767721525556,2.4657534246575342e-05,2.9891179393752376e-06,0.0029859900573459717,0.2,0.0,2
2021-12-07,0.8968676802380986,1.5395369747039922e-05,0.00012560867363441415,8.21917808219178e-06,0.00010199412580509358,0.10198215417146006,0.30000000000000004,0.0,3
2021-12-08,0.8962865511196676,-0.0006479541310673298,-0.000634707502155202,1.2328767123287674e-05,9.178617887304031e-07,0.0009184560631149772,0.30000000000000004,0.0,3
2021-12-09,0.8966967973375577,0.00045771769907476667,0.00047145915362226126,1.2328767123287671e-05,1.4126874242241575e-06,0.0014120391141599217,0.30000000000000004,0.0,3
2021-12-10,0.8969874355074262,0.0003241208965298892,0.0004391293080447277,1.2328767123287673e-05,0.00010267964439153099,0.10263583935977431,0.39999999999999997,0.0,4
2021-12-13,0.8962205093052454,-0.0008550021681708042,-0.0006999676593896221,4.931506849315069e-05,0.00010571944028796046,0.10579871343657071,0.5000000000000001,0.0,5
2021-12-14,0.8973451250770377,0.0012548427090381953,0.0013789108020266728,2.0547945205479456e-05,0.00010352014778304073,0.10337972061041498,0.4000000000000001,0.0,4
2021-12-15,0.8985145736684746,0.0013032316761474316,0.0014244135142340796,1.643835616438356e-05,0.00010474348192212845,0.10459621305252234,0.49999999999999994,0.0,5
2021-12-16,0.899919717685527,0.0015638522270322586,0.0016904840647675502,2.0547945205479453e-05,0.00010608389252974952,0.10590703454744303,0.39999999999999997,0.0,4
2021-12-17,0.9007948086333715,0.0009724100168568839,0.0012894269745355015,1.6438356164383563e-05,0.0003005786015142406,0.30019645484394886,0.3,0.0,3
2021-12-20,0.9016787188316753,0.0009812558751807199,0.0010234655822384587,3.698630136986301e-05,5.2234056878166836e-06,0.0052182579844328135,0.3,0.0,3
2021-12-21,0.9005847218722158,-0.0012132890980026678,-0.0011946960905561354,1.232876712328767e-05,6.264240323195077e-06,0.006271810554436939,0.30000000000000004,0.0,3
2021-12-22,0.9002214448248889,-0.00040337909194343435,-0.0003898964707199803,1.2328767123287673e-05,1.1538541001431029e-06,0.0011543183961345348,0.3,0.0,3
2021-12-23,0.8998865415599353,-0.0003720232026006576,-0.0003583013606703934,1.2328767123287671e-05,1.393074807046715e-06,0.001393591313973505,0.3,0.0,3
2021-12-27,0.8998241460432292,-6.933709287160195e-05,8.194637717178219e-05,4.9315068493150684e-05,0.00010196840155020494,0.10196507429639112,0.4,0.0,4
2021-12-28,0.8999102098818784,9.564517581317489e-05,0.0001141729291290917,1.6438356164383563e-05,2.089397151630136e-06,0.0020891929652478367,0.4,0.0,4
2021-12-29,0.8997249214902775,-0.00020589653230540517,-0.0001882053958221386,1.643835616438356e-05,1.2527803188961086e-06,0.00125303674503699,0.4,0.0,4
2021-12-30,0.9000911676729523,0.0004070646193372607,0.0004252460221478294,1.6438356164383563e-05,1.7430466461965196e-06,0.001742334366550767,0.4,0.0,4
2021-12-31,0.8999593924760533,-0.00014640205529370398,0.0002709575228681538,1.643835616438356e-05,0.0004009212219975429,0.40081920582727687,0.0,0.0,0
2022-01-03,0.8999593924760533,0.0,0.0,0.0,0.0,0.0,0.0,0.0,0
2022-01-04,0.8998694055354998,-9.99900009998056e-05,0.0,0.0,9.999000099990003e-05,0.09999000099990002,0.1,0.0,1
2022-01-05,0.8998866893628115,1.920703960522907e-05,2.511421777637303e-05,4.109589041095891e-06,1.797589129993442e-06,0.0017975513730942175,0.1,0.0,1
2022-01-06,0.8992105108996443,-0.0007514040058154148,-0.0007465478689052952,4.109589041095891e-06,7.465478689052973e-07,0.0007471086916165558,0.1,0.0,1
2022-01-07,0.8993691774806084,0.00017645098566010375,0.000282222003461119,4.109589041095891e-06,0.00010166142876004586,0.10163316331561102,0.2,0.0,2
2022-01-10,0.8986540914299737,-0.0007950973510543191,-0.0006684203825203349,2.465753424657534e-05,0.0001020194342874331,0.1020901907441564,0.3,0.0,3
2022-01-11,0.8983368371352999,-0.000353032716035373,-0.00033796224348816586,1.2328767123287674e-05,2.7417054238327124e-06,0.0027426661551319636,0.3,0.0,3
2022-01-12,0.8974951363001388,-0.0009369546036264165,-0.0008228017019499434,1.2328767123287671e-05,0.00010182413455320112,0.10190924206633088,0.4,0.0,4
2022-01-13,0.896979423508038,-0.0005746134672403036,-0.0005550879211479621,1.643835616438356e-05,3.087189927908168e-06,0.0030889553470584566,0.4,0.0,4
2022-01-14,0.8937363588436307,-0.0036155396427310915,-0.0035912695480699143,1.643835616438356e-05,7.831738496807948e-06,0.007860095425201483,0.4,0.0,4
2022-01-18,0.8927048830345903,-0.0011541164224033729,-0.000791846512041916,6.575342465753425e-05,0.0002965164857038783,0.2967709964916838,0.30000000000000004,0.0,3
2022-01-19,0.8915013714213128,-0.001348162910441708,-0.0013322188444840233,1.2328767123287671e-05,3.6152988344434566e-06,0.003620166320423203,0.30000000000000004,0.0,3
2022-01-20,0.8916298116697283,0.00014407184613829394,0.0003574888712278734,1.2328767123287673e-05,0.00020108825796624888,0.2010188742706786,0.3,0.0,3
2022-01-21,0.8908873171912357,-0.00083273850736576,-0.0006157070337873827,1.2328767123287673e-05,0.00020470270645509914,0.20483134787471324,0.3,0.0,3
2022-01-24,0.8912772809739397,0.0004377251479270594,0.00047872251810913134,3.698630136986301e-05,4.0110688120542274e-06,0.004009297760029931,0.30000000000000004,0.0,3
2022-01-25,0.8904146709176023,-0.0009678357956064421,-0.0009533867984663825,1.2328767123287671e-05,2.1202300167163685e-06,0.002122279535097945,0.3,0.0,3
2022-01-26,0.8905131037049072,0.00011054713103897384,0.0001242329615527449,1.232876712328767e-05,1.3570633905398934e-06,0.0013569115464463761,0.3,0.0,3
2022-01-27,0.8904880868762826,-2.8092600233065035e-05,-1.1381844827657091e-05,1.2328767123287671e-05,4.381988281952768e-06,0.004382092184040076,0.30000000000000004,0.0,3
2022-01-28,0.8901149913809475,-0.00041897864871365265,-0.00030011051419840404,1.2328767123287673e-05,0.00010653936739209384,0.10657266487891713,0.2,0.0,2
2022-01-31,0.889963646381273,-0.00017002859309189766,5.626692759973519e-05,2.4657534246575342e-05,0.00020163798644492887,0.2016316129919614,0.0,0.0,0
2022-02-01,0.889963646381273,0.0,0.0,0.0,0.0,0.0,0.0,0.0,0
2022-02-02,0.8898746589153814,-9.999000099991662e-05,0.0,0.0,9.999000099990002e-05,0.09999000099990002,0.1,0.0,1
2022-02-03,0.889641572886252,-0.0002619313032393711,-5.7350976590786515e-05,4.10958904109589e-06,0.00020047073760753919,0.2004830594097701,0.3,0.0,3
2022-02-04,0.8895790077860322,-7.032618767677246e-05,-5.3336504322359975e-05,1.2328767123287671e-05,4.660916231082527e-06,0.004661222311510881,0.3,0.0,3
2022-02-07,0.88900184055368,-0.0006488094113062948,-0.00040997365136339334,3.698630136986301e-05,0.00020184945857308934,0.20193971753969586,0.5000000000000001,0.0,5
2022-02-08,0.8885469675972922,-0.0005116670580844751,-0.0004858412590843019,2.0547945205479456e-05,5.2778537946200686e-06,0.005280527796889366,0.5000000000000001,0.0,5
2022-02-09,0.8884490505093887,-0.00011019911324250398,-8.565870285806609e-05,2.0547945205479456e-05,3.9924651788475445e-06,0.003992889250230901,0.5000000000000001,0.0,5
2022-02-10,0.8887064181876974,0.000289681978005385,0.0003210534242417348,2.0547945205479453e-05,1.082350103075379e-05,0.010820249486498557,0.5,0.0,5
2022-02-11,0.888743157364952,4.134006068001739e-05,0.00016518126745036508,2.0547945205479453e-05,0.00010329326156471757,0.10327832407759034,0.6,0.0,6
2022-02-14,0.8889308131019249,0.00021114732126803482,0.0002907521880280096,7.397260273972604e-05,5.632264020275798e-06,0.005631043325039055,0.6,0.0,6
2022-02-15,0.8889335917673881,3.125851216090325e-06,0.00013324876671932373,2.4657534246575345e-05,0.00010546538125665452,0.10545392988443929,0.7000000000000002,0.0,7
2022-02-16,0.889707957800739,0.0008711179783533751,0.0009016770279621943,2.876712328767123e-05,1.7919263209871501e-06,0.0017903634949594325,0.7000000000000001,0.0,7
2022-02-17,0.8895037013713082,-0.00022957693885949926,-0.00018841285180716826,2.8767123287671234e-05,1.2396963764570287e-05,0.012399656721708292,0.7000000000000001,0.0,7
2022-02-18,0.8910122798182418,0.0016959777060039372,0.0019276071111419487,2.8767123287671234e-05,0.0002028622818504837,0.2024778088903097,0.7,0.0,7
2022-02-22,0.8903879871296398,-0.0007006555383606283,-0.00048329345415111253,0.00011506849315068491,0.00010229359105897439,0.1023548362981375,0.6,0.0,6
2022-02-23,0.8900289208792268,-0.000403269423670638,-0.0002709631588382223,2.4657534246575345e-05,0.00010764873058580824,0.1076805631885298,0.5,0.0,5
2022-02-24,0.8909339568174816,0.0010168612693626233,0.0011429735324702595,2.054794520547945e-05,0.00010556431790202898,0.10544596265547071,0.5999999999999999,0.0,6
2022-02-25,0.8899983692167005,-0.0010501200382159182,-0.0009046594507073789,2.4657534246575342e-05,0.0001208030532618698,0.12091542201729334,0.6999999999999998,0.0,7
2022-02-28,0.8888326858525909,-0.0013097589888120265,-0.0005301993164164358,8.63013698630137e-05,0.0006932583025325178,0.6936859604031688,0.0,0.0,0
2022-03-01,0.8888326858525909,0.0,0.0,0.0,0.0,0.0,0.0,0.0,0
2022-03-02,0.8883884916067875,-0.0004997501249376368,0.0,0.0,0.0004997501249375312,0.4997501249375312,0.5,0.0,5
2022-03-03,0.8891709647013734,0.0008807780627264616,0.0009123882828971699,2.0547945205479453e-05,1.106227496521651e-05,0.011052417973039125,0.5000000000000001,0.0,5
2022-03-04,0.8893250642944744,0.0001733070457972108,0.00020626851829662636,2.0547945205479453e-05,1.2413527293908482e-05,0.012411222274594883,0.5000000000000001,0.0,5
2022-03-07,0.8911084647126023,0.0020053414546936654,0.0022710878189548035,6.164383561643835e-05,0.00020410252864464656,0.20365256969983186,0.7000000000000001,0.0,7
2022-03-08,0.8916187200945843,0.0005726074907688172,0.0006114334536331976,2.876712328767123e-05,1.0058839576595083e-05,0.010052982042439386,0.7000000000000002,0.0,7
2022-03-09,0.892352837755966,0.000823353800045501,0.0008625652496807968,2.8767123287671234e-05,1.0444326347566526e-05,0.010435625142874654,0.7000000000000001,0.0,7
2022-03-10,0.8918809205230805,-0.0005288460045380639,-0.0004931223064303492,2.8767123287671234e-05,6.956574819987219e-06,0.006960207278594564,0.7000000000000001,0.0,7
2022-03-11,0.8914928443077775,-0.00043512110907739654,-0.0001061495974553462,2.8767123287671234e-05,0.00030020438833441,0.300244896391251,0.6000000000000001,0.0,6
2022-03-14,0.8934943552891738,0.0022451228791975364,0.002323903810784711,7.397260273972604e-05,4.808328847550395e-06,0.00479753472445217,0.6000000000000001,0.0,6
2022-03-15,0.8931985063977992,-0.00033111444926681166,-2.8039338306307347e-06,2.4657534246575345e-05,0.00030365298118956494,0.3036613201752152,0.5,0.0,5
2022-03-16,0.8935306895990608,0.0003719029967943488,0.00039907637371664487,2.0547945205479456e-05,6.625431716739198e-06,0.006622924751440887,0.49999999999999994,0.0,5
2022-03-17,0.8936987791577037,0.00018811839436461142,0.0002121818756232797,2.054794520547945e-05,3.5155360531679974e-06,0.0035148624862548785,0.49999999999999994,0.0,5
2022-03-18,0.893887528222194,0.00021119986833606497,0.00023642040352341286,2.0547945205479456e-05,4.6725899817184795e-06,0.004671581515932403,0.49999999999999994,0.0,5
2022-03-21,0.8935542012783513,-0.00037289584351363203,-0.00030563250967768907,6.164383561643837e-05,5.619498219458048e-06,0.005621562886529855,0.5000000000000001,0.0,5
2022-03-22,0.8947327571314038,0.0013189528417709706,0.0013441705443164255,2.0547945205479453e-05,4.669757340077248e-06,0.004663584514221359,0.49999999999999994,0.0,5
2022-03-23,0.8930663333526531,-0.0018624821383463885,-0.0018366841482725107,2.0547945205479453e-05,5.250044868442437e-06,0.005259813562997346,0.5000000000000001,0.0,5
2022-03-24,0.8938884275950134,0.0009205298774102033,0.0009451889516007061,2.0547945205479453e-05,4.111128985120425e-06,0.0041073311782861355,0.49999999999999994,0.0,5
2022-03-25,0.893204036973097,-0.000765633160457968,-0.0007363734149723025,2.0547945205479453e-05,8.711800280241832e-06,0.008718399422991656,0.49999999999999994,0.0,5
2022-03-28,0.8937004186969858,0.0005557316171240778,0.0006194384606523273,6.164383561643835e-05,2.063007911940292e-06,0.0020618578187314154,0.49999999999999994,0.0,5
2022-03-29,0.8950902168498163,0.0015551051826256934,0.0015795280907809127,2.0547945205479453e-05,3.874962949739462e-06,0.0038689313625606355,0.5000000000000001,0.0,5
2022-03-30,0.8938008032014119,-0.001440540432831816,-0.0011160148687395844,2.0547945205479456e-05,0.0003039776188868034,0.3043235016622022,0.2,0.0,2
2022-03-31,0.8931562669376818,-0.0007211184655702141,-0.0005182929278220947,8.219178082191782e-06,0.00019460635966594972,0.1947088762464205,0.0,0.0,0
2022-04-01,0.8931562669376818,0.0,0.0,0.0,0.0,0.0,0.0,0.0,0
2022-04-04,0.8930669602416577,-9.999000099991662e-05,0.0,0.0,9.999000099990002e-05,0.09999000099990002,0.1,0.0,1
2022-04-05,0.892538386257061,-0.0005918637774413593,-0.0005865994412594278,4.10958904109589e-06,1.1547471409331515e-06,0.0011554296636693579,0.1,0.0,1
2022-04-06,0.8924083669611287,-0.00014567361800255085,-0.00013878306503841697,4.10958904109589e-06,2.780963923051901e-06,0.0027813613591584655,0.1,0.0,1
2022-04-07,0.892591486528601,0.00020519705355948048,0.00021009730863414403,4.109589041095891e-06,7.906660335979486e-07,0.0007905031996465223,0.1,0.0,1
2022-04-08,0.8923067995214,-0.00031894434519885717,-0.00031415349754838624,4.109589041095891e-06,6.812586095142734e-07,0.000681475498009705,0.1,0.0,1
2022-04-11,0.8931923483787354,0.0009924264365241964,0.0010064757208347321,1.2328767123287673e-05,1.7205171872329125e-06,0.001718808439059208,0.1,0.0,1
2022-04-12,0.8927744001752194,-0.00046792631427561293,-0.00046280951782688994,4.10958904109589e-06,1.0072074076089478e-06,0.0010076779116794797,0.1,0.0,1
2022-04-13,0.8925725024964043,-0.0002261463576637146,-0.00012172196384547252,4.10958904109589e-06,0.00010031480477723052,0.1003274291334355,0.2,0.0,2
2022-04-14,0.8921044688399857,-0.0005243648612404117,-0.0005153249583604246,8.21917808219178e-06,8.207247978426001e-07,0.000821154708575387,0.2,0.0,2
2022-04-18,0.891704551338657,-0.00044828550388131827,-0.00031497291284001143,3.287671232876713e-05,0.00010043587871247679,0.10047082745214642,0.3,0.0,3
2022-04-19,0.8917973485852227,0.00010406725683576035,0.0001191351694137866,1.2328767123287674e-05,2.7391454548268364e-06,0.0027388529277992154,0.30000000000000004,0.0,3
2022-04-20,0.8920101288927624,0.00023859715200691411,0.000253231912713947,1.2328767123287671e-05,2.305993583840613e-06,0.002305438196527105,0.30000000000000004,0.0,3
2022-04-21,0.8914310751084319,-0.0006491560640116134,-0.0006356527803081492,1.2328767123287671e-05,1.1745165802168484e-06,0.0011752781387638668,0.30000000000000004,0.0,3
2022-04-22,0.8905944733546268,-0.0009384929212875592,-0.0009220581721466668,1.2328767123287673e-05,4.105982017591022e-06,0.004109822181760381,0.30000000000000004,0.0,3
2022-04-25,0.8905673323129586,-3.0475196602153254e-05,0.00010946816487302791,3.698630136986301e-05,0.00010295706010531265,0.10294959812659352,0.4,0.0,4
2022-04-26,0.8908138996348023,0.0002768654462130815,0.00029692824831126794,1.6438356164383563e-05,3.6244459337589077e-06,0.003623429598381656,0.4,0.0,4
2022-04-27,0.8906154132040878,-0.00022281469877816207,-0.00010612609256808179,1.643835616438356e-05,0.00010025025004559246,0.10026253866837287,0.3,0.0,3
2022-04-28,0.8903773472763054,-0.000267304971655391,-0.0001508261099413155,1.2328767123287671e-05,0.00010415009459093952,0.10416708995969605,0.4,0.0,4
2022-04-29,0.8917567208384121,0.0015492010958344515,0.0019551496212355693,1.6438356164383563e-05,0.0003895101692366049,0.38875648266429413,0.0,0.0,0
2022-05-02,0.8917567208384121,0.0,0.0,0.0,0.0,0.0,0.0,0.0,0
2022-05-03,0.8916675540830038,-9.99900009998056e-05,0.0,0.0,9.999000099990002e-05,0.09999000099990002,0.1,0.0,1
2022-05-04,0.8917582855439317,0.00010175480818208626,0.00010901269651850671,4.109589041095891e-06,3.1482992954442744e-06,0.0031479690637072487,0.1,0.0,1
2022-05-05,0.8919203485836262,0.00018173426849155128,0.00018788915786718818,4.10958904109589e-06,2.0453003345119813e-06,0.0020449245191655674,0.1,0.0,1
2022-05-06,0.8915751978092818,-0.00038697488502470456,-0.00018210359098499445,4.109589041095891e-06,0.00020076170499860077,0.20079909643689467,0.30000000000000004,0.0,3
2022-05-09,0.8926904163228778,0.0012508406653035653,0.0012974471763211874,3.698630136986301e-05,9.62020964774415e-06,0.009608099014853268,0.30000000000000004,0.0,3
2022-05-10,0.8919008384705779,-0.0008844923591230236,-0.0008696082550135041,1.2328767123287671e-05,2.5553369862701913e-06,0.002557592621890981,0.3,0.0,3
2022-05-11,0.8925754056004107,0.0007563252558318023,0.0007729725889061011,1.2328767123287671e-05,4.318565951074182e-06,0.004315283557297082,0.3,0.0,3
2022-05-12,0.8914080149662668,-0.0013078902094089129,-0.0011914125823576538,1.2328767123287671e-05,0.00010414885992789783,0.1042743793099647,0.2,0.0,2
2022-05-13,0.8917972030237435,0.0004365992350781056,0.00044991419898202627,8.21917808219178e-06,5.095785821746443e-06,0.005093536032242228,0.2,0.0,2
2022-05-16,0.8922650635873061,0.0005246266325753535,0.0005539078619109405,2.465753424657535e-05,4.623695088890782e-06,0.004621249291189201,0.2,0.0,2
2022-05-17,0.8917196393633797,-0.0006112804884834677,-0.0005977486934007681,8.219178082191782e-06,5.312617000448254e-06,0.005315838227624195,0.2,0.0,2
2022-05-18,0.891387764984002,-0.0003721734553414624,-0.0002632468462439251,8.21917808219178e-06,0.00010070743101542009,0.10073477708486668,0.1,0.0,1
2022-05-19,0.8914494203434727,6.916783233146262e-05,0.00017345779595185905,4.10958904109589e-06,0.00010018037457918502,0.10016341208495036,0.2,0.0,2
2022-05-20,0.8923075668610255,0.0009626418481736287,0.0010720293197603592,8.21917808219178e-06,0.00010116829350457773,0.10106078401761384,0.30000000000000004,0.0,3
2022-05-23,0.8925504531607571,0.00027220020176010884,0.0003172075600706983,3.698630136986301e-05,8.021056940816633e-06,0.008018809899813224,0.30000000000000004,0.0,3
2022-05-24,0.8926218073581098,7.994416125156611e-05,9.67946047476076e-05,1.2328767123287671e-05,4.521676372791837e-06,0.004521294477866618,0.30000000000000004,0.0,3
2022-05-25,0.8930955282990579,0.0005307073354505754,0.0006459881653100854,1.2328767123287673e-05,0.00010295206273618967,0.10288686750564471,0.4000000000000001,0.0,4
2022-05-26,0.8928492026689313,-0.0002758110664776714,-0.00015322466727198957,1.6438356164383563e-05,0.00010614804304133341,0.10616605549529505,0.5000000000000001,0.0,5
2022-05-27,0.8940633612611827,0.0013598697166576912,0.0014901804115163295,2.0547945205479453e-05,0.00010976274965321235,0.1096016754725758,0.6000000000000001,0.0,6
2022-05-31,0.8963883651752442,0.0026004912121462276,0.003292371688423773,9.863013698630138e-05,0.0005932503392913331,0.591361682912687,0.0,0.0,0
2022-06-01,0.8963883651752442,0.0,0.0,0.0,0.0,0.0,0.0,0.0,0
2022-06-02,0.8963883651752442,0.0,0.0,0.0,0.0,0.0,0.0,0.0,0
2022-06-03,0.8963883651752442,0.0,0.0,0.0,0.0,0.0,0.0,0.0,0
2022-06-06,0.8963883651752442,0.0,0.0,0.0,0.0,0.0,0.0,0.0,0
2022-06-07,0.8963883651752442,0.0,0.0,0.0,0.0,0.0,0.0,0.0,0
2022-06-08,0.8963883651752442,0.0,0.0,0.0,0.0,0.0,0.0,0.0,0
2022-06-09,0.8963883651752442,0.0,0.0,0.0,0.0,0.0,0.0,0.0,0
2022-06-10,0.8963883651752442,0.0,0.0,0.0,0.0,0.0,0.0,0.0,0
2022-06-13,0.8962987353017141,-9.99900009998056e-05,0.0,0.0,9.999000099990003e-05,0.09999000099990002,0.1,0.0,1
2022-06-14,0.8953002712240297,-0.0011139858156201665,-0.001108205288425629,4.109589041095891e-06,1.6709381535271247e-06,0.001672798832555585,0.1,0.0,1
2022-06-15,0.8948542435462088,-0.0004981878059872047,-0.000491743697929492,4.109589041095891e-06,2.33451901676705e-06,0.002335677169969081,0.1,0.0,1
2022-06-16,0.8937804343561889,-0.0011999822292448892,-0.0011938849292253027,4.109589041095891e-06,1.9877109786122763e-06,0.0019900951016348636,0.1,0.0,1
2022-06-17,0.8939895598748396,0.0002339786267544497,0.00033862880583344077,4.10958904109589e-06,0.00010054059003784109,0.10050696852544778,0.0,0.0,0
2022-06-21,0.8939895598748396,0.0,0.0,0.0,0.0,0.0,0.0,0.0,0
2022-06-22,0.8938107977152966,-0.00019996000799837876,0.0,0.0,0.00019996000799840034,0.19996000799840033,0.2,0.0,2
2022-06-23,0.8939834115172918,0.00019312118676162449,0.00020420435887883446,8.21917808219178e-06,2.863994035032126e-06,0.0028634328446283724,0.2,0.0,2
2022-06-24,0.8940877790216158,0.00011674434109121279,0.00022975443483512763,8.21917808219178e-06,0.00010479091566158882,0.1047677059209582,0.30000000000000004,0.0,3
2022-06-27,0.8944793100280962,0.00043791114884572657,0.00047838170078618456,3.698630136986301e-05,3.484250570538101e-06,0.003482713316902534,0.3,0.0,3
2022-06-28,0.8950667238443358,0.0006567103449504064,0.0007711235557542107,1.2328767123287673e-05,0.00010208444368044994,0.10200704126913128,0.2,0.0,2
2022-06-29,0.895017286158484,-5.523352006597815e-05,-4.516380521603073e-05,8.219178082191782e-06,1.8505367677193527e-06,0.0018506355601665522,0.2,0.0,2
2022-06-30,0.8950543979878245,4.1464930247148146e-05,0.000250257469794285,8.219178082191782e-06,0.00020057336146493888,0.20052482677841954,0.0,0.0,0
2022-07-01,0.8950543979878245,0.0,0.0,0.0,0.0,0.0,0.0,0.0,0
2022-07-05,0.8950543979878245,0.0,0.0,0.0,0.0,0.0,0.0,0.0,0
2022-07-06,0.8950543979878245,0.0,0.0,0.0,0.0,0.0,0.0,0.0,0
2022-07-07,0.8950543979878245,0.0,0.0,0.0,0.0,0.0,0.0,0.0,0
2022-07-08,0.8949649014976747,-9.999000099991662e-05,0.0,0.0,9.999000099990002e-05,0.0999900009999,0.1,0.0,1
2022-07-11,0.895444097708456,0.00053543575840731,0.000548321780646488,1.2328767123287673e-05,5.572551159230948e-07,0.0005569565910814394,0.1,0.0,1
2022-07-12,0.8953614037713564,-9.23496366900256e-05,-8.792053448528071e-05,4.10958904109589e-06,3.1951316368794726e-07,0.0003195425712302495,0.1,0.0,1
2022-07-13,0.8954666802595399,0.000117579881978358,0.00022217922974699934,4.10958904109589e-06,0.00010048975872753428,0.10046784973963906,0.2,0.0,2
2022-07-14,0.8953357279925729,-0.000146239128550385,-0.00013721555070027037,8.219178082191782e-06,8.043997679404705e-07,0.0008045167726190973,0.2,0.0,2
2022-07-15,0.8951677913741248,-0.00018756832012567504,-0.00017795204661852357,8.219178082191782e-06,1.397095425004141e-06,0.0013973555724023973,0.2,0.0,2
2022-07-18,0.8940313551639892,-0.0012695231230237525,-0.0012428648602240357,2.4657534246575345e-05,2.000728553247231e-06,0.0020032677399697634,0.2,0.0,2
2022-07-19,0.8937336496521955,-0.00033299224918026393,-0.00032354326340185976,8.219178082191782e-06,1.229807696245671e-06,0.00123021583565486,0.2,0.0,2
2022-07-20,0.8937785462377287,5.023486085664608e-05,6.10917961928692e-05,8.21917808219178e-06,2.6377572539607503e-06,0.00263761779620229,0.2,0.0,2
2022-07-21,0.8932091950221641,-0.0006370159789146346,-0.000627894114109101,8.21917808219178e-06,9.026867233801161e-07,0.000903261299899304,0.2,0.0,2
2022-07-22,0.8934195156441671,0.0002354662526709017,0.0002460710514952669,8.219178082191782e-06,2.3856207421729922e-06,0.0023850534527410676,0.2,0.0,2
2022-07-25,0.8938103788348624,0.00043749121644554023,0.0004648213736655028,2.4657534246575342e-05,2.6726229734238246e-06,0.002671447099011919,0.2,0.0,2
2022-07-26,0.8934649562396496,-0.00038646071179326835,-0.00037612273642781955,8.21917808219178e-06,2.1187972833233742e-06,0.0021196119390340406,0.2,0.0,2
2022-07-27,0.8937106268275135,0.0002749638764767415,0.00028364566925035973,8.219178082191782e-06,4.626146912192161e-07,0.0004624873099622234,0.2,0.0,2
2022-07-28,0.8933652818544825,-0.0003864169930001271,-0.0003720178239202679,8.21917808219178e-06,6.179990997686697e-06,0.006182341752780129,0.2,0.0,2
2022-07-29,0.8933160683311854,-5.50877947651518e-05,0.00015588912937790635,8.21917808219178e-06,0.0002027577460608463,0.2027278092551273,0.0,0.0,0
2022-08-01,0.8933160683311854,0.0,0.0,0.0,0.0,0.0,0.0,0.0,0
2022-08-02,0.8931374408430168,-0.00019996000799837876,0.0,0.0,0.00019996000799840034,0.19996000799840036,0.2,0.0,2
2022-08-03,0.8933237240274148,0.00020857168883448018,0.0003186085465611499,8.219178082191782e-06,0.00010181767964450205,0.10178608632544754,0.3,0.0,3
2022-08-04,0.8936041963296566,0.0003139649095820207,0.00033182644652867104,1.2328767123287673e-05,5.532769823334961e-06,0.005531002680813656,0.30000000000000004,0.0,3
2022-08-05,0.8942941911755073,0.0007721481710636358,0.0010852418706586875,1.2328767123287673e-05,0.00030076493247178167,0.300442583686884,0.4,0.0,4
2022-08-08,0.8945984772632862,0.0003402527834592828,0.000490767758450128,4.931506849315068e-05,0.00010119990649780464,0.10115525124004145,0.3,0.0,3
2022-08-09,0.8946545832259196,6.271636276977688e-05,0.00018012458895311228,1.2328767123287673e-05,0.00010507945905987325,0.10506183012374469,0.4000000000000001,0.0,4
2022-08-10,0.895214723321016,0.0006260964908677558,0.0007458587992120345,1.643835616438356e-05,0.00010332395218010622,0.10324864051100062,0.30000000000000004,0.0,3
2022-08-11,0.8949279775409154,-0.0003203094996437894,-0.0003066020824339433,1.2328767123287673e-05,1.3786500865478245e-06,0.0013790899208679026,0.30000000000000004,0.0,3
2022-08-12,0.8952364261669166,0.00034466307204827906,0.00036212738571236316,1.2328767123287671e-05,5.135546540890646e-06,0.005133750761965929,0.3,0.0,3
2022-08-15,0.8951419675113383,-0.00010551252475576867,-6.737151881263112e-05,3.6986301369863006e-05,1.1547045733812316e-06,0.0011548250884101502,0.3,0.0,3
2022-08-16,0.8952540157392429,0.00012517369531450662,0.00013971863480211072,1.2328767123287673e-05,2.2161723642762206e-06,0.0022158900823318417,0.30000000000000004,0.0,3
2022-08-17,0.894247196583841,-0.0011246184185731423,-0.0011111374199197944,1.2328767123287671e-05,1.1522315301451893e-06,0.0011535274792639674,0.30000000000000004,0.0,3
2022-08-18,0.894321222022871,8.277961542724199e-05,9.810113694853075e-05,1.2328767123287671e-05,2.992754398025284e-06,0.0029924977244037655,0.30000000000000004,0.0,3
2022-08-19,0.894168828023097,-0.00017040186011607616,-0.0001555974395747784,1.2328767123287671e-05,2.4756534179305476e-06,0.002476069214841318,0.30000000000000004,0.0,3
2022-08-22,0.8938379223596284,-0.00037007067692151896,-0.0003280425484887994,3.698630136986302e-05,5.041827062806629e-06,0.005043668147189467,0.3,0.0,3
2022-08-23,0.8936570078054509,-0.00020240196757370654,-0.0001871072710898258,1.2328767123287674e-05,2.9659293606380784e-06,0.002966520991831965,0.3,0.0,3
2022-08-24,0.8935736519697443,-9.327497572175769e-05,-7.911660832639057e-05,1.2328767123287673e-05,1.8296002719596623e-06,0.0018297675957444411,0.30000000000000004,0.0,3
2022-08-25,0.893535506341983,-4.268884571201337e-05,-2.79777340369881e-05,1.232876712328767e-05,2.3823445517008588e-06,0.0023824405795448422,0.30000000000000004,0.0,3
2022-08-26,0.8930672384452333,-0.0005240618793838081,-0.0005058636936297433,1.2328767123287673e-05,5.869418630684394e-06,0.005872461696061354,0.30000000000000004,0.0,3
2022-08-29,0.8930595170921941,-8.645880967050878e-06,3.116131329524164e-05,3.698630136986302e-05,2.820892892431313e-06,0.0028209093241944854,0.30000000000000004,0.0,3
2022-08-30,0.8930379929975713,-2.4101523147024295e-05,-7.678889770568215e-06,1.2328767123287673e-05,4.093866253119934e-06,0.004093948163430129,0.3,0.0,3
2022-08-31,0.8927970091374172,-0.0002698472652268302,4.097632894943257e-05,1.2328767123287671e-05,0.0002984948270529071,0.29848627614885687,0.0,0.0,0
2022-09-01,0.8927970091374172,0.0,0.0,0.0,0.0,0.0,0.0,0.0,0
2022-09-02,0.8927077383635809,-9.999000099991662e-05,0.0,0.0,9.999000099990002e-05,0.09999000099990002,0.1,0.0,1
2022-09-06,0.8926945060456042,-1.4822676457248996e-05,2.123977017165496e-06,1.643835616438356e-05,5.082973099952896e-07,0.0005083045860598567,0.1,0.0,1
2022-09-07,0.8926765540552246,-2.0109892306940935e-05,-1.292388545556239e-05,4.109589041095891e-06,3.076417810404019e-06,0.003076470213380938,0.1,0.0,1
2022-09-08,0.8924142027104432,-0.00029389294878368055,-0.0002894938658768054,4.109589041095891e-06,2.894938658768087e-07,0.00028957888723857327,0.1,0.0,1
2022-09-09,0.8929407486525746,0.0005900241620226954,0.0005947284795432827,4.109589041095891e-06,5.947284795432798e-07,0.0005943774290056211,0.1,0.0,1
2022-09-12,0.893283859286275,0.00038424792934832475,0.000397891246028137,1.2328767123287671e-05,1.3145495566490346e-06,0.0013140429110068794,0.1,0.0,1
2022-09-13,0.8928766822453369,-0.00045582043905212366,-0.00035490394108408365,4.10958904109589e-06,9.680690892702685e-05,0.09684167639913413,0.0,0.0,0
2022-09-14,0.8927874035049864,-9.999000099991662e-05,0.0,0.0,9.999000099990003e-05,0.09999000099990002,0.1,0.0,1
2022-09-15,0.892871705832692,9.442598246200973e-05,0.00010013331791840492,4.109589041095891e-06,1.597746415278049e-06,0.0015975930084401503,0.1,0.0,1
2022-09-16,0.8931669177331069,0.00033063193568172444,0.00033510969761395564,4.10958904109589e-06,3.681728911821278e-07,0.00036805106623924227,0.1,0.0,1
2022-09-19,0.8930158501017859,-0.00016913706533649986,-0.0001560249562177596,1.2328767123287673e-05,7.833419954871909e-07,0.0007834738962347625,0.1,0.0,1
2022-09-20,0.8927683612292671,-0.00027713827530673196,-0.00027081366200118484,4.10958904109589e-06,2.215024264368223e-06,0.002215633393503883,0.1,0.0,1
2022-09-21,0.8929977757636038,0.00025696983036094245,0.00026372491040741456,4.10958904109589e-06,2.645491005380451e-06,0.0026448043736430364,0.1,0.0,1
2022-09-22,0.8925860368438238,-0.00046107496676350834,-0.0004554181791660117,4.10958904109589e-06,1.5471985563524225e-06,0.0015479098639175745,0.1,0.0,1
2022-09-23,0.8924674880906807,-0.00013281493127803579,-0.00012673055934359081,4.109589041095891e-06,1.974782893377231e-06,0.0019750413080750454,0.1,0.0,1
2022-09-26,0.8922922456957076,-0.0001963571752601201,-0.00018171312672704546,1.2328767123287673e-05,2.31528140981072e-06,0.002315730758592765,0.1,0.0,1
2022-09-27,0.8925721133287051,0.0003136501906717548,0.00031835303127584206,4.109589041095891e-06,5.932515629539413e-07,0.0005930651961052474,0.1,0.0,1
2022-09-28,0.8920767142288172,-0.0005550241739464834,-0.0004493421881426873,4.109589041095891e-06,0.00010157239676274868,0.1016184758412136,0.2,0.0,2
2022-09-29,0.8926919505824179,0.0006896675406806718,0.000800963456253101,8.219178082191782e-06,0.00010307673749015429,0.10299508872288952,0.30000000000000004,0.0,3
2022-09-30,0.8927753315820177,9.340400072543886e-05,0.000403227115037974,1.232876712328767e-05,0.00029749434718930707,0.2973781025803024,0.0,0.0,0
2022-10-03,0.8927753315820177,0.0,0.0,0.0,0.0,0.0,0.0,0.0,0
2022-10-04,0.8926860629757202,-9.999000099991662e-05,0.0,0.0,9.999000099990003e-05,0.09999000099990002,0.1,0.0,1
2022-10-05,0.8924110196644057,-0.0003081075449946624,-0.00020359895288684653,4.10958904109589e-06,0.00010039900306693448,0.10041986112987036,0.2,0.0,2
2022-10-06,0.8924530350549867,4.7080761728768294e-05,5.88945415706422e-05,8.219178082191782e-06,3.5946017596551863e-06,0.003594419611134862,0.2,0.0,2
2022-10-07,0.8914541463312428,-0.0011192619493780587,-0.0011087635158592735,8.21917808219178e-06,2.279255436596303e-06,0.0022818041723678016,0.2,0.0,2
2022-10-10,0.890458229244888,-0.0011171826284653852,-0.0010909416653028746,2.465753424657535e-05,1.5834289160071104e-06,0.001585197360914074,0.2,0.0,2
2022-10-11,0.89010702907628,-0.0003944038665416594,-0.00018721550640845569,8.21917808219178e-06,0.00019896918205091486,0.19900807513128924,0.2,0.0,2
2022-10-12,0.8924419583231367,0.002623200548454996,0.00263741446973047,8.219178082191782e-06,5.994743193277169e-06,0.00597902317370022,0.2,0.0,2
2022-10-13,0.8933315437155862,0.0009967991578085922,0.0010102880519933688,8.219178082191782e-06,5.269716102557918e-06,0.005264440770323427,0.2,0.0,2
2022-10-14,0.8928040558854324,-0.0005904726345605793,-0.0004831429185704175,8.219178082191782e-06,9.911053790786264e-05,0.09915926101025517,0.1,0.0,1
2022-10-17,0.8929150432224319,0.0001243132087804799,0.00023879551679167893,1.2328767123287673e-05,0.00010215354088787354,0.10213041174548323,0.2,0.0,2
2022-10-18,0.8931088189143984,0.00021701470194446237,0.00023062818097792083,8.219178082191782e-06,5.394300951400825e-06,0.005393101477078792,0.2,0.0,2
2022-10-19,0.8931966860729095,9.838348547264175e-05,0.00011004584960084277,8.219178082191782e-06,3.4431860462234286e-06,0.0034428354737465502,0.2,0.0,2
2022-10-20,0.893391583483528,0.0002182021201573292,0.00033224870116650436,8.219178082191782e-06,0.00010582740292714511,0.10579312283200826,0.3,0.0,3
2022-10-21,0.8931161581127468,-0.0003082918799248713,-0.0002875648148800481,1.2328767123287673e-05,8.398297921534615e-06,0.008400817272718285,0.30000000000000004,0.0,3
2022-10-24,0.8932950448368769,0.0002002950260222569,0.00034029070941157276,3.698630136986301e-05,0.00010300938201948155,0.10297814829317226,0.4,0.0,4
2022-10-25,0.8939593520709556,0.0007436593742662367,0.0008697975894277566,1.6438356164383563e-05,0.0001096998589969374,0.10960632542711012,0.5,0.0,5
2022-10-26,0.8940548717045399,0.000106850085927368,0.00022942830259425342,2.0547945205479453e-05,0.00010203027146140855,0.10200896379259469,0.5999999999999999,0.0,6
2022-10-27,0.8949642310356356,0.0010171180314269002,0.0010460041393674235,2.465753424657534e-05,4.228573694022073e-06,0.00422425926116653,0.6,0.0,6
2022-10-28,0.894898887375964,-7.301259358261092e-05,6.666947239576948e-05,2.465753424657534e-05,0.00011502453173184512,0.11501969953134246,0.5000000000000001,0.0,5
2022-10-31,0.893405685177849,-0.0016685708510526531,-0.0011088417760739989,6.164383561643835e-05,0.0004980852393622157,0.49866892416294556,0.0,0.0,0
2022-11-01,0.893405685177849,0.0,0.0,0.0,0.0,0.0,0.0,0.0,0
2022-11-02,0.8929592055750615,-0.0004997501249375258,0.0,0.0,0.0004997501249375311,0.4997501249375312,0.49999999999999994,0.0,5
2022-11-03,0.8918554183332728,-0.0012361004118636165,-0.0011119377567429868,2.0547945205479453e-05,0.00010361470991502275,0.10373218513151607,0.6,0.0,6
2022-11-04,0.8919102227470413,6.144988598144607e-05,0.0001924702930121148,2.4657534246575345e-05,0.00010636287278399468,0.10634502673167784,0.6999999999999998,0.0,7
2022-11-07,0.890831153384119,-0.0012098407837493053,-0.000914550507536649,8.630136986301368e-05,0.00020898890634967685,0.20919828284380987,0.7000000000000002,0.0,7
2022-11-08,0.8908833715267486,5.861732880707571e-05,0.0002933833419610067,2.8767123287671228e-05,0.00020599888986611145,0.20594439363940964,0.7000000000000001,0.0,7
2022-11-09,0.8919918412222553,0.0012442365981162329,0.0013799080365572982,2.8767123287671228e-05,0.00010690431515355834,0.10676006725878157,0.5999999999999999,0.0,6
2022-11-10,0.8927337436209003,0.0008317367540362497,0.0010820805477192107,2.465753424657534e-05,0.00022568625943643832,0.22544786567493533,0.4,0.0,4
2022-11-11,0.8936767112521229,0.0010562697309928204,0.0012781429606539497,1.6438356164383563e-05,0.00020543487349677968,0.2051760019903377,0.6,0.0,6
2022-11-14,0.892863705184878,-0.0009097317374487934,-0.0007327634520969021,7.397260273972604e-05,0.00010299568261219455,0.10307884002893662,0.5000000000000001,0.0,5
2022-11-15,0.8917907631738595,-0.0012016862201787992,-0.0010761841695095422,2.0547945205479456e-05,0.00010495410546382169,0.10506933838149654,0.4,0.0,4
2022-11-16,0.8919857594260531,0.0002186569543505268,0.00023787818962376354,1.6438356164383563e-05,2.7828791089693806e-06,0.002782263005112888,0.39999999999999997,0.0,4
2022-11-17,0.8915508656473946,-0.0004875568629462146,-0.0004667929416154181,1.6438356164383563e-05,4.325565166447852e-06,0.004327656425478682,0.4,0.0,4
2022-11-18,0.890981274420413,-0.000638876870550753,-0.0006157435599076778,1.6438356164383563e-05,6.6949544787159035e-06,0.00669918958522402,0.39999999999999997,0.0,4
2022-11-21,0.8902408411319335,-0.0008310312570386502,-0.0006813814473147663,4.931506849315069e-05,0.00010033474123076068,0.10040810908622884,0.3,0.0,3
2022-11-22,0.8898269166071913,-0.00046495791432787925,-0.00044867439567086725,1.2328767123287671e-05,3.954751533738384e-06,0.003956575527570427,0.3,0.0,3
2022-11-23,0.889726746341814,-0.0001125727526417597,-9.83846829942015e-05,1.2328767123287671e-05,1.8593025243798881e-06,0.001859508396970039,0.3,0.0,3
2022-11-25,0.8897203448628238,-7.19488204281582e-06,1.9744610000038714e-05,2.4657534246575342e-05,2.2819577962819118e-06,0.002281969007422778,0.3,0.0,3
2022-11-28,0.89006119670842,0.00038309997918362093,0.00042398521769225754,3.698630136986301e-05,3.898937138780334e-06,0.003897428838043567,0.30000000000000004,0.0,3
2022-11-29,0.8897924568411942,-0.00030193414589874124,-0.0002873899393321221,1.2328767123287673e-05,2.2154394433754194e-06,0.0022161036510950968,0.30000000000000004,0.0,3
2022-11-30,0.8892566698225535,-0.0006021483038222142,-0.00028405731553132735,1.2328767123287671e-05,0.0003057622211677386,0.30585287170225106,0.0,0.0,0
2022-12-01,0.8892566698225535,0.0,0.0,0.0,0.0,0.0,0.0,0.0,0
2022-12-02,0.8891677530472487,-9.999000099991662e-05,0.0,0.0,9.999000099990002e-05,0.0999900009999,0.1,0.0,1
2022-12-05,0.8881314791810425,-0.0011654424743303693,-0.0009523944013007379,1.2328767123287673e-05,0.00020071930590643465,0.20091313145919393,0.30000000000000004,0.0,3
2022-12-06,0.8887875760751147,0.0007387384744848013,0.0008538934914500973,1.2328767123287671e-05,0.00010282624984192636,0.10273978766084615,0.2,0.0,2
2022-12-07,0.8891035043296899,0.0003554598006088039,0.0004647900307730601,8.21917808219178e-06,0.00010111105208227317,0.10106490879068948,0.30000000000000004,0.0,3
2022-12-08,0.8888804380685286,-0.00025088896857905496,-3.502354999908033e-05,1.232876712328767e-05,0.00020353665145659482,0.20354628984506065,0.5000000000000001,0.0,5
2022-12-09,0.8900030727315038,0.0012629760031783732,0.0012865581732561414,2.0547945205479456e-05,3.0342248723584924e-06,0.003030388369687502,0.5000000000000001,0.0,5
2022-12-12,0.8896405219569448,-0.00040735901444288736,-0.0003386072052915469,6.164383561643835e-05,7.107973534931949e-06,0.0071108196478977285,0.5,0.0,5
2022-12-13,0.8900352766553057,0.0004437238284655809,0.0006674522613703546,2.0547945205479453e-05,0.00020318048769918306,0.2030491343377864,0.3,0.0,3
2022-12-14,0.8896528699686109,-0.00042965340444911515,-0.00041607986314734513,1.2328767123287673e-05,1.2447741784754805e-06,0.0012453076790325205,0.30000000000000004,0.0,3
2022-12-15,0.8893340839009899,-0.0003583263522010105,-0.0002398459020531597,1.232876712328767e-05,0.00010615168302457933,0.10617845854223587,0.4,0.0,4
2022-12-16,0.889138051400185,-0.00022042616419803984,1.7437447868640106e-06,1.6438356164383563e-05,0.0002057315528205715,0.2057345760102129,0.6,0.0,6
2022-12-19,0.8888198847261659,-0.0003578372037030819,-0.0002776053876220653,7.397260273972603e-05,6.259213341327385e-06,0.006261414716930386,0.6000000000000002,0.0,6
2022-12-20,0.8897379072957944,0.0010328555710825693,0.001060793470488114,2.4657534246575345e-05,3.280365158875278e-06,0.003276969772731773,0.6000000000000001,0.0,6
2022-12-21,0.8894959202086382,-0.0002719756966313991,-0.00024119871718834582,2.4657534246575342e-05,6.1194451964384525e-06,0.006121072521833869,0.6000000000000001,0.0,6
2022-12-22,0.8888506225322763,-0.0007254644588032821,-0.0006971567953728834,2.4657534246575342e-05,3.6501291838554064e-06,0.003652765802554434,0.6000000000000002,0.0,6
2022-12-23,0.8886868208429304,-0.00018428483391197403,-0.0001540604587971449,2.4657534246575345e-05,5.566840868256796e-06,0.0055678359407217186,0.6,0.0,6
2022-12-27,0.8891335699756034,0.0005027070529179944,0.0007043066439721415,9.863013698630138e-05,0.00010296945406774573,0.10290712563934454,0.49999999999999994,0.0,5
2022-12-28,0.8891990536225916,7.364882982652254e-05,9.95092207984773e-05,2.0547945205479456e-05,5.312445766560106e-06,0.0053120263221857235,0.49999999999999994,0.0,5
2022-12-29,0.8893945240350682,0.0002198275084530632,0.0002460713189275819,2.0547945205479453e-05,5.6958652689562805e-06,0.0056945810078354595,0.5000000000000001,0.0,5
2022-12-30,0.8885867466542394,-0.0009082329146395951,-0.00039106187642848345,2.0547945205479453e-05,0.0004966230930056995,0.49682759212227573,0.0,0.0,0
2023-01-03,0.8885867466542394,0.0,0.0,0.0,0.0,0.0,0.0,0.0,0
2023-01-04,0.8885867466542394,0.0,0.0,0.0,0.0,0.0,0.0,0.0,0
2023-01-05,0.8884978968645529,-9.999000099991662e-05,0.0,0.0,9.99900009999e-05,0.0999900009999,0.1,0.0,1
2023-01-06,0.888935557955115,0.000492585398464751,0.0004995159880576416,4.109589041095891e-06,2.821000551891405e-06,0.002819603702174657,0.1,0.0,1
2023-01-09,0.8888725096765692,-7.092558957921824e-05,-5.6210011774465665e-05,1.2328767123287671e-05,2.3868106814781512e-06,0.0023869742817806848,0.10000000000000002,0.0,1
2023-01-10,0.8890221983587365,0.00016840287053287994,0.00027334954286070137,4.10958904109589e-06,0.00010083708328661533,0.10080994122269597,0.2,0.0,2
2023-01-11,0.8891021368046641,8.991726649254517e-05,0.00019880643954192642,8.21917808219178e-06,0.00010066999496718711,0.10065081220452536,0.30000000000000004,0.0,3
2023-01-12,0.888642987924719,-0.0005164185990995662,-0.000501307850876409,1.2328767123287674e-05,2.781981100000237e-06,0.0027834107616903753,0.30000000000000004,0.0,3
2023-01-13,0.8888217070857652,0.0002011146922609175,0.00021586918154407607,1.2328767123287671e-05,2.42572215988469e-06,0.002425228527865063,0.30000000000000004,0.0,3
2023-01-17,0.8871953181754778,-0.001829825821446196,-0.0016824112129458224,4.9315068493150684e-05,9.80995400072624e-05,0.09826971625757519,0.2,0.0,2
2023-01-18,0.8883658873315533,0.0013194041177795324,0.0015324583974116125,8.21917808219178e-06,0.00020483510154972463,0.20452335902463029,0.4000000000000001,0.0,4
2023-01-19,0.8878020590881246,-0.0006346802049348454,-0.0005151688526278564,1.643835616438356e-05,0.00010307299614254784,0.10312781963489276,0.5000000000000001,0.0,5
2023-01-20,0.8885694906496073,0.0008644174156016149,0.0009897930070515706,2.0547945205479456e-05,0.00010482764624444358,0.1047261409494821,0.6000000000000002,0.0,6
2023-01-23,0.8875058226636656,-0.0011970566141811245,-0.0011189972939919803,7.397260273972603e-05,4.0867174493952945e-06,0.004091598603358611,0.6,0.0,6
2023-01-24,0.8888268540633424,0.0014884763186251426,0.0015186151467068197,2.4657534246575342e-05,5.481293834998396e-06,0.005473117229848977,0.6,0.0,6
2023-01-25,0.8887265064225707,-0.00011289897499489054,-8.575153296084272e-05,2.4657534246575342e-05,2.4899077874994336e-06,0.002490182726251415,0.6,0.0,6
2023-01-26,0.8890513427960678,0.00036550769122967175,0.0003932145931179074,2.4657534246575345e-05,3.0493676416484315e-06,0.0030482441897351407,0.6,0.0,6
2023-01-27,0.8895151060947286,0.0005216383760271448,0.0005516780664977962,2.4657534246575342e-05,5.38215622417234e-06,0.0053793212114443345,0.6000000000000002,0.0,6
2023-01-30,0.8889587081265966,-0.0006255070479632696,-0.0005479284576109189,7.397260273972604e-05,3.6059876125502015e-06,0.003608231575593053,0.6000000000000002,0.0,6
2023-01-31,0.8902451793791545,0.0014471664890589597,0.002079420664754738,2.4657534246575342e-05,0.000607596641449264,0.6063507343162344,0.0,0.0,0
2023-02-01,0.8902451793791545,0.0,0.0,0.0,0.0,0.0,0.0,0.0,0
2023-02-02,0.8902451793791545,0.0,0.0,0.0,0.0,0.0,0.0,0.0,0
2023-02-03,0.8902451793791545,0.0,0.0,0.0,0.0,0.0,0.0,0.0,0
2023-02-06,0.8902451793791545,0.0,0.0,0.0,0.0,0.0,0.0,0.0,0
2023-02-07,0.8902451793791545,0.0,0.0,0.0,0.0,0.0,0.0,0.0,0
2023-02-08,0.8902451793791545,0.0,0.0,0.0,0.0,0.0,0.0,0.0,0
2023-02-09,0.8901561637627782,-9.999000099991662e-05,0.0,0.0,9.99900009999e-05,0.0999900009999,0.1,0.0,1
2023-02-10,0.8901414423669972,-1.6537992298726323e-05,8.790120153049364e-05,4.10958904109589e-06,0.00010032960478813179,0.10032119871312474,0.2,0.0,2
2023-02-13,0.8905904871715994,0.0005044645527436664,0.0005331281459254767,2.4657534246575345e-05,4.006058935309913e-06,0.004004023007282223,0.2,0.0,2
2023-02-14,0.8911550648082442,0.0006339362981946373,0.0006447329484461583,8.21917808219178e-06,2.5774721693334206e-06,0.002575832616402927,0.2,0.0,2
2023-02-15,0.8856895821291587,-0.00613303216793315,-0.0060194068861816165,8.21917808219178e-06,0.00010540610366938831,0.10604530511448922,0.30000000000000004,0.0,3
2023-02-16,0.8845509773626167,-0.0012855573662782227,-0.0011724378436621889,1.2328767123287673e-05,0.00010079075549271719,0.10091031065947052,0.2,0.0,2
2023-02-17,0.8841501729231789,-0.0004531162699439317,-0.0004438338457525171,8.21917808219178e-06,1.063246109145588e-06,0.001063726970138974,0.2,0.0,2
2023-02-21,0.8844973313622241,0.00039264646400227754,0.0004298167957975996,3.287671232876712e-05,4.293619466689573e-06,0.004291915833260477,0.2,0.0,2
2023-02-22,0.884863725446928,0.00041423989842881426,0.00042420154299458444,8.219178082191782e-06,1.7424664837139788e-06,0.0017417419497786427,0.2,0.0,2
2023-02-23,0.884190472671299,-0.0007608547579334157,-0.0007498728592277849,8.219178082191782e-06,2.762720623564247e-06,0.002764816609020167,0.2,0.0,2
2023-02-24,0.8840925063545783,-0.00011079775201017217,-0.00010181858909967813,8.21917808219178e-06,7.599848281743713e-07,0.0007600684644111005,0.2,0.0,2
2023-02-27,0.8840567962934573,-4.039176993841931e-05,-1.5198491257462094e-05,2.4657534246575345e-05,5.357444343368518e-07,0.0005357657878317559,0.2,0.0,2
2023-02-28,0.8840354203544234,-2.4179373003585525e-05,0.0001833694403587216,8.219178082191782e-06,0.0001993296352802453,0.1992947287562333,0.0,0.0,0
2023-03-01,0.8840354203544234,0.0,0.0,0.0,0.0,0.0,0.0,0.0,0
2023-03-02,0.8838586486246984,-0.00019996000799837876,0.0,0.0,0.00019996000799840034,0.19996000799840033,0.20000000000000004,0.0,2
2023-03-03,0.8840467378621506,0.00021280465801276627,0.00022295621040628328,8.219178082191782e-06,1.932374311248659e-06,0.001931959448010223,0.2,0.0,2
2023-03-06,0.8838498542451844,-0.0002227072489882076,-0.0001955644823768975,2.4657534246575345e-05,2.485232364615519e-06,0.0024857797880533257,0.20000000000000004,0.0,2
2023-03-07,0.88337925161032,-0.0005324463568150417,-0.0005194444717209701,8.219178082191782e-06,4.782707011873576e-06,0.0047852320048584135,0.2,0.0,2
2023-03-08,0.8826295000344204,-0.00084873124938456,-0.0008378181545427355,8.219178082191782e-06,2.6939167596847627e-06,0.00269619784371669,0.2,0.0,2
2023-03-09,0.8827279473985423,0.00011153871938129889,0.00021917096700450067,8.21917808219178e-06,9.941306954119463e-05,0.09939210259934653,0.1,0.0,1
2023-03-10,0.8826804287059941,-5.3831639394985586e-05,-4.790378455046811e-05,4.10958904109589e-06,1.8182658035135103e-06,0.001818360382571413,0.10000000000000002,0.0,1
2023-03-13,0.8825440231363368,-0.00015453562265699272,6.03518105752099e-05,1.2328767123287674e-05,0.00020255866610901545,0.20254893909251226,0.3,0.0,3
2023-03-14,0.8833932769126069,0.0009622792223464849,0.0010782491913522375,1.2328767123287671e-05,0.00010364120188257883,0.10353084623903493,0.4000000000000001,0.0,4
2023-03-15,0.8817671849863463,-0.0018407338710383359,-0.001815316854708688,1.643835616438356e-05,8.978660165318683e-06,0.008995137054490763,0.4,0.0,4
2023-03-16,0.88203106211253,0.0002992594084658684,0.00042089463333016555,1.643835616438356e-05,0.00010519686869985542,0.10515433836763141,0.30000000000000004,0.0,3
2023-03-17,0.882703585590852,0.0007624714221643458,0.0007806091204776598,1.2328767123287673e-05,5.808931190179839e-06,0.005804471728589163,0.30000000000000004,0.0,3
2023-03-20,0.8821363866225526,-0.0006425701419574548,-0.0006011669843908108,3.698630136986302e-05,4.4168561969015284e-06,0.004419676628063727,0.30000000000000004,0.0,3
2023-03-21,0.8834183074745722,0.00145320028904794,0.0015656166450681353,1.232876712328767e-05,0.00010008758889690197,0.09993236516547607,0.2,0.0,2
2023-03-22,0.884250492816913,0.0009420059956872784,0.000953829408672552,8.21917808219178e-06,3.6042349031104377e-06,0.003600829921498053,0.20000000000000004,0.0,2
2023-03-23,0.8845987024259173,0.0003937906869522223,0.0004045744299606691,8.21917808219178e-06,2.564564926276233e-06,0.0025635488502259987,0.2,0.0,2
2023-03-24,0.8840658452065621,-0.0006023716945253721,-0.0004915603363144673,8.21917808219178e-06,0.0001025921801286088,0.10264347923681777,0.30000000000000004,0.0,3
2023-03-27,0.8836096842141422,-0.0005159807890929846,-0.0004771329201621821,3.698630136986302e-05,1.8615675609304847e-06,0.0018625251208957236,0.3,0.0,3
2023-03-28,0.8840734684228385,0.0005248745198043192,0.0006379499981246095,1.2328767123287671e-05,0.00010074671119705805,0.10068372132338191,0.4,0.0,4
2023-03-29,0.8835595773460503,-0.0005812764381505353,-0.000558983418526371,1.6438356164383563e-05,5.8546634597937916e-06,0.0058580343002870615,0.4,0.0,4
2023-03-30,0.8836085724970668,5.545200603651601e-05,7.398923283205011e-05,1.643835616438356e-05,2.098870631224988e-06,0.002098749846331425,0.39999999999999997,0.0,4
2023-03-31,0.8841403179116188,0.0006017884288394004,0.0010222233633788323,1.6438356164383563e-05,0.0004039965783751256,0.40359065294733926,0.0,0.0,0
2023-04-03,0.8841403179116188,0.0,0.0,0.0,0.0,0.0,0.0,0.0,0
2023-04-04,0.8839635252065775,-0.00019996000799837876,0.0,0.0,0.0001999600079984003,0.1999600079984003,0.2,0.0,2
2023-04-05,0.8841987903442474,0.0002661480151173734,0.0002773214477010956,8.21917808219178e-06,2.954254501537216e-06,0.0029534597188236524,0.2,0.0,2
2023-04-06,0.8841889561617726,-1.1122139706776224e-05,9.847954464788912e-05,8.219178082191782e-06,0.00010138250627256311,0.10137335627626562,0.30000000000000004,0.0,3
2023-04-10,0.8843181550856345,0.00014612139516279044,0.00029609835461563147,4.931506849315069e-05,0.00010066189095969285,0.1006370554164515,0.2,0.0,2
2023-04-11,0.883918633869851,-0.0004517844776632529,-0.00034234066112309735,8.219178082191782e-06,0.00010122463845787699,0.10126013619493938,0.3,0.0,3
2023-04-12,0.8838220010428414,-0.00010932321517720389,-9.571542911216422e-05,1.2328767123287671e-05,1.2790189417024355e-06,0.0012791571472082644,0.3,0.0,3
2023-04-13,0.8840018449114861,0.00020348426315774937,0.000218298370910941,1.2328767123287671e-05,2.4853406298963244e-06,0.0024848288306865873,0.3,0.0,3
2023-04-14,0.8833579071994193,-0.0007284348056211254,-0.0007121514394835658,1.2328767123287671e-05,3.954599014146382e-06,0.003957466120018653,0.3,0.0,3
2023-04-17,0.8839817562891056,0.0007062246056801502,0.0007455235029971363,3.698630136986302e-05,2.3125959471956975e-06,0.0023109585470936635,0.3,0.0,3
2023-04-18,0.8842382677953818,0.00029017737577885505,0.0003041870580630213,1.2328767123287671e-05,1.6809151609817205e-06,0.0016804247150963196,0.30000000000000004,0.0,3
2023-04-19,0.8842489642056804,1.2096751167867126e-05,2.64467725117845e-05,1.2328767123287673e-05,2.021254220601872e-06,0.002021225684926761,0.30000000000000004,0.0,3
2023-04-20,0.8842361537971453,-1.4487332248847018e-05,6.293652622611296e-07,1.2328767123287673e-05,2.7879303878734077e-06,0.002787963005372981,0.3,0.0,3
2023-04-21,0.8838836354622127,-0.0003986698953879486,-0.0003848126039464217,1.2328767123287671e-05,1.5285243182008215e-06,0.001529131599620841,0.30000000000000004,0.0,3
2023-04-24,0.8831055142188802,-0.0008803435340508647,-0.0008420764513377976,3.698630136986302e-05,1.2807813431596143e-06,0.0012819082209290227,0.3,0.0,3
2023-04-25,0.8846650533522932,0.0017659714590192443,0.0017827101284330017,1.2328767123287671e-05,4.409902290567521e-06,0.004402108879057582,0.3,0.0,3
2023-04-26,0.8854604890557585,0.0008991377024005764,0.0011123272021829446,1.2328767123287671e-05,0.0002008607326590097,0.2006400289411641,0.3,0.0,3
2023-04-27,0.8856289421164791,0.00019024345276008603,0.00020776936948141439,1.2328767123287673e-05,5.1971495978847784e-06,0.005196134062313706,0.30000000000000004,0.0,3
2023-04-28,0.8867322699108431,0.0012458127121808271,0.0015599460974862203,1.2328767123287671e-05,0.0003018046181822276,0.3013382618658625,0.0,0.0,0
2023-05-01,0.8867322699108431,0.0,0.0,0.0,0.0,0.0,0.0,0.0,0
2023-05-02,0.8866436055502881,-9.99900009998056e-05,0.0,0.0,9.999000099990002e-05,0.09999000099990002,0.1,0.0,1
2023-05-03,0.8862085504233829,-0.0004906764388552531,-0.00018611297467124868,4.10958904109589e-06,0.00030045387514299985,0.30051103912328575,0.4000000000000001,0.0,4
2023-05-04,0.8869274289617333,0.0008111843854439194,0.001030314111965902,1.6438356164383563e-05,0.00020269137035755104,0.2024860746355906,0.4,0.0,4
2023-05-05,0.8876429330371739,0.0008067222323682177,0.0009263062180961512,1.6438356164383563e-05,0.00010314562956363896,0.10305186598266922,0.30000000000000004,0.0,3
2023-05-08,0.8881671053332716,0.0005905215673875919,0.0006282516704454511,3.698630136986301e-05,7.438016878750838e-07,0.000743362163571083,0.3,0.0,3
2023-05-09,0.8882250005946215,6.518509974329234e-05,7.925144404722925e-05,1.232876712328767e-05,1.7375771806482395e-06,0.0017374609051134186,0.3,0.0,3
2023-05-10,0.8876783876201209,-0.0006153992221956672,-0.0005009246303870342,1.2328767123287673e-05,0.0001021458246853792,0.10219827829893584,0.4,0.0,4
2023-05-11,0.8877268628378369,5.460898720976992e-05,0.00017277904700277458,1.643835616438356e-05,0.0001017317036286811,0.1017158013100351,0.49999999999999994,0.0,5
2023-05-12,0.887940226160671,0.00024034794007699034,0.0002637604583292541,2.0547945205479456e-05,2.8645730467929875e-06,0.002863876516188209,0.5,0.0,5
2023-05-15,0.8881214765325288,0.00020412451932894093,0.0003693989738891792,6.164383561643835e-05,0.00010363061894400114,0.10359873590070913,0.5999999999999999,0.0,6
2023-05-16,0.8888632559779092,0.0008352229565222746,0.0008665975046888096,2.4657534246575345e-05,6.71701392008521e-06,0.006711363355020456,0.6000000000000001,0.0,6
2023-05-17,0.8896349005086865,0.0008681251312705474,0.0009974417413285475,2.4657534246575342e-05,0.00010465907581139525,0.10455736405890463,0.5000000000000001,0.0,5
2023-05-18,0.8889105404650021,-0.0008142217029371013,-0.0007895952186455612,2.0547945205479453e-05,4.078539085956217e-06,0.00408184596556111,0.5000000000000001,0.0,5
2023-05-19,0.8890027718413978,0.00010375777111093498,0.0001258283400521421,2.0547945205479453e-05,1.5226237356406443e-06,0.0015224634500874796,0.5000000000000001,0.0,5
2023-05-22,0.8888394999923815,-0.00018365730027813942,-0.00011674167189351115,6.164383561643835e-05,5.271792768286514e-06,0.005272733347500672,0.5000000000000001,0.0,5
2023-05-23,0.8890152200358151,0.00019769603335029196,0.00032203186720654585,2.054794520547945e-05,0.00010378788865076861,0.10375660770174516,0.5999999999999999,0.0,6
2023-05-24,0.8891397133531127,0.00014003507981841246,0.00016916971621631644,2.4657534246575342e-05,4.477102151312409e-06,0.004476455248996886,0.6000000000000002,0.0,6
2023-05-25,0.88784774557714,-0.001453053728868392,-0.001321875361309244,2.4657534246575342e-05,0.00010652083331254067,0.10666446051741409,0.6999999999999998,0.0,7
2023-05-26,0.8875066793077648,-0.00038414950206744347,-0.0003527608916917391,2.8767123287671234e-05,2.6214870880885437e-06,0.0026224876405923666,0.7000000000000001,0.0,7
2023-05-30,0.8863537069791769,-0.0012991139734150892,-0.001078827433875851,0.00011506849315068492,0.00010521804638854282,0.1053438159413326,0.8,0.0,8
2023-05-31,0.886094233184277,-0.00029274294545933444,0.0005440159172831919,3.287671232876712e-05,0.0008038821504137504,0.8034714646481066,0.0,0.0,0
2023-06-01,0.886094233184277,0.0,0.0,0.0,0.0,0.0,0.0,0.0,0
2023-06-02,0.8857399372093933,-0.0003998400639744215,0.0,0.0,0.00039984006397441024,0.39984006397441024,0.4,0.0,4
2023-06-05,0.8846771349042368,-0.0011999033356279165,-0.0010471581817831754,4.931506849315068e-05,0.00010343008535158884,0.10354361815913714,0.5000000000000001,0.0,5
2023-06-06,0.8838520332250942,-0.0009326585333664372,-0.0009098953258548762,2.0547945205479453e-05,2.215262306056618e-06,0.0022173254015562475,0.5000000000000001,0.0,5
2023-06-07,0.8842332736058516,0.0004313395980617418,0.0004598416500956494,2.0547945205479456e-05,7.954106828401716e-06,0.007950614173645223,0.5000000000000001,0.0,5
2023-06-08,0.8837857207516836,-0.0005061479448097428,-0.00028385658492732226,2.0547945205479456e-05,0.00020174341467683936,0.20180484498585582,0.5000000000000001,0.0,5
2023-06-09,0.8845243227244477,0.0008357251711827995,0.0008601703352620839,2.0547945205479453e-05,3.897218873752671e-06,0.003893949426628326,0.5000000000000001,0.0,5
2023-06-12,0.8854156532471984,0.0010076947573418593,0.0010718529755996743,6.164383561643837e-05,2.51438264160686e-06,0.002511845152675405,0.5000000000000001,0.0,5
2023-06-13,0.8843592595031418,-0.0011931048882888318,-0.0011692038733922493,2.0547945205479456e-05,3.3530696909672363e-06,0.0033570637636852296,0.5000000000000001,0.0,5
2023-06-14,0.8847406380588363,0.00043124844524022876,0.0005529074960685111,2.0547945205479456e-05,0.00010111110562273556,0.10105730680027594,0.4,0.0,4
2023-06-15,0.8850855829924058,0.0003898825471906342,0.000509925205050621,1.643835616438356e-05,0.00010360430169544934,0.10355319955330967,0.30000000000000004,0.0,3
2023-06-16,0.8848616320281747,-0.0002530274682296385,-0.00014041559245208667,1.2328767123287673e-05,0.00010028310865432538,0.10029842867357953,0.2,0.0,2
2023-06-20,0.8846271996231003,-0.00026493679530104064,-0.00022956051397960423,3.287671232876712e-05,2.4995689925867346e-06,0.0025002251447388667,0.2,0.0,2
2023-06-21,0.8837450300837698,-0.0009972218124271182,-0.0009869064480093838,8.21917808219178e-06,2.096186335604906e-06,0.002098274382213218,0.2,0.0,2
2023-06-22,0.8842061543083598,0.0005217842351501467,0.0005321424679618159,8.219178082191782e-06,2.1390547295908563e-06,0.0021379346158533707,0.2,0.0,2
2023-06-23,0.8843279441751798,0.00013773922091186996,0.00014875904276386845,8.219178082191782e-06,2.8006437697394832e-06,0.0028002502229520746,0.2,0.0,2
2023-06-26,0.8835240572982188,-0.000909037062840734,-0.0008822459761907321,2.4657534246575345e-05,2.133552403423155e-06,0.002135489085971723,0.20000000000000004,0.0,2
2023-06-27,0.8836887479857759,0.00018640204100472957,0.00019610388397663382,8.219178082191782e-06,1.4826648898017368e-06,0.0014823863720741977,0.2,0.0,2
2023-06-28,0.8839319320481546,0.000275191986921719,0.00028586760131602007,8.21917808219178e-06,2.456436311902003e-06,0.0024557544755440188,0.2,0.0,2
2023-06-29,0.8835361356771935,-0.00044776792941958465,-0.00043870844734951177,8.219178082191782e-06,8.403039879508833e-07,0.0008406797109378413,0.2,0.0,2
2023-06-30,0.8835893361348504,6.0213109015716526e-05,0.0002707593419237653,8.21917808219178e-06,0.0002023270548257789,0.2022739497898602,0.0,0.0,0
2023-07-03,0.8835893361348504,0.0,0.0,0.0,0.0,0.0,0.0,0.0,0
2023-07-05,0.8833243388332004,-0.00029991002699192304,0.0,0.0,0.00029991002699190244,0.2999100269919024,0.3,0.0,3
2023-07-06,0.8820987747842876,-0.0013874451263640175,-0.0013725004310382817,1.2328767123287673e-05,2.6159282024014884e-06,0.0026195558398146783,0.30000000000000004,0.0,3
2023-07-07,0.8810495908306825,-0.001189417765444345,-0.001175190449216085,1.232876712328767e-05,1.8985491050789789e-06,0.0019008063491451285,0.30000000000000004,0.0,3
2023-07-10,0.8809019130600525,-0.00016761573033674537,-0.00012687790169106942,3.698630136986302e-05,3.7515272758297576e-06,0.0037521421176076306,0.30000000000000004,0.0,3
2023-07-11,0.881332628009471,0.0004889476830880479,0.0006060220744498191,1.2328767123287673e-05,0.0001047456242385827,0.10468347436046721,0.2,0.0,2
2023-07-12,0.8819935359743173,0.0007498961729568432,0.000760407208849534,8.21917808219178e-06,2.2918578105513715e-06,0.0022901351982663964,0.2,0.0,2
2023-07-13,0.88185591396944,-0.00015603516269002693,-0.00014681262178228296,8.219178082191782e-06,1.003362825597991e-06,0.0010035184028621836,0.2,0.0,2
2023-07-14,0.882876348565493,0.0011571443587192753,0.0011665300668683876,8.219178082191782e-06,1.1665300668683921e-06,0.0011651804256939103,0.2,0.0,2
2023-07-17,0.8827530814769194,-0.00013961987856381253,-0.00011340207422209087,2.4657534246575342e-05,1.5602700951572734e-06,0.001560485535179281,0.2,0.0,2
2023-07-18,0.8831118559696491,0.0004064267803285393,0.0004152639835999339,8.219178082191782e-06,6.180251892379374e-07,0.0006177737276511117,0.2,0.0,2
2023-07-19,0.8833018637802591,0.00021515712797359754,0.00022501068865665721,8.21917808219178e-06,1.63438260075045e-06,0.0016340283572745548,0.20000000000000004,0.0,2
2023-07-20,0.8839228210099326,0.0007029954935404703,0.0007138950582636471,8.219178082191782e-06,2.6803866410166526e-06,0.0026784964906480515,0.2,0.0,2
2023-07-21,0.8842129456889721,0.00032822399438448,0.00033852694195364856,8.219178082191782e-06,2.0837694868604727e-06,0.0020830814288917334,0.2,0.0,2
2023-07-24,0.884009397941626,-0.0002302021796203313,-0.00010388652134544215,2.4657534246575342e-05,0.00010165812402828358,0.10167119325580155,0.1,0.0,1
2023-07-25,0.8839620984945311,-5.35055930458439e-05,5.140043957023723e-05,4.109589041095891e-06,0.00010079644357490118,0.10079167705076719,0.20000000000000004,0.0,2
2023-07-26,0.8840047006493208,4.8194549135294196e-05,5.6962589199538484e-05,8.219178082191782e-06,5.488619820300443e-07,0.0005488352299287961,0.2,0.0,2
2023-07-27,0.8842570948452338,0.00028551227807693813,0.00029821283645691785,8.219178082191782e-06,4.481380297849815e-06,0.004480081102741015,0.2,0.0,2
2023-07-28,0.8845323598892828,0.00031129526203810265,0.0004209096676838886,8.21917808219178e-06,0.0001013952275636272,0.10135339997936692,0.30000000000000004,0.0,3
2023-07-31,0.8836731244803823,-0.0009714007625544197,-0.000635061126043035,3.698630136986302e-05,0.00029935333514152974,0.2995546500734812,0.0,0.0,0
2023-08-01,0.8836731244803823,0.0,0.0,0.0,0.0,0.0,0.0,0.0,0
2023-08-02,0.8834964251953432,-0.00019996000799837876,0.0,0.0,0.00019996000799840034,0.19996000799840033,0.2,0.0,2
2023-08-03,0.8830616908559439,-0.0004920612319435635,-0.00048282117447995265,8.21917808219178e-06,1.0208793814734538e-06,0.0010213809207208647,0.2,0.0,2
2023-08-04,0.883843393176062,0.0008852182449001766,0.0008944815361720538,8.21917808219178e-06,1.0441131896205624e-06,0.0010431886507869831,0.2,0.0,2
2023-08-07,0.8844245189860198,0.0006574986184708642,0.0006853097577645739,2.465753424657534e-05,3.1536050472099066e-06,0.0031515229865413798,0.2,0.0,2
2023-08-08,0.8858119521602859,0.0015687411921332384,0.0015796014097697322,8.219178082191782e-06,2.641039554210289e-06,0.0026368959827162406,0.2,0.0,2
2023-08-09,0.8863764510512445,0.0006372671869938618,0.0006476063744604077,8.21917808219178e-06,2.1200093845004925e-06,0.002118654743783771,0.2,0.0,2
2023-08-10,0.8856989653877156,-0.0007643317494788748,-0.0007551803211030715,8.21917808219178e-06,9.322502935098944e-07,0.0009329625166278468,0.2,0.0,2
2023-08-11,0.8855640962221599,-0.00015227427244046687,-4.3487157634253394e-05,8.219178082191782e-06,0.00010056793672393198,0.10057313699231737,0.10000000000000002,0.0,1
2023-08-14,0.8854089026369537,-0.00017524828057990938,-6.0621309850561375e-05,1.2328767123287673e-05,0.0001022982036060576,0.10230566681232642,0.20000000000000004,0.0,2
2023-08-15,0.885292541442098,-0.00013142085482664712,-2.0724176926983935e-05,8.219178082191782e-06,0.00010247749981754747,0.10248046594605485,0.30000000000000004,0.0,3
2023-08-16,0.8849579603824188,-0.00037793276687292376,-0.00036438814861545213,1.2328767123287671e-05,1.2158511341995341e-06,0.001216309338502119,0.30000000000000004,0.0,3
2023-08-17,0.884877760858107,-9.062523634140174e-05,2.323268614714546e-05,1.2328767123287673e-05,0.00010152915536520343,0.10152804831158599,0.4000000000000001,0.0,4
2023-08-18,0.8849335139614884,6.30065596036733e-05,8.14813237685064e-05,1.6438356164383563e-05,2.036408000456888e-06,0.002036275555051928,0.4000000000000001,0.0,4
2023-08-21,0.8852395543973535,0.00034583438307689285,0.0003969629661528251,4.931506849315069e-05,1.8135145827106046e-06,0.0018128843372820485,0.4,0.0,4
2023-08-22,0.8857718562830929,0.0006013082934390734,0.0006232383941901455,1.643835616438356e-05,5.491744586699015e-06,0.005488414216743593,0.4000000000000001,0.0,4
2023-08-23,0.8863018104526463,0.0005982964640323107,0.0006197160151821701,1.6438356164383563e-05,4.981194985491688e-06,0.00497819175362442,0.4,0.0,4
2023-08-24,0.8864458199914722,0.00016248363382254105,0.00018075688472415916,1.643835616438356e-05,1.8348947371811595e-06,0.0018345932795129642,0.4000000000000001,0.0,4
2023-08-25,0.8865440744355723,0.00011084089053636781,0.0001305045246273785,1.6438356164383563e-05,3.2252779265640024e-06,0.0032249100734282887,0.4000000000000001,0.0,4
2023-08-28,0.8867081795078856,0.0001851065018034781,0.00023711673338147046,4.931506849315069e-05,2.6951630848500966e-06,0.0026946570237747288,0.4000000000000001,0.0,4
2023-08-29,0.8874037807321231,0.0007844759305406512,0.000803772881319359,1.6438356164383563e-05,2.858594614170223e-06,0.002856345714573361,0.4,0.0,4
2023-08-30,0.8881400205800681,0.0008296559738991682,0.0009479783357453085,1.6438356164383563e-05,0.00010188400568195912,0.1017891849866551,0.30000000000000004,0.0,3
2023-08-31,0.8879549000317817,-0.00020843621951138758,0.00010342714883640483,1.2328767123287671e-05,0.0002995346012245235,0.29950731659267066,0.0,0.0,0
2023-09-01,0.8879549000317817,0.0,0.0,0.0,0.0,0.0,0.0,0.0,0
2023-09-05,0.8878661134204396,-9.999000099991662e-05,0.0,0.0,9.999000099990002e-05,0.0999900009999,0.1,0.0,1
2023-09-06,0.8880163073172397,0.00016916277638023836,0.00017418120865047017,4.10958904109589e-06,9.088432291537214e-07,0.0009086886869970032,0.10000000000000002,0.0,1
2023-09-07,0.8875184891204355,-0.0005605957826474439,-0.0005553120649802624,4.109589041095891e-06,1.1741286259902894e-06,0.0011747858266205383,0.1,0.0,1
2023-09-08,0.8873371793602979,-0.0002042884315766047,4.158515411245454e-07,4.109589041095891e-06,0.00020059469407663626,0.20059543502351693,0.10000000000000002,0.0,1
2023-09-11,0.8868316301441644,-0.0005697374435476021,-0.0005568518245998134,1.2328767123287671e-05,5.568518245998167e-07,0.000557168954354946,0.1,0.0,1
2023-09-12,0.8866252859428532,-0.00023267573493934712,-0.00022814480106937983,4.109589041095891e-06,4.2134482899726274e-07,0.0004214427109170532,0.1,0.0,1
2023-09-13,0.8867232429220432,0.00011048295231708138,0.00011522255910971784,4.10958904109589e-06,6.300177513590971e-07,0.0006299477559929407,0.1,0.0,1
2023-09-14,0.886520782510419,-0.0002283242412334241,-0.00012292780532813247,4.109589041095891e-06,0.00010128684686416705,0.10129971571610197,0.2,0.0,2
2023-09-15,0.8862211287807943,-0.0003380109474434567,-0.00022933934722137452,8.219178082191782e-06,0.00010045242213987452,0.10047629113942558,0.30000000000000004,0.0,3
2023-09-18,0.8864769788534637,0.00028869778022699855,0.0003293149225516823,3.6986301369863026e-05,3.630840954706287e-06,0.003629779866162818,0.30000000000000004,0.0,3
2023-09-19,0.8867342893280604,0.00029026188015568444,0.0005049376644429782,1.2328767123287674e-05,0.00020234701716397553,0.20224738830103878,0.5000000000000001,0.0,5
2023-09-20,0.8862063411354962,-0.0005953848846470544,-0.0005725446771523814,2.0547945205479456e-05,2.292262289137335e-06,0.0022936226197916064,0.49999999999999994,0.0,5
2023-09-21,0.8854636260062555,-0.0008380837450215894,-0.0008078765789398758,2.0547945205479453e-05,9.659220876229348e-06,0.009667229446183105,0.5,0.0,5
2023-09-22,0.8871104038440029,0.001859791627099261,0.0019829941532726663,2.0547945205479453e-05,0.00010265458096804274,0.10245352144338303,0.39999999999999997,0.0,4
2023-09-25,0.8867583071605224,-0.00039690289050242633,-0.00034542103737438825,4.931506849315069e-05,2.1667846349340695e-06,0.002167640280817441,0.4,0.0,4
2023-09-26,0.8877581490145502,0.0011275246546371687,0.0012499475997283572,1.643835616438356e-05,0.0001059845889268517,0.10585401701839113,0.5000000000000001,0.0,5
2023-09-27,0.8868320200566264,-0.0010432221421473598,-0.0010180993078273306,2.0547945205479456e-05,4.5748891145816306e-06,0.004579645751060833,0.5000000000000001,0.0,5
2023-09-28,0.8864050995892575,-0.0004813994733091631,-0.0002571845971391985,2.0547945205479456e-05,0.00020366693096444247,0.2037235116132582,0.5000000000000001,0.0,5
2023-09-29,0.8864382942215493,3.7448602571377165e-05,0.0005578781626047747,2.0547945205479453e-05,0.0004998816148278925,0.4996131575813137,0.0,0.0,0
2023-10-02,0.8864382942215493,0.0,0.0,0.0,0.0,0.0,0.0,0.0,0
2023-10-03,0.8863496592556237,-9.999000099991662e-05,0.0,0.0,9.999000099990002e-05,0.0999900009999,0.1,0.0,1
2023-10-04,0.8864764927609271,0.0001430964676061297,0.0002486510769948991,4.109589041095891e-06,0.00010144502034764002,0.10142021889640249,0.2,0.0,2
2023-10-05,0.8867917960526074,0.0003556815034071459,0.0004651557957523866,8.219178082191782e-06,0.00010125511426298909,0.10120886822506411,0.30000000000000004,0.0,3
2023-10-06,0.8873453991680603,0.0006242763159483022,0.0007411982819633343,1.2328767123287674e-05,0.00010459319889167286,0.10451701962228824,0.4,0.0,4
2023-10-09,0.8889333799387374,0.0017895858502967599,0.0019420646815160759,4.9315068493150684e-05,0.00010316376272609852,0.1029688684402049,0.30000000000000004,0.0,3
2023-10-10,0.8889287316348012,-5.2290802000642955e-06,9.372105160521175e-06,1.2328767123287671e-05,2.272418237336752e-06,0.002272424956129183,0.30000000000000004,0.0,3
2023-10-11,0.8887053678737727,-0.0002512729683263881,-0.0002355185195475064,1.2328767123287671e-05,3.4256816556114707e-06,0.0034265309120007034,0.3,0.0,3
2023-10-12,0.8872590024519263,-0.0016274971144900618,-0.0015109717226018669,1.2328767123287671e-05,0.00010419662476491094,0.10435558968578487,0.4000000000000001,0.0,4
2023-10-13,0.8879687963560722,0.0007999850124758012,0.001121127948923162,1.643835616438356e-05,0.0003047045802828876,0.30436834773677757,0.5000000000000001,0.0,5
2023-10-16,0.8898117586459682,0.0020754809149363673,0.0021408827831240597,6.164383561643835e-05,3.7580325713787067e-06,0.003750234936835734,0.5000000000000001,0.0,5
2023-10-17,0.8900572871780067,0.00027593311692375444,0.00029895822895533716,2.054794520547945e-05,2.477166826150374e-06,0.0024764773493888303,0.5,0.0,5
2023-10-18,0.8896626153734007,-0.00044342292377297365,-0.00041767638404853187,2.054794520547945e-05,5.198594518997227e-06,0.005200873668372083,0.5000000000000001,0.0,5
2023-10-19,0.888700550799383,-0.0010813813656921356,-0.0009595941557675459,2.0547945205479453e-05,0.00010123926471918467,0.10133859093861687,0.39999999999999997,0.0,4
2023-10-20,0.888848533188745,0.0001665154693881732,0.00018757740875046105,1.6438356164383563e-05,4.623583197729553e-06,0.004622792057476534,0.4,0.0,4
2023-10-23,0.8884774293855744,-0.00041751073362217284,-0.00036445146534235255,4.931506849315069e-05,3.7441997866939753e-06,0.0037457496525443237,0.4,0.0,4
2023-10-24,0.889057610564303,0.0006530060973297669,0.0006755336413223459,1.6438356164383563e-05,6.089187828241266e-06,0.006085177116694302,0.4000000000000001,0.0,4
2023-10-25,0.8895731638016146,0.0005798873224698298,0.0006955263590872894,1.6438356164383563e-05,9.920068045301746e-05,0.09913336017743153,0.30000000000000004,0.0,3
2023-10-26,0.8896165725293975,4.879725417694658e-05,6.307032192517383e-05,1.2328767123287671e-05,1.9443006249250056e-06,0.001944201973094042,0.3,0.0,3
2023-10-27,0.8895553656653603,-6.880139818343789e-05,-5.03800540906208e-05,1.232876712328767e-05,6.092576969529652e-06,0.006092959051809495,0.30000000000000004,0.0,3
2023-10-30,0.8900120206244992,0.0005133519247533247,0.0006517599720347824,3.6986301369863026e-05,0.00010142174591159028,0.10135943280103067,0.4,0.0,4
2023-10-31,0.8877412000398668,-0.0025514493422673645,-0.0021312449506852627,1.6438356164383563e-05,0.00040376603541783664,0.404635063388843,0.0,0.0,0
2023-11-01,0.8877412000398668,0.0,0.0,0.0,0.0,0.0,0.0,0.0,0
2023-11-02,0.8872975512642347,-0.0004997501249375258,0.0,0.0,0.0004997501249375312,0.4997501249375312,0.49999999999999994,0.0,5
2023-11-03,0.8865018940408332,-0.0008967197331580801,-0.0006679604598227254,2.054794520547945e-05,0.0002082113281297729,0.20835478214850997,0.5,0.0,5
2023-11-06,0.8870460832095151,0.0006138612588872938,0.0006792842491293139,6.164383561643835e-05,3.779154625687736e-06,0.0037768219078428106,0.5,0.0,5
2023-11-07,0.8868373517607716,-0.00023531071575022544,-0.00021053801432636694,2.054794520547945e-05,4.224756218386226e-06,0.0042257327258879126,0.5000000000000001,0.0,5
2023-11-08,0.8867491110807401,-9.950040991890674e-05,-7.56017561982903e-05,2.0547945205479453e-05,3.3507085151337038e-06,0.0033510307157364164,0.5000000000000001,0.0,5
2023-11-09,0.8879864540781534,0.0013953698762723121,0.0015244827387636715,2.0547945205479453e-05,0.00010856491728581523,0.10840188791489262,0.6000000000000001,0.0,6
2023-11-10,0.8880063939105708,2.2455108775520927e-05,5.7547280567105454e-05,2.4657534246575345e-05,1.0434637545021266e-05,0.01043429436372661,0.6000000000000001,0.0,6
2023-11-13,0.888530408794342,0.0005901026021486455,0.0006706023682755637,7.397260273972604e-05,6.527163387329869e-06,0.0065232714094383285,0.6000000000000002,0.0,6
2023-11-14,0.88699582171482,-0.00172710698962375,-0.0015770867071032034,2.4657534246575342e-05,0.00012536274827382526,0.12556386947868434,0.5,0.0,5
2023-11-15,0.8869395144258317,-6.348089541108326e-05,5.8523537453236784e-05,2.0547945205479453e-05,0.00010145648765869867,0.10145263493480194,0.4000000000000001,0.0,4
2023-11-16,0.88751756281501,0.0006517337200300233,0.0006700585803252837,1.6438356164383563e-05,1.8865041309696221e-06,0.0018852718791413736,0.4,0.0,4
2023-11-17,0.8869800934787007,-0.0006055872681602903,-0.0005853181124166384,1.643835616438356e-05,3.830799579298259e-06,0.003833106175734265,0.4,0.0,4
2023-11-20,0.8866546191599575,-0.0003669465877940148,-0.00011411704735753721,4.9315068493150684e-05,0.00020351447194331376,0.20354773818084126,0.2,0.0,2
2023-11-21,0.8871526480717357,0.0005616943745807568,0.0005713328244711491,8.21917808219178e-06,1.4192718082333884e-06,0.0014184730467037545,0.2,0.0,2
2023-11-22,0.887445942468191,0.00033060195118927993,0.00034010813506549773,8.21917808219178e-06,1.2870057940176657e-06,0.0012865787927240713,0.2,0.0,2
2023-11-24,0.8874602552299166,1.612803782258254e-05,3.373667686762398e-05,1.6438356164383563e-05,1.1702828807403828e-06,0.001170262637161978,0.2,0.0,2
2023-11-27,0.8870713705275596,-0.0004381995701387975,-0.00041270259801643453,2.4657534246575342e-05,8.394378757728134e-07,0.0008398051730743844,0.2,0.0,2
2023-11-28,0.8872600809909793,0.00021273425080492459,0.00022135686797470356,8.21917808219178e-06,4.034390874613174e-07,0.0004033531177095979,0.2,0.0,2
2023-11-29,0.8872743486726459,1.6080608124191542e-05,2.5673401431147725e-05,8.219178082191782e-06,1.3736152248970016e-06,0.001373591249928535,0.2,0.0,2
2023-11-30,0.8870747062664477,-0.000225006399088179,-1.5821741747956706e-05,8.21917808219178e-06,0.00020096547925802687,0.20097031076915628,0.0,0.0,0
2023-12-01,0.8870747062664477,0.0,0.0,0.0,0.0,0.0,0.0,0.0,0
2023-12-04,0.8869860076656811,-9.999000099991662e-05,0.0,0.0,9.999000099990002e-05,0.09999000099990002,0.1,0.0,1
2023-12-05,0.8868138511137286,-0.0001940916209103305,-0.00018932111747337329,4.10958904109589e-06,6.609143958824469e-07,0.0006610422617541738,0.1,0.0,1
2023-12-06,0.8862013445818062,-0.0006906821889995918,-0.0006853137708205614,4.109589041095891e-06,1.258829137901124e-06,0.0012596976028548942,0.1,0.0,1
2023-12-07,0.886864255473095,0.0007480364313841026,0.0008530738979662833,4.10958904109589e-06,0.00010092787754110471,0.1008422660563917,0.2,0.0,2
2023-12-08,0.8860738634812456,-0.0008912209359793755,-0.0008819995474926345,8.219178082191782e-06,1.0022104045751453e-06,0.001003103385993044,0.2,0.0,2
2023-12-11,0.886832526302533,0.0008562071995970033,0.0008824570510994723,2.4657534246575342e-05,1.5923172558480418e-06,0.0015909525375300128,0.2,0.0,2
2023-12-12,0.8872796419344229,0.0005041714400735309,0.00051384607310761,8.21917808219178e-06,1.4554549519379037e-06,0.0014547194066811702,0.2,0.0,2
2023-12-13,0.8864103846967313,-0.0009796880223651439,-0.0009658417270459907,8.219178082191782e-06,5.627117236982273e-06,0.005632603736075663,0.20000000000000004,0.0,2
2023-12-14,0.8865348629911258,0.00014042964358673693,0.00015123858396958733,8.219178082191782e-06,2.5897623005503993e-06,0.0025893919672496336,0.2,0.0,2
2023-12-15,0.886016326298754,-0.000584902764706019,-0.0005746770767208587,8.21917808219178e-06,2.006509902832748e-06,0.0020076801720858993,0.20000000000000004,0.0,2
2023-12-18,0.8855618121417446,-0.0005129862097554838,-0.00048742716046067396,2.4657534246575345e-05,9.015150482685374e-07,0.0009019769368528788,0.20000000000000004,0.0,2
2023-12-19,0.8858833691027147,0.0003631106903678738,0.00037170157001999995,8.219178082191782e-06,3.7170157001999877e-07,0.00037156651213540384,0.2,0.0,2
2023-12-20,0.8863098971484817,0.00048147200934489653,0.0005935143004476783,8.219178082191782e-06,0.00010382311302062675,0.10376238140490543,0.3,0.0,3
2023-12-21,0.8868085525213414,0.0005626196598549349,0.0005766439796653255,1.2328767123287673e-05,1.6955526872568967e-06,0.0016945964007288464,0.30000000000000004,0.0,3
2023-12-22,0.8869806537763699,0.00019406810471012115,0.00020756344172450094,1.2328767123287673e-05,1.1665698911368171e-06,0.0011663421807006943,0.30000000000000004,0.0,3
2023-12-26,0.8871799075040746,0.00022464269863875508,0.0003747998685666886,4.931506849315068e-05,0.00010084210143478881,0.10080928954333623,0.39999999999999997,0.0,4
2023-12-27,0.8870030522593736,-0.00019934541258781469,1.8370863110162014e-05,1.643835616438356e-05,0.00020127791953360817,0.2012775305633823,0.6000000000000001,0.0,6
2023-12-28,0.8868695978059242,-0.00015045546135317167,-0.00012135308392265955,2.4657534246575342e-05,4.444843183926356e-06,0.004445492273001204,0.6,0.0,6
2023-12-29,0.8864207794675505,-0.0005060702717559762,0.00011687649899388423,2.4657534246575345e-05,0.0005982892365032504,0.598234067976825,0.0,0.0,0
2024-01-02,0.8864207794675505,0.0,0.0,0.0,0.0,0.0,0.0,0.0,0
2024-01-03,0.8864207794675505,0.0,0.0,0.0,0.0,0.0,0.0,0.0,0
2024-01-04,0.8864207794675505,0.0,0.0,0.0,0.0,0.0,0.0,0.0,0
2024-01-05,0.8864207794675505,0.0,0.0,0.0,0.0,0.0,0.0,0.0,0
2024-01-08,0.8864207794675505,0.0,0.0,0.0,0.0,0.0,0.0,0.0,0
2024-01-09,0.8864207794675505,0.0,0.0,0.0,0.0,0.0,0.0,0.0,0
2024-01-10,0.8864207794675505,0.0,0.0,0.0,0.0,0.0,0.0,0.0,0
2024-01-11,0.8864207794675505,0.0,0.0,0.0,0.0,0.0,0.0,0.0,0
2024-01-12,0.8864207794675505,0.0,0.0,0.0,0.0,0.0,0.0,0.0,0
2024-01-16,0.8864207794675505,0.0,0.0,0.0,0.0,0.0,0.0,0.0,0
2024-01-17,0.8864207794675505,0.0,0.0,0.0,0.0,0.0,0.0,0.0,0
2024-01-18,0.8864207794675505,0.0,0.0,0.0,0.0,0.0,0.0,0.0,0
2024-01-19,0.8863321462529252,-9.999000099991662e-05,0.0,0.0,9.999000099990003e-05,0.09999000099990002,0.1,0.0,1
2024-01-22,0.8862672773755977,-7.318800023414784e-05,-5.9938771640322136e-05,1.232876712328767e-05,9.20461470624052e-07,0.0009205279949166074,0.1,0.0,1
2024-01-23,0.886875293500896,0.0006860414920188962,0.0006908419229830045,4.10958904109589e-06,6.908419229830052e-07,0.0006903678250752129,0.10000000000000002,0.0,1
2024-01-24,0.8868467222259167,-3.221566232447515e-05,7.093763931249054e-05,4.109589041095891e-06,9.904371259593852e-05,0.0990370941400326,0.0,0.0,0
2024-01-25,0.886669388348247,-0.00019996000799837876,0.0,0.0,0.00019996000799840034,0.19996000799840033,0.2,0.0,2
2024-01-26,0.8869680191416659,0.00033680061288143825,0.0004458894782121247,8.21917808219178e-06,0.00010086968724866167,0.10082555889603886,0.1,0.0,1
2024-01-29,0.8868830625326817,-9.578317047598262e-05,-8.275568734765758e-05,1.2328767123287673e-05,6.987160050416672e-07,0.0006987824483895662,0.10000000000000002,0.0,1
2024-01-30,0.8866420234147313,-0.00027178229930568953,-0.00026709383200432816,4.109589041095891e-06,5.788782602203726e-07,0.0005790352965737094,0.1,0.0,1
2024-01-31,0.8868685677298297,0.00025550820862951795,0.00035857474667319594,4.109589041095891e-06,9.895694900250027e-05,0.09892188464106771,0.0,0.0,0
2024-02-01,0.8868685677298297,0.0,0.0,0.0,0.0,0.0,0.0,0.0,0
2024-02-02,0.8867798897408556,-9.99900009998056e-05,0.0,0.0,9.999000099990003e-05,0.09999000099990003,0.10000000000000002,0.0,1
2024-02-05,0.8849157160328653,-0.002102183111679534,-0.0019880764863810857,1.2328767123287671e-05,0.00010177785817521314,0.10198186323018095,0.2,0.0,2
2024-02-06,0.8852560197562683,0.00038456060530678293,0.000494672037715449,8.219178082191782e-06,0.0001018922543265676,0.10184271264776727,0.1,0.0,1
2024-02-07,0.8856594772544962,0.00045575233517070046,0.0004603222464583723,4.10958904109589e-06,4.60322246458369e-07,0.0004601123373862196,0.1,0.0,1
2024-02-08,0.885454434892059,-0.00023151376765351284,-0.0002271770016108621,4.109589041095891e-06,2.271770016108655e-07,0.00022722955676034393,0.1,0.0,1
2024-02-09,0.8861027861449405,0.0007322242989957761,0.0008377693748836623,4.10958904109589e-06,0.0001014354868467569,0.10135099459830514,0.2,0.0,2
2024-02-12,0.8854093222489241,-0.000782599837016007,-0.0005590573474863802,2.4657534246575342e-05,0.00019888495528311783,0.1990011151955389,0.2,0.0,2
2024-02-13,0.8863865287714926,0.0011036776980011265,0.0011152414104989737,8.21917808219178e-06,3.344534415573848e-06,0.00334083603580735,0.2,0.0,2
2024-02-14,0.8868419503009513,0.0005137956350598216,0.000621844763971946,8.21917808219178e-06,9.982995082984237e-05,0.09976873018432955,0.1,0.0,1
2024-02-15,0.8869330246516414,0.0001026951314822,0.0002080146516160508,4.109589041095891e-06,0.0001012099310927686,0.10118929808261114,0.2,0.0,2
2024-02-16,0.8864558849049181,-0.0005379659269206805,-0.000528706181003924,8.219178082191782e-06,1.0405678344668886e-06,0.001041126841870314,0.2,0.0,2
2024-02-20,0.8863667195764301,-0.00010058631230991377,-6.701077571629184e-05,3.287671232876712e-05,6.988242649127409e-07,0.0006988940756863707,0.20000000000000004,0.0,2
2024-02-21,0.8858097054430112,-0.0006284240158351828,-0.0005176469564898146,8.219178082191782e-06,0.0001025578812631801,0.10261184135555505,0.3,0.0,3
2024-02-22,0.8867580157205275,0.0010705575607143913,0.0011873633873377312,1.2328767123287673e-05,0.0001044770594999786,0.104354439420886,0.2,0.0,2
2024-02-23,0.8870862791425568,0.00037018376626973826,0.0004794872861749844,8.219178082191782e-06,0.00010108434182314041,0.10103672643622492,0.1,0.0,1
2024-02-26,0.887318875613333,0.0002622027600303056,0.0002767409125272903,1.2328767123287671e-05,2.2093853736238154e-06,0.002208801339722808,0.1,0.0,1
2024-02-27,0.8873233662302177,5.060882855234539e-06,0.00011034989291841547,4.109589041095891e-06,0.00010117942102201117,0.1011686728314667,0.0,0.0,0
2024-02-28,0.8872346427659411,-9.999000099991662e-05,0.0,0.0,9.999000099990002e-05,0.0999900009999,0.1,0.0,1
2024-02-29,0.8863652105873612,-0.0009799348860741741,-0.0008744553947632738,4.10958904109589e-06,0.00010136990226988161,0.10145904063026975,0.0,0.0,0
2024-03-01,0.8863652105873612,0.0,0.0,0.0,0.0,0.0,0.0,0.0,0
2024-03-04,0.8862765829290683,-9.999000099991662e-05,0.0,0.0,9.999000099990003e-05,0.09999000099990002,0.1,0.0,1
2024-03-05,0.8859748960287093,-0.0003403981400049716,-0.0003359525983655076,4.109589041095891e-06,3.359525983655034e-07,0.00033606688200451276,0.1,0.0,1
2024-03-06,0.88575580150574,-0.00024729202142337314,-0.00024289303333357992,4.109589041095891e-06,2.8939904874459e-07,0.00028947054872922634,0.1,0.0,1
2024-03-07,0.8859407388038131,0.0002087903886813791,0.0002131130908133161,4.10958904109589e-06,2.1311309081332188e-07,0.000213068558738428,0.10000000000000002,0.0,1
2024-03-08,0.8857893708085498,-0.00017085566633678884,-6.65762324646213e-05,4.109589041095891e-06,0.00010016984483113927,0.1001769259194438,0.2,0.0,2
2024-03-11,0.8850208546955816,-0.0008676059323976526,-0.0007409187521651873,2.4657534246575345e-05,0.00010202964598578462,0.10210781730937393,0.1,0.0,1
2024-03-12,0.8851014589062985,9.107605802660679e-05,0.00019562495120986067,4.109589041095891e-06,0.00010043930414211226,0.10042007215562436,0.2,0.0,2
2024-03-13,0.8852499089175663,0.00016772089772754128,0.00017667676573805414,8.21917808219178e-06,7.366899283532894e-07,0.0007365658482473439,0.20000000000000004,0.0,2
2024-03-14,0.8850879095178031,-0.00018299849356806508,-0.00017352187088277575,8.219178082191782e-06,1.257444603028644e-06,0.0012576731738705184,0.20000000000000004,0.0,2
2024-03-15,0.8852919465365566,0.00023052740474627242,0.00033922421595558035,8.219178082191782e-06,0.00010047763312705613,0.1004443855294198,0.3,0.0,3
2024-03-18,0.8847275857556502,-0.0006374855019457559,-0.0005984804921627009,3.698630136986301e-05,2.018708413251215e-06,0.002019992051122903,0.3,0.0,3
2024-03-19,0.8853415463718916,0.0006939544172988032,0.0007087878575562699,1.2328767123287671e-05,2.504673134036344e-06,0.0025029299457229284,0.30000000000000004,0.0,3
2024-03-20,0.8856788804682089,0.0003810214235395737,0.00039659436067688837,1.2328767123287671e-05,3.2441700140330953e-06,0.0032429238699673534,0.30000000000000004,0.0,3
2024-03-21,0.885958549919738,0.00031576845479408533,0.000430764806855044,1.2328767123287671e-05,0.00010266758493779388,0.10262464308856101,0.4000000000000001,0.0,4
2024-03-22,0.886666697123346,0.0007993006034787697,0.0008171502126676279,1.6438356164383563e-05,1.4112530244816627e-06,0.0014101239215385478,0.4000000000000001,0.0,4
2024-03-25,0.8866527384153827,-1.5742903177184964e-05,3.444832910545759e-05,4.9315068493150684e-05,8.761637894596794e-07,0.0008761768153520508,0.4,0.0,4
2024-03-26,0.886066599474181,-0.0006610693406861046,-0.0006428128516088261,1.643835616438356e-05,1.8181329127268493e-06,0.0018193323097493925,0.4,0.0,4
2024-03-27,0.8861107928611246,4.987592012817288e-05,0.00017472699501221977,1.6438356164383563e-05,0.0001084127187196898,0.10839556093389242,0.5,0.0,5
2024-03-28,0.885334023174722,-0.0008766056035662828,-0.00035312258183438095,2.0547945205479453e-05,0.000502935076526434,0.5031230787924523,0.0,0.0,0
2024-04-01,0.885334023174722,0.0,0.0,0.0,0.0,0.0,0.0,0.0,0
2024-04-02,0.885334023174722,0.0,0.0,0.0,0.0,0.0,0.0,0.0,0
2024-04-03,0.885334023174722,0.0,0.0,0.0,0.0,0.0,0.0,0.0,0
2024-04-04,0.885334023174722,0.0,0.0,0.0,0.0,0.0,0.0,0.0,0
2024-04-05,0.8852454986248595,-9.999000099991662e-05,0.0,0.0,9.999000099990002e-05,0.0999900009999,0.1,0.0,1
2024-04-08,0.8846630312194278,-0.0006579727390159107,-0.0006405159400293958,1.2328767123287673e-05,5.128031863114063e-06,0.00513138185860083,0.1,0.0,1
2024-04-09,0.8849164299262492,0.0002864352842597562,0.00029222821565927376,4.109589041095891e-06,1.6833423584370092e-06,0.0016828574958465117,0.1,0.0,1
2024-04-10,0.8853041033189938,0.0004380903999905428,0.00044448322676544645,4.10958904109589e-06,2.283237733761377e-06,0.002282232698645741,0.1,0.0,1
2024-04-11,0.8853577970748824,6.0650070057510774e-05,6.555334893904586e-05,4.10958904109589e-06,7.936898404467226e-07,0.0007936410761549941,0.1,0.0,1
2024-04-12,0.8854277365659157,7.899573625991252e-05,8.502938924778713e-05,4.109589041095891e-06,1.924063946956132e-06,0.0019239082646837374,0.10000000000000002,0.0,1
2024-04-15,0.885494092234285,7.494193555168671e-05,8.85374269930573e-05,1.2328767123287671e-05,1.2667243182550831e-06,0.0012666277902486343,0.1,0.0,1
2024-04-16,0.8851267204273481,-0.0004148777616459487,-0.0003089173089232288,4.109589041095891e-06,0.00010185086368169357,0.10188275572467412,0.2,0.0,2
2024-04-17,0.8848799440672338,-0.0002788034237574122,-0.0002694709948429242,8.219178082191782e-06,1.1132508322113707e-06,0.0011135600568961328,0.20000000000000004,0.0,2
2024-04-18,0.8845669564855959,-0.00035370626686292983,-0.0003436028281283254,8.219178082191782e-06,1.8842606522548139e-06,0.0018849238099311778,0.2,0.0,2
2024-04-19,0.8849507331101502,0.0004338581966467636,0.0004438209607744769,8.219178082191782e-06,1.743586045325745e-06,0.0017428268668356274,0.20000000000000004,0.0,2
2024-04-22,0.8849890059060256,4.324850462689156e-05,6.982012907657542e-05,2.4657534246575345e-05,1.91409020320643e-06,0.0019140037618300314,0.2,0.0,2
2024-04-23,0.8846643253766201,-0.00036687521227807274,-0.00025819811574003817,8.21917808219178e-06,0.00010045791845576429,0.1004846893147621,0.3,0.0,3
2024-04-24,0.8846335833638361,-3.474991802221439e-05,-2.083409018489023e-05,1.2328767123287671e-05,1.587060714023622e-06,0.0015871133472370883,0.3,0.0,3
2024-04-25,0.8848479145082043,0.00024228239623602654,0.00025606057917499926,1.232876712328767e-05,1.4494158157137662e-06,0.001449062633052436,0.30000000000000004,0.0,3
2024-04-26,0.8848059341523886,-4.744358338582e-05,6.87194435082861e-05,1.2328767123287673e-05,0.00010383425977087816,0.10382840481690256,0.39999999999999997,0.0,4
2024-04-29,0.8858128594417314,0.0011380182370808178,0.0011906072103808009,4.931506849315069e-05,3.2739048068016624e-06,0.0032701725845283233,0.4,0.0,4
2024-04-30,0.8818197097571657,-0.004507893108576355,-0.004098776108085138,1.643835616438356e-05,0.0003926786443267717,0.3943012786519523,0.0,0.0,0
2024-05-01,0.8818197097571657,0.0,0.0,0.0,0.0,0.0,0.0,0.0,0
2024-05-02,0.8817315366035053,-9.999000099991662e-05,0.0,0.0,9.999000099990002e-05,0.09999000099990002,0.1,0.0,1
2024-05-03,0.8816832182999933,-5.4799336880018146e-05,4.956750210468043e-05,4.109589041095891e-06,0.00010025724994358307,0.10025269266539548,0.20000000000000004,0.0,2
2024-05-06,0.8811813151035008,-0.0005692556987306752,-0.0005420898365129602,2.4657534246575345e-05,2.5083279711834975e-06,0.002509750365604467,0.2,0.0,2
2024-05-07,0.8807770996396417,-0.00045871996708379825,-0.00034902479433551183,8.21917808219178e-06,0.00010147599466595004,0.1015122593087146,0.3,0.0,3
2024-05-08,0.8803885422412455,-0.00044115293024205027,-0.0004264389898979982,1.2328767123287671e-05,2.385173220751054e-06,0.0023862202172435327,0.3,0.0,3
2024-05-09,0.8800780675380429,-0.00035265645599191764,-0.00033680295636155937,1.2328767123287671e-05,3.5247325070176214e-06,0.0035259635327427523,0.3,0.0,3
2024-05-10,0.8798324981588049,-0.00027903135903029064,-0.0002641782341626487,1.2328767123287674e-05,2.5243577443716386e-06,0.002525055940017692,0.3,0.0,3
2024-05-13,0.8797095857500888,-0.0001396997825987567,-0.00010124624627507742,3.698630136986301e-05,1.4672349537251101e-06,0.001467437801390907,0.30000000000000004,0.0,3
2024-05-14,0.8785441598295607,-0.001324784837412496,-0.001309388496612657,1.2328767123287671e-05,3.0675736766061235e-06,0.0030716335076410423,0.3,0.0,3
2024-05-15,0.8772236886474571,-0.0015030219794071042,-0.0014870535088687298,1.2328767123287671e-05,3.6397034150750665e-06,0.003645168916741826,0.3,0.0,3
2024-05-16,0.8775576380212056,0.00038068896003395913,0.0005932603338379194,1.232876712328767e-05,0.00020024260668055646,0.20012634696827133,0.1,0.0,1
2024-05-17,0.8775153837661317,-4.814983454437538e-05,5.634209827626858e-05,4.109589041095891e-06,0.00010038234377955336,0.10037710083170716,0.2,0.0,2
2024-05-20,0.8775818777750348,7.577531987834618e-05,0.00010300779654580112,2.4657534246575342e-05,2.574942420786099e-06,0.0025747406891777494,0.20000000000000004,0.0,2
2024-05-21,0.8774197696011783,-0.00018472142367786937,-0.00017517779306058806,8.219178082191782e-06,1.3244525350958446e-06,0.001324695480234606,0.2,0.0,2
2024-05-22,0.8774696139423921,5.680786202999499e-05,6.822362496906597e-05,8.21917808219178e-06,3.196584857020709e-06,0.0031963930592231577,0.2,0.0,2
2024-05-23,0.8771344917392399,-0.00038191886969918265,-0.00036943972789050264,8.21917808219178e-06,4.259963726578868e-06,0.004261573147631525,0.2,0.0,2
2024-05-24,0.8775871801265811,0.0005160991747612531,0.0006256377756968745,8.21917808219178e-06,0.00010131942285344221,0.10125690495718474,0.3,0.0,3
2024-05-28,0.8776513649183184,7.313779552720057e-05,0.00012462158133901287,4.931506849315068e-05,2.168717318663121e-06,0.0021685540124225275,0.3,0.0,3
2024-05-29,0.8771998198402008,-0.0005144925378879339,-0.0004971553311450439,1.2328767123287671e-05,5.008439619525364e-06,0.0050109926405922855,0.30000000000000004,0.0,3
2024-05-30,0.8785979665808278,0.0015938748606694197,0.0016098257277398058,1.2328767123287674e-05,3.6220999471910067e-06,0.0036163228823778,0.3,0.0,3
2024-05-31,0.8782779534478525,-0.00036423158844833825,-4.606699234969122e-05,1.2328767123287671e-05,0.00030583582897546267,0.3058536895339506,0.0,0.0,0
2024-06-03,0.8782779534478525,0.0,0.0,0.0,0.0,0.0,0.0,0.0,0
2024-06-04,0.8781901344344091,-9.999000099991662e-05,0.0,0.0,9.99900009999e-05,0.0999900009999,0.1,0.0,1
2024-06-05,0.8780991550014604,-0.00010359878730281658,-9.936891834735339e-05,4.109589041095891e-06,1.2027991420615985e-07,0.00012029236188021746,0.10000000000000002,0.0,1
2024-06-06,0.8778639435518656,-0.00026786433884495864,-0.00026349125854540636,4.109589041095891e-06,2.63491258545408e-07,0.00026356178790324237,0.1,0.0,1
2024-06-07,0.8778185703771287,-5.168588489157244e-05,-4.7160180127131536e-05,4.10958904109589e-06,4.16115723186803e-07,0.00041613705843773145,0.1,0.0,1
2024-06-10,0.8767070969021286,-0.0012661767619277509,-0.0012522216874926607,1.2328767123287673e-05,1.6263073117557462e-06,0.0016283664633072025,0.1,0.0,1
2024-06-11,0.8763367123419687,-0.00042247241007697944,-0.0002186866666632703,4.10958904109589e-06,0.00019967615437264932,0.19972065138596495,0.1,0.0,1
2024-06-12,0.875968555963747,-0.00042010835907790867,-0.00021537976298126042,4.109589041095891e-06,0.0002006190070556079,0.20066305045852786,0.3,0.0,3
2024-06-13,0.8766359747384203,0.0007619209275600003,0.0007758388611303568,1.2328767123287671e-05,1.5891664472556406e-06,0.0015879540283261942,0.3,0.0,3
2024-06-14,0.8766030055183412,-3.7608792051724294e-05,-2.4435415960571938e-05,1.2328767123287673e-05,8.446089678675362e-07,0.0008446400203678849,0.30000000000000004,0.0,3
2024-06-17,0.8765848100559854,-2.0756787555198386e-05,1.8230929491852674e-05,3.6986301369863006e-05,2.0014156771323705e-06,0.002001453215131717,0.30000000000000004,0.0,3
2024-06-18,0.8768408069154379,0.00029203889517104287,0.00030720441576657665,1.2328767123287673e-05,2.836753472349102e-06,0.002835917229416579,0.3,0.0,3
2024-06-20,0.87467483557443,-0.0024701990645569216,-0.002244510289036367,2.4657534246575345e-05,0.0002010312412739045,0.20148845238682372,0.30000000000000004,0.0,3
2024-06-21,0.8756760286245605,0.0011446459980444246,0.0011581560360986456,1.2328767123287673e-05,1.1812709309675156e-06,0.0011799189476621036,0.3,0.0,3
2024-06-24,0.8747603288269323,-0.0010457061375386267,-0.001004856147681077,3.698630136986301e-05,3.863688487684507e-06,0.0038677180405200812,0.3,0.0,3
2024-06-25,0.8738383410355316,-0.0010539890310722333,-0.0010377218466141144,1.2328767123287673e-05,3.938417334855762e-06,0.003942557219483776,0.3,0.0,3
2024-06-26,0.8747915684941523,0.0010908510348619505,0.0012053822095609123,1.2328767123287673e-05,0.00010220240757560561,0.10208061994057933,0.2,0.0,2
2024-06-27,0.8737605934643758,-0.0011785379133810725,-0.001069275394307434,8.21917808219178e-06,0.00010104334099143297,0.10115233208023398,0.3,0.0,3
2024-06-28,0.8730553101526316,-0.0008071814144740008,-0.0004942249876845606,1.2328767123287673e-05,0.0003006276596661178,0.3007800209150836,0.0,0.0,0
2024-07-01,0.8730553101526316,0.0,0.0,0.0,0.0,0.0,0.0,0.0,0
2024-07-02,0.8728807340058304,-0.00019996000799837876,0.0,0.0,0.00019996000799840034,0.19996000799840033,0.2,0.0,2
2024-07-03,0.8735983748561889,0.00082215223959059,0.0008312026202930646,8.21917808219178e-06,8.312026202930665e-07,0.000830519116811491,0.2,0.0,2
2024-07-05,0.8733632082567181,-0.0002691930367996198,-0.000251163324696202,1.643835616438356e-05,1.5913559391509094e-06,0.0015917819026636255,0.2,0.0,2
2024-07-08,0.873153312553694,-0.00024033037004511648,-0.00011504830013858717,2.4657534246575342e-05,0.000100624535659821,0.10063859545877094,0.30000000000000004,0.0,3
2024-07-09,0.8733439594702247,0.0002183430032156597,0.0002327975025436468,1.2328767123287674e-05,2.125732204566163e-06,0.0021252636503767295,0.3,0.0,3
2024-07-10,0.8731457871834737,-0.00022691207124303503,8.737588538266224e-05,1.2328767123287671e-05,0.0003019591895025183,0.3019365300360418,0.6000000000000001,0.0,6
2024-07-11,0.8745314184920305,0.0015869415267140141,0.0016199481448858463,2.4657534246575345e-05,8.349083925252182e-06,0.008335785924234953,0.6,0.0,6
2024-07-12,0.8758706995604361,0.0015314270477724268,0.0016615145522499376,2.4657534246575342e-05,0.00010542997023099591,0.10525767846130776,0.5,0.0,5
2024-07-15,0.8738805257924203,-0.002272223250548988,-0.0021049629626335113,6.164383561643835e-05,0.00010561645229904998,0.10584577848227573,0.4000000000000001,0.0,4
2024-07-16,0.8734002010321956,-0.0005496457994519366,-0.00032848653469751425,1.6438356164383563e-05,0.00020472090859010238,0.20479154629185656,0.5999999999999999,0.0,6
2024-07-17,0.872212315386568,-0.001360070268158653,-0.0012254488054625923,2.4657534246575342e-05,0.00010996392844944344,0.11010156711650769,0.6999999999999998,0.0,7
2024-07-18,0.8727764204800205,0.0006467520390405213,0.0007781079899292386,2.876712328767123e-05,0.00010258882760111706,0.10251201116183187,0.6000000000000001,0.0,6
2024-07-19,0.872809521844239,3.7926510663810475e-05,0.00016589888445560087,2.4657534246575342e-05,0.00010331483954514835,0.10330024927846332,0.5,0.0,5
2024-07-22,0.8715967203758894,-0.0013895373938942468,-0.0012236946084760781,6.164383561643835e-05,0.00010419894980171583,0.1043330530858366,0.4000000000000001,0.0,4
2024-07-23,0.8715444040300178,-6.002356898393568e-05,0.00015947038875917526,1.6438356164383563e-05,0.00020305560157870666,0.20302656227683347,0.6,0.0,6
2024-07-24,0.8723169184107575,0.0008863740931244202,0.0009186422378388682,2.4657534246575342e-05,7.610610468011411e-06,0.007603812775700955,0.6000000000000002,0.0,6
2024-07-25,0.8727525892422878,0.0004994409971137426,0.000529523153280226,2.4657534246575345e-05,5.424621919846639e-06,0.005421884596723386,0.6000000000000002,0.0,6
2024-07-26,0.873879193211904,0.0012908629358456825,0.0013215052464262131,2.4657534246575342e-05,5.984776333969811e-06,0.005977025042717523,0.6000000000000001,0.0,6
2024-07-29,0.8741201474352943,0.0002757294432251811,0.00035393489446156615,7.397260273972604e-05,4.232848496844018e-06,0.004231663790551418,0.6000000000000001,0.0,6
2024-07-30,0.8732244397536939,-0.001024696300878647,-0.0009920752406365363,2.4657534246575342e-05,7.963525995499065e-06,0.007971631014020295,0.6,0.0,6
2024-07-31,0.8721428399411748,-0.0012386275088958065,-0.0006179115933165003,2.4657534246575342e-05,0.0005960583813327473,0.5964416363146363,0.0,0.0,0
2024-08-01,0.8721428399411748,0.0,0.0,0.0,0.0,0.0,0.0,0.0,0
2024-08-02,0.8719684462519244,-0.00019996000799848979,0.0,0.0,0.00019996000799840034,0.19996000799840033,0.20000000000000004,0.0,2
2024-08-05,0.8714706475174958,-0.0005708907662522744,-0.00024093875884289025,2.4657534246575345e-05,0.0003052944731628139,0.3053755797848048,0.5000000000000001,0.0,5
2024-08-06,0.8718121916178978,0.0003919169295889535,0.0005203431372153511,2.0547945205479453e-05,0.00010787826242084154,0.10782437231797554,0.6,0.0,6
2024-08-07,0.8710139087910176,-0.0009156591689762905,-0.000887487075718124,2.4657534246575345e-05,3.5145590115473784e-06,0.0035177677244163127,0.6,0.0,6
2024-08-08,0.8707240436412176,-0.0003327904949329552,-0.00020434250972597997,2.4657534246575342e-05,0.00010379045096040394,0.10381422442236164,0.5000000000000001,0.0,5
2024-08-09,0.8711143100668531,0.0004482090835615793,0.0005714069096581844,2.0547945205479453e-05,0.00010264988089101313,0.10259336641542981,0.39999999999999997,0.0,4
2024-08-12,0.8717652282906858,0.0007472248088573608,0.000798781944189997,4.931506849315069e-05,2.2420668393495787e-06,0.0022403877429475224,0.4000000000000001,0.0,4
2024-08-13,0.8714973273013074,-0.00030730864306638406,-8.846343785781095e-05,1.6438356164383563e-05,0.0002024068490442502,0.20242808411343413,0.39999999999999997,0.0,4
2024-08-14,0.8724724393790242,0.001118892791944992,0.001237746904939241,1.643835616438356e-05,0.00010241575682972397,0.10229082816682257,0.3,0.0,3
2024-08-15,0.8721929126423997,-0.00032038460357941556,-0.00030561431865714375,1.2328767123287673e-05,2.4415177989840403e-06,0.00244229430957321,0.3,0.0,3
2024-08-16,0.8724142611101179,0.0002537838412921545,0.0002672113992166769,1.2328767123287671e-05,1.0987908012890904e-06,0.001098510809962464,0.30000000000000004,0.0,3
2024-08-19,0.872288530450936,-0.00014411806957614903,-0.00010550575663679231,3.698630136986301e-05,1.6260115694900711e-06,0.0016262432962441723,0.30000000000000004,0.0,3
2024-08-20,0.8721719173394408,-0.0001336863978195213,-0.00011975729675718367,1.2328767123287671e-05,1.6003339390208096e-06,0.001600545348755989,0.3,0.0,3
2024-08-21,0.8718140011600972,-0.00041037342779315367,-0.00029670084165540623,1.2328767123287671e-05,0.00010134381901436533,0.10137514693636297,0.4,0.0,4
2024-08-22,0.8719231856738273,0.00012523831182442713,0.00024297422530962775,1.643835616438356e-05,0.00010129755732092329,0.10127461498799462,0.5000000000000001,0.0,5
2024-08-23,0.8715763673777366,-0.0003977624425971493,-0.0002741499190989761,2.0547945205479453e-05,0.00010306457829276733,0.10309496015734623,0.4,0.0,4
2024-08-26,0.8714601355655671,-0.00013335815026649378,1.8486422337737918e-05,4.9315068493150684e-05,0.00010252950411105811,0.10253266505430844,0.3,0.0,3
2024-08-27,0.8709009042912723,-0.0006417175628256055,-0.0006277958883320333,1.2328767123287671e-05,1.5929073703232685e-06,0.001593927682731998,0.30000000000000004,0.0,3
2024-08-28,0.8710810735549097,0.0002068768820306932,0.00022017761220545222,1.2328767123287673e-05,9.719630516483634e-07,0.000971761072231804,0.30000000000000004,0.0,3
2024-08-29,0.8714257797755859,0.000395722316947289,0.0004088808697781221,1.232876712328767e-05,8.297857073142857e-07,0.0008294567844823379,0.3,0.0,3
2024-08-30,0.8713940779714363,-3.63792360581483e-05,0.0002775511737607483,1.2328767123287671e-05,0.00030160164269550085,0.3015216723918957,0.0,0.0,0
2024-09-03,0.8713940779714363,0.0,0.0,0.0,0.0,0.0,0.0,0.0,0
2024-09-04,0.8713069472767087,-9.999000099991662e-05,0.0,0.0,9.999000099990002e-05,0.09999000099990002,0.10000000000000002,0.0,1
2024-09-05,0.8719806480582395,0.0007732071730135459,0.0007794668619111158,4.109589041095891e-06,2.1500998565143297e-06,0.002148434052546406,0.1,0.0,1
2024-09-06,0.8716777633626311,-0.0003473525430671698,-0.00034175293715176257,4.10958904109589e-06,1.4900168743511171e-06,0.001490532393650157,0.1,0.0,1
2024-09-09,0.8722468065824277,0.0006528137388768229,0.0006658083143144644,1.2328767123287671e-05,6.658083143144628e-07,0.0006653735063368288,0.1,0.0,1
2024-09-10,0.8717553797219723,-0.0005634034504303775,-0.0005586414391173079,4.10958904109589e-06,6.52422271990012e-07,0.00065278963002548,0.10000000000000002,0.0,1
2024-09-11,0.8712615145000001,-0.0005665181236158556,-0.0004607928488993607,4.109589041095891e-06,0.000101615685675394,0.10166294902824544,0.20000000000000004,0.0,2
2024-09-12,0.8715693622698198,0.0003533356686784561,0.00036238035957373297,8.219178082191782e-06,8.255128130182504e-07,0.0008252205519325866,0.2,0.0,2
2024-09-13,0.8719450537098952,0.0004310516825614119,0.0004405524156639196,8.219178082191782e-06,1.2815550203128438e-06,0.0012810012009163054,0.2,0.0,2
2024-09-16,0.8718512496301177,-0.00010758026480950367,1.8340561640561892e-05,2.465753424657534e-05,0.00010126329220348028,0.10126393188496398,0.30000000000000004,0.0,3
2024-09-17,0.8714915428419896,-0.0004125781643149473,-0.0003988181740640584,1.2328767123287671e-05,1.4312231276533407e-06,0.0014318118127004884,0.30000000000000004,0.0,3
2024-09-18,0.8712664234270227,-0.0002583150884434282,-0.0002440990075031236,1.2328767123287673e-05,1.8873138171393492e-06,0.0018877979009540352,0.3,0.0,3
2024-09-19,0.8712432271960153,-2.662357963489903e-05,-1.2483826303133588e-05,1.232876712328767e-05,1.8109862084172131e-06,0.0018110311447966916,0.30000000000000004,0.0,3
2024-09-20,0.8712326883915635,-1.2096282786311363e-05,2.4499987523240206e-06,1.2328767123287673e-05,2.2175144153872586e-06,0.0022175363219149365,0.3,0.0,3
2024-09-23,0.8712809103737145,5.5349142420224595e-05,0.00019358762748732935,3.698630136986302e-05,0.00010125218369729242,0.1012363299537704,0.4000000000000001,0.0,4
2024-09-24,0.8718722509055732,0.0006787024997541025,0.0006977060496132115,1.6438356164383563e-05,2.565193694695684e-06,0.002563447300865745,0.4,0.0,4
2024-09-25,0.8713198651400124,-0.0006335627323694748,-0.00031516050863961706,1.6438356164383563e-05,0.0003019638675655619,0.302064031655557,0.7000000000000001,0.0,7
2024-09-26,0.8720905919602536,0.0008845509566310916,0.00091931235122899,2.876712328767123e-05,5.9942713102386065e-06,0.005988937890180069,0.7000000000000001,0.0,7
2024-09-27,0.8738466682527595,0.0020136397625372116,0.00204707118344124,2.8767123287671238e-05,4.664297616406388e-06,0.004654902607573902,0.7000000000000003,0.0,7
2024-09-30,0.871608811734867,-0.0025609258456829043,-0.0017713096112928377,8.630136986301368e-05,0.0007033148645272025,0.7046237814011167,0.0,0.0,0
2024-10-01,0.871608811734867,0.0,0.0,0.0,0.0,0.0,0.0,0.0,0
2024-10-02,0.871608811734867,0.0,0.0,0.0,0.0,0.0,0.0,0.0,0
