date,nav,ret,gross_pnl,borrow,cost,turnover,gross_exp,net_exp,active_pairs
2015-08-03,1.0,0.0,0.0,0.0,0.0,0.0,0.0,0.0,0
2015-08-04,0.9999000099990001,-9.999000099991662e-05,0.0,0.0,9.999000099990002e-05,0.09999000099990002,0.1,0.0,1
2015-08-05,0.9996224201578924,-0.00027761760009181735,-0.00017325356780636405,4.109589041095891e-06,0.00010025444324430601,0.10027222784318039,0.2,0.0,2
2015-08-06,0.9988946930254038,-0.00072800201137313,-0.0007187418152949654,8.219178082191782e-06,1.0410179958822158e-06,0.0010417753259080137,0.2,0.0,2
2015-08-07,0.9984806275267495,-0.000414523674562961,-0.0003032791360674914,8.219178082191782e-06,0.00010302536041320221,0.10305746263907482,0.30000000000000004,0.0,3
2015-08-10,0.998709215750561,0.00022893606296370272,0.0002667930565787735,3.698630136986302e-05,8.706922452024264e-07,0.0008704922002144603,0.30000000000000004,0.0,3
2015-08-11,0.9981924543305154,-0.0005174293096487093,-0.0005021524200070626,1.2328767123287673e-05,2.948122518363907e-06,0.0029496400526798166,0.3,0.0,3
2015-08-12,0.9984240211136182,0.00023198610858865543,0.0002480594375876998,1.232876712328767e-05,3.744561875694118e-06,0.0037436793756448934,0.30000000000000004,0.0,3
2015-08-13,0.99827480529822,-0.00014945134756649825,-0.0001364398823540725,1.2328767123287671e-05,6.826980891386991e-07,0.0006827996683232191,0.30000000000000004,0.0,3
2015-08-14,0.998383408482883,0.00010879087009563193,0.0004231837042151466,1.2328767123287673e-05,0.00030206406699608343,0.3019400134508516,0.2,0.0,2
2015-08-17,0.9983815466667206,-1.8648308320878826e-06,2.340684588531536e-05,2.4657534246575345e-05,6.141424708223765e-07,0.0006141432389241776,0.2,0.0,2
2015-08-18,0.9985801933983933,0.000198968753314821,0.0003083125778746254,8.21917808219178e-06,0.00010112464647770079,0.10109430874289045,0.30000000000000004,0.0,3
2015-08-19,0.9989720013558098,0.0003923650398902634,0.0006068297936981272,1.2328767123287673e-05,0.00020213598668451286,0.2020158880316936,0.30000000000000004,0.0,3
2015-08-20,0.9993261988865774,0.0003545620200435806,0.00037047580324985887,1.2328767123287671e-05,3.585016082991892e-06,0.0035837325797901704,0.3,0.0,3
2015-08-21,1.0007138913729978,0.001388628145611026,0.0015066605342833439,1.2328767123287671e-05,0.00010570362154904678,0.10554590095635417,0.3999999999999999,0.0,4
2015-08-24,1.000259836250457,-0.00045373120774605535,-0.00038659818670045467,4.931506849315069e-05,1.7817952552407444e-05,0.017825723021355863,0.39999999999999997,0.0,4
2015-08-25,1.0000052840430158,-0.00025448608273159756,-0.00022871564565964928,1.643835616438356e-05,9.332080907413952e-06,0.009334369265393869,0.4000000000000001,0.0,4
2015-08-26,0.9995081234205023,-0.0004971579955092009,-0.0004670460439969663,1.6438356164383563e-05,1.367359534789951e-05,0.013680209515791334,0.4000000000000001,0.0,4
2015-08-27,1.0001381186180127,0.0006303052298908263,0.0007534569298644043,1.6438356164383563e-05,0.00010671334380911972,0.10663475201628181,0.3,0.0,3
2015-08-28,1.0002502740578196,0.0001121399511918586,0.00012514481462051475,1.2328767123287673e-05,6.760963055049233e-07,0.0006760200395960271,0.30000000000000004,0.0,3
2015-08-31,0.9989356424348593,-0.0013143026870936492,-0.0009796161756745084,3.698630136986301e-05,0.000297700210049106,0.29800316080054295,0.0,0.0,0
2015-09-01,0.9989356424348593,0.0,0.0,0.0,0.0,0.0,0.0,0.0,0
2015-09-02,0.9987358952558082,-0.00019996000799837876,0.0,0.0,0.00019996000799840034,0.19996000799840033,0.2,0.0,2
2015-09-03,0.9985859692295822,-0.0001501157883061488,-0.0001410242634728554,8.219178082191782e-06,8.723467510757851e-07,0.0008724769625403521,0.2,0.0,2
2015-09-04,0.9986400189280346,5.4126234613649515e-05,6.577642194227637e-05,8.219178082191782e-06,3.4310092465282497e-06,0.0034308117784580786,0.2,0.0,2
2015-09-08,0.9987620932072746,0.00012224052403886354,0.00015980478121259124,3.287671232876713e-05,4.6875448448116465e-06,0.004686949939306895,0.2,0.0,2
2015-09-09,0.997715619410706,-0.0010477708392077068,-0.0009379742017291416,8.219178082191782e-06,0.00010157745939644097,0.10167366234265074,0.3,0.0,3
2015-09-10,0.9975463269474297,-0.00016968007715090216,-5.647753206100007e-05,1.2328767123287671e-05,0.00010087377796660957,0.10088071919555645,0.39999999999999997,0.0,4
2015-09-11,0.9973991358517483,-0.00014755314285186394,-0.00012655918341957786,1.6438356164383563e-05,4.555603267807813e-06,0.0045562548010340785,0.4000000000000001,0.0,4
2015-09-14,0.9967010240658153,-0.0006999322145360143,-0.0006487330839609395,4.9315068493150684e-05,1.884062081950056e-06,0.0018853781666959952,0.4,0.0,4
2015-09-15,0.9974937030479022,0.0007953026664437868,0.0009166070783007019,1.6438356164383563e-05,0.0001048660556923773,0.10477174344596356,0.5000000000000001,0.0,5
2015-09-16,0.9971685085082437,-0.00032601162159207053,-0.00030324604107115913,2.0547945205479456e-05,2.2176353153917697e-06,0.002218353604948487,0.5000000000000001,0.0,5
2015-09-17,0.9978248972226511,0.000658252550904681,0.0006841508737718441,2.0547945205479453e-05,5.3503776615396555e-06,0.005346829489831658,0.5,0.0,5
2015-09-18,0.9970813525811331,-0.0007451654529643248,-0.0007162294427938862,2.0547945205479453e-05,8.388064965041662e-06,0.008394249658379177,0.49999999999999994,0.0,5
2015-09-21,0.997134629998892,5.3433370929001356e-05,0.0002185625483360988,6.164383561643835e-05,0.00010348534179057234,0.10346910555172291,0.4,0.0,4
2015-09-22,0.9969335024324028,-0.0002017055274566859,-0.00018063910140824786,1.6438356164383563e-05,4.628069884032855e-06,0.004628982152066532,0.4,0.0,4
2015-09-23,0.9964594848614026,-0.0004754756158195095,-0.00035759948581911,1.643835616438356e-05,0.00010143777383605129,0.1014757295989642,0.5000000000000001,0.0,5
2015-09-24,0.9964980636784103,3.8715891206742015e-05,6.398114791865692e-05,2.0547945205479453e-05,4.71731150643977e-06,0.004717106627391403,0.5000000000000001,0.0,5
2015-09-25,0.9956388694851992,-0.0008622136103701994,-0.0008353307405299603,2.0547945205479456e-05,6.33492463483337e-06,0.006340351206290911,0.5,0.0,5
2015-09-28,0.9940114755444376,-0.0016345223058668035,-0.001564406821862074,6.164383561643835e-05,8.471648388316996e-06,0.008485446153614079,0.49999999999999994,0.0,5
2015-09-29,0.9945491046406695,0.0005408680980643066,0.000766359963391172,2.054794520547945e-05,0.00020494392012133033,0.20479118439479022,0.5000000000000001,0.0,5
2015-09-30,0.993838933671184,-0.0007140632535604929,-0.00018749276610241524,2.0547945205479453e-05,0.0005060225422527379,0.5061278374480533,0.0,0.0,0
2015-10-01,0.993838933671184,0.0,0.0,0.0,0.0,0.0,0.0,0.0,0
2015-10-02,0.9935408714097611,-0.00029991002699192304,0.0,0.0,0.0002999100269919025,0.29991002699190245,0.30000000000000004,0.0,3
2015-10-05,0.9935434818121587,2.6273729372139343e-06,0.0001422724871077974,3.698630136986302e-05,0.00010265881280063011,0.10264800538366967,0.4000000000000001,0.0,4
2015-10-06,0.9936652519630069,0.00012256147121636474,0.00014157620216294627,1.6438356164383563e-05,2.576374782258219e-06,0.0025760524206071248,0.4000000000000001,0.0,4
2015-10-07,0.9937502040066278,8.549362418897033e-05,0.00010588878891767403,1.6438356164383563e-05,3.956808564415087e-06,0.003956454657833774,0.4000000000000001,0.0,4
2015-10-08,0.9935040368515058,-0.0002477153253700459,-0.0002261034333577383,1.6438356164383563e-05,5.173535847896654e-06,0.005174790950954301,0.4,0.0,4
2015-10-09,0.9940801365190404,0.0005798664586811331,0.0005981478212517321,1.643835616438356e-05,1.843006406091539e-06,0.0018419349351057128,0.4,0.0,4
2015-10-12,0.9938749114034131,-0.00020644725519403107,-5.3472323896353097e-05,4.931506849315069e-05,0.00010365986280464264,0.10367051882694052,0.49999999999999994,0.0,5
2015-10-13,0.9944877472405167,0.0006166126441788933,0.0006402484561064459,2.054794520547945e-05,3.0878667219708213e-06,0.0030859543544807322,0.5,0.0,5
2015-10-14,0.995664058309888,0.001182831133551332,0.0013084718881369304,2.054794520547945e-05,0.00010509280938027487,0.10495763193311482,0.6000000000000001,0.0,6
2015-10-15,0.9966741261177682,0.001014466475363962,0.0012488722025080447,2.4657534246575345e-05,0.00020974819289758313,0.20949173004877797,0.6000000000000001,0.0,6
2015-10-16,0.9952862062036262,-0.0013925513643543441,-0.0012638331454847438,2.4657534246575345e-05,0.00010406068462299864,0.10419493883055699,0.7000000000000002,0.0,7
2015-10-19,0.9935290090581034,-0.001765519440106944,-0.0016750826144576846,8.63013698630137e-05,4.13545578630369e-06,0.004142752764674388,0.6999999999999998,0.0,7
2015-10-20,0.9950924797762486,0.0015736538177455461,0.0016070637852673097,2.8767123287671234e-05,4.6428442340476075e-06,0.004635527995685504,0.7000000000000001,0.0,7
2015-10-21,0.9950132831883639,-7.958716349909523e-05,-4.727709783834972e-05,2.876712328767123e-05,3.5429423731992517e-06,0.00354321181398193,0.7000000000000001,0.0,7
2015-10-22,0.9959916327193645,0.0009832527339390662,0.0010250964669393573,2.876712328767123e-05,1.307660971260846e-05,0.013063594070502465,0.7,0.0,7
2015-10-23,0.99623852617416,0.0002478870772451014,0.0002864075172823885,2.8767123287671234e-05,9.753316749565985e-06,0.00975080454844036,0.7000000000000001,0.0,7
2015-10-26,0.9963297226930992,9.15408474408963e-05,0.000182086414236643,8.630136986301371e-05,4.244196932754253e-06,0.0042437904410985395,0.7,0.0,7
2015-10-27,0.9955946564722631,-0.0007377740562122259,-0.0006064102314961407,2.8767123287671228e-05,0.00010259670142840511,0.10266190994880345,0.6,0.0,6
2015-10-28,0.9961691509717846,0.0005770365437247627,0.0007130364055858817,2.4657534246575342e-05,0.00011134232761468682,0.11126573463386082,0.6999999999999998,0.0,7
2015-10-29,0.9943249448035493,-0.0018512982121924315,-0.001717181363060255,2.8767123287671234e-05,0.00010534972584458306,0.10553398274200974,0.7999999999999999,0.0,8
2015-10-30,0.9899961792553874,-0.004353471740585868,-0.003528395420015307,3.287671232876713e-05,0.0007921996082417589,0.7950309297361798,0.0,0.0,0
2015-11-02,0.9899961792553874,0.0,0.0,0.0,0.0,0.0,0.0,0.0,0
2015-11-03,0.9897982196114651,-0.00019996000799848979,0.0,0.0,0.00019996000799840034,0.19996000799840033,0.2,0.0,2
2015-11-04,0.9894943243079902,-0.0003070275309184911,-0.000298207318709498,8.219178082191782e-06,6.010341268943832e-07,0.0006012183561290588,0.2,0.0,2
2015-11-05,0.9894635229580454,-3.1128374552658045e-05,-2.2021258377019607e-05,8.21917808219178e-06,8.879380934596087e-07,0.0008879649459071334,0.2,0.0,2
2015-11-06,0.9890236039164128,-0.0004446035972276441,-0.00032850853340727335,8.219178082191782e-06,0.00010787588573811227,0.10791222277392867,0.3,0.0,3
2015-11-09,0.9897946564806933,0.0007796098710155519,0.0009181002614869706,3.698630136986302e-05,0.00010150408910161797,0.10141473116622587,0.2,0.0,2
2015-11-10,0.9899126785276735,0.00011923892113130385,0.00022915600282376043,8.219178082191782e-06,0.00010169790361038882,0.1016754397615737,0.3,0.0,3
2015-11-11,0.9898448659150835,-6.850363073529486e-05,-5.4655763772770734e-05,1.2328767123287671e-05,1.5190998391713378e-06,0.0015192016021779962,0.30000000000000004,0.0,3
2015-11-12,0.9902243438193082,0.00038337108903818695,0.0004999412860612452,1.2328767123287671e-05,0.00010424142989968903,0.10419062524646287,0.4,0.0,4
2015-11-13,0.9899159732661066,-0.0003114148375834569,-0.00029201290541618893,1.6438356164383563e-05,2.96357600289021e-06,0.0029644904036951725,0.4,0.0,4
2015-11-16,0.9894664930459652,-0.0004540589628616587,-0.0003983053900052715,4.931506849315069e-05,6.4385043631393895e-06,0.006441387660037141,0.4,0.0,4
2015-11-17,0.9887878651476009,-0.0006858523286374929,-0.0006667287270886447,1.643835616438356e-05,2.685245384508355e-06,0.002687081109872651,0.4000000000000001,0.0,4
2015-11-18,0.988577974689583,-0.00021227046307503716,-0.000189546576219912,1.643835616438356e-05,6.2855306908291685e-06,0.006286825682192226,0.4,0.0,4
2015-11-19,0.989192493051133,0.0006216185038341315,0.000740826605954059,1.6438356164383563e-05,0.00010276974595542023,0.1026953546472058,0.5000000000000001,0.0,5
2015-11-20,0.9898279690118135,0.0006424189074871745,0.0007651494241812608,2.0547945205479456e-05,0.0001021825714884906,0.10210654280570437,0.6000000000000002,0.0,6
2015-11-23,0.9901670902571345,0.0003426062466789226,0.0004208066030331969,7.397260273972604e-05,4.22775361449662e-06,0.004226287794194567,0.6,0.0,6
2015-11-24,0.9901973724896873,3.058295195912386e-05,5.757835725062612e-05,2.4657534246575342e-05,2.337871044968481e-06,0.002337794082863259,0.6,0.0,6
2015-11-25,0.9906390340931834,0.0004460339077507758,0.0005731342896961201,2.465753424657534e-05,0.00010244284769873664,0.10238669097866744,0.7000000000000001,0.0,7
2015-11-27,0.9908258464442503,0.00018857761973611886,0.0002499833916838613,5.753424657534247e-05,3.8715253724507006e-06,0.003870780444063338,0.7,0.0,7
2015-11-30,0.9912166962199177,0.00039446869202097723,0.0011770065884335104,8.630136986301371e-05,0.0006962365265495657,0.6954779651036265,0.0,0.0,0
2015-12-01,0.9912166962199177,0.0,0.0,0.0,0.0,0.0,0.0,0.0,0
2015-12-02,0.9911175844614716,-9.999000099991662e-05,0.0,0.0,9.999000099990003e-05,0.09999000099990002,0.1,0.0,1
2015-12-03,0.9908591280211034,-0.0002607727321360942,-0.00015604688341112617,4.109589041095891e-06,0.00010061625968393783,0.10063237661039022,0.2,0.0,2
2015-12-04,0.9912280084882432,0.0003722834626114224,0.0005854607371960752,8.21917808219178e-06,0.0002049580965025112,0.20483985442557393,0.39999999999999997,0.0,4
2015-12-07,0.9912352237466838,7.27911073816756e-06,5.97883980939685e-05,4.931506849315068e-05,3.1942188625639696e-06,0.003194185408807377,0.4,0.0,4
2015-12-08,0.9906342000272809,-0.0006063381375120969,-0.00048771210903588704,1.6438356164383563e-05,0.00010218767231193964,0.10223921626037902,0.3,0.0,3
2015-12-09,0.9907100362696911,7.655322459920733e-05,9.073382992677567e-05,1.2328767123287671e-05,1.8518382044263702e-06,0.0018516930223186625,0.3,0.0,3
2015-12-10,0.9894699452374683,-0.0012517194606124216,-0.0011359590352133465,1.2328767123287671e-05,0.00010343165827580243,0.10355056412551283,0.4,0.0,4
2015-12-11,0.9892515244109829,-0.00022074528644022706,-0.00010099221876672128,1.643835616438356e-05,0.00010331471150912081,0.10332684523996315,0.5000000000000001,0.0,5
2015-12-14,0.9890491852464898,-0.00020453763224026478,-0.00014043425605264625,6.164383561643835e-05,2.4595405712360213e-06,0.0024600376909580442,0.5000000000000001,0.0,5
2015-12-15,0.9894829306472096,0.0004385478570629875,0.0005666463433782626,2.0547945205479453e-05,0.00010755054110967539,0.10749183998804128,0.4,0.0,4
2015-12-16,0.9891485647670627,-0.0003379198061842503,-0.00021361146043493714,1.6438356164383563e-05,0.00010786998958493913,0.10789481076636795,0.5000000000000001,0.0,5
2015-12-17,0.9904447902643028,0.0013104457140322712,0.001336260920582977,2.0547945205479453e-05,5.267261345199978e-06,0.0052603402472817294,0.5000000000000001,0.0,5
2015-12-18,0.9894592913091804,-0.000995006450444702,-0.0009652211225336886,2.0547945205479453e-05,9.237382705572355e-06,0.009246497616908026,0.5,0.0,5
2015-12-21,0.9895911912612834,0.00013330508214082215,0.00019796482938739255,6.164383561643835e-05,3.0159116301680516e-06,0.003015500554135795,0.49999999999999994,0.0,5
2015-12-22,0.9900407229667585,0.00045426001104775793,0.0004795667224488987,2.054794520547945e-05,4.758766195620842e-06,0.004756582834784162,0.5,0.0,5
2015-12-23,0.9901658571401118,0.00012639295581529097,0.0001528454350890108,2.0547945205479453e-05,5.904534068148636e-06,0.005903753016443669,0.5,0.0,5
2015-12-24,0.9902820767919784,0.00011737392380117839,0.00013864037666062032,2.0547945205479453e-05,7.185076538594128e-07,0.0007184228135625462,0.5,0.0,5
2015-12-28,0.9904625993341275,0.00018229406184344654,0.00026643821807921796,8.21917808219178e-05,1.952375414015092e-06,0.0019520157620654614,0.5000000000000001,0.0,5
2015-12-29,0.9900851503353507,-0.00038108354523491705,-0.0003562705998600979,2.0547945205479453e-05,4.265000169266538e-06,0.004266607906250136,0.5000000000000001,0.0,5
2015-12-30,0.9902170237899826,0.0001331940536499765,0.0001559277796688962,2.0547945205479453e-05,2.1857808133737114e-06,0.0021854849427839352,0.5000000000000001,0.0,5
2015-12-31,0.9893239116721546,-0.0009019357336532696,-0.0003871281740776611,2.0547945205479456e-05,0.0004942596143700484,0.4944611943909138,0.0,0.0,0
2016-01-04,0.9893239116721546,0.0,0.0,0.0,0.0,0.0,0.0,0.0,0
2016-01-05,0.9892249891732373,-9.999000099991662e-05,0.0,0.0,9.999000099990003e-05,0.09999000099990002,0.1,0.0,1
2016-01-06,0.9893676552367758,0.00014422003598779654,0.0001500056075251333,4.109589041095891e-06,1.6759824964065048e-06,0.0016757380129023998,0.1,0.0,1
2016-01-07,0.9896743374460372,0.00030997800225018857,0.00031633500426906383,4.10958904109589e-06,2.2474129777248284e-06,0.002246711497294688,0.1,0.0,1
2016-01-08,0.9897000307555475,2.5961377938310548e-05,3.152053114616753e-05,4.10958904109589e-06,1.4495641666950035e-06,0.001449524433864667,0.1,0.0,1
2016-01-11,0.9897068441808851,6.88433376372366e-06,1.9595817028894567e-05,1.2328767123287674e-05,3.827161419852034e-07,0.00038271336078811105,0.1,0.0,1
2016-01-12,0.9901423965958235,0.0004400822501120505,0.0005455529976776118,4.10958904109589e-06,0.00010136115852452918,0.10130630689240898,0.2,0.0,2
2016-01-13,0.9895335157135666,-0.0006149427439429145,-0.0004095251142175186,8.21917808219178e-06,0.00019719845164319395,0.19728086459835983,0.2,0.0,2
2016-01-14,0.989537604102966,4.131633071891017e-06,0.0001142949770751245,8.219178082191782e-06,0.00010194416592102716,0.10193335325913616,0.3,0.0,3
2016-01-15,0.9900596162671902,0.0005275314066486292,0.0005458414076355279,1.2328767123287673e-05,5.9812338635047505e-06,0.005978044501197817,0.3,0.0,3
2016-01-19,0.9906608874817586,0.000607308090027292,0.0006590755368557966,4.9315068493150684e-05,2.4523783352510922e-06,0.0024508838831466023,0.30000000000000004,0.0,3
2016-01-20,0.9900807379665503,-0.0005856186738966151,-0.000569110490086061,1.2328767123287673e-05,4.179416687236467e-06,0.004181848177934808,0.3,0.0,3
2016-01-21,0.9885012612003997,-0.0015953009745391933,-0.0014814665997788913,1.2328767123287671e-05,0.00010150560763696845,0.10165746308433486,0.4,0.0,4
2016-01-22,0.9888082066208415,0.000310515962386404,0.0005356520390234931,1.643835616438356e-05,0.00020869772047276108,0.20858941799283956,0.4,0.0,4
2016-01-25,0.9890040491513539,0.00019805916779525035,0.0003524562580272171,4.931506849315068e-05,0.00010508202173875261,0.10505017670322603,0.3,0.0,3
2016-01-26,0.9892954149049042,0.00029460521804769435,0.0005107774497001396,1.2328767123287671e-05,0.0002038434645291145,0.20374190964266742,0.5000000000000001,0.0,5
2016-01-27,0.9877984756636665,-0.0015131367422557274,-0.001389476831386044,2.0547945205479453e-05,0.00010311196566421665,0.1032575613841387,0.4,0.0,4
2016-01-28,0.9880641953313332,0.0002690019009070621,0.0003896691123951192,1.6438356164383563e-05,0.00010422885532364913,0.10418996842294297,0.49999999999999994,0.0,5
2016-01-29,0.9882079178787166,0.0001454587141833663,0.0006757929471659764,2.0547945205479453e-05,0.0005097862877772757,0.5094524715915288,0.0,0.0,0
2016-02-01,0.9882079178787166,0.0,0.0,0.0,0.0,0.0,0.0,0.0,0
2016-02-02,0.9880103158155535,-0.00019996000799837876,0.0,0.0,0.0001999600079984003,0.19996000799840033,0.2,0.0,2
2016-02-03,0.9890508657105025,0.0010531771564450398,0.0010636762397961518,8.21917808219178e-06,2.279905268986744e-06,0.002277501463983518,0.2,0.0,2
2016-02-04,0.9891091989391283,5.897899759066405e-05,6.830759744925756e-05,8.21917808219178e-06,1.109421776322655e-06,0.0011093551169271622,0.2,0.0,2
2016-02-05,0.9902166831165897,0.0011196783718614434,0.0013337713627581574,8.219178082191782e-06,0.00020587381281455074,0.20560127759186667,0.4,0.0,4
2016-02-08,0.9913127465609738,0.00110689252470908,0.0012642823054470126,4.93150684931507e-05,0.00010807471224464966,0.10794356435052375,0.5000000000000001,0.0,5
2016-02-09,0.9905398269014359,-0.0007796930506737132,-0.0003557994927035791,2.0547945205479456e-05,0.0004033456127645581,0.4034974680028438,0.3,0.0,3
2016-02-10,0.9917681572345808,0.0012400615298702178,0.0012548868412269045,1.2328767123287673e-05,2.4965442333155363e-06,0.0024934459818784123,0.3,0.0,3
2016-02-11,0.9894774213440799,-0.0023097493842596517,-0.0021905613348016,1.2328767123287673e-05,0.00010685928233474829,0.1070952012936417,0.4,0.0,4
2016-02-12,0.9893957808400864,-8.250870836712387e-05,4.156439574500864e-05,1.6438356164383563e-05,0.00010763474794774018,0.10763204358075303,0.5000000000000001,0.0,5
2016-02-16,0.9890404276211704,-0.00035916184988604716,-0.00027043714693335025,8.219178082191782e-05,6.5329221307647346e-06,0.006535226640727691,0.5000000000000001,0.0,5
2016-02-17,0.9891522734623133,0.00011308520665020971,0.00013662148047138825,2.0547945205479453e-05,2.988328615790768e-06,0.002987981790181071,0.5000000000000001,0.0,5
2016-02-18,0.9885567653015161,-0.0006020389143045479,-0.0004793611778787287,2.0547945205479453e-05,0.00010212979122026792,0.10218087237057068,0.39999999999999997,0.0,4
2016-02-19,0.9887778490273312,0.00022364292428633803,0.00024250879334183908,1.6438356164383563e-05,2.4275128911245726e-06,0.0024269642262609277,0.4,0.0,4
2016-02-22,0.9877007181675728,-0.0010893557747253535,-0.001033096343845552,4.93150684931507e-05,6.944362386786195e-06,0.006951887188816661,0.4,0.0,4
2016-02-23,0.9878496943345934,0.0001508312834852532,0.00016976701786827753,1.6438356164383563e-05,2.4973782185327574e-06,0.002496995357576299,0.4000000000000001,0.0,4
2016-02-24,0.9867456554477599,-0.001117618290682465,-0.0008983534146820069,1.6438356164383563e-05,0.00020282651983610588,0.20301223375692784,0.4,0.0,4
2016-02-25,0.9866169480812467,-0.00013043621302277764,-0.00010973591772358576,1.6438356164383563e-05,4.2619391347102495e-06,0.004262476949644336,0.4000000000000001,0.0,4
2016-02-26,0.9864675005499601,-0.00015147472540100182,-2.728038354105638e-05,1.643835616438356e-05,0.0001077559856955289,0.10776069685738529,0.3,0.0,3
2016-02-29,0.9858535641735187,-0.0006223584417116568,-0.0002862002837109023,3.698630136986301e-05,0.0002991718566308906,0.29926857622006114,0.0,0.0,0
2016-03-01,0.9858535641735187,0.0,0.0,0.0,0.0,0.0,0.0,0.0,0
2016-03-02,0.9858535641735187,0.0,0.0,0.0,0.0,0.0,0.0,0.0,0
2016-03-03,0.9858535641735187,0.0,0.0,0.0,0.0,0.0,0.0,0.0,0
2016-03-04,0.9858535641735187,0.0,0.0,0.0,0.0,0.0,0.0,0.0,0
2016-03-07,0.9858535641735187,0.0,0.0,0.0,0.0,0.0,0.0,0.0,0
2016-03-08,0.9858535641735187,0.0,0.0,0.0,0.0,0.0,0.0,0.0,0
2016-03-09,0.9857549886746512,-9.999000099991662e-05,0.0,0.0,9.999000099990002e-05,0.09999000099990002,0.1,0.0,1
2016-03-10,0.9857616066079311,6.713568134086856e-06,1.1148827540052853e-05,4.109589041095891e-06,3.2567036489781863e-07,0.00032566807244258523,0.1,0.0,1
2016-03-11,0.9861225010563425,0.0003661072271350374,0.0004719908668597172,4.10958904109589e-06,0.0001017740506837315,0.10172645478008104,0.2,0.0,2
2016-03-14,0.986003652436719,-0.00012052115178007305,-9.558118205235665e-05,2.465753424657534e-05,2.824354812017121e-07,0.00028246944496516837,0.2,0.0,2
2016-03-15,0.984965652118704,-0.001052734759602325,-0.0010434721094106426,8.219178082191782e-06,1.0434721094106445e-06,0.0010445706752890164,0.2,0.0,2
2016-03-16,0.9847025783525122,-0.00026708927933272175,-0.0002576954256134134,8.219178082191782e-06,1.1746756371095794e-06,0.0011749880836001772,0.2,0.0,2
2016-03-17,0.9843064436985275,-0.0004022886328249875,-0.0002917138419620103,8.21917808219178e-06,0.00010235561278072061,0.10238632181943512,0.3,0.0,3
2016-03-18,0.984449123905891,0.00014495506788247958,0.000161961118096643,1.2328767123287673e-05,4.677283090812424e-06,0.004676583322655332,0.30000000000000004,0.0,3
2016-03-21,0.9836393056146056,-0.000822610606907137,-0.0006845186274310245,3.698630136986302e-05,0.00010110567810628745,0.10117867902189129,0.39999999999999997,0.0,4
2016-03-22,0.9838690517623405,0.00023356747379210674,0.00025265952541561067,1.643835616438356e-05,2.6536954590718646e-06,0.0026530687480700917,0.4,0.0,4
2016-03-23,0.9833500606499618,-0.0005275001906495103,-0.0004096257728445185,1.643835616438356e-05,0.00010143606164051482,0.10147929832936996,0.3,0.0,3
2016-03-24,0.9834442791837827,9.581382825030182e-05,0.00010967509803277994,1.2328767123287673e-05,1.5325026592031024e-06,0.0015323534902131738,0.3,0.0,3
2016-03-28,0.983533189748733,9.040732335541257e-05,0.00014019516428754317,4.9315068493150684e-05,4.727724388628278e-07,0.0004727294771626584,0.30000000000000004,0.0,3
2016-03-29,0.98349370672274,-4.0144070789560615e-05,-2.5156080102756003e-05,1.2328767123287671e-05,2.6592235634482874e-06,0.002659323247773955,0.30000000000000004,0.0,3
2016-03-30,0.9835858004403132,9.363935624984165e-05,0.00010819607207106504,1.2328767123287671e-05,2.2279486980558603e-06,0.002227735131092705,0.30000000000000004,0.0,3
2016-03-31,0.9834671497664128,-0.00012063073078860675,0.00019063225933533824,1.2328767123287671e-05,0.00029893422300070443,0.29888093148686473,0.0,0.0,0
2016-04-01,0.9834671497664128,0.0,0.0,0.0,0.0,0.0,0.0,0.0,0
2016-04-04,0.9834671497664128,0.0,0.0,0.0,0.0,0.0,0.0,0.0,0
2016-04-05,0.9831721981069808,-0.000299910026991812,0.0,0.0,0.00029991002699190244,0.29991002699190245,0.3,0.0,3
2016-04-06,0.9828123951524038,-0.00036596127847154936,-0.0003523322190935873,1.2328767123287671e-05,1.3002922547373466e-06,0.001300766593566194,0.30000000000000004,0.0,3
2016-04-07,0.9829467406490047,0.00013669495548040977,0.0002504726075422237,1.2328767123287671e-05,0.00010144888493859566,0.1014247312635791,0.39999999999999997,0.0,4
2016-04-08,0.983710298660906,0.0007768050702290363,0.000794588397052165,1.6438356164383563e-05,1.3449706586645246e-06,0.0013439248834615088,0.4,0.0,4
2016-04-11,0.9837159666972185,5.76189587553344e-06,5.7440638782285746e-05,4.9315068493150684e-05,2.3636744135942704e-06,0.002363655207547742,0.4,0.0,4
2016-04-12,0.983223219165712,-0.0005009042733756797,-0.0004831412729689677,1.643835616438356e-05,1.324644242368214e-06,0.0013253063384172487,0.4,0.0,4
2016-04-13,0.9839053949415459,0.0006938157709628356,0.0007131219733526094,1.6438356164383563e-05,2.8678462254233985e-06,0.0028658496349334155,0.4,0.0,4
2016-04-14,0.9842047291146782,0.0003042306452136767,0.00032154699299558607,1.6438356164383563e-05,8.779916176723069e-07,0.0008777238165551234,0.4,0.0,4
2016-04-15,0.9849436480390337,0.0007507776608837169,0.0007696137741372733,1.643835616438356e-05,2.3977570890421435e-06,0.0023959525165040824,0.4,0.0,4
2016-04-18,0.9849217421522574,-2.2240751356594757e-05,2.9231286855752038e-05,4.931506849315069e-05,2.1569697193095857e-06,0.002157013040288476,0.39999999999999997,0.0,4
2016-04-19,0.984970704298036,4.971171178702605e-05,6.745638043272331e-05,1.643835616438356e-05,1.3063124814047388e-06,0.0013062458393228078,0.4,0.0,4
2016-04-20,0.9850971724064894,0.00012839783752105483,0.00025256612863105407,1.643835616438356e-05,0.00010772993494562892,0.10770450292126948,0.5,0.0,5
2016-04-21,0.9851036312294041,6.55653380765564e-06,3.497683832702224e-05,2.0547945205479453e-05,7.872359313889882e-06,0.007872245726097673,0.5000000000000001,0.0,5
2016-04-22,0.9857623654215738,0.0006686953243157934,0.0008914345106275537,2.0547945205479453e-05,0.00020219124110620917,0.20201530868786333,0.5000000000000001,0.0,5
2016-04-25,0.9862611429256923,0.0005059814835852716,0.0005688409453061262,6.164383561643837e-05,1.2156261043681956e-06,0.0012150098548815553,0.5000000000000001,0.0,5
2016-04-26,0.9865842888309349,0.0003276474061260082,0.00035128974725869846,2.054794520547945e-05,3.0943959271953852e-06,0.003093372819494643,0.5000000000000001,0.0,5
2016-04-27,0.9879135104863176,0.0013472965973924111,0.0014724473144159317,2.0547945205479456e-05,0.00010460277181795899,0.10445111930372858,0.4000000000000001,0.0,4
2016-04-28,0.9871296714053573,-0.0007934288504409803,-0.0005728548120255695,1.6438356164383563e-05,0.0002041356822510305,0.20425604894523539,0.2,0.0,2
2016-04-29,0.9869108467190947,-0.00022167775177006632,-1.3893373803658404e-05,8.219178082191782e-06,0.00019956519988413918,0.19956961287755878,0.0,0.0,0
2016-05-02,0.9869108467190947,0.0,0.0,0.0,0.0,0.0,0.0,0.0,0
2016-05-03,0.986713504018291,-0.00019996000799837876,0.0,0.0,0.00019996000799840037,0.19996000799840036,0.2,0.0,2
2016-05-04,0.9870724821173116,0.00036381188415757215,0.00037264419604452484,8.219178082191782e-06,6.131338048958036e-07,0.0006129104449958767,0.2,0.0,2
2016-05-05,0.9889884772026553,0.0019410885421846658,0.0019518937992464179,8.21917808219178e-06,2.586078979630361e-06,0.002581062234469577,0.2,0.0,2
2016-05-06,0.9884427327434047,-0.0005518208470883801,-0.00054228448913905,8.219178082191782e-06,1.3171798671434605e-06,0.001317905378887589,0.2,0.0,2
2016-05-09,0.9883279820494291,-0.00011609240492582718,-9.07801396865915e-05,2.465753424657535e-05,6.547309925520181e-07,0.0006548065819007089,0.2,0.0,2
2016-05-10,0.9885954969056855,0.0002706741700277959,0.0003808564270448067,8.21917808219178e-06,0.000101963078934931,0.1019250978468691,0.30000000000000004,0.0,3
2016-05-11,0.9885297434201467,-6.651202210072871e-05,-5.117714216963381e-05,1.2328767123287671e-05,3.006112807804197e-06,0.0030063037258559184,0.30000000000000004,0.0,3
2016-05-12,0.9875900584122316,-0.0009505885019340798,-0.0009356123646834248,1.2328767123287673e-05,2.647370127336693e-06,0.0026498820595353637,0.3,0.0,3
2016-05-13,0.9870632063150622,-0.0005334724592270801,-0.00041889005126899984,1.2328767123287671e-05,0.00010225364083487618,0.10229775355128674,0.39999999999999997,0.0,4
2016-05-16,0.9865983587118426,-0.0004709400575824141,-0.0003189397866691479,4.931506849315069e-05,0.0001026852024201244,0.10272303067490741,0.5000000000000001,0.0,5
2016-05-17,0.9862112962183608,-0.00039232022845370196,-0.000365602117563546,2.054794520547945e-05,6.170165684719895e-06,0.006172549214986707,0.5000000000000001,0.0,5
2016-05-18,0.9858319147882865,-0.00038468574790118115,-0.0003584966550645719,2.0547945205479453e-05,5.641147631075948e-06,0.0056432866884229705,0.5000000000000001,0.0,5
2016-05-19,0.9852453604669126,-0.000594984106900065,-0.00047142780529212407,2.0547945205479456e-05,0.00010300835640237971,0.10305905896025727,0.6000000000000001,0.0,6
2016-05-20,0.983980334520841,-0.001283970467490514,-0.001155488808342481,2.4657534246575345e-05,0.00010382412490145315,0.10394679733415091,0.7000000000000002,0.0,7
2016-05-23,0.9841468050596408,0.00016918075794758458,0.00025871570528555616,8.63013698630137e-05,3.233577474854717e-06,0.0032330200558503795,0.6999999999999998,0.0,7
2016-05-24,0.9823287407883374,-0.0018473506817848762,-0.0018075856413448446,2.8767123287671238e-05,1.099791715232656e-05,0.011018150363207172,0.6999999999999998,0.0,7
2016-05-25,0.9824893337079472,0.00016348184975312208,0.0002967769533660238,2.876712328767123e-05,0.00010452798032524315,0.10449997330515444,0.6000000000000002,0.0,6
2016-05-26,0.9833655113433876,0.0008917935344230354,0.0010198269186322882,2.4657534246575342e-05,0.0001033758499626471,0.10327307575941998,0.5000000000000001,0.0,5
2016-05-27,0.9833118669667865,-5.455181820213095e-05,-3.077757739287087e-05,2.054794520547945e-05,3.2262956037118937e-06,0.0032264612035193077,0.49999999999999994,0.0,5
2016-05-31,0.9824430605751696,-0.000883551211780742,-0.0003020138923972182,8.219178082191781e-05,0.000499345538561658,0.49953746368919283,0.0,0.0,0
2016-06-01,0.9824430605751696,0.0,0.0,0.0,0.0,0.0,0.0,0.0,0
2016-06-02,0.9823448260925604,-9.999000099991662e-05,0.0,0.0,9.999000099990002e-05,0.09999000099990002,0.1,0.0,1
2016-06-03,0.9821576147901406,-0.00019057595403071392,-0.00018479908610523628,4.10958904109589e-06,1.6672788844173882e-06,0.001667593907373112,0.1,0.0,1
2016-06-06,0.981882547431479,-0.0002800643751262877,-0.000267425606298749,1.2328767123287671e-05,3.1000170410872995e-07,0.00031008845270952317,0.1,0.0,1
2016-06-07,0.9817341101837104,-0.00015117617494764257,-4.692879640412207e-05,4.109589041095891e-06,0.00010013778950248262,0.1001429006344448,0.2,0.0,2
2016-06-08,0.9820918413159901,0.0003643869847944625,0.0003734690120267725,8.21917808219178e-06,8.628491501508022e-07,0.0008625341097104588,0.2,0.0,2
2016-06-09,0.9807964884860892,-0.0013189732114718966,-0.0013071533325823117,8.219178082191782e-06,3.600700807333826e-06,0.0036054433083503893,0.2,0.0,2
2016-06-10,0.9799746595621549,-0.0008379199289374473,-0.0006285236259658044,8.21917808219178e-06,0.00020117712488935797,0.20130530459347454,0.2,0.0,2
2016-06-13,0.9796713932168937,-0.00030946345632720806,-0.000282693201130807,2.4657534246575342e-05,2.112720949878728e-06,0.002113370495854754,0.2,0.0,2
2016-06-14,0.979242057017606,-0.00043824511184087367,-0.0004247787879834041,8.219178082191782e-06,5.247145775343038e-06,0.0052494187629904395,0.2,0.0,2
2016-06-15,0.9788045748720745,-0.0004467558785862247,-0.00043763933269178046,8.219178082191782e-06,8.973678122611374e-07,0.000897768089804678,0.2,0.0,2
2016-06-16,0.9785705608843397,-0.00023908142007345035,-0.00022914900217562705,8.219178082191782e-06,1.7132398156021448e-06,0.001713646580772628,0.2,0.0,2
2016-06-17,0.9777278268311811,-0.0008611888471251605,-0.0007513138494955608,8.219178082191782e-06,0.00010165581954751117,0.10173308918874753,0.1,0.0,1
2016-06-20,0.9778628102824666,0.00013805830987023704,0.00015093049608717605,1.2328767123287673e-05,5.434190935069879e-07,0.0005433437851189488,0.1,0.0,1
2016-06-21,0.9778739764117308,1.1418911882943306e-05,1.615048187948444e-05,4.10958904109589e-06,6.219809554234051e-07,0.000621973466307549,0.1,0.0,1
2016-06-22,0.9774673601369035,-0.0004158166436940558,-0.0004112957588941147,4.10958904109589e-06,4.112957588941209e-07,0.00041146668435529924,0.1,0.0,1
2016-06-23,0.9773379925008928,-0.00013234982699839026,-0.00012609964038872158,4.109589041095891e-06,2.1405975685763055e-06,0.0021408763304335957,0.1,0.0,1
2016-06-24,0.9781385605207527,0.0008191311767296039,0.0009289254621137225,4.109589041095891e-06,0.00010568469634293907,0.10558704776517497,0.2,0.0,2
2016-06-27,0.9783039999418779,0.0001691369994012426,0.0001986446281316832,2.4657534246575342e-05,4.850094483703339e-06,0.004849250776653189,0.2,0.0,2
2016-06-28,0.9788130098793848,0.0005202983301071384,0.0006333489963542215,8.219178082191782e-06,0.00010483148816490889,0.1047659958169827,0.1,0.0,1
2016-06-29,0.9788818234770031,7.030310889177827e-05,7.621668092774316e-05,4.109589041095891e-06,1.8039829947088937e-06,0.0018038529241203444,0.1,0.0,1
2016-06-30,0.9785143554541198,-0.00037539569544575713,-0.0002702493890485713,4.10958904109589e-06,0.00010103671735617317,0.10106444529410526,0.0,0.0,0
2016-07-01,0.9785143554541198,0.0,0.0,0.0,0.0,0.0,0.0,0.0,0
2016-07-05,0.9784165138027395,-9.999000099991662e-05,0.0,0.0,9.999000099990002e-05,0.0999900009999,0.1,0.0,1
2016-07-06,0.9784811574538671,6.606966482647358e-05,0.00017095020690394147,4.109589041095891e-06,0.00010077095303633783,0.10075414315284198,0.2,0.0,2
2016-07-07,0.9782606718331737,-0.00022533455960171977,-0.00011501578993002842,8.21917808219178e-06,0.00010209959158961332,0.10211217538027996,0.30000000000000004,0.0,3
2016-07-08,0.9771213103435648,-0.0011646808692348243,-0.0010478508306054346,1.2328767123287671e-05,0.00010450127150615131,0.10461217920421756,0.4,0.0,4
2016-07-11,0.9772582021151723,0.00014009700756556498,0.00019176022980081365,4.931506849315069e-05,2.3481537422095017e-06,0.002347819306709636,0.39999999999999997,0.0,4
2016-07-12,0.9772382947940504,-2.0370584845275097e-05,2.8437843112014906e-06,1.643835616438356e-05,6.776012992025629e-06,0.0067761051102734355,0.4,0.0,4
2016-07-13,0.9769967337932882,-0.00024718740766616065,-0.00022924510383421368,1.6438356164383563e-05,1.5039476675210956e-06,0.0015043172533888438,0.4,0.0,4
2016-07-14,0.9767577786322417,-0.0002445813305013145,-0.00022165527642937778,1.643835616438356e-05,6.4876979074654665e-06,0.006489242954893381,0.4,0.0,4
2016-07-15,0.977821682427076,0.001089219679749176,0.0011081757849169315,1.6438356164383563e-05,2.5177490032857436e-06,0.002515003280071454,0.39999999999999997,0.0,4
2016-07-18,0.9785153889672532,0.000709440742258094,0.000861328166617692,4.931506849315069e-05,0.00010257235586632941,0.1024891333476357,0.3,0.0,3
2016-07-19,0.978961478734796,0.00045588426362264123,0.00046917369932065187,1.232876712328767e-05,9.606685746085058e-07,0.0009602298984456566,0.30000000000000004,0.0,3
2016-07-20,0.9782942126549697,-0.0006816060634874388,-0.0006666529437509007,1.2328767123287671e-05,2.6243526132218597e-06,0.002626135711340133,0.30000000000000004,0.0,3
2016-07-21,0.9779275589106585,-0.0003747888309756364,-0.00026129104224272286,1.2328767123287673e-05,0.00010116902160969864,0.10119671103448036,0.4,0.0,4
2016-07-22,0.9776009045893574,-0.000334027115121871,-0.00021507970519130115,1.643835616438356e-05,0.00010250905376616233,0.10253279195938216,0.3,0.0,3
2016-07-25,0.9771613419874948,-0.0004496339966535423,-0.00041186689401318536,3.698630136986301e-05,7.808012705158371e-07,0.0007811518930391072,0.30000000000000004,0.0,3
2016-07-26,0.9777086226338817,0.0005600719378375807,0.0005736595239796471,1.232876712328767e-05,1.2588190188111246e-06,0.001258112801400104,0.30000000000000004,0.0,3
2016-07-27,0.9778704639249689,0.00016553120974971414,0.00017882182559018082,1.2328767123287673e-05,9.618487174099416e-07,0.0009616886029331464,0.3,0.0,3
2016-07-28,0.9784727456960708,0.000615911609278541,0.000729290837131591,1.2328767123287671e-05,0.00010105046072993693,0.10097806328865605,0.4,0.0,4
2016-07-29,0.9751216083130771,-0.0034248653299072673,-0.0030060890269430767,1.643835616438356e-05,0.00040233794679977807,0.4035577110320366,0.0,0.0,0
2016-08-01,0.9751216083130771,0.0,0.0,0.0,0.0,0.0,0.0,0.0,0
2016-08-02,0.9748291595652075,-0.00029991002699192304,0.0,0.0,0.00029991002699190244,0.29991002699190245,0.3,0.0,3
2016-08-03,0.9773239899367429,0.0025592488150929515,0.00267477334716984,1.2328767123287671e-05,0.00010319576495358233,0.10292174152070158,0.39999999999999997,0.0,4
2016-08-04,0.9763423500648325,-0.0010044160196803764,-0.000985945053196552,1.6438356164383563e-05,2.032610319356185e-06,0.002034649818578187,0.4,0.0,4
2016-08-05,0.9762200288709901,-0.0001252851459677684,-5.904478548862682e-06,1.643835616438356e-05,0.00010294231125452013,0.10294461132895566,0.3,0.0,3
2016-08-08,0.9756745668194396,-0.0005587490887493107,-0.0004202155260845608,3.698630136986301e-05,0.00010154726129494743,0.10159371012487439,0.4000000000000001,0.0,4
2016-08-09,0.9750048265304686,-0.0006864381954264642,-0.0003689433887854532,1.643835616438356e-05,0.0003010564504765466,0.30117251686662755,0.5000000000000001,0.0,5
2016-08-10,0.9754309886840623,0.0004370872245937907,0.0004590399905319399,2.0547945205479453e-05,1.404820732714629e-06,0.0014042049999921245,0.5000000000000001,0.0,5
2016-08-11,0.9749568524408598,-0.0004860787166933722,-0.00046432543017869694,2.054794520547945e-05,1.2053413091169148e-06,0.0012059260305418073,0.5000000000000001,0.0,5
2016-08-12,0.9748561468325351,-0.00010329237450112938,-8.12812114638573e-05,2.054794520547945e-05,1.4632178318309404e-06,0.0014633668452426892,0.49999999999999994,0.0,5
2016-08-15,0.9753602933188854,0.0005171496204732229,0.0005844164769879035,6.164383561643835e-05,5.623020898343933e-06,0.005620082872775805,0.5,0.0,5
2016-08-16,0.9750062761310436,-0.000362960426282255,-0.00023838164495043065,2.054794520547945e-05,0.00010403083612628722,0.10405777976455419,0.4000000000000001,0.0,4
2016-08-17,0.9753944421647562,0.00039811644623766185,0.00041947218944256016,1.6438356164383563e-05,4.9173870407770885e-06,0.004915405965868545,0.4,0.0,4
2016-08-18,0.9752291306617945,-0.00016948169460018203,-0.00014788450088901715,1.6438356164383563e-05,5.158837546752508e-06,0.0051596854009990974,0.4,0.0,4
2016-08-19,0.975824031512984,0.000610011362956131,0.0006305503511926659,1.6438356164383563e-05,4.100632072159412e-06,0.004098115370353469,0.4,0.0,4
2016-08-22,0.9756154129384018,-0.00021378708439756533,-0.00016324377741012145,4.931506849315069e-05,1.2282384943799398e-06,0.0012284996228419639,0.4,0.0,4
2016-08-23,0.9763740771122669,0.0007776262693308666,0.0007971977948191768,1.6438356164383563e-05,3.133169323853503e-06,0.0031307249807749305,0.4,0.0,4
2016-08-24,0.9757802555511078,-0.000608190625989713,-0.0005907043221521581,1.6438356164383563e-05,1.0479476731327372e-06,0.0010485843134212286,0.39999999999999997,0.0,4
2016-08-25,0.9753160230143765,-0.00047575520624687506,-0.00045818908739131414,1.6438356164383563e-05,1.1277626910655948e-06,0.0011282982123616964,0.4,0.0,4
2016-08-26,0.9757893138613475,0.0004852692212604648,0.0005089418431889427,1.643835616438356e-05,7.234265764165578e-06,0.0072307046169280955,0.39999999999999997,0.0,4
2016-08-29,0.974846638330156,-0.0009660646184587174,-0.0008139391834824872,4.9315068493150684e-05,0.00010281036648303161,0.10289919465033838,0.3,0.0,3
2016-08-30,0.9746969839415722,-0.0001535158277203852,-0.000138913893627246,1.2328767123287671e-05,2.273166969849973e-06,0.0022735108216758886,0.3,0.0,3
2016-08-31,0.9746701407210533,-2.75400672836712e-05,0.00028555609380339074,1.2328767123287673e-05,0.000300767393963811,0.3006852385399126,0.0,0.0,0
2016-09-01,0.9746701407210533,0.0,0.0,0.0,0.0,0.0,0.0,0.0,0
2016-09-02,0.9746701407210533,0.0,0.0,0.0,0.0,0.0,0.0,0.0,0
2016-09-06,0.9746701407210533,0.0,0.0,0.0,0.0,0.0,0.0,0.0,0
2016-09-07,0.974572683452708,-9.999000099991662e-05,0.0,0.0,9.99900009999e-05,0.0999900009999,0.1,0.0,1
2016-09-08,0.974509625168365,-6.470352125975687e-05,3.970164002895515e-05,4.109589041095891e-06,0.00010029557224764918,0.1002920026495772,0.2,0.0,2
2016-09-09,0.9738062369873798,-0.0007217867969889769,-0.0007085165768833777,8.21917808219178e-06,5.051042023495209e-06,0.005054664882545898,0.2,0.0,2
2016-09-12,0.9729208887967562,-0.0009091625797782443,-0.000881826091307819,2.4657534246575345e-05,2.6789542239075464e-06,0.002681384855372751,0.2,0.0,2
2016-09-13,0.9722407565913987,-0.0006990621880866854,-0.0006877975271538495,8.21917808219178e-06,3.045482850530765e-06,0.003047604033849269,0.2,0.0,2
2016-09-14,0.9717231231572461,-0.0005324128109661652,-0.00042470594449801056,8.21917808219178e-06,9.948768838594284e-05,0.09953077776010515,0.1,0.0,1
2016-09-15,0.9717087630291094,-1.4778003933901829e-05,-1.0161084377025003e-05,4.109589041095891e-06,5.073305158675249e-07,0.0005073377559189523,0.1,0.0,1
2016-09-16,0.9718086684060727,0.00010281411546797514,0.00010750164229464954,4.10958904109589e-06,5.779377854837047e-07,0.0005778780374868788,0.1,0.0,1
2016-09-19,0.9717549088535434,-5.531907079758813e-05,-4.1875192941076556e-05,1.2328767123287671e-05,1.1151107333108704e-06,0.0011151711800049763,0.1,0.0,1
2016-09-20,0.9714469543226898,-0.00031690555720165214,-0.00031248348467595167,4.109589041095891e-06,3.1248348467595266e-07,0.0003125824461133577,0.1,0.0,1
2016-09-21,0.9714132308104455,-3.471472332505776e-05,-2.8415320131125505e-05,4.10958904109589e-06,2.189814152855341e-06,0.00218988537867838,0.1,0.0,1
2016-09-22,0.9716012271751844,0.0001935287257535112,0.0002980850115646749,4.109589041095891e-06,0.00010044669677012716,0.100417176588211,0.2,0.0,2
2016-09-23,0.972057187566237,0.0004692875824974241,0.000478118471331246,8.219178082191782e-06,6.117107515538304e-07,0.0006114234441095673,0.2,0.0,2
2016-09-26,0.9718403107471008,-0.00022311117278939196,-0.00019779766225249686,2.465753424657534e-05,6.559762904010092e-07,0.000656122248204661,0.2,0.0,2
2016-09-27,0.9714016721945455,-0.00045134838275850964,-0.00044099936492730807,8.21917808219178e-06,2.129839749030751e-06,0.0021307969425287225,0.2,0.0,2
2016-09-28,0.9712508286699405,-0.00015528439874334943,-0.00014662382334988404,8.219178082191782e-06,4.413973112084451e-07,0.0004414656690776743,0.2,0.0,2
2016-09-29,0.9718673562973389,0.0006347769383554525,0.0006460590065348105,8.21917808219178e-06,3.0628900971318787e-06,0.003060937709148571,0.2,0.0,2
2016-09-30,0.9721139636352459,0.000253745880349987,0.00046071854615645225,8.219178082191782e-06,0.00019875348772436182,0.1986635925742626,0.0,0.0,0
2016-10-03,0.9721139636352459,0.0,0.0,0.0,0.0,0.0,0.0,0.0,0
2016-10-04,0.9721139636352459,0.0,0.0,0.0,0.0,0.0,0.0,0.0,0
2016-10-05,0.9720167619590501,-9.999000099991662e-05,0.0,0.0,9.999000099990003e-05,0.09999000099990002,0.1,0.0,1
2016-10-06,0.9721997516909974,0.00018825779462749992,0.00029270183271543624,4.10958904109589e-06,0.00010033444904694842,0.10030550165717228,0.2,0.0,2
2016-10-07,0.972502327748506,0.0003112282810011635,0.00032072060531371796,8.219178082191782e-06,1.2731462302887691e-06,0.0012727484945677101,0.2,0.0,2
2016-10-10,0.9724258417765875,-7.86486260608843e-05,4.7556333839315956e-05,2.4657534246575345e-05,0.00010154742565373666,0.10154510039283314,0.30000000000000004,0.0,3
2016-10-11,0.9720603359722817,-0.000375870106082421,-0.00036067872488729783,1.2328767123287673e-05,2.862614071800674e-06,0.0028636822467334433,0.30000000000000004,0.0,3
2016-10-12,0.9720416043744172,-1.926999505208471e-05,9.548248582170186e-05,1.2328767123287673e-05,0.0001024237137505048,0.10241519754597762,0.4,0.0,4
2016-10-13,0.9722639018340866,0.00022869130155434014,0.00034982947367072077,1.6438356164383563e-05,0.00010469981595195462,0.10466492159677976,0.5000000000000001,0.0,5
2016-10-14,0.9714330230337621,-0.0008545815583167471,-0.000830953237098625,2.0547945205479453e-05,3.0803760126315215e-06,0.0030830011917913768,0.5,0.0,5
2016-10-17,0.9715397665188877,0.00010988249585364152,0.0002735176257246008,6.164383561643835e-05,0.00010199129425449899,0.1019696895498979,0.5999999999999999,0.0,6
2016-10-18,0.9707284218069536,-0.0008351122001327704,-0.0008067161757649101,2.4657534246575342e-05,3.738490121338203e-06,0.003741600789868257,0.6,0.0,6
2016-10-19,0.9720057999138452,0.0013158964734067968,0.0013428931451389403,2.4657534246575342e-05,2.3391374855879045e-06,0.0023360580107290507,0.6,0.0,6
2016-10-20,0.9726711024120378,0.0006844635065466065,0.0007112982267384661,2.4657534246575345e-05,2.177185945284187e-06,0.0021756920266043905,0.6000000000000001,0.0,6
2016-10-21,0.9733952891016846,0.0007445339826082087,0.0008717328883008135,2.465753424657534e-05,0.00010254137144587542,0.10245458469227274,0.5000000000000001,0.0,5
2016-10-24,0.9717105527979275,-0.001730783292892113,-0.0016659100609243748,6.164383561643835e-05,3.2293963512110247e-06,0.00323498496208753,0.5,0.0,5
2016-10-25,0.9707474151818367,-0.0009911774790523076,-0.000967402176772436,2.0547945205479453e-05,3.2273570745172175e-06,0.003230548695494987,0.5,0.0,5
2016-10-26,0.9709303808596188,0.00018847918101116967,0.0004103076367639125,2.0547945205479453e-05,0.00020128051054735843,0.20120209008278683,0.5000000000000001,0.0,5
2016-10-27,0.9700671213787874,-0.0008891054372685003,-0.0007660178842240628,2.0547945205479453e-05,0.0001025396078389778,0.10262032548040562,0.6,0.0,6
2016-10-28,0.9695914077549662,-0.0004903924824758432,-0.0003617048870889983,2.4657534246575342e-05,0.00010403006114039695,0.10407026998189618,0.5,0.0,5
2016-10-31,0.9696879228424319,9.954202016815294e-05,0.0006692198740575692,6.164383561643835e-05,0.0005080340182729819,0.5077255364029587,0.0,0.0,0
2016-11-01,0.9696879228424319,0.0,0.0,0.0,0.0,0.0,0.0,0.0,0
2016-11-02,0.9694940240376243,-0.00019996000799848979,0.0,0.0,0.0001999600079984003,0.1999600079984003,0.2,0.0,2
2016-11-03,0.9687002736882852,-0.0008187263971297654,-0.0005094898188549358,8.21917808219178e-06,0.0003010174001925772,0.30117332033014954,0.30000000000000004,0.0,3
2016-11-04,0.9685295321480994,-0.0001762583792153105,-0.0001617279128042604,1.232876712328767e-05,2.201699287774692e-06,0.0022020825749566155,0.3,0.0,3
2016-11-07,0.9676099112728479,-0.0009495021522079039,-0.0006068465463657357,3.698630136986301e-05,0.00030566930447237624,0.3058662311990353,0.6,0.0,6
2016-11-08,0.9679065664681598,0.0003065855277584184,0.00043575038275048836,2.4657534246575342e-05,0.00010450732074561316,0.104464376187639,0.7000000000000001,0.0,7
2016-11-09,0.9674419901065378,-0.00047998058667708676,-0.0004343926111277094,2.876712328767123e-05,1.682085226177762e-05,0.016828646613273594,0.7000000000000002,0.0,7
2016-11-10,0.9670984682968324,-0.00035508259225702776,-0.00021591484062303323,2.8767123287671238e-05,0.00011040062834633562,0.11042764800011833,0.7999999999999998,0.0,8
2016-11-11,0.9664842889607816,-0.0006350742516761931,-0.0005961334780308802,3.287671232876712e-05,6.06406131656378e-06,0.006067878073706001,0.8000000000000003,0.0,8
2016-11-14,0.963977044453998,-0.002594190651023953,-0.0023855670632329023,9.863013698630138e-05,0.00010999345080477516,0.11026737671328181,0.7000000000000002,0.0,7
2016-11-15,0.965659280737212,0.0017450999408048506,0.0019835791020606066,2.876712328767123e-05,0.0002097120379681054,0.20930289017120693,0.5000000000000001,0.0,5
2016-11-16,0.9667397594512422,0.0011189026353120024,0.0011426269080224314,2.0547945205479453e-05,3.1763275049878045e-06,0.003172767409423779,0.5000000000000001,0.0,5
2016-11-17,0.9669034268166197,0.00016929826644385138,0.00019257790322660943,2.054794520547945e-05,2.731691577284477e-06,0.002731221725325723,0.5000000000000001,0.0,5
2016-11-18,0.9669789539113215,7.811234566679204e-05,0.0002024875517905421,2.0547945205479453e-05,0.00010382726091843735,0.10380837406369996,0.4,0.0,4
2016-11-21,0.9677312191064628,0.0007779540517385275,0.000930858897796766,4.931506849315069e-05,0.0001035897775650913,0.10349853906663516,0.49999999999999994,0.0,5
2016-11-22,0.9710645710895437,0.0034445018588515897,0.0034746719191014078,2.0547945205479453e-05,9.622115044377516e-06,0.009588993472139866,0.5000000000000001,0.0,5
2016-11-23,0.9713749903572653,0.0003196690281608294,0.0005439544057757816,2.0547945205479453e-05,0.00020373743240942723,0.20363085070659595,0.3,0.0,3
2016-11-25,0.9716656045613614,0.00029917818245372985,0.00042525488383298734,2.4657534246575342e-05,0.00010141916713254317,0.10137855515204436,0.2,0.0,2
2016-11-28,0.9718264596935002,0.0001655457714915265,0.00019196430420794785,2.465753424657534e-05,1.7609984698155102e-06,0.001760703892134459,0.2,0.0,2
2016-11-29,0.9719214592104164,9.775358138131018e-05,0.0001063679722647426,8.219178082191782e-06,3.952128011561073e-07,0.0003951740153030131,0.2,0.0,2
2016-11-30,0.9715325012218315,-0.0004001948767555774,-0.00019287882175869628,8.21917808219178e-06,0.00019909687691476433,0.19913692295166438,0.0,0.0,0
2016-12-01,0.9715325012218315,0.0,0.0,0.0,0.0,0.0,0.0,0.0,0
2016-12-02,0.9713382335751165,-0.00019996000799837876,0.0,0.0,0.0001999600079984003,0.19996000799840033,0.2,0.0,2
2016-12-05,0.9715681825490027,0.00023673419406122775,0.0002616533816893252,2.4657534246575345e-05,2.6165338168932155e-07,0.0002615913856172034,0.2,0.0,2
2016-12-06,0.9713704914704578,-0.00020347627896399878,-0.00019501401474547597,8.219178082191782e-06,2.430861363232026e-07,0.00024313554953722492,0.2,0.0,2
2016-12-07,0.9712891412128138,-8.374791941723192e-05,-7.286219188612505e-05,8.219178082191782e-06,2.666549449043673e-06,0.0026667656740579095,0.2,0.0,2
2016-12-08,0.9711280655090204,-0.00016583702726491456,-0.00015735673692894857,8.21917808219178e-06,2.611122538435309e-07,0.00026115549490355976,0.2,0.0,2
2016-12-09,0.9708825165877114,-0.0002528491658618792,-0.00024173874961107552,8.219178082191782e-06,2.8912381686104057e-06,0.002891961037198234,0.2,0.0,2
2016-12-12,0.9708200829383589,-6.430608058738407e-05,-3.701109570355411e-05,2.4657534246575342e-05,2.6374506372619773e-06,0.0026376132952602343,0.2,0.0,2
2016-12-13,0.9711745688710397,0.000365140708263878,0.0003748279135517174,8.219178082191782e-06,1.4680272057834179e-06,0.0014674892114193041,0.2,0.0,2
2016-12-14,0.9711708022950031,-3.87837177506789e-06,8.391023793535933e-06,8.21917808219178e-06,4.05021748643561e-06,0.004050216790423224,0.2,0.0,2
2016-12-15,0.9713216656713924,0.0001553417545430147,0.00026479512511766727,8.219178082191782e-06,0.00010123419249264677,0.10120822489649615,0.1,0.0,1
2016-12-16,0.9714342929111071,0.00011595256617358274,0.00032137359745668673,4.10958904109589e-06,0.00020131144224206626,0.20124759362382916,0.30000000000000004,0.0,3
2016-12-19,0.9706222431787854,-0.0008359286245579467,-0.0006966888661998239,3.698630136986301e-05,0.00010225345698825023,0.10232853289176676,0.4000000000000001,0.0,4
2016-12-20,0.9710500640460205,0.0004407696920625259,0.00045873288686949516,1.6438356164383563e-05,1.5248386425260487e-06,0.001524164512898099,0.4,0.0,4
2016-12-21,0.9707444828909616,-0.0003146914524526645,-0.00029448474866141104,1.6438356164383563e-05,3.7683476268753642e-06,0.0037695196576310163,0.4,0.0,4
2016-12-22,0.969826813534778,-0.0009453253377765813,-0.0009264201585524879,1.6438356164383563e-05,2.466823059662101e-06,0.0024691511198195455,0.39999999999999997,0.0,4
2016-12-23,0.9695027102024746,-0.0003341868133364123,-0.0002168725849769071,1.6438356164383563e-05,0.0001008758721952202,0.10089941313225867,0.5,0.0,5
2016-12-27,0.9692585952310926,-0.0002517940061570467,-0.0001680161602486075,8.219178082191781e-05,1.5860650865465556e-06,0.0015864620319451551,0.5000000000000001,0.0,5
2016-12-28,0.9692618825095152,3.3915390988958904e-06,2.8729212224054494e-05,2.0547945205479453e-05,4.789727919727338e-06,0.004789688734004869,0.5000000000000001,0.0,5
2016-12-29,0.9693687282094176,0.00011023408825883152,0.000137097834770028,2.054794520547945e-05,6.315801305768795e-06,0.006315065285607165,0.5000000000000001,0.0,5
2016-12-30,0.9691312799205872,-0.0002449514636900796,0.00027673618155148454,2.0547945205479456e-05,0.0005011397000361259,0.501011346822794,0.0,0.0,0
2017-01-03,0.9691312799205872,0.0,0.0,0.0,0.0,0.0,0.0,0.0,0
2017-01-04,0.9690343764829389,-9.999000099991662e-05,0.0,0.0,9.999000099990002e-05,0.09999000099990002,0.1,0.0,1
2017-01-05,0.9688756537231568,-0.00016379476686700922,-0.00015908600219390891,4.109589041095891e-06,5.991756320466107e-07,0.0005992734308284661,0.1,0.0,1
2017-01-06,0.9686878758298905,-0.00019381010612118388,-8.909957610439562e-05,4.109589041095891e-06,0.00010060094097571195,0.1006103187795304,0.2,0.0,2
2017-01-09,0.9684059913044126,-0.0002909962357444673,-0.00016401359174272333,2.4657534246575345e-05,0.00010232510975519635,0.10234441919200403,0.30000000000000004,0.0,3
2017-01-10,0.9683832375359955,-2.3496104548548224e-05,-5.500774131611378e-06,1.232876712328767e-05,5.666563293658964e-06,0.005666664327684372,0.3,0.0,3
2017-01-11,0.9691430976020751,0.0007846687516122053,0.0007986726100298048,1.2328767123287671e-05,1.6750912942371563e-06,0.0016737751314681165,0.30000000000000004,0.0,3
2017-01-12,0.9694318894149351,0.00029798676126824297,0.00031213578654170075,1.2328767123287671e-05,1.820258150036086e-06,0.0018197125874290507,0.3,0.0,3
2017-01-13,0.9699437638427317,0.0005280148439366084,0.0005413333091962902,1.232876712328767e-05,9.896981363163573e-07,0.0009891748583233996,0.30000000000000004,0.0,3
2017-01-17,0.9697528876704632,-0.00019679096807878604,-0.0001443117006599382,4.931506849315069e-05,3.1641989257296646e-06,0.003164811717997598,0.30000000000000004,0.0,3
2017-01-18,0.9702515359455544,0.000514201382054047,0.0005273839500189227,1.2328767123287671e-05,8.538008415397753e-07,0.0008533613133724402,0.3,0.0,3
2017-01-19,0.9700417330193325,-0.00021623560329375735,-0.00020060062472430093,1.232876712328767e-05,3.306211446128402e-06,0.003306915585652947,0.3,0.0,3
2017-01-20,0.9696448977178534,-0.00040909095760643943,-0.0002944040318114571,1.2328767123287671e-05,0.00010235815867159459,0.10238956490942097,0.2,0.0,2
2017-01-23,0.9690158057473681,-0.0006487859338670798,-0.0006225324498830841,2.4657534246575342e-05,1.595949737537397e-06,0.0015969832891269422,0.2,0.0,2
2017-01-24,0.9696815575375048,0.0006870391444473434,0.0006959542768063931,8.219178082191782e-06,6.959542768063882e-07,0.0006954759735690453,0.2,0.0,2
2017-01-25,0.969122960730973,-0.0005760621125459053,-0.00036617565710416757,8.21917808219178e-06,0.00020166727735946167,0.20174280882512177,0.4,0.0,4
2017-01-26,0.9690013182140477,-0.00012551814563721564,-0.00010805703063104799,1.6438356164383563e-05,1.0227588416796491e-06,0.0010228861862910592,0.4,0.0,4
2017-01-27,0.9696974147739874,0.0007183649256770064,0.0007370758532447841,1.6438356164383563e-05,2.2725714035006043e-06,0.002270934882670724,0.4000000000000001,0.0,4
2017-01-30,0.970045066498334,0.00035851567617894986,0.00050866521188625,4.931506849315069e-05,0.00010083446721425421,0.10078817015384171,0.3,0.0,3
2017-01-31,0.970162219460094,0.00012077063819604383,0.00043572269353552836,1.2328767123287673e-05,0.00030262328821619903,0.3024952135800005,0.0,0.0,0
2017-02-01,0.970162219460094,0.0,0.0,0.0,0.0,0.0,0.0,0.0,0
2017-02-02,0.9698712580826692,-0.00029991002699192304,0.0,0.0,0.0002999100269919025,0.29991002699190245,0.30000000000000004,0.0,3
2017-02-03,0.9700998787783239,0.0002357227247942184,0.000349414172822371,1.2328767123287673e-05,0.00010136268090500975,0.10132852453820691,0.2,0.0,2
2017-02-06,0.9706432094630142,0.0005600770565752367,0.0006863741392435507,2.465753424657534e-05,0.00010163954842173415,0.10157233632018274,0.30000000000000004,0.0,3
2017-02-07,0.970690226906688,4.843947108001956e-05,6.295745785706017e-05,1.2328767123287673e-05,2.189219653687346e-06,0.0021891088219738153,0.3,0.0,3
2017-02-08,0.9710588564852064,0.0003797602657369392,0.0003948849229435946,1.2328767123287671e-05,2.795890083324928e-06,0.002794820907382394,0.30000000000000004,0.0,3
2017-02-09,0.9703158791630269,-0.0007651207928516257,-0.0007504180978488261,1.2328767123287671e-05,2.3739278794541353e-06,0.0023757399676664617,0.30000000000000004,0.0,3
2017-02-10,0.9698671922827359,-0.0004624132098899336,-0.00014792017057415615,1.2328767123287671e-05,0.00030216427219244393,0.30221270145681106,0.6000000000000001,0.0,6
2017-02-13,0.970062242755958,0.00020111049716309282,0.00027737296834048355,7.397260273972604e-05,2.289868437678466e-06,0.002289402772317569,0.6,0.0,6
2017-02-14,0.9696585701250531,-0.00041613064926437904,-0.0003881012742751544,2.4657534246575345e-05,3.3718407426080666e-06,0.00337323307427267,0.6000000000000002,0.0,6
2017-02-15,0.9687841665495655,-0.0009017643966936495,-0.0007747455645879807,2.4657534246575345e-05,0.00010236129785911762,0.10244319126366828,0.5000000000000001,0.0,5
2017-02-16,0.9696196817020339,0.0008624368371381586,0.0009872231335624761,2.0547945205479453e-05,0.0001042383512187969,0.10413768390359433,0.6,0.0,6
2017-02-17,0.9676227869002169,-0.00205946191017059,-0.0019309716184973628,2.4657534246575345e-05,0.00010383275742666241,0.10403621367907431,0.5000000000000001,0.0,5
2017-02-21,0.9666523302339181,-0.0010029287026276368,-0.0009147070321732676,8.219178082191781e-05,6.029889632501811e-06,0.0060359068208468624,0.5,0.0,5
2017-02-22,0.9662721074571691,-0.0003933397405218031,-0.0002716514698300587,2.054794520547945e-05,0.00010114032548636578,0.10116988726824476,0.4,0.0,4
2017-02-23,0.9666019295615249,0.00034133460110297165,0.0003610736563256167,1.643835616438356e-05,3.3006990582229198e-06,0.0032995619127127317,0.39999999999999997,0.0,4
2017-02-24,0.9665511116875208,-5.257373531952769e-05,-3.2372847267742105e-05,1.6438356164383563e-05,3.7625318873900757e-06,0.003762715550064247,0.4,0.0,4
2017-02-27,0.9665727647841402,2.2402433102142183e-05,7.375915811497756e-05,4.931506849315067e-05,2.041656519687599e-06,0.0020416066144725424,0.4,0.0,4
2017-02-28,0.9663853510265703,-0.0001938951358843033,0.00022441946505795117,1.643835616438356e-05,0.000401876244777861,0.40179267949083525,0.0,0.0,0
2017-03-01,0.9663853510265703,0.0,0.0,0.0,0.0,0.0,0.0,0.0,0
2017-03-02,0.9662887221543549,-9.999000099991662e-05,0.0,0.0,9.999000099990002e-05,0.09999000099990002,0.1,0.0,1
2017-03-03,0.9662908649468145,2.217548865424135e-06,6.737893099933974e-06,4.10958904109589e-06,4.1075519323420634e-07,0.00041075411364750226,0.1,0.0,1
2017-03-06,0.9664352714353948,0.00014944412062534163,0.0002620498820428252,1.2328767123287671e-05,0.00010027699429410536,0.10025195926306534,0.2,0.0,2
2017-03-07,0.9665589545951273,0.00012797873110415026,0.00013645539074078614,8.21917808219178e-06,2.5748155449624587e-07,0.0002574485402704871,0.2,0.0,2
2017-03-08,0.9664509150939552,-0.000111777456158757,-0.00010072856751749948,8.219178082191782e-06,2.829710559139006e-06,0.0028300188833163473,0.2,0.0,2
2017-03-09,0.9662737332857433,-0.00018333244393964332,-0.00017445390561899866,8.219178082191782e-06,6.593602385361061e-07,0.0006594807079106616,0.2,0.0,2
2017-03-10,0.9662975115244459,2.460818077065774e-05,3.4379406288109734e-05,8.21917808219178e-06,1.5520474352409037e-06,0.001552006834387939,0.2,0.0,2
2017-03-13,0.9664094206767115,0.00011581231549384619,0.00014153975529304083,2.4657534246575345e-05,1.0699055524849132e-06,0.0010697805141623856,0.2,0.0,2
2017-03-14,0.9662526721365009,-0.00016219682554508008,-5.364274400964099e-05,8.21917808219178e-06,0.00010033490345322307,0.10034111074719872,0.3,0.0,3
2017-03-15,0.9665233994544535,0.0002801827366272214,0.0002975484700097564,1.2328767123287671e-05,5.036966259245847e-06,0.005035530026867708,0.30000000000000004,0.0,3
2017-03-16,0.966678173399609,0.00016013471090592368,0.00017523936188689756,1.2328767123287673e-05,2.7758838576341564e-06,0.0027754317104034883,0.3,0.0,3
2017-03-17,0.9664370254889542,-0.0002494603863939515,-0.00023554754814728577,1.2328767123287674e-05,1.5840711233453908e-06,0.0015844638744122593,0.30000000000000004,0.0,3
2017-03-20,0.9661818920408033,-0.0002639938676002318,-0.00022535222331728774,3.698630136986302e-05,1.6553429130125937e-06,0.0016557772871833238,0.3,0.0,3
2017-03-21,0.9662606546636449,8.151945662659976e-05,9.708536530416144e-05,1.2328767123287671e-05,3.2371415543921297e-06,0.0032368672085387705,0.3,0.0,3
2017-03-22,0.9663135733668776,5.476648870805789e-05,7.037454188992829e-05,1.2328767123287673e-05,3.2792860585346575e-06,0.003279095720883005,0.3,0.0,3
2017-03-23,0.9660782596044095,-0.00024351697932611938,-0.0002294601477105807,1.2328767123287671e-05,1.7280644921944821e-06,0.0017284824200831436,0.3,0.0,3
2017-03-24,0.9665397642916653,0.00047770942226232904,0.0005915522148054908,1.2328767123287673e-05,0.00010151402541990872,0.10145526015433662,0.39999999999999997,0.0,4
2017-03-27,0.9659916494520534,-0.0005670897979180856,-0.0005166173035150823,4.9315068493150684e-05,1.157425909758858e-06,0.0011580813054590348,0.4000000000000001,0.0,4
2017-03-28,0.9666972269705145,0.0007304178238614067,0.0007487602059685182,1.643835616438356e-05,1.9040259425484777e-06,0.0019026326031210627,0.39999999999999997,0.0,4
2017-03-29,0.9667980899131876,0.00010433767663653448,0.00012254791711263652,1.6438356164383563e-05,1.7718843117328648e-06,0.0017716963178144478,0.4,0.0,4
2017-03-30,0.9666555015038886,-0.00014748519963647677,-3.0427700478125064e-05,1.6438356164383563e-05,0.00010061914299401059,0.10062385883747844,0.3,0.0,3
2017-03-31,0.9669061909075432,0.00025933686123402744,0.0005725077155095848,1.2328767123287671e-05,0.00030084208715229325,0.3006736560998118,0.0,0.0,0
2017-04-03,0.9669061909075432,0.0,0.0,0.0,0.0,0.0,0.0,0.0,0
2017-04-04,0.9668095099565475,-9.999000099991662e-05,0.0,0.0,9.999000099990002e-05,0.09999000099990002,0.1,0.0,1
2017-04-05,0.9664376928049868,-0.00038458160344057024,-0.00037911452712874327,4.109589041095891e-06,1.3574872706837255e-06,0.001358007691981237,0.1,0.0,1
2017-04-06,0.966589756116183,0.00015734414368173688,0.00016274656483036286,4.109589041095891e-06,1.2928321074996669e-06,0.0012926270490537814,0.1,0.0,1
2017-04-07,0.9667576231579831,0.000173669378076724,0.00017854226872722202,4.109589041095891e-06,7.633016094603652e-07,0.0007631684879359625,0.1,0.0,1
2017-04-10,0.9671039703932465,0.00035825653397170143,0.000370956257352445,1.232876712328767e-05,3.7095625735244317e-07,0.0003708232699338282,0.1,0.0,1
2017-04-11,0.9667942330229083,-0.0003202730831641798,-0.0003151706353424433,4.10958904109589e-06,9.928587806171281e-07,0.0009931758820355967,0.1,0.0,1
2017-04-12,0.9665911242597193,-0.0002100847897633651,-0.00020576943129087534,4.109589041095891e-06,2.0576943129087693e-07,0.00020581262704341276,0.1,0.0,1
2017-04-13,0.9663602395468537,-0.00023886492134139736,-0.00023418180494126918,4.109589041095891e-06,5.735273591510916e-07,0.0005736640583592355,0.1,0.0,1
2017-04-17,0.9665161696887157,0.00016135819281548613,0.0002780907755746909,1.6438356164383563e-05,0.00010029422659485627,0.1002679912323609,0.2,0.0,2
2017-04-18,0.96652927636779,1.3560744750451548e-05,2.231456305116231e-05,8.219178082191782e-06,5.346402185369558e-07,0.0005346326826834764,0.2,0.0,2
2017-04-19,0.9667808537963565,0.0002602895067098654,0.00036933517809404904,8.219178082191782e-06,0.000100826493301881,0.10079009638543347,0.3,0.0,3
2017-04-20,0.966263808681978,-0.0005348110818993446,-0.00041974072148477924,1.2328767123287673e-05,0.00010274159329125709,0.10278600398743601,0.4,0.0,4
2017-04-21,0.9664511662248012,0.00019389895506760624,0.00021275312084231281,1.6438356164383563e-05,2.4158096102709003e-06,0.002415335444261542,0.39999999999999997,0.0,4
2017-04-24,0.9667154232351041,0.00027343027722248614,0.0003240367580447656,4.931506849315069e-05,1.2914123291140307e-06,0.00129105764757578,0.39999999999999997,0.0,4
2017-04-25,0.9661495368456902,-0.0005853701883851148,-0.0005681422052425666,1.6438356164383563e-05,7.896269781545016e-07,0.0007900888487372578,0.4,0.0,4
2017-04-26,0.9664579708417842,0.00031924043259490276,0.00033715041787414353,1.643835616438356e-05,1.471629114879114e-06,0.0014711572969892974,0.4,0.0,4
2017-04-27,0.9666769313395134,0.00022655977221486268,0.00024478729133313725,1.6438356164383563e-05,1.7891629538532855e-06,0.0017887544936693778,0.4,0.0,4
2017-04-28,0.9657757159412919,-0.0009322818917099074,-0.0005172541084632276,1.6438356164383563e-05,0.000398589427082332,0.39880226484595666,0.0,0.0,0
2017-05-01,0.9657757159412919,0.0,0.0,0.0,0.0,0.0,0.0,0.0,0
2017-05-02,0.9656791480264892,-9.999000099991662e-05,0.0,0.0,9.999000099990002e-05,0.09999000099990002,0.1,0.0,1
2017-05-03,0.965638135377565,-4.247026458836789e-05,-3.7924140470091415e-05,4.10958904109589e-06,4.365350772248933e-07,0.0004365534271935691,0.1,0.0,1
2017-05-04,0.9652720211315143,-0.0003791422818109069,-0.00037465803473523134,4.10958904109589e-06,3.746580347352366e-07,0.0003747999968394308,0.1,0.0,1
2017-05-05,0.965278661610344,6.879386001301668e-06,0.0002115371190969717,4.109589041095891e-06,0.00020054814405436186,0.20050655347521448,0.1,0.0,1
2017-05-08,0.965206818951642,-7.442685885361566e-05,-6.028291241810813e-05,1.2328767123287671e-05,1.8151793121429416e-06,0.0018153111249326133,0.1,0.0,1
2017-05-09,0.9650969595431826,-0.00011381955276557054,-9.635247738148945e-06,4.109589041095891e-06,0.00010007471598620598,0.10007609151574937,0.2,0.0,2
2017-05-10,0.9653852365812424,0.00029870266941500745,0.0003099555609536565,8.219178082191782e-06,3.0337134565608603e-06,0.0030327983509564646,0.2,0.0,2
2017-05-11,0.9637833016289434,-0.0016593737832287792,-0.001647945366793946,8.21917808219178e-06,3.20923835263173e-06,0.003214562196568987,0.2,0.0,2
2017-05-12,0.9637390075051088,-4.595859230993593e-05,0.00016592531574037274,8.219178082191782e-06,0.00020366472996817618,0.20363261585482845,0.2,0.0,2
2017-05-15,0.9634406752076992,-0.0003095571467859326,-0.0002837078863469289,2.4657534246575345e-05,1.1917261924574383e-06,0.0011920937929612919,0.2,0.0,2
2017-05-16,0.9632487108342176,-0.00019924877412946795,-0.0001871111863668118,8.21917808219178e-06,3.9184096804223315e-06,0.003919175214345289,0.2,0.0,2
2017-05-17,0.9644943199032788,0.0012931333881387452,0.0013029426493586182,8.219178082191782e-06,1.5900831378339854e-06,0.0015880270818980293,0.2,0.0,2
2017-05-18,0.9643076394983807,-0.00019355262239062476,-8.425916114033208e-05,8.219178082191782e-06,0.00010107428316816806,0.10108363121450535,0.1,0.0,1
2017-05-19,0.963881058704976,-0.00044237002376823487,-0.00033796670502432287,4.10958904109589e-06,0.00010029372970264752,0.1003280495500284,0.2,0.0,2
2017-05-22,0.9639901107882536,0.0001131385270960461,0.0001396161607154389,2.4657534246575345e-05,1.8200993728435694e-06,0.001819890160770363,0.2,0.0,2
2017-05-23,0.9639049759814093,-8.831502096495747e-05,-7.925914580330099e-05,8.219178082191782e-06,8.366970794181667e-07,0.0008367702786796228,0.2,0.0,2
2017-05-24,0.9639183333434515,1.3857550666296348e-05,0.00012292945854893708,8.219178082191782e-06,0.00010085272980051313,0.1008411622825051,0.3,0.0,3
2017-05-25,0.9638094074786904,-0.00011300320887486226,-9.879045574792133e-05,1.2328767123287671e-05,1.8839860036522057e-06,0.0018841953739778994,0.30000000000000004,0.0,3
2017-05-26,0.9636655503433258,-0.00014925890352213145,-3.666781869880453e-05,1.2328767123287671e-05,0.00010026231770007031,0.1002672304520323,0.39999999999999997,0.0,4
2017-05-30,0.9634648285838194,-0.0002082898568230851,-0.0001413748672675519,6.575342465753425e-05,1.1615648981047114e-06,0.0011618055409019475,0.4000000000000001,0.0,4
2017-05-31,0.9622554689260514,-0.0012552193104398146,-0.0008367016635871415,1.643835616438356e-05,0.00040207929068830785,0.40242261352475883,0.0,0.0,0
2017-06-01,0.9622554689260514,0.0,0.0,0.0,0.0,0.0,0.0,0.0,0
2017-06-02,0.9620630563147885,-0.00019996000799837876,0.0,0.0,0.00019996000799840034,0.19996000799840036,0.2,0.0,2
2017-06-05,0.9624890790282453,0.00044282202778767044,0.000568408904859391,2.4657534246575342e-05,0.0001009293428252565,0.10087449218187274,0.3,0.0,3
2017-06-06,0.9629030315934992,0.0004300854672261156,0.0004438332241365972,1.232876712328767e-05,1.4189897871376047e-06,0.0014183777508163988,0.3,0.0,3
2017-06-07,0.9628742446790893,-2.989596404345818e-05,-1.5374040467142114e-05,1.2328767123287671e-05,2.193156452992788e-06,0.0021932172112671955,0.30000000000000004,0.0,3
2017-06-08,0.9627355305638936,-0.00014406254603060997,-2.7758667781813178e-05,1.2328767123287673e-05,0.00010397511112546284,0.10397927938805679,0.4000000000000001,0.0,4
2017-06-09,0.9633617198751692,0.0006504271333049871,0.000669938935216724,1.643835616438356e-05,3.0734457473667713e-06,0.003071438560488968,0.4,0.0,4
2017-06-12,0.9635422099295888,0.00018735439731099035,0.0002380182602903292,4.931506849315069e-05,1.3487944861872303e-06,0.0013485400123826273,0.4,0.0,4
2017-06-13,0.9634450186596857,-0.0001008687205412695,0.00011715501009717514,1.643835616438356e-05,0.0002015853744740694,0.2015650735143153,0.39999999999999997,0.0,4
2017-06-14,0.9630530526489092,-0.00040683796499541014,-0.00038819702000422176,1.6438356164383563e-05,2.2025888268273413e-06,0.0022034804329612127,0.39999999999999997,0.0,4
2017-06-15,0.962664389667665,-0.0004035738012305723,-0.00028517397071070594,1.643835616438356e-05,0.00010196147435550172,0.10199223647126701,0.5,0.0,5
2017-06-16,0.9626098493720737,-5.665556571599062e-05,-3.336530574704633e-05,2.0547945205479456e-05,2.7423147634400013e-06,0.002742462618515381,0.5,0.0,5
2017-06-19,0.9630301474448743,0.00043662349089279573,0.000500261928217799,6.164383561643835e-05,1.9946017087006718e-06,0.001993727223868571,0.5000000000000001,0.0,5
2017-06-20,0.9616488688979832,-0.0014343045755690342,-0.0014119392746898222,2.0547945205479453e-05,1.8173556736503724e-06,0.001819962747026173,0.49999999999999994,0.0,5
2017-06-21,0.9610260225974672,-0.0006476857828884297,-0.0005254802236834722,2.054794520547945e-05,0.00010165761399949446,0.10171315224576714,0.6000000000000001,0.0,6
2017-06-22,0.9610002680641665,-2.6798996796251195e-05,8.191869208918106e-07,2.4657534246575342e-05,2.960649470526701e-06,0.0029607200491995676,0.6000000000000002,0.0,6
2017-06-23,0.9607397654530104,-0.00027107444171770023,-0.0002443537324471112,2.4657534246575345e-05,2.063175023983231e-06,0.0020637301906559335,0.6000000000000001,0.0,6
2017-06-26,0.9618855824119454,0.0011926402967141758,0.001269211269351667,7.397260273972603e-05,2.598369897716155e-06,0.002595267933132257,0.6,0.0,6
2017-06-27,0.9630896311220597,0.001251758766458666,0.0013838110793283399,2.465753424657534e-05,0.0001073947786231218,0.1072490107499545,0.7000000000000001,0.0,7
2017-06-28,0.9639079330629121,0.0008496633276999788,0.000983563952006317,2.8767123287671234e-05,0.00010513350101874418,0.10503321563754332,0.6,0.0,6
2017-06-29,0.9662072255987522,0.0023853860487834666,0.0025160705990400494,2.465753424657534e-05,0.00010602701600990806,0.10576351540584744,0.49999999999999994,0.0,5
2017-06-30,0.9655324285046499,-0.0006983978966665916,-0.00017823269115134212,2.054794520547945e-05,0.0004996172603097555,0.499716594292367,0.0,0.0,0
2017-07-03,0.9655324285046499,0.0,0.0,0.0,0.0,0.0,0.0,0.0,0
2017-07-05,0.9655324285046499,0.0,0.0,0.0,0.0,0.0,0.0,0.0,0
2017-07-06,0.9655324285046499,0.0,0.0,0.0,0.0,0.0,0.0,0.0,0
2017-07-07,0.9653393606325235,-0.00019996000799837876,0.0,0.0,0.00019996000799840034,0.19996000799840033,0.2,0.0,2
2017-07-10,0.9654917157802783,0.00015782547979292794,0.00028306153800572995,2.4657534246575342e-05,0.00010057852396620514,0.1005525407870776,0.30000000000000004,0.0,3
2017-07-11,0.9650938109225772,-0.0004121266409619073,-0.0003981855337344686,1.2328767123287671e-05,1.6123401040656516e-06,0.0016130022645625705,0.30000000000000004,0.0,3
2017-07-12,0.9653562855699904,0.0002719680143450365,0.0002850759175410944,1.2328767123287671e-05,7.791360727950996e-07,0.0007789236235963706,0.3,0.0,3
2017-07-13,0.9648270562782504,-0.0005482217287553492,-0.00033404864640526047,1.2328767123287671e-05,0.00020184431522669407,0.20191425376366728,0.49999999999999994,0.0,5
2017-07-14,0.9639795549926528,-0.0008783970972651156,-0.000855531422013062,2.0547945205479453e-05,2.317730046490246e-06,0.002319762342415286,0.5000000000000001,0.0,5
2017-07-17,0.964191803063751,0.00022017901728199618,0.0002834819732178528,6.164383561643835e-05,1.6591203194864896e-06,0.0016587523449555427,0.5,0.0,5
2017-07-18,0.963913786491928,-0.00028834156330670435,-0.00026531492554810463,2.0547945205479453e-05,2.47869255304357e-06,0.0024794013218231766,0.49999999999999994,0.0,5
2017-07-19,0.9652622140114018,0.001398908842647817,0.0015224714753281354,2.054794520547945e-05,0.0001030146874748833,0.10286019932120966,0.4,0.0,4
2017-07-20,0.9681176181314565,0.002958164194771795,0.0030787460616427394,1.643835616438356e-05,0.0001041435107066134,0.103825564879258,0.30000000000000004,0.0,3
2017-07-21,0.966812804513794,-0.0013477841878147823,-0.0012344919124045509,1.2328767123287673e-05,0.00010096350828683927,0.10108954882680067,0.2,0.0,2
2017-07-24,0.9665862452351994,-0.00023433624124225005,-0.00020853638601791018,2.4657534246575345e-05,1.1423209777544804e-06,0.0011425874221947067,0.2,0.0,2
2017-07-25,0.9664161527572458,-0.00017597237576272295,-6.595660827091179e-05,8.21917808219178e-06,0.0001017965894096924,0.10180414081189111,0.1,0.0,1
2017-07-26,0.9664682028771274,5.385890926290493e-05,5.908637867099723e-05,4.109589041095891e-06,1.11788036689341e-06,0.0011178189127981969,0.1,0.0,1
2017-07-27,0.9667472549793213,0.0002887338676671458,0.00029359842024795363,4.10958904109589e-06,7.549635397992481e-07,0.0007547450495369984,0.1,0.0,1
2017-07-28,0.9666009956640337,-0.00015129012731540659,-0.00014690429710862986,4.109589041095891e-06,2.7624116563386803e-07,0.0002762828881864897,0.1,0.0,1
2017-07-31,0.9665285711887902,-7.492696114363984e-05,3.7465766812971865e-05,1.2328767123287671e-05,0.00010006396083327944,0.10006144558875273,0.0,0.0,0
2017-08-01,0.9665285711887902,0.0,0.0,0.0,0.0,0.0,0.0,0.0,0
2017-08-02,0.9663353041279646,-0.00019996000799837876,0.0,0.0,0.00019996000799840034,0.19996000799840033,0.2,0.0,2
2017-08-03,0.9645166735073584,-0.0018819871454944792,-0.0017712387163504927,8.219178082191782e-06,0.00010252925106180971,0.10271202278160158,0.30000000000000004,0.0,3
2017-08-04,0.9644777335998772,-4.037245653776278e-05,0.00017213254410765045,1.2328767123287673e-05,0.00020017623352223677,0.20014424971519057,0.3,0.0,3
2017-08-07,0.9641717645093563,-0.000317238107072626,-7.912710003477594e-05,3.698630136986301e-05,0.0002011247056681061,0.20114806165373061,0.30000000000000004,0.0,3
2017-08-08,0.9648191493057683,0.0006714413554118615,0.0006857198955317889,1.2328767123287671e-05,1.9497729967104864e-06,0.0019484609204126297,0.30000000000000004,0.0,3
2017-08-09,0.9643905227018409,-0.00044425590457630726,-0.00042992796070590587,1.2328767123287673e-05,1.9991767472013324e-06,0.0020000612877619155,0.30000000000000004,0.0,3
2017-08-10,0.9651991316930136,0.0008384663392453362,0.0008525559320608889,1.2328767123287671e-05,1.7608256922149147e-06,0.0017593474407026728,0.3,0.0,3
2017-08-11,0.9644081655102393,-0.0008194849713415442,-0.0007063070255857119,1.2328767123287673e-05,0.0001008491786324841,0.10092170458165768,0.2,0.0,2
2017-08-14,0.9646056732892228,0.00020479687547947378,0.0003308741212286415,2.4657534246575342e-05,0.0001014197115024946,0.10138866461165855,0.3,0.0,3
2017-08-15,0.9648376099482774,0.00024044712308590732,0.0002540198548586392,1.2328767123287671e-05,1.243964649525725e-06,0.0012436640670045933,0.30000000000000004,0.0,3
2017-08-16,0.9651287775597667,0.0003017788781107811,0.00031520737787776875,1.2328767123287673e-05,1.0997326436022599e-06,0.00109939965896089,0.3,0.0,3
2017-08-17,0.9652827935735775,0.000159580791073477,0.00017494945726025379,1.2328767123287671e-05,3.0398990634382066e-06,0.0030394047933331087,0.3,0.0,3
2017-08-18,0.9652508519358948,-3.30904455102532e-05,-1.963159268300592e-05,1.2328767123287671e-05,1.1300857039558626e-06,0.0011301218230559524,0.30000000000000004,0.0,3
2017-08-21,0.9647215651679341,-0.0005483411559794593,-0.0005101746466513902,3.698630136986301e-05,1.180207958131672e-06,0.0011808540753670245,0.30000000000000004,0.0,3
2017-08-22,0.9651112364839884,0.00040392101734187946,0.0004181857458374573,1.2328767123287671e-05,1.935961372113293e-06,0.001935175967441867,0.3,0.0,3
2017-08-23,0.9649222706654818,-0.00019579693134141873,-0.00018180048317348324,1.2328767123287671e-05,1.6676810445285024e-06,0.0016680048530601185,0.3,0.0,3
2017-08-24,0.9639851719499775,-0.0009711649777323084,-0.000957848841299408,1.2328767123287671e-05,9.873693096670073e-07,0.0009883281635210289,0.30000000000000004,0.0,3
2017-08-25,0.9642365254347199,0.00026074414011367786,0.0003746384543211523,1.2328767123287673e-05,0.00010156554708409488,0.10152876223000974,0.2,0.0,2
2017-08-28,0.9636198596694115,-0.0006395378613461844,-0.0005143784591626232,2.4657534246575342e-05,0.00010050186793699096,0.10055607127876602,0.1,0.0,1
2017-08-29,0.9633065569618113,-0.00032513101972353464,-0.00021974907555524225,4.109589041095891e-06,0.00010127235512727892,0.1012950308976259,0.2,0.0,2
2017-08-30,0.9632828157203708,-2.464557234560516e-05,-1.6042164564089576e-05,8.219178082191782e-06,3.8422969924083244e-07,0.0003842390213953886,0.2,0.0,2
2017-08-31,0.963625712531821,0.00035596691423789295,0.0005642905645180219,8.219178082191782e-06,0.00020010447219814709,0.19999326166785358,0.0,0.0,0
2017-09-01,0.963625712531821,0.0,0.0,0.0,0.0,0.0,0.0,0.0,0
2017-09-05,0.9634330259266357,-0.00019996000799837876,0.0,0.0,0.00019996000799840034,0.19996000799840033,0.2,0.0,2
2017-09-06,0.9632723516762477,-0.00016677262047715136,-0.0001576899928598885,8.219178082191782e-06,8.634495349813186e-07,0.0008635928129489465,0.2,0.0,2
2017-09-07,0.9630910571168644,-0.00018820695836208046,-7.873070654085265e-05,8.219178082191782e-06,0.00010125707373905323,0.10126587879553074,0.3,0.0,3
2017-09-08,0.9632027678607493,0.0001159918816184824,0.00013052402546406263,1.2328767123287671e-05,2.2033767222885663e-06,0.002203116324385451,0.3,0.0,3
2017-09-11,0.9634883737637321,0.00029651690434517874,0.0003359991590236033,3.698630136986302e-05,2.4959533084842385e-06,0.0024952072094461043,0.3,0.0,3
2017-09-12,0.9633211757214024,-0.00017353405280495782,-0.00015818965088515983,1.2328767123287673e-05,3.015634796406786e-06,0.003016149105380713,0.3,0.0,3
2017-09-13,0.9635211516034065,0.00020759004062620434,0.0003221947858583096,1.2328767123287673e-05,0.00010227597810890223,0.10224429607593881,0.4,0.0,4
2017-09-14,0.9628279997952569,-0.0007193944907136762,-0.0007002487759303011,1.6438356164383557e-05,2.7073586189049443e-06,0.0027093003395953124,0.4,0.0,4
2017-09-15,0.962310712160099,-0.0005372586124083867,-0.00041955530122019246,1.6438356164383563e-05,0.00010126495502369234,0.10130912515969716,0.30000000000000004,0.0,3
2017-09-18,0.9634930541535053,0.001228648895274409,0.0012686701528073277,3.698630136986302e-05,3.0349561630670067e-06,0.003031222655072642,0.3,0.0,3
2017-09-19,0.9634128164961059,-8.327787839623735e-05,3.0014068457506744e-05,1.2328767123287671e-05,0.00010096317973038035,0.10096139419770084,0.2,0.0,2
2017-09-20,0.9633336439539508,-8.217924943432209e-05,-7.300180701663161e-05,8.21917808219178e-06,9.58264335470965e-07,0.0009583421729663151,0.2,0.0,2
2017-09-21,0.9631460774193604,-0.00019470568246793274,-0.00018598561541739446,8.21917808219178e-06,5.008889682982861e-07,0.000500986262231889,0.2,0.0,2
2017-09-22,0.9630720745528666,-7.683451994333623e-05,-6.750240182225032e-05,8.219178082191782e-06,1.112940038971668e-06,0.0011130243189315695,0.2,0.0,2
2017-09-25,0.963006595794241,-6.798946865527178e-05,-4.160232985570548e-05,2.4657534246575342e-05,1.7296045530259133e-06,0.0017297191639826538,0.2,0.0,2
2017-09-26,0.9627013035552828,-0.0003170198836555116,-0.00020862378377780049,8.219178082191782e-06,0.00010017692179541224,0.10019864916727206,0.3,0.0,3
2017-09-27,0.9633307338219796,0.0006538167803162853,0.0006699204661072101,1.2328767123287671e-05,3.7749186676206584e-06,0.0037724379437439203,0.3,0.0,3
2017-09-28,0.9628304697101329,-0.0005193067077409186,-0.0004061765521219007,1.2328767123287671e-05,0.00010080138849585662,0.10084359207555202,0.4,0.0,4
2017-09-29,0.9625276547575825,-0.0003145049539630129,0.0001017049907007406,1.6438356164383563e-05,0.00039977158849937254,0.39973750422768906,0.0,0.0,0
2017-10-02,0.9625276547575825,0.0,0.0,0.0,0.0,0.0,0.0,0.0,0
2017-10-03,0.9625276547575825,0.0,0.0,0.0,0.0,0.0,0.0,0.0,0
2017-10-04,0.9623351877200385,-0.00019996000799848979,0.0,0.0,0.00019996000799840034,0.19996000799840033,0.2,0.0,2
2017-10-05,0.9625270988868898,0.0001994223730985567,0.00020827531010283453,8.21917808219178e-06,6.337589220366532e-07,0.0006336321600375921,0.2,0.0,2
2017-10-06,0.9620852177166904,-0.00045908439430997205,-0.00035009827807641614,8.219178082191782e-06,0.00010076693815143236,0.1008030576466213,0.30000000000000004,0.0,3
2017-10-09,0.961997969284069,-9.068680301360654e-05,4.7199331276398545e-05,3.698630136986302e-05,0.00010089983292009672,0.10089880243760989,0.4,0.0,4
2017-10-10,0.9614582211336113,-0.0005610699478496572,-0.00044244159194984365,1.6438356164383563e-05,0.00010218999973546834,0.10223691420535425,0.5,0.0,5
2017-10-11,0.961961875419624,0.0005238441722603682,0.0005464486324333663,2.0547945205479453e-05,2.0565149674782123e-06,0.002055434013318057,0.5,0.0,5
2017-10-12,0.961559873742691,-0.0004178977225657299,-0.00029335854012045863,2.0547945205479453e-05,0.00010399123723990143,0.10402389101391953,0.4,0.0,4
2017-10-13,0.9617314782395129,0.00017846470251914326,0.00019580221696622327,1.643835616438356e-05,8.991582827137932e-07,0.000898997035134722,0.39999999999999997,0.0,4
2017-10-16,0.9610423733838362,-0.0007165252165168834,-0.0006654681730773104,4.9315068493150684e-05,1.7419749463757817e-06,0.001743220971512573,0.4,0.0,4
2017-10-17,0.9621699378905895,0.0011732724154327467,0.0011922211103734595,1.6438356164383563e-05,2.510338776351788e-06,0.002507390629691331,0.4,0.0,4
2017-10-18,0.9618861832400996,-0.0002949111579104713,-0.0002775828638531819,1.6438356164383563e-05,8.899378928975662e-07,0.0008901996304789786,0.39999999999999997,0.0,4
2017-10-19,0.9613733828910545,-0.0005331195706728131,-0.0005131206812058977,1.6438356164383563e-05,3.5605333026029557e-06,0.0035624198142104775,0.39999999999999997,0.0,4
2017-10-20,0.961019414756957,-0.00036819007099309076,-0.0003501651174293908,1.643835616438356e-05,1.586597399163904e-06,0.001587179264595521,0.4000000000000001,0.0,4
2017-10-23,0.9618303405081872,0.0008438182816892237,0.0008945378801638094,4.931506849315068e-05,1.4045299813883052e-06,0.0014033438431594492,0.4,0.0,4
2017-10-24,0.9615202208218404,-0.00032242659987513633,-0.0003041034386546404,1.6438356164383563e-05,1.8848050559971725e-06,0.0018854094085129457,0.4,0.0,4
2017-10-25,0.9614203785782504,-0.00010383790317458619,-8.556456133759772e-05,1.643835616438356e-05,1.8349856726278957e-06,0.0018351728656143087,0.4,0.0,4
2017-10-26,0.9609156247020683,-0.0005250085055702458,-0.0004069219291179261,1.6438356164383563e-05,0.00010164822028781182,0.10169127233387781,0.5,0.0,5
2017-10-27,0.9609395310371424,2.4878703664965585e-05,0.00014888868013159253,2.0547945205479456e-05,0.0001034620312610021,0.10344875457181316,0.6000000000000001,0.0,6
2017-10-30,0.9620543345232507,0.001160118248965336,0.0012383713828792496,7.397260273972603e-05,4.280531174273214e-06,0.004275552725894759,0.5999999999999999,0.0,6
2017-10-31,0.9597317561752825,-0.0024141862518806123,-0.0017901876837817469,2.4657534246575342e-05,0.0005993410338522682,0.6004307226780778,0.0,0.0,0
2017-11-01,0.9597317561752825,0.0,0.0,0.0,0.0,0.0,0.0,0.0,0
2017-11-02,0.9593480169684951,-0.0003998400639744215,0.0,0.0,0.0003998400639744103,0.3998400639744103,0.4,0.0,4
2017-11-03,0.9574381898903351,-0.001990755225819929,-0.0018718090386673602,1.6438356164383563e-05,0.00010250783098817679,0.10270175731386932,0.5,0.0,5
2017-11-06,0.9582004511343983,0.0007961466882269175,0.0009607010244634896,6.164383561643835e-05,0.00010291050062012828,0.10281806130297053,0.6000000000000001,0.0,6
2017-11-07,0.9576242835840584,-0.0006013016897016277,-0.0005711272083383625,2.4657534246575342e-05,5.516947116710063e-06,0.005520235989087831,0.6000000000000001,0.0,6
2017-11-08,0.9567611805840763,-0.0009012960665030212,-0.0007741717443300713,2.4657534246575345e-05,0.00010246678792626664,0.10254870683576722,0.5,0.0,5
2017-11-09,0.9575310157413349,0.0008046262462160225,0.0008275111633264832,2.0547945205479453e-05,2.3369719049816154e-06,0.0023350875751973394,0.5000000000000001,0.0,5
2017-11-10,0.95729793513474,-0.00024341833607810504,-0.00012057978321180502,2.0547945205479456e-05,0.00010229060766070946,0.10230504573942029,0.6000000000000001,0.0,6
2017-11-13,0.9570401292002626,-0.0002693058503684398,8.361789576616363e-06,7.397260273972603e-05,0.00020369503720534576,0.2037084026792937,0.6,0.0,6
2017-11-14,0.956772529039127,-0.00027961226804484873,-0.0001480759429996537,2.4657534246575345e-05,0.00010687879079864516,0.1068972555333015,0.5000000000000001,0.0,5
2017-11-15,0.9564541926078326,-0.00033271903366005606,-0.00030769867608939635,2.0547945205479453e-05,4.47241236525164e-06,0.004473880901541646,0.5000000000000001,0.0,5
2017-11-16,0.9558716954570138,-0.0006090173009024591,-0.00048702208269126853,2.0547945205479453e-05,0.00010144727300566028,0.1014987907497126,0.39999999999999997,0.0,4
2017-11-17,0.9563670241766903,0.000518195822756029,0.0005387570009242727,1.643835616438356e-05,4.122822003819417e-06,0.00412066970120558,0.4,0.0,4
2017-11-20,0.9570200006121549,0.0006827676184535392,0.0007343419187700042,4.9315068493150684e-05,2.2592318233215234e-06,0.0022576852483069594,0.4,0.0,4
2017-11-21,0.9569916571770748,-2.9616345595617766e-05,0.00018812181537930517,1.6438356164383563e-05,0.00020129980481042742,0.20126525089593386,0.2,0.0,2
2017-11-22,0.9570886835618586,0.00010138686586880219,0.00010986581200810308,8.219178082191782e-06,2.597680570234252e-07,0.0002597416551584881,0.2,0.0,2
2017-11-24,0.956784997993367,-0.0003173013887922682,-0.000300203929501397,1.6438356164383563e-05,6.591031264831506e-07,0.0006593118925077609,0.2,0.0,2
2017-11-27,0.9570758031405865,0.00030393991108690344,0.00032963323172464644,2.4657534246575342e-05,1.0357863911011965e-06,0.0010354705977334347,0.2,0.0,2
2017-11-28,0.9576196040628064,0.0005681900226037762,0.0006773038181920543,8.219178082191782e-06,0.00010089461750607431,0.10082715560495306,0.30000000000000004,0.0,3
2017-11-29,0.9575566850197464,-6.57035870955669e-05,4.723380231925201e-05,1.2328767123287673e-05,0.00010060862229157615,0.10060511066664743,0.2,0.0,2
2017-11-30,0.9572485988389664,-0.0003217419768456464,-0.00011232655110812182,8.21917808219178e-06,0.00020119624765527186,0.20122050392764587,0.0,0.0,0
2017-12-01,0.9572485988389664,0.0,0.0,0.0,0.0,0.0,0.0,0.0,0
2017-12-04,0.9570571874014862,-0.00019996000799837876,0.0,0.0,0.00019996000799840034,0.19996000799840033,0.2,0.0,2
2017-12-05,0.956911068037853,-0.0001526756870505741,5.670826246426124e-05,8.219178082191782e-06,0.00020116477143259463,0.20115501760997184,0.4000000000000001,0.0,4
2017-12-06,0.9575849376441439,0.0007042134100012643,0.000722298116907405,1.643835616438356e-05,1.6463507417596384e-06,0.0016451894687148742,0.39999999999999997,0.0,4
2017-12-07,0.9568597420318862,-0.0007573172715538146,-0.0006388737216926677,1.643835616438356e-05,0.00010200519369667843,0.10207208276532657,0.3,0.0,3
2017-12-08,0.9565490499759849,-0.0003246996840325922,-0.00021105370662276033,1.232876712328767e-05,0.00010131721028667015,0.10133984783256803,0.4,0.0,4
2017-12-11,0.9566717703119257,0.0001282948699221631,0.0002791071729600637,4.931506849315068e-05,0.00010149723454466949,0.10147391663981632,0.3,0.0,3
2017-12-12,0.9560630394260395,-0.0006363006673518745,-0.0006205433904040103,1.2328767123287673e-05,3.4285098246089357e-06,0.003430681007099687,0.30000000000000004,0.0,3
2017-12-13,0.9552970666575751,-0.0008011739151889685,-0.0007867497360739826,1.2328767123287673e-05,2.0954119917749024e-06,0.0020970877294988637,0.30000000000000004,0.0,3
2017-12-14,0.9551513673626113,-0.0001525172640522987,-0.0001382593524360709,1.2328767123287671e-05,1.929144492873399e-06,0.0019294350428683165,0.3,0.0,3
2017-12-15,0.9550997878038768,-5.400144992395717e-05,-3.821764813678464e-05,1.2328767123287673e-05,3.4550346640116606e-06,0.003455209312456378,0.30000000000000004,0.0,3
2017-12-18,0.954680322974705,-0.0004391842973144877,-0.0004001016247809297,3.698630136986301e-05,2.0963711637225365e-06,0.0020972878629250836,0.3,0.0,3
2017-12-19,0.9544377146503201,-0.00025412519620060525,-0.0002355705067341673,1.2328767123287673e-05,6.225922343164353e-06,0.00622746612749533,0.30000000000000004,0.0,3
2017-12-20,0.9540139465738615,-0.00044399762284530464,-0.0003301103085160851,1.2328767123287671e-05,0.00010155854720584465,0.10159333673416701,0.2,0.0,2
2017-12-21,0.9543938934766865,0.0003982613715338701,0.00040793853237647835,8.219178082191782e-06,1.4579827605046078e-06,0.0014574002094339443,0.2,0.0,2
2017-12-22,0.9535558304534731,-0.0008781102110371197,-0.0006693916055051098,8.219178082191783e-06,0.00020049942744968164,0.2006353801468383,0.4,0.0,4
2017-12-26,0.9537455806940762,0.00019899227139408282,0.0003644994104644472,6.575342465753424e-05,9.975371441282892e-05,0.09972392229135546,0.3,0.0,3
2017-12-27,0.9535106842747166,-0.00024628834367823593,-0.00023323687912182867,1.2328767123287671e-05,7.226974330458351e-07,0.0007228749462991776,0.30000000000000004,0.0,3
2017-12-28,0.9534806826081411,-3.146442622015133e-05,-1.7807452249435364e-05,1.2328767123287673e-05,1.3282068475037095e-06,0.0013282468758429409,0.30000000000000004,0.0,3
2017-12-29,0.9528909757368496,-0.000618478047901827,-0.00030642289201605053,1.2328767123287671e-05,0.0002997263887625879,0.29982195750899027,0.0,0.0,0
2018-01-02,0.9528909757368496,0.0,0.0,0.0,0.0,0.0,0.0,0.0,0
2018-01-03,0.9527004356497196,-0.00019996000799837876,0.0,0.0,0.00019996000799840034,0.19996000799840033,0.2,0.0,2
2018-01-04,0.9518681221576349,-0.0008736360989665126,-0.0007640975569816911,8.219178082191782e-06,0.00010131936390270122,0.10139767502401884,0.30000000000000004,0.0,3
2018-01-05,0.9518005600118176,-7.09784730097418e-05,0.00014133391794717283,1.2328767123287671e-05,0.00019998362383359547,0.19995782824380448,0.1,0.0,1
2018-01-08,0.9510268100782855,-0.0008129328412271875,-0.000799804269834098,1.2328767123287673e-05,7.998042698340992e-07,0.0008004543452524547,0.1,0.0,1
2018-01-09,0.9511834490153307,0.00016470506970489573,0.00016947459679669263,4.109589041095891e-06,6.59938050657498e-07,0.0006598289380400416,0.1,0.0,1
2018-01-10,0.9507285920071571,-0.00047820113842866885,-0.0004734167467922657,4.10958904109589e-06,6.74802595303018e-07,0.0006751249852634605,0.1,0.0,1
2018-01-11,0.950619408281865,-0.00011484216022328297,-0.00011029624901621737,4.109589041095891e-06,4.363221659476898e-07,0.00043637208946228955,0.1,0.0,1
2018-01-12,0.9501835405659843,-0.00045850917000367364,-0.0004531558483520826,4.109589041095891e-06,1.2437326105303769e-06,0.0012443015866396405,0.1,0.0,1
2018-01-16,0.9504107563828216,0.0002391283443006209,0.00045569127275232326,1.643835616438356e-05,0.00020012457228731417,0.2000367055809631,0.1,0.0,1
2018-01-17,0.9508138831721862,0.0004241605923094305,0.0004297135964223653,4.109589041095891e-06,1.4434150717699724e-06,0.0014428010098783144,0.1,0.0,1
2018-01-18,0.9502225202428072,-0.0006219544538054178,-0.0005167894977268217,4.109589041095891e-06,0.00010105536703750462,0.1011080341201427,0.2,0.0,2
2018-01-19,0.9503772115238893,0.0001627947957312248,0.0002721178394549939,8.21917808219178e-06,0.00010110386564155544,0.10107719150602167,0.3,0.0,3
2018-01-22,0.9502960321937478,-8.541800998296267e-05,-4.7354585562620074e-05,3.698630136986302e-05,1.077123050445962e-06,0.0010772139036220095,0.30000000000000004,0.0,3
2018-01-23,0.9506593701840368,0.0003823418997659367,0.00039703734482048335,1.232876712328767e-05,2.3666779311904755e-06,0.0023657678000249664,0.30000000000000004,0.0,3
2018-01-24,0.950412676202561,-0.00025949776461786644,-0.0002460084498076831,1.2328767123287671e-05,1.1605476868229962e-06,0.0011608475769553078,0.30000000000000004,0.0,3
2018-01-25,0.9503862591568026,-2.7795342402048284e-05,-1.1305975749214973e-05,1.2328767123287671e-05,4.1605995296363e-06,0.004160697866660549,0.3,0.0,3
2018-01-26,0.951105363836888,0.0007566446517475178,0.0007714383904065314,1.2328767123287673e-05,2.4649715356619235e-06,0.0024631017714041243,0.3,0.0,3
2018-01-29,0.9495921687097,-0.0015909857989693243,-0.0014525524556000093,3.698630136986301e-05,0.00010144704199950258,0.10159837671927116,0.2,0.0,2
2018-01-30,0.9500431322738098,0.0004749023622663273,0.00048406062887589306,8.21917808219178e-06,9.390885274793875e-07,0.0009386418827641174,0.2,0.0,2
2018-01-31,0.9498558381096482,-0.00019714280099392134,1.3557072520231444e-05,8.21917808219178e-06,0.00020248069543203222,0.20247961461722352,0.0,0.0,0
2018-02-01,0.9498558381096482,0.0,0.0,0.0,0.0,0.0,0.0,0.0,0
2018-02-02,0.9497608620234459,-9.999000099991662e-05,0.0,0.0,9.999000099990002e-05,0.09999000099990002,0.1,0.0,1
2018-02-05,0.9498636301211844,0.00010820418259771536,0.00012173016465290565,1.2328767123287673e-05,1.1972149319663414e-06,0.0011970839693071387,0.1,0.0,1
2018-02-06,0.9494577486261467,-0.000427305017443258,-0.0004220395721655057,4.10958904109589e-06,1.1558562366688946e-06,0.0011563490138312008,0.1,0.0,1
2018-02-07,0.9492895619145111,-0.00017713975358990552,-0.00017240319793346284,4.109589041095891e-06,6.269666153639041e-07,0.0006270773025262214,0.1,0.0,1
2018-02-08,0.9490517551302988,-0.0002505102697354378,-4.7082899968392555e-05,4.109589041095891e-06,0.0001993177807259515,0.19932798482162373,0.1,0.0,1
2018-02-09,0.9489043990075678,-0.00015526668796972398,-0.00014884851195082758,4.109589041095891e-06,2.308586977771729e-06,0.0023089401488722043,0.1,0.0,1
2018-02-12,0.9491462099696688,0.00025483174317009194,0.0003677385706593595,1.232876712328767e-05,0.00010057806036589909,0.10054232663734185,0.2,0.0,2
2018-02-13,0.948987390116745,-0.0001673291756902895,-5.777703159816628e-05,8.219178082191782e-06,0.00010133296600991381,0.10133965404297096,0.1,0.0,1
2018-02-14,0.9490117082978543,2.562539962336352e-05,0.00023038891821250962,4.10958904109589e-06,0.00020065392954813694,0.20060853598318862,0.1,0.0,1
2018-02-15,0.948992631666956,-2.010157591469941e-05,8.597766056005481e-05,4.109589041095892e-06,0.00010196964743358585,0.1019613000585805,0.2,0.0,2
2018-02-16,0.9491792546474783,0.00019665377189959088,0.00020721626218334071,8.219178082191782e-06,2.3433122014777746e-06,0.0023428459819588663,0.2,0.0,2
2018-02-20,0.9492596265183276,8.467512375109898e-05,0.000121122635890636,3.287671232876712e-05,3.570799810699338e-06,0.003570484729976778,0.2,0.0,2
2018-02-21,0.9489932779483979,-0.0002805855874293828,-0.0002698904518090018,8.219178082191782e-06,2.4759575381290912e-06,0.0024766463173197728,0.2,0.0,2
2018-02-22,0.9494351571811757,0.0004656294655036586,0.0004745757563817399,8.219178082191782e-06,7.271127958771464e-07,0.0007267738601065495,0.2,0.0,2
2018-02-23,0.9498644101926612,0.00045211408934964226,0.0005640751243108478,8.219178082191782e-06,0.00010374185687901944,0.10368422338691971,0.3,0.0,3
2018-02-26,0.949103806137586,-0.0008007501354018176,-0.0006621911237619405,3.698630136986301e-05,0.00010157271026998288,0.10164377730447931,0.4,0.0,4
2018-02-27,0.9501832196086382,0.001137297589654418,0.0012614480885640381,1.6438356164383563e-05,0.0001077121427451879,0.10757820683068961,0.3,0.0,3
2018-02-28,0.9491478121604501,-0.0010896924159685684,-0.0007795662360232714,1.2328767123287673e-05,0.00029779741282201505,0.2980334240012523,0.0,0.0,0
2018-03-01,0.9491478121604501,0.0,0.0,0.0,0.0,0.0,0.0,0.0,0
2018-03-02,0.9491478121604501,0.0,0.0,0.0,0.0,0.0,0.0,0.0,0
2018-03-05,0.9491478121604501,0.0,0.0,0.0,0.0,0.0,0.0,0.0,0
2018-03-06,0.9491478121604501,0.0,0.0,0.0,0.0,0.0,0.0,0.0,0
2018-03-07,0.9489580205563388,-0.00019996000799837876,0.0,0.0,0.00019996000799840034,0.19996000799840033,0.2,0.0,2
2018-03-08,0.9492038817460562,0.00025908542252817135,0.0002682521705859087,8.21917808219178e-06,9.475699756004797e-07,0.0009473236401994491,0.2,0.0,2
2018-03-09,0.9494690276899199,0.0002793350817065221,0.000289412663162636,8.219178082191782e-06,1.8584033739164927e-06,0.0018578809498973263,0.2,0.0,2
2018-03-12,0.9501050283118099,0.0006698487294918287,0.0006956539688816543,2.4657534246575342e-05,1.1477051431999578e-06,0.001146935553532781,0.2,0.0,2
2018-03-13,0.9495554248031575,-0.0005784660561464205,-0.00036909700262905966,8.219178082191782e-06,0.00020114987543507862,0.20122580118584263,0.4000000000000001,0.0,4
2018-03-14,0.9493111852036834,-0.00025721468499295685,-0.00023674348204677517,1.643835616438356e-05,4.032846781756043e-06,0.004033868083892624,0.4,0.0,4
2018-03-15,0.9486303969527999,-0.0007171391862800247,-0.0006993491028215338,1.643835616438356e-05,1.3517272940763162e-06,0.0013526955365772244,0.4,0.0,4
2018-03-16,0.949705874268852,0.0011337158491935284,0.0011538421268115439,1.643835616438356e-05,3.687921453637965e-06,0.0036837315634676245,0.4000000000000001,0.0,4
2018-03-19,0.9500211749583843,0.00033199825132701477,0.0005831877453714107,4.9315068493150684e-05,0.000201874425551114,0.20176670781870595,0.4,0.0,4
2018-03-20,0.9499166695982945,-0.00011000319029152994,8.235240385800985e-06,1.643835616438356e-05,0.00010180007451297756,0.10180090959762533,0.49999999999999994,0.0,5
2018-03-21,0.9499664508185018,5.2405881274308896e-05,7.658910292530075e-05,2.0547945205479456e-05,3.6352764456197598e-06,0.003635072731935466,0.5000000000000001,0.0,5
2018-03-22,0.9510606326267098,0.00115181100055195,0.001276325921795751,2.054794520547945e-05,0.00010396697603830298,0.10383658034753811,0.4000000000000001,0.0,4
2018-03-23,0.9500591681775613,-0.0010529974796481545,-0.0010303267931219221,1.6438356164383563e-05,6.23233036191498e-06,0.006238860984164445,0.4000000000000001,0.0,4
2018-03-26,0.9502369540167007,0.00018713133359948841,0.00024022467090788465,4.931506849315069e-05,3.7782688153188676e-06,0.00377754764519982,0.4000000000000001,0.0,4
2018-03-27,0.9504067094560561,0.00017864537749012754,0.00020105860236137017,1.6438356164383563e-05,5.97486870689602e-06,0.005973765828777988,0.4000000000000001,0.0,4
2018-03-28,0.9500212501736528,-0.00040557298109134,-0.0003804545552745344,1.6438356164383563e-05,8.680069652441644e-06,0.008683516078419534,0.4,0.0,4
2018-03-29,0.9502862451053923,0.0002789357940056192,0.000698138441514723,1.643835616438356e-05,0.00040276429134475817,0.40248991393607525,0.0,0.0,0
2018-04-02,0.9502862451053923,0.0,0.0,0.0,0.0,0.0,0.0,0.0,0
2018-04-03,0.9500962258602202,-0.00019996000799837876,0.0,0.0,0.00019996000799840034,0.19996000799840033,0.2,0.0,2
2018-04-04,0.9505774390390367,0.0005064888857766459,0.000516289391299407,8.21917808219178e-06,1.5813274407369295e-06,0.00158052442335616,0.2,0.0,2
2018-04-05,0.950605589950786,2.96145380620505e-05,0.00013852402278583534,8.21917808219178e-06,0.00010069030664146463,0.10067718791612802,0.30000000000000004,0.0,3
2018-04-06,0.9507276304645548,0.0001283818600046338,0.00014763227917495277,1.2328767123287673e-05,6.921652046894768e-06,0.006920715649761444,0.30000000000000004,0.0,3
2018-04-09,0.9508597971716904,0.0001390163732499783,0.00037761544182298714,3.698630136986302e-05,0.00020161276720324982,0.20154411540445621,0.30000000000000004,0.0,3
2018-04-10,0.9507744072699581,-8.980283106541087e-05,-7.117700069427804e-05,1.2328767123287671e-05,6.297063248003506e-06,0.0062975891330194576,0.3,0.0,3
2018-04-11,0.9503765323375788,-0.0004184745922239941,-0.00010325206210572991,1.2328767123287671e-05,0.00030289376299499237,0.30292877575409133,0.6,0.0,6
2018-04-12,0.9504153158396778,4.0808564583993956e-05,7.250339758642115e-05,2.4657534246575342e-05,7.037298755807752e-06,0.007036962066282401,0.6,0.0,6
2018-04-13,0.9493316561842953,-0.0011401959094325953,-0.001110069861946378,2.4657534246575342e-05,5.468513239671037e-06,0.005474725560751459,0.6000000000000002,0.0,6
2018-04-16,0.9500481157124371,0.000754698869962489,0.0009354978755526653,7.397260273972604e-05,0.00010682640285053738,0.10673444842573886,0.5000000000000001,0.0,5
2018-04-17,0.950245343902979,0.00020759810716963756,0.0002333283342228655,2.0547945205479456e-05,5.182281847870915e-06,0.005181179394503784,0.5,0.0,5
2018-04-18,0.9490407972552972,-0.0012676164691681757,-0.0011448659763036997,2.054794520547945e-05,0.00010220254765896402,0.10232179490321804,0.4,0.0,4
2018-04-19,0.9481179062532888,-0.0009724460789014566,-0.0008518339914325656,1.6438356164383563e-05,0.00010417373130451999,0.10426426107925772,0.49999999999999994,0.0,5
2018-04-20,0.9483775817355828,0.00027388522100602053,0.00029952125755686746,2.0547945205479453e-05,5.088091345271405e-06,0.005086672299451181,0.5000000000000001,0.0,5
2018-04-23,0.9484429016015758,6.887537964939128e-05,0.00013453204957361006,6.164383561643835e-05,4.0128343077086565e-06,0.0040125418407004594,0.5000000000000001,0.0,5
2018-04-24,0.94505133036521,-0.0035759361271392454,-0.0035422301900514706,2.0547945205479456e-05,1.3157991882177178e-05,0.013205038504636725,0.49999999999999994,0.0,5
2018-04-25,0.9426667615642141,-0.0025232161728976354,-0.0023981169398078375,2.0547945205479456e-05,0.0001045512878842459,0.10480477551456469,0.4,0.0,4
2018-04-26,0.9456183178687054,0.0031310707291658524,0.00334654336822412,1.6438356164383563e-05,0.00019903428289393224,0.1983736777155111,0.2,0.0,2
2018-04-27,0.9461498494240276,0.0005620994700272774,0.000572168547101326,8.219178082191782e-06,1.849898991710729e-06,0.0018488563303498211,0.2,0.0,2
2018-04-30,0.9464778377617411,0.0003466558050113644,0.0005693029937190564,2.4657534246575342e-05,0.00019798965446114324,0.19788187899423715,0.0,0.0,0
2018-05-01,0.9464778377617411,0.0,0.0,0.0,0.0,0.0,0.0,0.0,0
2018-05-02,0.9464778377617411,0.0,0.0,0.0,0.0,0.0,0.0,0.0,0
2018-05-03,0.9462885800457319,-0.00019996000799848979,0.0,0.0,0.0001999600079984003,0.19996000799840033,0.2,0.0,2
2018-05-04,0.9463630422170622,7.868865048199503e-05,0.00018723849030246597,8.21917808219178e-06,0.00010033066173827312,0.10031270382702703,0.30000000000000004,0.0,3
2018-05-07,0.9460478973584885,-0.0003330063036226516,-0.0002941977310616186,3.698630136986301e-05,1.8222711912787423e-06,0.001822874898338192,0.3,0.0,3
2018-05-08,0.9459638707256617,-8.881858208387161e-05,-7.025514050211234e-05,1.2328767123287671e-05,6.234674458423157e-06,0.006235189384727332,0.30000000000000004,0.0,3
2018-05-09,0.9458348825330269,-0.0001363563626756159,7.834191745091372e-05,1.2328767123287673e-05,0.00020236951300318728,0.20235615483591837,0.5000000000000001,0.0,5
2018-05-10,0.9454286374587351,-0.00042950950720266334,-0.0004046814156666523,2.0547945205479453e-05,4.280146330686835e-06,0.0042819671488408114,0.5,0.0,5
2018-05-11,0.9463031403346586,0.0009249803118658306,0.0009468620332174828,2.054794520547945e-05,1.3337761461801314e-06,0.0013325417939435368,0.5000000000000001,0.0,5
2018-05-14,0.945940218605308,-0.00038351529640090476,-0.0003191750624091383,6.164383561643835e-05,2.6963983753618223e-06,0.002697425606008608,0.5,0.0,5
2018-05-15,0.9456019330614848,-0.0003576183115693299,-0.00033230774789256293,2.0547945205479453e-05,4.762618471416231e-06,0.0047642995816472395,0.5000000000000001,0.0,5
2018-05-16,0.9462238549819514,0.0006576995020020071,0.0006813432224617056,2.0547945205479456e-05,3.0957752542920983e-06,0.0030937309315034593,0.5,0.0,5
2018-05-17,0.9460277264680087,-0.00020727496237815668,-0.0001848645521376091,2.054794520547945e-05,1.8624650351662716e-06,0.0018628476873619024,0.49999999999999994,0.0,5
2018-05-18,0.9456225981113103,-0.0004282415254476257,-0.00040502074500329286,2.0547945205479453e-05,2.6728352388803707e-06,0.002673973198151961,0.5000000000000001,0.0,5
2018-05-21,0.9461616094873445,0.0005700068686078641,0.0006343865768694057,6.164383561643835e-05,2.735872645201937e-06,0.00273430659094961,0.5000000000000001,0.0,5
2018-05-22,0.9469106227303509,0.0007916335174624756,0.0008144816336269624,2.0547945205479453e-05,2.3001709591299817e-06,0.0022983462246345876,0.49999999999999994,0.0,5
2018-05-23,0.947195653905224,0.0003010116984971667,0.00032715386604809115,2.0547945205479453e-05,5.594222345382162e-06,0.00559250764942449,0.5,0.0,5
2018-05-24,0.9475283716938494,0.00035126616898373264,0.0006747638177460435,2.054794520547945e-05,0.000302949703556673,0.3027516386292441,0.2,0.0,2
2018-05-25,0.9474302139564843,-0.0001035934546104178,-9.448758465996347e-05,8.21917808219178e-06,8.866918681527828e-07,0.0008867829467584993,0.2,0.0,2
2018-05-29,0.947505145844195,7.908961167468753e-05,0.00011228962985432302,3.287671232876713e-05,3.2330585092362287e-07,0.0003232801783014858,0.2,0.0,2
2018-05-30,0.9467222764609063,-0.000826242882925099,-0.0008158881957683329,8.219178082191782e-06,2.135509074568182e-06,0.002137270414876995,0.2,0.0,2
2018-05-31,0.9467937695955063,7.551648078596429e-05,0.00028341130233749956,8.219178082191782e-06,0.00019967564346941264,0.19962070942234136,0.0,0.0,0
2018-06-01,0.9467937695955063,0.0,0.0,0.0,0.0,0.0,0.0,0.0,0
2018-06-04,0.9466990996855378,-9.999000099991662e-05,0.0,0.0,9.999000099990003e-05,0.09999000099990002,0.1,0.0,1
2018-06-05,0.9464442691968763,-0.00026917791381242395,-0.0002648035212501066,4.109589041095891e-06,2.64803521250107e-07,0.00026487474954284425,0.1,0.0,1
2018-06-06,0.9464331969159588,-1.1698819759153878e-05,-7.506905391080341e-06,4.109589041095891e-06,8.232532698768159e-08,8.232628333049352e-05,0.1,0.0,1
2018-06-07,0.9475232581154865,0.0011517571478683042,0.0012572391517758743,4.109589041095891e-06,0.00010137241486656271,0.10124554108593285,0.2,0.0,2
2018-06-08,0.9475388373350461,1.6442044483921947e-05,0.00012566778353306773,8.21917808219178e-06,0.00010100656096693554,0.10099469928034714,0.3,0.0,3
2018-06-11,0.9470922499677219,-0.00047131299502212176,-0.0004321861595322663,3.698630136986301e-05,2.140534119981338e-06,0.002141538871043583,0.30000000000000004,0.0,3
2018-06-12,0.9469849808986028,-0.0001132614791460318,-9.853389875328349e-05,1.2328767123287671e-05,2.398813269439123e-06,0.00239907923775907,0.3,0.0,3
2018-06-13,0.9463496291650134,-0.0006709206021267011,-0.0005551637230073515,1.232876712328767e-05,0.00010342811199613266,0.10348684000066039,0.2,0.0,2
2018-06-14,0.9464611861557004,0.00011788136989654419,0.00022868465477364768,8.219178082191782e-06,0.00010258410679514798,0.1025614955261466,0.1,0.0,1
2018-06-15,0.9463479271321055,-0.00011966578793898286,-0.0001154407581397343,4.10958904109589e-06,1.1544075813973973e-07,0.00011545456077256369,0.1,0.0,1
2018-06-18,0.9461241177872062,-0.00023649795015412423,-0.0002239452377929774,1.232876712328767e-05,2.2394523779297694e-07,0.00022399816273598045,0.1,0.0,1
2018-06-19,0.9462830817191876,0.0001680159389163549,0.00017289656754116976,4.109589041095891e-06,7.710395838041206e-07,0.00077090946432494,0.1,0.0,1
2018-06-20,0.9460880535468529,-0.00020609918543657013,-0.00020112034462220761,4.109589041095891e-06,8.692517733238003e-07,0.0008694302064273903,0.1,0.0,1
2018-06-21,0.9458474330294743,-0.00025433205342417775,-0.0002496355138442708,4.109589041095891e-06,5.869505386860185e-07,0.0005870995123121741,0.1,0.0,1
2018-06-22,0.9456848263498007,-0.00017191639369662504,-6.706922081887167e-05,4.10958904109589e-06,0.00010073758383653251,0.10074475472827371,0.2,0.0,2
2018-06-25,0.9464130162132434,0.0007700132677959104,0.000797886109685847,2.465753424657534e-05,3.2153076432260166e-06,0.003212823396368105,0.2,0.0,2
2018-06-26,0.9470115533025504,0.0006324269415713957,0.000642270657924926,8.219178082191782e-06,1.6245382714441643e-06,0.0016235088832342117,0.2,0.0,2
2018-06-27,0.9469303470692961,-8.574999214217005e-05,-7.665136603687837e-05,8.21917808219178e-06,8.794480231640844e-07,0.0008795226687315446,0.2,0.0,2
2018-06-28,0.9475008822791327,0.0006025102179925135,0.0006120418855057541,8.219178082191782e-06,1.3124894308197895e-06,0.001311697398145521,0.2,0.0,2
2018-06-29,0.9475121723191808,1.191559845414858e-05,0.00022016281705997118,8.219178082191782e-06,0.0002000280405236545,0.19998565483622516,0.0,0.0,0
2018-07-02,0.9475121723191808,0.0,0.0,0.0,0.0,0.0,0.0,0.0,0
2018-07-03,0.9473227077776253,-0.00019996000799837876,0.0,0.0,0.0001999600079984003,0.1999600079984003,0.2,0.0,2
2018-07-05,0.9478081853639135,0.0005124732916275132,0.0005308665049487348,1.643835616438356e-05,1.954857156978293e-06,0.001953852040490105,0.2,0.0,2
2018-07-06,0.9478614073656586,5.6152713773682805e-05,0.0001653346410204315,8.219178082191783e-06,0.00010096274916469062,0.10094688884751717,0.3,0.0,3
2018-07-09,0.9483913169884676,0.0005590581267378436,0.000598647567205507,3.698630136986301e-05,2.603139097807256e-06,0.0026016778361405125,0.3,0.0,3
2018-07-10,0.9486356698111761,0.00025764978899678326,0.00027171030421121464,1.2328767123287671e-05,1.7317480911179633e-06,0.0017312990241159293,0.30000000000000004,0.0,3
2018-07-11,0.9484223280967826,-0.0002248932031365669,-0.00021146847907309587,1.232876712328767e-05,1.0959569401308652e-06,0.0010962022671795343,0.30000000000000004,0.0,3
2018-07-12,0.9490599181454354,0.0006722638531004854,0.0006861944730064462,1.232876712328767e-05,1.6018527827054479e-06,0.0016007740759527965,0.3,0.0,3
2018-07-13,0.9486677714983168,-0.00041319482534352137,-0.00039894568435533406,1.2328767123287671e-05,1.9203738649446416e-06,0.0019211639906110802,0.30000000000000004,0.0,3
2018-07-16,0.9481955745456639,-0.0004977474378697888,-0.00035970319086272017,3.6986301369863006e-05,0.00010105794563717255,0.10109805017136073,0.4,0.0,4
2018-07-17,0.9484298615904349,0.00024708725822009114,0.00026570971296075997,1.6438356164383563e-05,2.1840985763399735e-06,0.002183554278802258,0.4000000000000001,0.0,4
2018-07-18,0.9490279143065317,0.0006305713688663506,0.0006486404577145944,1.6438356164383563e-05,1.630732683952235e-06,0.0016297023826810026,0.4,0.0,4
2018-07-19,0.9490383124381274,1.0956613013091143e-05,3.290563020202922e-05,1.643835616438356e-05,5.510661024471343e-06,0.005510570280400432,0.4,0.0,4
2018-07-20,0.9493670654285573,0.00034640644758088257,0.000366339063358112,1.643835616438356e-05,3.494259612748725e-06,0.0034930373964934375,0.4,0.0,4
2018-07-23,0.9489858266056138,-0.00040157156997167043,-0.0003495391405960836,4.931506849315069e-05,2.7173608823451543e-06,0.0027184451456336686,0.4,0.0,4
2018-07-24,0.9488899826227516,-0.00010099622162429434,-8.24355084046158e-05,1.6438356164383563e-05,2.1223570553498157e-06,0.0021225669217441747,0.4,0.0,4
2018-07-25,0.9489449784349521,5.795804909691782e-05,0.0002788969578989332,1.6438356164383563e-05,0.00020450055263756785,0.2044468937916943,0.4000000000000001,0.0,4
2018-07-26,0.9484852213309133,-0.00048449289946927987,-0.0003669467370728263,1.6438356164383563e-05,0.00010110780623203712,0.10114658432469908,0.5000000000000001,0.0,5
2018-07-27,0.9492453322544667,0.0008013945884015605,0.0009269601854815235,2.0547945205479453e-05,0.0001050176518745681,0.10492254879206202,0.6,0.0,6
2018-07-30,0.9504971542407581,0.0013187549559166012,0.0013954186745291476,7.397260273972604e-05,2.691115872569531e-06,0.002687564401148952,0.6,0.0,6
2018-07-31,0.9511392749205315,0.0006755629692403176,0.0013095751607706983,2.4657534246575342e-05,0.0006093546572837502,0.6085726915054136,0.0,0.0,0
2018-08-01,0.9511392749205315,0.0,0.0,0.0,0.0,0.0,0.0,0.0,0
2018-08-02,0.9509490851035108,-0.00019996000799837876,0.0,0.0,0.00019996000799840034,0.19996000799840033,0.2,0.0,2
2018-08-03,0.9513962769424386,0.0004702584459388426,0.0004796659250407287,8.21917808219178e-06,1.1883010197058509e-06,0.001187741063045449,0.2,0.0,2
2018-08-06,0.9513270590469599,-7.275401129491765e-05,5.2409444670686875e-05,2.4657534246575345e-05,0.00010050592171897248,0.1005031325650402,0.30000000000000004,0.0,3
2018-08-07,0.9508368393155648,-0.0005153009438060296,-0.0005018548117575518,1.2328767123287673e-05,1.1173649251681564e-06,0.00111793975143052,0.30000000000000004,0.0,3
2018-08-08,0.9511004155696988,0.00027720450369139726,0.0002902583127693703,1.2328767123287673e-05,7.250419547257502e-07,0.0007248405001348818,0.30000000000000004,0.0,3
2018-08-09,0.9509270581855608,-0.00018227032740192328,-0.00016837217746571985,1.2328767123287673e-05,1.5693828129193421e-06,0.0015696664531301124,0.30000000000000004,0.0,3
2018-08-10,0.9508677780784605,-6.233927890686441e-05,-4.8333019108737284e-05,1.2328767123287671e-05,1.677492674742284e-06,0.0016775944406176248,0.3,0.0,3
2018-08-13,0.9508064864642904,-6.445860884451982e-05,-2.5897531987340027e-05,3.698630136986302e-05,1.574775487265313e-06,0.0015748745214122762,0.3,0.0,3
2018-08-14,0.9514367094233189,0.000662829890204053,0.0006773957978498002,1.2328767123287671e-05,2.237140522385759e-06,0.0022356536628424795,0.3,0.0,3
2018-08-15,0.9509737112326252,-0.0004866305725941267,-0.0004720152129214506,1.2328767123287671e-05,2.2865925494664808e-06,0.0022877005834722303,0.30000000000000004,0.0,3
2018-08-16,0.9503769641271888,-0.0006275116739693498,-0.0006115462928436564,1.232876712328767e-05,3.6366140024786285e-06,0.003638884211584343,0.30000000000000004,0.0,3
2018-08-17,0.9505907320142843,0.00022492957548903014,0.00023853171841697884,1.2328767123287673e-05,1.2733758047235862e-06,0.0012730878284995238,0.30000000000000004,0.0,3
2018-08-20,0.9506165122709046,2.7120248233147848e-05,6.487483630354675e-05,3.698630136986302e-05,7.682867006657835e-07,0.0007682652748728269,0.3,0.0,3
2018-08-21,0.9510892410045249,0.0004972864741124017,0.0005115354371501568,1.2328767123287671e-05,1.920195914321249e-06,0.0019192378180011354,0.3,0.0,3
2018-08-22,0.951073418476793,-1.6636217769705475e-05,-2.035585792403607e-06,1.2328767123287673e-05,2.2718648541011184e-06,0.0022718974884384305,0.3,0.0,3
2018-08-23,0.9506227693411403,-0.00047383212157736665,-0.00045963695007759665,1.2328767123287671e-05,1.8664043764910854e-06,0.0018672856713121654,0.30000000000000004,0.0,3
2018-08-24,0.9511323867271003,0.000536087922986761,0.000550313927690732,1.2328767123287671e-05,1.8972375806685728e-06,0.0018962174438225871,0.30000000000000004,0.0,3
2018-08-27,0.9508621468769552,-0.00028412432792346287,-0.00024530337754764554,3.698630136986301e-05,1.8346490060167226e-06,0.0018351670547353638,0.30000000000000004,0.0,3
2018-08-28,0.9500318455108486,-0.0008732089807483856,-0.000859886290295242,1.2328767123287673e-05,9.939233298310231e-07,0.0009947910015215347,0.3,0.0,3
2018-08-29,0.9497180119171535,-0.0003303400777332488,-0.00031675109368208834,1.2328767123287671e-05,1.2602169279195113e-06,0.001260631776449032,0.3,0.0,3
2018-08-30,0.9486980716111022,-0.001073940151974595,-0.0007639368129136794,1.2328767123287673e-05,0.00029767457193765386,0.2979058259764519,0.0,0.0,0
2018-08-31,0.9486980716111022,0.0,0.0,0.0,0.0,0.0,0.0,0.0,0
2018-09-04,0.9486980716111022,0.0,0.0,0.0,0.0,0.0,0.0,0.0,0
2018-09-05,0.9486980716111022,0.0,0.0,0.0,0.0,0.0,0.0,0.0,0
2018-09-06,0.9484135475468382,-0.00029991002699192304,0.0,0.0,0.00029991002699190244,0.29991002699190245,0.30000000000000004,0.0,3
2018-09-07,0.9486299914528548,0.00022821680117957044,0.00024258787174313292,1.2328767123287671e-05,2.0423034401078215e-06,0.002041833289402821,0.30000000000000004,0.0,3
2018-09-10,0.9479249318784047,-0.0007432398098338178,-0.0007032395977637661,3.6986301369863006e-05,3.0139107002049954e-06,0.0030161433276115926,0.3,0.0,3
2018-09-11,0.9483476316322338,0.00044592112688879304,0.0005590108675285199,1.2328767123287673e-05,0.00010076097351652728,0.10070591939299027,0.4,0.0,4
2018-09-12,0.9475300955421789,-0.0008620637230334349,-0.0007435255882915048,1.643835616438356e-05,0.00010209977857765342,0.10217742974019314,0.5000000000000001,0.0,5
2018-09-13,0.9487035977791666,0.0012384854502338616,0.001262448459941323,2.0547945205479453e-05,3.4150645021434204e-06,0.003410828592358894,0.5000000000000001,0.0,5
2018-09-14,0.9486801878067453,-2.4675749597746766e-05,-1.2188955252678736e-06,2.0547945205479453e-05,2.908908866896649e-06,0.002908972186030913,0.5,0.0,5
2018-09-17,0.948396228086827,-0.0002993208075472431,-0.00023575880548596938,6.164383561643835e-05,1.9181664447801118e-06,0.0019187370822559557,0.5000000000000001,0.0,5
2018-09-18,0.9489667659139035,0.0006015817125584189,0.0006244475955082594,2.054794520547945e-05,2.317937744217453e-06,0.002316538787253918,0.5,0.0,5
2018-09-19,0.9488540705866506,-0.00011875582085785208,-9.004255947245333e-05,2.054794520547945e-05,8.165316179733368e-06,0.008166219286045521,0.5000000000000001,0.0,5
2018-09-20,0.9503049833503745,0.0015291210826833268,0.0016522694229260282,2.054794520547945e-05,0.00010260039503729533,0.10243325249915967,0.6,0.0,6
2018-09-21,0.9498682357083058,-0.00045958681657010114,-0.00043206167995862854,2.4657534246575342e-05,2.8676023649556276e-06,0.0028689126524878952,0.6,0.0,6
2018-09-24,0.9501668460357057,0.00031437026334213414,0.0003940767032186876,7.397260273972603e-05,5.733837136864115e-06,0.005732002299424115,0.6000000000000001,0.0,6
2018-09-25,0.9499603521095752,-0.0002173238594800342,-0.00018891655062553415,2.465753424657535e-05,3.7497746079578723e-06,0.0037505756337165865,0.6000000000000002,0.0,6
2018-09-26,0.949826100209655,-0.00014132368748032142,-0.00011017889289187685,2.4657534246575342e-05,6.487260341855844e-06,0.006488135178822149,0.6000000000000001,0.0,6
2018-09-27,0.9483329509106582,-0.001572023866965977,-0.0015431825803249202,2.4657534246575345e-05,4.183752394500001e-06,0.0041903221496592145,0.6000000000000001,0.0,6
2018-09-28,0.9476578718440244,-0.0007118587053054348,-8.692734237211702e-05,2.465753424657534e-05,0.0006002738286868713,0.6003408176429371,0.0,0.0,0
2018-10-01,0.9476578718440244,0.0,0.0,0.0,0.0,0.0,0.0,0.0,0
2018-10-02,0.9473736597461005,-0.00029991002699192304,0.0,0.0,0.00029991002699190244,0.29991002699190245,0.3,0.0,3
2018-10-03,0.9482014707222087,0.0008737956429252236,0.0008908674194311407,1.2328767123287671e-05,4.743009382662235e-06,0.004738846123175686,0.30000000000000004,0.0,3
2018-10-04,0.9487476369301965,0.0005760022788952046,0.0006903332774740867,1.2328767123287671e-05,0.00010200223145567161,0.10193312034032673,0.39999999999999997,0.0,4
2018-10-05,0.9491482751068562,0.000422281079883291,0.0004413047549012005,1.6438356164383563e-05,2.58531885342034e-06,0.0025842209047909808,0.39999999999999997,0.0,4
2018-10-08,0.9491258664782618,-2.3609196984408776e-05,2.9896413623420382e-05,4.931506849315069e-05,4.190542114556578e-06,0.004190623490827835,0.4,0.0,4
2018-10-09,0.9485094801115129,-0.0006494253170403752,-0.000630468338888357,1.6438356164383563e-05,2.5186219876786065e-06,0.002520252355800796,0.4,0.0,4
2018-10-10,0.9478931687169155,-0.0006497683022893552,-0.0006272977923530435,1.6438356164383563e-05,6.032153771909074e-06,0.0060360393886574265,0.4,0.0,4
2018-10-11,0.948027476314343,0.00014169064812374899,0.00026856288968434857,1.6438356164383563e-05,0.00011043388539623448,0.11040604932255126,0.5000000000000001,0.0,5
2018-10-12,0.94783570119277,-0.00020228856901760572,-0.0001778214200098603,2.0547945205479453e-05,3.919203802208971e-06,0.003919981406432221,0.5,0.0,5
2018-10-15,0.9470945917642245,-0.0007818965118246979,-0.0007173232706982505,6.164383561643837e-05,2.9294055100597266e-06,0.0029316891995120843,0.5000000000000001,0.0,5
2018-10-16,0.9473514242713239,0.00027117936194831493,0.00039934443158370366,2.0547945205479453e-05,0.00010761712442984255,0.10757637487702183,0.6000000000000001,0.0,6
2018-10-17,0.946493076809981,-0.0009060496868975587,-0.0008765046515023246,2.4657534246575342e-05,4.887501148759601e-06,0.004891909552664566,0.6000000000000001,0.0,6
2018-10-18,0.9463251832530072,-0.0001773848759037966,-4.959205255645761e-05,2.4657534246575345e-05,0.00010313528910074147,0.1031429474219692,0.5000000000000001,0.0,5
2018-10-19,0.9459105369152341,-0.0004381647504589914,-0.0004123954231281646,2.0547945205479453e-05,5.221382125277548e-06,0.005223643667161784,0.5000000000000001,0.0,5
2018-10-22,0.9453976298898796,-0.000542236295439813,-0.0003733625153753806,6.164383561643835e-05,0.0001072299444480051,0.10727661045486585,0.6,0.0,6
2018-10-23,0.9443593843118139,-0.0010982104727581543,-0.0009721830046730886,2.4657534246575345e-05,0.00010136993383842495,0.10147108432881205,0.49999999999999994,0.0,5
2018-10-24,0.9466171166498009,0.002390755442783332,0.002421719927660993,2.054794520547945e-05,1.0416539672102234e-05,0.010391587682904813,0.49999999999999994,0.0,5
2018-10-25,0.9437998687918514,-0.002976121822009792,-0.002940581385978325,2.0547945205479456e-05,1.4992490826006086e-05,0.015037017379221218,0.5,0.0,5
2018-10-26,0.9423713238464297,-0.0015136100275690012,-0.0014835318576567333,2.054794520547945e-05,9.53022470676905e-06,0.009544580517552293,0.5,0.0,5
2018-10-29,0.9430334750433687,0.0007026436184796037,0.0009724315205427437,6.164383561643835e-05,0.00020814406644664114,0.20795466389973827,0.5000000000000001,0.0,5
2018-10-30,0.9423188634113838,-0.0007577797086704141,-0.000530457975256171,2.0547945205479453e-05,0.00020677378820880264,0.20688778460299007,0.30000000000000004,0.0,3
2018-10-31,0.9419868079895748,-0.00035238116809732656,-3.883769927466864e-05,1.2328767123287673e-05,0.0003012147016993074,0.3012301145798431,0.0,0.0,0
2018-11-01,0.9419868079895748,0.0,0.0,0.0,0.0,0.0,0.0,0.0,0
2018-11-02,0.9415160499645925,-0.0004997501249375258,0.0,0.0,0.0004997501249375312,0.49975012493753124,0.5,0.0,5
2018-11-05,0.9426690820283568,0.0012246547085497106,0.0012905290345341823,6.164383561643835e-05,4.230490367974699e-06,0.004225297961848366,0.5,0.0,5
2018-11-06,0.9420609625624525,-0.0006451038625301386,-0.0006213006965144874,2.054794520547945e-05,3.255220810220018e-06,0.0032573115111891337,0.5,0.0,5
2018-11-07,0.9428492153098891,0.0008367322060478521,0.0008671270629669884,2.0547945205479453e-05,9.84691171359885e-06,0.009838582575042446,0.49999999999999994,0.0,5
2018-11-08,0.942790255715089,-6.25334293572477e-05,6.0806073970431804e-05,2.054794520547945e-05,0.00010279155812217288,0.10278742009297935,0.4,0.0,4
2018-11-09,0.9410895833995521,-0.0018038713332341194,-0.001782080283333404,1.6438356164383563e-05,5.35269373640015e-06,0.0053623380012466785,0.4000000000000001,0.0,4
2018-11-12,0.940391920484058,-0.0007413352860350386,-0.0006838091163721525,4.931506849315068e-05,8.211101169680145e-06,0.00821712534299917,0.4000000000000001,0.0,4
2018-11-13,0.9404594045907347,7.17616827694556e-05,0.00019081911632120034,1.643835616438356e-05,0.00010261907738735832,0.1026011857146004,0.49999999999999994,0.0,5
2018-11-14,0.9409250227349214,0.0004950964836056837,0.0006198842239470648,2.0547945205479453e-05,0.00010423979513604972,0.10417735786605714,0.6000000000000001,0.0,6
2018-11-15,0.9375885303655408,-0.0035459704958027416,-0.0034114197057676047,2.4657534246575342e-05,0.00010989325578870344,0.11027215944598298,0.7000000000000001,0.0,7
2018-11-16,0.9394128931747753,0.0019458032496655342,0.002078778559113203,2.8767123287671234e-05,0.00010420818615988673,0.10399499523039579,0.6000000000000001,0.0,6
2018-11-19,0.9402250887055422,0.0008645777981841629,0.0010478753573604333,7.397260273972603e-05,0.00010932495643640487,0.10921858815254733,0.49999999999999994,0.0,5
2018-11-20,0.9392081129965383,-0.0010816300492513253,-0.0008603696735808352,2.0547945205479453e-05,0.0002007124304650858,0.20088939747474865,0.3,0.0,3
2018-11-21,0.9399614316769258,0.0008020785489002424,0.0009191692711788713,1.2328767123287671e-05,0.00010476195515527758,0.10466703884501337,0.2,0.0,2
2018-11-23,0.9405434822392308,0.000619228132867633,0.0007350532310647584,1.6438356164383563e-05,9.938674203255927e-05,0.09931537252855399,0.1,0.0,1
2018-11-26,0.9407113259571492,0.00017845396952709258,0.00019112627942678985,1.232876712328767e-05,3.4354277645081833e-07,0.00034348136283762033,0.1,0.0,1
2018-11-27,0.9406327123152743,-8.356829529498899e-05,-7.892009923825551e-05,4.10958904109589e-06,5.386070155495197e-07,0.0005386517396355527,0.1,0.0,1
2018-11-28,0.9408971197524919,0.00028109530293374263,0.00028549038235709537,4.10958904109589e-06,2.854903823570953e-07,0.0002854100734442092,0.1,0.0,1
2018-11-29,0.9406526349572906,-0.00025984221873864843,-0.00015542105691787044,4.10958904109589e-06,0.00010031157277967132,0.10032757810301358,0.2,0.0,2
2018-11-30,0.9405237433326381,-0.00013702361516088057,7.446181389128003e-05,8.219178082191782e-06,0.00020326625096990308,0.20325278696955867,0.0,0.0,0
2018-12-03,0.9405237433326381,0.0,0.0,0.0,0.0,0.0,0.0,0.0,0
2018-12-04,0.9402416708313887,-0.00029991002699192304,0.0,0.0,0.00029991002699190244,0.29991002699190245,0.30000000000000004,0.0,3
2018-12-06,0.9403779574090728,0.00014494845518142618,0.00037239166709428505,2.4657534246575345e-05,0.0002027856776663671,0.202715186676713,0.5000000000000001,0.0,5
2018-12-07,0.94087599594212,0.000529615277690354,0.0006557546899649939,2.0547945205479453e-05,0.00010559146706903117,0.10552443723476271,0.6,0.0,6
2018-12-10,0.9398594410049504,-0.0010804345541323146,-0.0008027384690104777,7.397260273972604e-05,0.0002037234823822082,0.20390224573860194,0.4,0.0,4
2018-12-11,0.9398041611223836,-5.881718069211672e-05,5.948512146510265e-05,1.643835616438356e-05,0.00010186394599288618,0.10185956126825864,0.5000000000000001,0.0,5
2018-12-12,0.9388806317801989,-0.0009826827549708206,-0.000956585549647887,2.0547945205479453e-05,5.549260117355262e-06,0.005554687788847198,0.5000000000000001,0.0,5
2018-12-13,0.9383572236040317,-0.0005574810667621222,-0.00043567444831012496,2.0547945205479453e-05,0.0001012586732465956,0.1013048908063541,0.4,0.0,4
2018-12-14,0.9383331080453988,-2.5699763401720865e-05,9.440449463162797e-05,1.643835616438356e-05,0.00010366590186897679,0.10365782006902406,0.5000000000000001,0.0,5
2018-12-17,0.9379444173237875,-0.0004142353267497789,-0.000338194069451203,6.164383561643835e-05,1.4397421682169339e-05,0.014403180619734644,0.49999999999999994,0.0,5
2018-12-18,0.9382454221557448,0.0003209196903330991,0.0003448168784224938,2.0547945205479453e-05,3.34924288385672e-06,0.0033481571804995563,0.49999999999999994,0.0,5
2018-12-19,0.9388658316261677,0.0006612443351947661,0.0006852931059239896,2.0547945205479453e-05,3.500825523663436e-06,0.0034984999127766437,0.5000000000000001,0.0,5
2018-12-20,0.9391743940895382,0.0003286544817975301,0.0004532446647229961,2.0547945205479456e-05,0.00010404223771996178,0.10399723845604297,0.4,0.0,4
2018-12-21,0.9377052540685545,-0.001564288837333394,-0.0015445383501012822,1.643835616438356e-05,3.312131067735178e-06,0.0033173093102960285,0.4000000000000001,0.0,4
2018-12-24,0.9379169507624431,0.0002257603793622831,0.0002948249520020486,4.9315068493150684e-05,1.9749504146497356e-05,0.019744656638146202,0.4,0.0,4
2018-12-26,0.9373267611054151,-0.0006292557742433313,-0.00048551575641825323,3.287671232876713e-05,0.0001108633054962262,0.11092080600668741,0.3,0.0,3
2018-12-27,0.9359061952256837,-0.0015155503274610904,-0.0014006752127437188,1.2328767123287671e-05,0.00010254634759403663,0.1026914510230305,0.4000000000000001,0.0,4
2018-12-28,0.9360594460262142,0.00016374589815959517,0.0003802547966420988,1.643835616438356e-05,0.00020007054231797197,0.199997779837608,0.39999999999999997,0.0,4
2018-12-31,0.9358179139140134,-0.00025803074070362975,0.00019413204273746056,4.9315068493150684e-05,0.00040284771494796114,0.40278938420808236,0.0,0.0,0
2019-01-02,0.9358179139140134,0.0,0.0,0.0,0.0,0.0,0.0,0.0,0
2019-01-03,0.9355372527381919,-0.00029991002699192304,0.0,0.0,0.0002999100269919025,0.29991002699190245,0.30000000000000004,0.0,3
2019-01-04,0.9355907200837016,5.7151487397488765e-05,7.448954844226923e-05,1.2328767123287671e-05,5.00929392153934e-06,0.005008982559269843,0.3,0.0,3
2019-01-07,0.9353109828677969,-0.00029899528704135925,-0.0002605765236173007,3.698630136986301e-05,1.4324620542696462e-06,0.0014328884285983513,0.3,0.0,3
2019-01-08,0.9354625484885993,0.00016204837062616662,0.00017772981701213457,1.2328767123287673e-05,3.3526792627206138e-06,0.0033521248177563983,0.30000000000000004,0.0,3
2019-01-09,0.9354915069508035,3.095630311555908e-05,4.624528064011697e-05,1.2328767123287673e-05,2.960210401271371e-06,0.002960110004660387,0.3,0.0,3
2019-01-10,0.9362558772660773,0.0008170788399406437,0.0008334756254104848,1.2328767123287673e-05,4.068018346395781e-06,0.004064680646652842,0.3,0.0,3
2019-01-11,0.9359058187768569,-0.00037389190040937326,-0.0003602625938791182,1.2328767123287673e-05,1.3005394069280287e-06,0.0013010241572894903,0.3,0.0,3
2019-01-14,0.9353432233315797,-0.0006011239955879821,-0.00036618536191130316,3.698630136986301e-05,0.0001979523323067691,0.1980321732674485,0.1,0.0,1
2019-01-15,0.9352437629209938,-0.0001063357365563844,-0.00010108608762963162,4.10958904109589e-06,1.140059885568463e-06,0.0011401798275569492,0.1,0.0,1
2019-01-16,0.9351502430505152,-9.999518220416004e-05,4.503951255852012e-06,4.109589041095891e-06,0.00010038954441894896,0.10038950482912148,0.2,0.0,2
2019-01-17,0.935787406507682,0.0006813487585570766,0.000690584633983421,8.219178082191782e-06,1.0166973441420326e-06,0.0010160040580697504,0.2,0.0,2
2019-01-18,0.9361576874720123,0.0003956891936729434,0.0004064578882920333,8.219178082191782e-06,2.5495165368965778e-06,0.002548501624896511,0.2,0.0,2
2019-01-22,0.9358309049105762,-0.00034906786090560527,-0.0003134057463070161,3.287671232876712e-05,2.7854022697318506e-06,0.0027863671397956808,0.2,0.0,2
2019-01-23,0.9354606315022923,-0.00039566272746593967,-0.00038642296799036303,8.219178082191782e-06,1.020581393478878e-06,0.001020984316920814,0.2,0.0,2
2019-01-24,0.9360485567237913,0.0006284874015005659,0.0006375463225911092,8.21917808219178e-06,8.397430083257225e-07,0.000839214867629448,0.2,0.0,2
2019-01-25,0.9366115526121065,0.0006014601318180546,0.0006113364817871281,8.21917808219178e-06,1.6571718868942636e-06,0.0016561730202877987,0.2,0.0,2
2019-01-28,0.9363264180499903,-0.0003044320362278752,-0.0002787054240086296,2.4657534246575345e-05,1.06907797266989e-06,0.0010694023897424073,0.2,0.0,2
2019-01-29,0.9375371265984717,0.0012930411073979187,0.0013028604151392618,8.21917808219178e-06,1.6001296591287823e-06,0.001598060743790549,0.2,0.0,2
2019-01-30,0.9369361680526395,-0.0006409970643109775,-0.0005301564308111906,8.21917808219178e-06,0.00010262145541766375,0.10267673406688618,0.3,0.0,3
2019-01-31,0.9362742583040661,-0.0007064619460139809,-0.0003914845000225653,1.2328767123287671e-05,0.00030264867886816484,0.30277094179136643,0.0,0.0,0
2019-02-01,0.9362742583040661,0.0,0.0,0.0,0.0,0.0,0.0,0.0,0
2019-02-04,0.9361806402400421,-9.999000099991662e-05,0.0,0.0,9.999000099990003e-05,0.09999000099990002,0.1,0.0,1
2019-02-05,0.9363100769909285,0.0001382604438959767,0.00014294120711592085,4.109589041095891e-06,5.711741787457375e-07,0.0005710948927177073,0.1,0.0,1
2019-02-06,0.9360856392848759,-0.0002397044649715685,-0.0002351242899702455,4.10958904109589e-06,4.7058596023545757e-07,0.00047069856727955295,0.1,0.0,1
2019-02-07,0.9359335479472749,-0.0001624758795756298,-0.00015760719455991113,4.10958904109589e-06,7.590959747061704e-07,0.0007592187531209745,0.1,0.0,1
2019-02-08,0.9354283066728526,-0.0005398260117188691,-0.000534977620324706,4.109589041095891e-06,7.388023531346023e-07,0.0007392008468562949,0.1,0.0,1
2019-02-11,0.9352570700180799,-0.0001830569521482639,2.952313017805519e-05,1.2328767123287673e-05,0.00020025131520291548,0.2002478720683022,0.3,0.0,3
2019-02-12,0.9357709608625141,0.0005494648058894658,0.0005653278953928753,1.2328767123287671e-05,3.5343223801922194e-06,0.00353236898322377,0.30000000000000004,0.0,3
2019-02-13,0.9359955779496149,0.00024003425677343593,0.00025382345355635656,1.2328767123287671e-05,1.460429659665795e-06,0.0014600770588143084,0.3,0.0,3
2019-02-14,0.935375187607008,-0.0006628133264965363,-0.0006485469908559194,1.2328767123287673e-05,1.9375685173060067e-06,0.0019388498561743138,0.3,0.0,3
2019-02-15,0.9358230056842601,0.00047875770405858553,0.0005953911582039394,1.2328767123287671e-05,0.00010430468702204115,0.10424390632076617,0.39999999999999997,0.0,4
2019-02-19,0.9363747332372049,0.0005895639983133361,0.0006574224635431503,6.575342465753425e-05,2.105040572263887e-06,0.0021037958214122207,0.4000000000000001,0.0,4
2019-02-20,0.9353009864197696,-0.001146706312464496,-0.0011282044317658835,1.643835616438356e-05,2.063524534118448e-06,0.0020658892393369175,0.39999999999999997,0.0,4
2019-02-21,0.9352111608201681,-9.603924395007457e-05,-7.663487331123759e-05,1.6438356164383563e-05,2.966014474340985e-06,0.0029662905565826492,0.4000000000000001,0.0,4
2019-02-22,0.9356163176759192,0.00043322500064668645,0.0004534994228745316,1.643835616438356e-05,3.836066063460206e-06,0.003834390200788866,0.4,0.0,4
2019-02-25,0.9352399850354717,-0.00040222966758673984,-0.0003504640764106116,4.9315068493150684e-05,2.4505226830499985e-06,0.0024515027427202125,0.4000000000000001,0.0,4
2019-02-26,0.9354217122907102,0.00019431082732390692,0.00021262178583902335,1.643835616438356e-05,1.8726023507558373e-06,0.001872235049262716,0.4,0.0,4
2019-02-27,0.9348621623812517,-0.0005981793046990758,-0.0005798479595444329,1.6438356164383563e-05,1.8929889903641657e-06,0.0018941184272626742,0.39999999999999997,0.0,4
2019-02-28,0.9345417542748146,-0.00034273299244569344,7.475513305887368e-05,1.6438356164383563e-05,0.00040104976934027595,0.40102638277418284,0.0,0.0,0
2019-03-01,0.9345417542748146,0.0,0.0,0.0,0.0,0.0,0.0,0.0,0
2019-03-04,0.934354883298155,-0.00019996000799837876,0.0,0.0,0.00019996000799840037,0.19996000799840036,0.2,0.0,2
2019-03-05,0.9348016486708658,0.0004781538371521066,0.0004869430649396046,8.219178082191782e-06,5.700497053743197e-07,0.0005697769395431799,0.2,0.0,2
2019-03-06,0.9352303936208145,0.00045864804641526646,0.0004673890343960541,8.21917808219178e-06,5.218098985564389e-07,0.0005215704091466135,0.2,0.0,2
2019-03-07,0.9348791404008292,-0.0003755793464168544,-0.00026659952479614053,8.21917808219178e-06,0.00010076064353856378,0.10078834205999394,0.3,0.0,3
2019-03-08,0.9345145218227886,-0.00039001680782424497,-0.0002763986569833066,1.2328767123287671e-05,0.00010128938371760638,0.1013186371867353,0.4000000000000001,0.0,4
2019-03-11,0.9336863812101166,-0.0008861720105287629,-0.0008332547379997113,4.9315068493150684e-05,3.602204035918232e-06,0.0036053860407785736,0.4000000000000001,0.0,4
2019-03-12,0.9329949649639604,-0.0007405230065153923,-0.0007216832694600384,1.643835616438356e-05,2.4013808910543844e-06,0.002403154711516676,0.39999999999999997,0.0,4
2019-03-13,0.9329516973022737,-4.637502163629126e-05,7.16394044664836e-05,1.643835616438356e-05,0.00010157606993842519,0.10157046314238319,0.49999999999999994,0.0,5
2019-03-14,0.9327415284138677,-0.00022527306506192613,-0.0002031337797628374,2.0547945205479453e-05,1.5913400934783985e-06,0.0015916961268136697,0.49999999999999994,0.0,5
2019-03-15,0.9329911312221284,0.0002676012600029143,0.00029119523103945385,2.0547945205479453e-05,3.0460258310474706e-06,0.0030452016554845963,0.5,0.0,5
2019-03-18,0.9328905914645342,-0.00010776067877782403,-4.268190567985318e-05,6.164383561643835e-05,3.434937481504115e-06,0.0034352958712924597,0.5000000000000001,0.0,5
2019-03-19,0.9327068027220722,-0.00019700996466642806,-0.00017401933503825574,2.054794520547945e-05,2.442684422648574e-06,0.002443159781602481,0.49999999999999994,0.0,5
2019-03-20,0.9328684297803619,0.00017328817353745585,0.00019633960156786306,2.0547945205479453e-05,2.503482824808708e-06,0.0025030428107670573,0.5000000000000001,0.0,5
2019-03-21,0.9329083669247119,4.281112220660965e-05,7.001414261421652e-05,2.0547945205479453e-05,6.655075202138186e-06,0.006654746017157997,0.5,0.0,5
2019-03-22,0.9325082375717771,-0.0004289053106617535,-0.00040396978116519195,2.0547945205479453e-05,4.387584291003408e-06,0.004389447689356517,0.5000000000000001,0.0,5
2019-03-25,0.9331969711954123,0.0007385818118117449,0.0008016052311550281,6.164383561643835e-05,1.3795837267231617e-06,0.0013785636428461626,0.5000000000000001,0.0,5
2019-03-26,0.933147839602479,-5.2648684521927613e-05,-2.7449491701925176e-05,2.0547945205479456e-05,4.651247614487953e-06,0.004651470873167715,0.5000000000000001,0.0,5
2019-03-27,0.9332715101033419,0.0001325304476036404,0.00025420822488068093,2.054794520547945e-05,0.00010112983207168416,0.10110620756694716,0.4,0.0,4
2019-03-28,0.9336232596905274,0.0003768995232122929,0.00039699949847755707,1.643835616438356e-05,3.661619101031968e-06,0.0036602261611829432,0.4,0.0,4
2019-03-29,0.9338375902806378,0.00022956860584377736,0.0006472336526025692,1.6438356164383563e-05,0.00040122669059448787,0.4009737582337989,0.0,0.0,0
2019-04-01,0.9338375902806378,0.0,0.0,0.0,0.0,0.0,0.0,0.0,0
2019-04-02,0.9338375902806378,0.0,0.0,0.0,0.0,0.0,0.0,0.0,0
2019-04-03,0.933744215859052,-9.99900009998056e-05,0.0,0.0,9.999000099990002e-05,0.09999000099990002,0.1,0.0,1
2019-04-04,0.9339211150854514,0.00018945148295945735,0.00019398671881415972,4.10958904109589e-06,4.25646813524701e-07,0.00042556600827252123,0.1,0.0,1
2019-04-05,0.9341498446374019,0.00024491313908203693,0.00024977175731458754,4.10958904109589e-06,7.490291915065532e-07,0.000748845228564003,0.1,0.0,1
2019-04-08,0.9340975958707064,-5.593189036579016e-05,-4.3004550628816845e-05,1.2328767123287671e-05,5.985726138594948e-07,0.0005986057367009319,0.1,0.0,1
2019-04-09,0.9342000738486979,0.000109707998869224,0.0002140426013114483,4.109589041095891e-06,0.00010022501340119837,0.10020397727840684,0.2,0.0,2
2019-04-10,0.9337652790257814,-0.0004654193840138987,-0.00045627408547649356,8.219178082191782e-06,9.261204552579769e-07,0.0009265508318777289,0.2,0.0,2
2019-04-11,0.9338850578479452,0.00012827508674195798,0.00013732861798857469,8.219178082191782e-06,8.343531644268228e-07,0.0008342454554633234,0.2,0.0,2
2019-04-12,0.9343359266076969,0.0004827882788818183,0.0004914989559197502,8.21917808219178e-06,4.91498955919747e-07,0.0004912615391522453,0.2,0.0,2
2019-04-15,0.9339233606595313,-0.00044156061692235404,-0.00041615342152587226,2.4657534246575342e-05,7.496611499084666e-07,0.0007499917544905851,0.2,0.0,2
2019-04-16,0.9342832328578117,0.000385333758035733,0.0004966257695445897,8.219178082191782e-06,0.00010307283342657023,0.10302251655041797,0.30000000000000004,0.0,3
2019-04-17,0.9347122719718703,0.00045921739679122275,0.0004739178166915492,1.2328767123287673e-05,2.3716527771306847e-06,0.0023705585532611388,0.3,0.0,3
2019-04-18,0.9328414051870724,-0.0020015429784089322,-0.0018862410121254557,1.2328767123287671e-05,0.0001029731991601647,0.10316907284401947,0.2,0.0,2
2019-04-22,0.9325617024352509,-0.00029983955500489934,-0.00026538065172314606,3.287671232876713e-05,1.5821909528061455e-06,0.0015826629936988288,0.2,0.0,2
2019-04-23,0.9328786719433266,0.00033989119137967094,0.00044962510985482326,8.219178082191782e-06,0.00010151474039302836,0.10146995095478023,0.3,0.0,3
2019-04-24,0.9326695283207854,-0.00022419166482334774,-0.00011011321062541764,1.2328767123287671e-05,0.00010174968707462684,0.10176214703316953,0.4,0.0,4
2019-04-25,0.932888942528817,0.00023525396870915927,0.0003531316764898873,1.643835616438356e-05,0.00010143935161634094,0.10140520915977064,0.3,0.0,3
2019-04-26,0.9325654894486801,-0.0003467219573426439,-0.00023310889332542884,1.2328767123287673e-05,0.00010128429689401008,0.10130916197770792,0.4,0.0,4
2019-04-29,0.9319196464488089,-0.0006925443919794105,-0.0005405814990099066,4.9315068493150684e-05,0.00010264782447628163,0.1027084118158655,0.5,0.0,5
2019-04-30,0.9314578138439032,-0.0004955712723361261,3.2417697250408626e-05,2.0547945205479453e-05,0.0005074410243809269,0.5074350012532832,0.0,0.0,0
2019-05-01,0.9314578138439032,0.0,0.0,0.0,0.0,0.0,0.0,0.0,0
2019-05-02,0.9312715595319968,-0.00019996000799848979,0.0,0.0,0.0001999600079984003,0.19996000799840033,0.2,0.0,2
2019-05-03,0.9311137468017446,-0.0001694594113144099,-0.00015960001456493132,8.219178082191782e-06,1.6402186672485492e-06,0.0016404939736227452,0.2,0.0,2
2019-05-06,0.9309138250175898,-0.00021471252555504972,-0.00018884231792034017,2.4657534246575342e-05,1.2126733881439413e-06,0.0012129323490211457,0.2,0.0,2
2019-05-07,0.9309529083809669,4.198386824505462e-05,5.393281565239671e-05,8.21917808219178e-06,3.7297693250036717e-06,0.0037295988314744078,0.2,0.0,2
2019-05-08,0.9310083691094557,5.957415030288793e-05,6.89271354451238e-05,8.219178082191783e-06,1.1338070600597087e-06,0.0011337382331273911,0.2,0.0,2
2019-05-09,0.9306219005674544,-0.00041510748434081535,-0.0004061882871437328,8.219178082191782e-06,7.000191149520399e-07,0.000700309328365682,0.2,0.0,2
2019-05-10,0.9307938636882829,0.00018478301523261464,0.00019515239494045664,8.21917808219178e-06,2.1502016256310226e-06,0.002149799756646911,0.2,0.0,2
2019-05-13,0.9305192633012705,-0.00029501740151594014,-0.0002658793808022419,2.4657534246575345e-05,4.480486467218299e-06,0.004481788592249792,0.2,0.0,2
2019-05-14,0.9306310829589634,0.0001201690949375056,0.00012969282335325013,8.21917808219178e-06,1.304550333580466e-06,0.0013043918843434127,0.2,0.0,2
2019-05-15,0.9308897707641681,0.00027797030417486823,0.00028849223350533307,8.21917808219178e-06,2.3027512482339484e-06,0.002302106029943028,0.2,0.0,2
2019-05-16,0.9305498914765054,-0.0003651122811069163,-0.0002546897986939857,8.219178082191782e-06,0.00010220330433073745,0.10223018156316785,0.3,0.0,3
2019-05-17,0.9303362755557479,-0.0002295588046531405,-0.00011582863471761296,1.2328767123287671e-05,0.0001014014028122588,0.10141439981824875,0.39999999999999997,0.0,4
2019-05-20,0.9302413568465585,-0.0001020262368386371,-5.0843422264218465e-05,4.9315068493150684e-05,1.8677460812401509e-06,0.0018679331706073546,0.4,0.0,4
2019-05-21,0.9294679309333066,-0.0008314249926210104,-0.0007126882638440024,1.643835616438356e-05,0.00010229837261264847,0.10237301550342255,0.5,0.0,5
2019-05-22,0.9293506953668723,-0.00012613191109944744,-3.6211991586543887e-06,2.054794520547945e-05,0.00010196276673540662,0.10196523114779835,0.4,0.0,4
2019-05-23,0.9291390231388907,-0.00022776356550524568,-0.0002081434151766649,1.643835616438356e-05,3.181794164188907e-06,0.0031825088976744557,0.4,0.0,4
2019-05-24,0.9288739160382525,-0.00028532554766946827,-0.00026811343788152867,1.643835616438356e-05,7.737536235886754e-07,0.0007739738592388664,0.4,0.0,4
2019-05-28,0.929119074096146,0.00026393039320038447,0.00033520782374369935,6.575342465753425e-05,5.524005885825847e-06,0.005522517819105457,0.4000000000000001,0.0,4
2019-05-29,0.9291448178794351,2.7707733063264683e-05,4.9374786103917365e-05,1.643835616438356e-05,5.228696876250927e-06,0.005228524667314535,0.39999999999999997,0.0,4
2019-05-30,0.9286998656126204,-0.0004788836554351361,-0.00046142096052689824,1.643835616438356e-05,1.024338743892046e-06,0.001024828467723358,0.4,0.0,4
2019-05-31,0.9279885803433007,-0.0007658935848456894,-0.0003460309885403468,1.6438356164383563e-05,0.00040342424014096743,0.40357052208364924,0.0,0.0,0
2019-06-03,0.9279885803433007,0.0,0.0,0.0,0.0,0.0,0.0,0.0,0
2019-06-04,0.9278957907642242,-9.999000099991662e-05,0.0,0.0,9.999000099990003e-05,0.09999000099990002,0.1,0.0,1
2019-06-05,0.927396774421523,-0.0005377935191301919,-0.0005315672574854879,4.10958904109589e-06,2.116672603698134e-06,0.00211780706390768,0.1,0.0,1
2019-06-06,0.9272493559675914,-0.00015895942060351054,-0.00015429380330371777,4.109589041095891e-06,5.560282587641278e-07,0.0005561163494804239,0.1,0.0,1
2019-06-07,0.927447267370251,0.000213439245210445,0.00021806777800977286,4.109589041095891e-06,5.189437582910592e-07,0.0005188327497755395,0.1,0.0,1
2019-06-10,0.9274106802590937,-3.944926298726781e-05,-2.6730727696361333e-05,1.2328767123287673e-05,3.897681676573786e-07,0.00038978339239977483,0.1,0.0,1
2019-06-11,0.9273276094367753,-8.957285492461331e-05,-8.46772186569589e-05,4.10958904109589e-06,7.860472266281545e-07,0.0007861170234491437,0.1,0.0,1
2019-06-12,0.92718967643591,-0.00014874247187468548,-4.331160415151909e-05,4.10958904109589e-06,0.00010132127868212279,0.1013260836859127,0.2,0.0,2
2019-06-13,0.926936402462866,-0.0002731630641289451,-0.00026450294855531736,8.219178082191782e-06,4.4093749147323533e-07,0.0004410577776883365,0.2,0.0,2
2019-06-14,0.9269463952344954,1.0780428520096308e-05,2.0451793416709287e-05,8.219178082191782e-06,1.4521868144564498e-06,0.0014521690506310529,0.2,0.0,2
2019-06-17,0.9280582419273125,0.0011994724814003987,0.0012271987655706972,2.4657534246575345e-05,3.0687499237746657e-06,0.0030650640578684285,0.2,0.0,2
2019-06-18,0.9277810569464963,-0.000298671967225439,-0.00018819208710178504,8.219178082191782e-06,0.00010226070204139607,0.1022807911409881,0.30000000000000004,0.0,3
2019-06-19,0.9278846864218725,0.00011169604574301495,0.0003278021716295432,1.2328767123287673e-05,0.00020377735876330773,0.20371309270041102,0.5000000000000001,0.0,5
2019-06-20,0.9276092760182508,-0.0002968153345473956,-0.000272376640978306,2.0547945205479453e-05,3.890748363632485e-06,0.003891888393429603,0.5,0.0,5
2019-06-21,0.927163758402699,-0.0004802858564159074,-0.0004575392338259099,2.0547945205479453e-05,2.198677384594206e-06,0.002199729046848847,0.5000000000000001,0.0,5
2019-06-24,0.9267466129172665,-0.0004499156504469415,-0.0003868721044260948,6.164383561643835e-05,1.3997104044520113e-06,0.0014003384785811095,0.5,0.0,5
2019-06-25,0.9276190211976613,0.0009413665701443197,0.001064676994783853,2.054794520547945e-05,0.00010276247943405649,0.10265529405943602,0.5999999999999999,0.0,6
2019-06-26,0.9274413837188096,-0.0001914983142781157,-0.00015708309038525183,2.4657534246575342e-05,9.757689646428584e-06,0.009759463337391592,0.6000000000000002,0.0,6
2019-06-27,0.9270945426243966,-0.00037397629704882807,-0.0003463882319537926,2.4657534246575342e-05,2.930530848517562e-06,0.002931618613192101,0.6000000000000001,0.0,6
2019-06-28,0.9264484109125184,-0.0006969426333253148,-6.732136007727724e-05,2.4657534246575342e-05,0.0006049637390015195,0.6050193880158737,0.0,0.0,0
2019-07-01,0.9264484109125184,0.0,0.0,0.0,0.0,0.0,0.0,0.0,0
2019-07-02,0.9263557753349849,-9.999000099991662e-05,0.0,0.0,9.999000099990002e-05,0.09999000099990002,0.1,0.0,1
2019-07-03,0.9262947712479385,-6.585384219626178e-05,3.9114610989687824e-05,4.10958904109589e-06,0.00010085886414471224,0.10085533370154239,0.2,0.0,2
2019-07-05,0.9260036466195138,-0.0003142894005894181,-9.690275763850626e-05,1.6438356164383563e-05,0.00020094828678660063,0.2009710650709579,0.4000000000000001,0.0,4
2019-07-08,0.9262759225173784,0.00029403328902488646,0.00034607643572552864,4.9315068493150684e-05,2.7280782074263346e-06,0.0027272688593908117,0.4000000000000001,0.0,4
2019-07-09,0.9264836477024148,0.00022425843097795273,0.00024280903355004544,1.6438356164383563e-05,2.112246407818368e-06,0.0021117683653830146,0.4000000000000001,0.0,4
2019-07-10,0.9263681482156163,-0.00012466435547442423,-0.00010582694859733175,1.6438356164383563e-05,2.3990507128145395e-06,0.0023993440693484062,0.39999999999999997,0.0,4
2019-07-11,0.9259106251537634,-0.0004938890253666228,-0.00047313641583672256,1.643835616438356e-05,4.314253365574338e-06,0.004316366549743802,0.4,0.0,4
2019-07-12,0.9257846181812717,-0.0001360897791521376,-1.7428627260335327e-05,1.6438356164383563e-05,0.00010222279572727475,0.10222625782225399,0.5,0.0,5
2019-07-15,0.9256739277641461,-0.00011956389742462381,4.50480495812921e-05,6.164383561643837e-05,0.00010296811138948838,0.1029698202545934,0.4,0.0,4
2019-07-16,0.925270437762299,-0.0004358878323620363,-0.00021752752749318866,1.643835616438356e-05,0.00020192194870459335,0.20196920260755302,0.4,0.0,4
2019-07-17,0.9236861170335207,-0.001712278555672797,-0.0015939677774502116,1.643835616438356e-05,0.00010187242205817858,0.1020367426544033,0.3,0.0,3
2019-07-18,0.9232202392981825,-0.000504368017172685,-0.00029002880466605385,1.2328767123287671e-05,0.00020201044538334446,0.2020715432444876,0.3,0.0,3
2019-07-19,0.9226568193341119,-0.0006102768766192979,-0.0004936298640852822,1.2328767123287671e-05,0.00010431824541073653,0.10437105284577217,0.4000000000000001,0.0,4
2019-07-22,0.9227707380361068,0.00012346811903163335,0.00027333201509766595,4.931506849315069e-05,0.00010054882757295544,0.10052630797638915,0.5000000000000001,0.0,5
2019-07-23,0.9227290867662634,-4.5137181020726835e-05,-2.1644455942609962e-05,2.0547945205479453e-05,2.944779872694229e-06,0.002944904125270425,0.5,0.0,5
2019-07-24,0.9220401566856676,-0.0007466222648406795,-0.0006238660538806063,2.0547945205479456e-05,0.00010220826575465459,0.10227417266326375,0.39999999999999997,0.0,4
2019-07-25,0.922799420864578,0.0008234610753174998,0.0008416857199135875,1.6438356164383563e-05,1.7862884316065658e-06,0.0017848155173061304,0.4000000000000001,0.0,4
2019-07-26,0.9230197912391828,0.00023880636422402013,0.00035811353911190943,1.643835616438356e-05,0.00010286881872339239,0.10283368300593816,0.49999999999999994,0.0,5
2019-07-29,0.9224494271960914,-0.0006179326256110507,-0.000451604414116036,6.164383561643837e-05,0.00010468437587852877,0.10473813254173607,0.4,0.0,4
2019-07-30,0.9224280939037586,-2.3126787988436703e-05,-4.338934230696593e-06,1.643835616438356e-05,2.34949759336949e-06,0.0023495464105775595,0.4,0.0,4
2019-07-31,0.9214621148428612,-0.001047213400460656,-0.0006323507454779,1.6438356164383563e-05,0.0003984242988184185,0.39868295997786257,0.0,0.0,0
2019-08-01,0.9214621148428612,0.0,0.0,0.0,0.0,0.0,0.0,0.0,0
2019-08-02,0.9211857591151267,-0.00029991002699192304,0.0,0.0,0.0002999100269919025,0.29991002699190245,0.30000000000000004,0.0,3
2019-08-05,0.9212894354403766,0.00011254660010107109,0.0005510874574656154,3.698630136986302e-05,0.00040155455599465134,0.4013482224095137,0.30000000000000004,0.0,3
2019-08-06,0.9191587024293966,-0.0023127726521269265,-0.0022953626571377782,1.2328767123287671e-05,5.0812278659896525e-06,0.005092980894323408,0.3,0.0,3
2019-08-07,0.919388541908321,0.00025005418358858833,0.0003633077688556197,1.2328767123287671e-05,0.00010092481814359611,0.10088940807986288,0.2,0.0,2
2019-08-08,0.9198200152471454,0.000469304672787052,0.00048063810355263313,8.219178082191782e-06,3.11425268335684e-06,0.0031127821461601275,0.2,0.0,2
2019-08-09,0.9197321824934589,-9.54890655026075e-05,-8.629127605943034e-05,8.21917808219178e-06,9.786113609400447e-07,0.0009787038586861992,0.2,0.0,2
2019-08-12,0.9195737181544141,-0.0001722940026032127,-0.00014504313490761871,2.4657534246575345e-05,2.593333449059303e-06,0.002593773614177263,0.2,0.0,2
2019-08-13,0.9197492377523383,0.00019087061152256446,0.0002010279767268752,8.219178082191782e-06,1.938187122095073e-06,0.0019378134946031814,0.2,0.0,2
2019-08-14,0.9198007374874119,5.599323485117047e-05,6.860425182721468e-05,8.219178082191782e-06,4.391838893893683e-06,0.0043915737083914455,0.2,0.0,2
2019-08-15,0.9195849142334198,-0.0002346413143585746,-0.0001237891919591672,8.21917808219178e-06,0.00010263294431733486,0.10264649451376608,0.3,0.0,3
2019-08-16,0.9195813195962421,-3.908977976974093e-06,0.00011349154099642438,1.2328767123287671e-05,0.00010507175185012853,0.10506112357544141,0.4,0.0,4
2019-08-19,0.9197872119474562,0.00022389792705279632,0.000277200083824769,4.931506849315068e-05,3.987088278759264e-06,0.003986179888094351,0.39999999999999997,0.0,4
2019-08-20,0.9198907434716445,0.0001125602996470132,0.0001316866136394868,1.643835616438356e-05,2.6879578281224287e-06,0.002687648081364345,0.39999999999999997,0.0,4
2019-08-21,0.9188681276289036,-0.0011116709783181022,-0.0010924938634025495,1.6438356164383563e-05,2.738758751094112e-06,0.002741799220589407,0.4,0.0,4
2019-08-22,0.9189151861263487,5.12135485279952e-05,0.0001694552473704758,1.6438356164383563e-05,0.00010180334267813518,0.10178776743040018,0.3,0.0,3
2019-08-23,0.917908215516743,-0.0010958254089266095,-0.0010781952838991584,1.2328767123287671e-05,5.3013579040887466e-06,0.005307145473870277,0.30000000000000004,0.0,3
2019-08-26,0.9180102177135095,0.0001111246146860978,0.00015154883196619726,3.698630136986302e-05,3.4379159101780637e-06,0.0034375220989474272,0.30000000000000004,0.0,3
2019-08-27,0.9171778002885537,-0.0009067627014317514,-0.0008923311270255199,1.2328767123287671e-05,2.1028072829965643e-06,0.002104711330926414,0.3,0.0,3
2019-08-28,0.9173745647097329,0.00021453247245761808,0.0002282101249042268,1.2328767123287673e-05,1.3488853233113174e-06,0.0013485941869671393,0.3,0.0,3
2019-08-29,0.9179916778534178,0.0006726948483470885,0.0006887401251064407,1.2328767123287671e-05,3.716509636083971e-06,0.003713997446027957,0.3,0.0,3
2019-08-30,0.9173597552444628,-0.0006883750955485324,-0.0003750492112458703,1.2328767123287671e-05,0.00030099711717936447,0.3011137620197548,0.0,0.0,0
2019-09-03,0.9173597552444628,0.0,0.0,0.0,0.0,0.0,0.0,0.0,0
2019-09-04,0.9170846298555061,-0.00029991002699192304,0.0,0.0,0.00029991002699190244,0.29991002699190245,0.3,0.0,3
2019-09-05,0.9155304603745786,-0.001694684907294075,-0.0013772614117621709,1.2328767123287671e-05,0.00030509472840845557,0.3055192749924453,0.39999999999999997,0.0,4
2019-09-06,0.9154251911387089,-0.0001149816859470354,0.00010130384741425803,1.6438356164383563e-05,0.0001998471771970434,0.1998302185073832,0.2,0.0,2
2019-09-09,0.9166763330879011,0.0013667331435742724,0.0014954152790323917,2.4657534246575345e-05,0.00010402460121136913,0.10387183091159083,0.3,0.0,3
2019-09-10,0.9166030467428202,-7.9947897022703e-05,-6.263655417670927e-05,1.2328767123287673e-05,4.982575722686973e-06,0.004982949271080101,0.3,0.0,3
2019-09-11,0.9167492600159602,0.00015951645988909746,0.0002737854378127459,1.2328767123287673e-05,0.00010194021080036625,0.10191356481901055,0.39999999999999997,0.0,4
2019-09-12,0.9174779778957687,0.0007948933384420709,0.0008148646007175352,1.643835616438356e-05,3.5329061111260134e-06,0.0035300875965433615,0.4,0.0,4
2019-09-13,0.9168037353235358,-0.0007348869275088932,-0.0007156250160431863,1.643835616438356e-05,2.8235553013229905e-06,0.0028256238370377228,0.4,0.0,4
2019-09-16,0.917179573801707,0.000409944313805255,0.0005619988162386793,4.931506849315069e-05,0.00010273943394040736,0.10268678809304387,0.30000000000000004,0.0,3
2019-09-17,0.9166103732266432,-0.0006205988350835856,-0.0006056934479970354,1.2328767123287671e-05,2.5766199633280424e-06,0.002578213356457653,0.3,0.0,3
2019-09-18,0.9166374441669901,2.9533748621801692e-05,4.375705438545698e-05,1.2328767123287673e-05,1.8945386404255288e-06,0.0018944791001921557,0.30000000000000004,0.0,3
2019-09-19,0.91647363766678,-0.00017870369714056977,-0.00016537234638994703,1.2328767123287671e-05,1.0025836274185935e-06,0.0010027618193104734,0.30000000000000004,0.0,3
2019-09-20,0.9164316793218804,-4.57823806110369e-05,-3.121679820172202e-05,1.232876712328767e-05,2.236815285837496e-06,0.0022369126934653157,0.30000000000000004,0.0,3
2019-09-23,0.9165260389016145,0.00010296411818067064,0.00014091004278382057,3.698630136986301e-05,9.59623233388362e-07,0.0009595235161145926,0.30000000000000004,0.0,3
2019-09-24,0.9163855156700319,-0.00015332159220604602,-0.00013807500644966172,1.2328767123287673e-05,2.91781863306686e-06,0.0029182575500146402,0.30000000000000004,0.0,3
2019-09-25,0.9167502412006245,0.0003980044690317097,0.0004118007535137524,1.2328767123287673e-05,1.4675173587252457e-06,0.0014669313607406722,0.3,0.0,3
2019-09-26,0.9162822707515041,-0.0005104666768426247,-0.0004970634598888135,1.232876712328767e-05,1.0744498306085518e-06,0.0010749974259413844,0.3,0.0,3
2019-09-27,0.9167609844916278,0.0005224522566948941,0.0005369822912726362,1.2328767123287673e-05,2.201267454492185e-06,0.0022001131573706426,0.3,0.0,3
2019-09-30,0.9156873565699446,-0.001171109961969563,-0.0008349113500019933,3.698630136986301e-05,0.00029921231059777665,0.2994734207699943,0.0,0.0,0
2019-10-01,0.9156873565699446,0.0,0.0,0.0,0.0,0.0,0.0,0.0,0
2019-10-02,0.9155042557188008,-0.00019996000799848979,0.0,0.0,0.00019996000799840034,0.19996000799840033,0.2,0.0,2
2019-10-03,0.9159695612386363,0.0005082505263398485,0.0006173713627831479,8.219178082191782e-06,0.00010090165836108913,0.10084023131387852,0.1,0.0,1
2019-10-04,0.9155721079959871,-0.00043391533896797174,-0.0003284613291056115,4.109589041095891e-06,0.00010134442082118498,0.10137813624103467,0.2,0.0,2
2019-10-07,0.91540658658327,-0.00018078468235493972,-0.00015516805577780456,2.465753424657535e-05,9.590923305936604e-07,0.000959264830957877,0.2,0.0,2
2019-10-08,0.9146386000125194,-0.0008389567892636007,-0.0008283324317030717,8.21917808219178e-06,2.405179478220858e-06,0.0024071932195837654,0.2,0.0,2
2019-10-09,0.913649753734518,-0.0010811333328681894,-0.0010712163193055627,8.219178082191782e-06,1.697835480502105e-06,0.001699670164811854,0.2,0.0,2
2019-10-10,0.913739124647697,9.781747635106974e-05,0.00020648219161220626,8.21917808219178e-06,0.00010044553717902813,0.10042562649168424,0.1,0.0,1
2019-10-11,0.9140027467567715,0.00028850916192979525,0.00029418936497758183,4.109589041095891e-06,1.5706140067314274e-06,0.001570158535495266,0.1,0.0,1
2019-10-14,0.914139582193966,0.00014971009406705704,0.00016220106225253164,1.2328767123287671e-05,1.622010622525365e-07,0.0001621767564498307,0.1,0.0,1
2019-10-15,0.9140914565993218,-5.264578362162986e-05,5.297889011390831e-05,4.10958904109589e-06,0.0001015150846945268,0.10151012396571678,0.2,0.0,2
2019-10-16,0.913779265736532,-0.00034153132111225393,-0.00023265386851111788,8.219178082191782e-06,0.00010065827451884064,0.10068252622567132,0.3,0.0,3
2019-10-17,0.9143953164640487,0.0006741789298754242,0.000688313834652876,1.2328767123287673e-05,1.8061376540801348e-06,0.0018049175567636407,0.3,0.0,3
2019-10-18,0.9142776263844934,-0.00012870809532405936,-0.00011520728824115929,1.2328767123287673e-05,1.172039959681163e-06,0.0011721894561005338,0.3,0.0,3
2019-10-21,0.9134254457328439,-0.0009320808330609553,-0.0008924945148234498,3.698630136986301e-05,2.6000168677280803e-06,0.0026024357818626963,0.3,0.0,3
2019-10-22,0.9130247065857312,-0.0004387212431893328,-0.00042473382177435343,1.2328767123287671e-05,1.6586542917507139e-06,0.0016593795444703838,0.30000000000000004,0.0,3
2019-10-23,0.9129900838340922,-3.7920936190705135e-05,-2.47766941135097e-05,1.2328767123287673e-05,8.154749540677394e-07,0.000815505213764837,0.30000000000000004,0.0,3
2019-10-24,0.913233422164406,0.0002665289959029593,0.0002804257941453448,1.2328767123287671e-05,1.5680311188727214e-06,0.001567610847065096,0.3,0.0,3
2019-10-25,0.9132794631662003,5.041537100702875e-05,6.521703913671685e-05,1.2328767123287673e-05,2.472901006505963e-06,0.0024727702259616253,0.3,0.0,3
2019-10-28,0.91323030569472,-5.3825223781944764e-05,-1.454657745679775e-05,3.6986301369863006e-05,2.2923449553420948e-06,0.002292463092564858,0.3,0.0,3
2019-10-29,0.9125959231418883,-0.0006946577975739388,-0.0005806576358273474,1.2328767123287671e-05,0.0001016713946231818,0.10173172014997953,0.4,0.0,4
2019-10-30,0.9115995043397536,-0.0010918510338115972,-0.0009730747106202923,1.6438356164383563e-05,0.00010233796702693815,0.10243933208458854,0.30000000000000004,0.0,3
2019-10-31,0.9114953161228025,-0.00011429165599041724,0.00019922297691051248,1.2328767123287671e-05,0.00030118586577765214,0.301129586401558,0.0,0.0,0
2019-11-01,0.9114953161228025,0.0,0.0,0.0,0.0,0.0,0.0,0.0,0
2019-11-04,0.911404175705232,-9.999000099991662e-05,0.0,0.0,9.999000099990003e-05,0.09999000099990002,0.1,0.0,1
2019-11-05,0.9111819452052404,-0.00024383309393949393,-0.00013810992304278956,4.109589041095891e-06,0.0001016135818556054,0.10162803534520623,0.2,0.0,2
2019-11-06,0.9110005677257618,-0.00019905736766745452,-0.00018943956524549168,8.219178082191782e-06,1.3986243398375495e-06,0.0013989008448205768,0.2,0.0,2
2019-11-07,0.9114916504143411,0.000539058597740727,0.0005496084114926081,8.21917808219178e-06,2.3306356696035612e-06,0.002329374571290085,0.2,0.0,2
2019-11-08,0.9115050904591742,1.4745110201497269e-05,2.3608708978417615e-05,8.21917808219178e-06,6.444206948365539e-07,0.0006444107776569812,0.2,0.0,2
2019-11-11,0.9118388561708999,0.00036616988234006165,0.0005918394265379213,2.4657534246575345e-05,0.0002010120099513008,0.20089806420708617,0.4,0.0,4
2019-11-12,0.9121910172395181,0.00038620976309022836,0.00040318833410486483,1.6438356164383563e-05,5.402148502470295e-07,0.0005400060029373058,0.4,0.0,4
2019-11-13,0.9127293713331502,0.0005901769294562875,0.0007115672467524091,1.643835616438356e-05,0.00010495196113164035,0.10487905666933187,0.49999999999999994,0.0,5
2019-11-14,0.9120725407778806,-0.0007196334158834361,-0.0004978310119349961,2.0547945205479453e-05,0.00020125445874291848,0.20135883892785292,0.30000000000000004,0.0,3
2019-11-15,0.9117329673419161,-0.00037230968018708843,-0.00035840842257945933,1.2328767123287673e-05,1.5724904842835534e-06,0.0015730736811993167,0.3,0.0,3
2019-11-18,0.9116605275042562,-7.94529102869923e-05,-4.111465968435479e-05,3.698630136986301e-05,1.351949232782146e-06,0.001352054829563733,0.30000000000000004,0.0,3
2019-11-19,0.9102963924506307,-0.0014963190929851988,-0.0012846668627555236,1.2328767123287673e-05,0.00019932346310636822,0.1995823205038628,0.30000000000000004,0.0,3
2019-11-20,0.9097881661686992,-0.0005583085752578487,-0.0005444636634706902,1.2328767123287673e-05,1.5161446639950017e-06,0.0015169893121613049,0.30000000000000004,0.0,3
2019-11-21,0.9100146417476936,0.0002489322101739688,0.00036275354656802326,1.2328767123287673e-05,0.0001014925692707743,0.10145701621824291,0.4000000000000001,0.0,4
2019-11-22,0.9094623717821142,-0.0006068803074626983,-0.0004871164720440525,1.6438356164383563e-05,0.00010332547925431401,0.10337753551144908,0.5000000000000001,0.0,5
2019-11-25,0.9094706906751263,9.147044748969435e-06,7.504950270151864e-05,6.164383561643837e-05,4.25862233616237e-06,0.004258565247254405,0.49999999999999994,0.0,5
2019-11-26,0.909145514386137,-0.0003575445501690089,-0.00023404998035279068,2.0547945205479453e-05,0.00010294662461066861,0.10297284128244796,0.4,0.0,4
2019-11-27,0.9096435816505349,0.0005478410843111625,0.0005666505547338774,1.6438356164383563e-05,2.3711142583019036e-06,0.002369810359733681,0.4,0.0,4
2019-11-29,0.9093343034410588,-0.0003399993312930283,9.21860395420582e-05,3.287671232876712e-05,0.0003993086585063012,0.3992849771829381,0.0,0.0,0
2019-12-02,0.9093343034410588,0.0,0.0,0.0,0.0,0.0,0.0,0.0,0
2019-12-03,0.9092433791031485,-9.999000099991662e-05,0.0,0.0,9.99900009999e-05,0.0999900009999,0.1,0.0,1
2019-12-04,0.9097983327909087,0.0006103466910121202,0.0006154877900187206,4.10958904109589e-06,1.0315099655341665e-06,0.0010308797081527716,0.1,0.0,1
2019-12-05,0.9095088812213661,-0.000318149153620384,-0.0002138575219727157,4.109589041095891e-06,0.00010018204260661067,0.1002038837576657,0.2,0.0,2
2019-12-06,0.9095587206560425,5.479818361919797e-05,0.0001633704608145159,8.219178082191782e-06,0.00010035309911316768,0.10033753161643119,0.30000000000000004,0.0,3
2019-12-09,0.9100126934802967,0.0004991132666252174,0.0005369976173318636,3.698630136986301e-05,8.980493366419367e-07,0.0008976005262216124,0.30000000000000004,0.0,3
2019-12-10,0.9099937207289601,-2.084888647435612e-05,-7.2852892227581585e-06,1.2328767123287671e-05,1.234830128360654e-06,0.0012348543488634317,0.3,0.0,3
2019-12-11,0.9094381884079699,-0.0006104792905001766,-0.0005956373665500058,1.2328767123287673e-05,2.513156826965621e-06,0.0025146856706902343,0.30000000000000004,0.0,3
2019-12-12,0.9084333217697034,-0.0011049312103613707,-0.0009876160073097773,1.2328767123287671e-05,0.00010498643592829581,0.10509152164620314,0.4000000000000001,0.0,4
2019-12-13,0.9089035247390886,0.0005175976685545258,0.0005375933416357006,1.643835616438356e-05,3.557316916822377e-06,0.003555463969049243,0.4,0.0,4
2019-12-16,0.9089646049054122,6.720203482668552e-05,0.00021846741626067021,4.9315068493150684e-05,0.00010195031294082877,0.1019330707226009,0.5000000000000001,0.0,5
2019-12-17,0.9088674557803195,-0.00010687888677785029,-8.196556905100119e-05,2.0547945205479453e-05,4.365372521301751e-06,0.004365820076860441,0.5000000000000001,0.0,5
2019-12-18,0.9089829107096262,0.00012703164644367604,0.00015001598322661447,2.054794520547945e-05,2.4363915776429687e-06,0.0024360761836390026,0.49999999999999994,0.0,5
2019-12-19,0.9092715847014571,0.00031757911884788825,0.00044051637892086887,2.0547945205479453e-05,0.00010238931486750772,0.10234633263849303,0.5999999999999999,0.0,6
2019-12-20,0.9089237208721072,-0.00038257417827936013,-0.00035486016922535164,2.4657534246575342e-05,3.0564748073882164e-06,0.003057635234090313,0.5999999999999999,0.0,6
2019-12-23,0.9088059628953995,-0.000129557600933361,0.00014694030718753742,7.397260273972603e-05,0.000202525305381162,0.20251052865275967,0.6,0.0,6
2019-12-24,0.9087049077670742,-0.00011119549436411358,-8.495657492983421e-05,2.465753424657534e-05,1.581385187710966e-06,0.0015815585488424078,0.5999999999999999,0.0,6
2019-12-26,0.9088975062225156,0.00021194829453996533,0.00026310505699386207,4.9315068493150684e-05,1.8416939605910564e-06,0.0018413003090191648,0.6000000000000001,0.0,6
2019-12-27,0.9085789631977936,-0.0003504718876894408,-0.00032373746224305123,2.4657534246575342e-05,2.0768911996457037e-06,0.0020776150303269013,0.6,0.0,6
2019-12-30,0.9083418387612914,-0.0002609838507240392,-8.475206597455825e-05,7.397260273972603e-05,0.00010225918200984015,0.10227541564130543,0.7000000000000001,0.0,7
2019-12-31,0.9078141477498666,-0.0005809387929817111,0.00015120486092247147,2.8767123287671234e-05,0.000703376530616473,0.7032904213283853,0.0,0.0,0
2020-01-02,0.9078141477498666,0.0,0.0,0.0,0.0,0.0,0.0,0.0,0
2020-01-03,0.9077233754123254,-9.99900009998056e-05,0.0,0.0,9.999000099990002e-05,0.09999000099990002,0.1,0.0,1
2020-01-06,0.907054150355646,-0.0007372566079125731,-0.000724203637152221,1.2328767123287673e-05,7.242036371522164e-07,0.0007247374297538214,0.1,0.0,1
2020-01-07,0.9075026388664355,0.0004944451338584344,0.0006979808174732983,4.109589041095891e-06,0.00019942609457374955,0.19928781449309563,0.1,0.0,1
2020-01-08,0.9080387731065181,0.0005907798138773401,0.0006956441250249023,4.10958904109589e-06,0.00010075472210641263,0.10068509488604013,0.2,0.0,2
2020-01-09,0.9089818956775164,0.0010386368940742408,0.0010485071730751418,8.21917808219178e-06,1.6511009187924428e-06,0.0016493850832911747,0.2,0.0,2
2020-01-10,0.9094610039483573,0.0005270823028700189,0.0006376962257816588,8.21917808219178e-06,0.00010239474482945421,0.1023303302352876,0.3,0.0,3
2020-01-13,0.9090318134946167,-0.00047191737949980883,-0.0002322229080216176,3.698630136986302e-05,0.00020270817010828687,0.20276275570944546,0.30000000000000004,0.0,3
2020-01-14,0.9092517761026172,0.00024197459839703228,0.0002561697561705047,1.2328767123287671e-05,1.8663906501407248e-06,0.0018659356585442471,0.30000000000000004,0.0,3
2020-01-15,0.9098739493693688,0.0006842695093964846,0.0008010136690023985,1.2328767123287671e-05,0.00010441539248265018,0.10433310653675847,0.39999999999999997,0.0,4
2020-01-16,0.9100355808948187,0.000177641667356232,0.00019824708423252794,1.643835616438356e-05,4.167060711968471e-06,0.004166303241675356,0.4000000000000001,0.0,4
2020-01-17,0.9087610580464504,-0.0014005197984843232,-0.0013802228675079578,1.6438356164383563e-05,3.858574811992546e-06,0.003863971471115629,0.39999999999999997,0.0,4
2020-01-21,0.9089434320504617,0.00020068421990204754,0.00027083722779991387,6.575342465753425e-05,4.399583240415e-06,0.004398681142157556,0.4,0.0,4
2020-01-22,0.9069564173777962,-0.0021860707747048957,-0.0020650684592668166,1.6438356164383563e-05,0.00010456395927359449,0.10478206385364079,0.30000000000000004,0.0,3
2020-01-23,0.9072125388517536,0.0002823966720451043,0.00039520761185182773,1.2328767123287673e-05,0.00010048217268353192,0.10044371491000692,0.2,0.0,2
2020-01-24,0.9064481611131057,-0.0008425564086839143,-0.0007321540907945623,8.21917808219178e-06,0.00010218313980704629,0.10225884952574124,0.3,0.0,3
2020-01-27,0.905536101393587,-0.001006190710783339,-0.0007696875063181841,3.698630136986301e-05,0.00019951690309532325,0.19967797809022073,0.3,0.0,3
2020-01-28,0.9050069315040664,-0.0005843719413353154,-0.0005700023363446772,1.2328767123287671e-05,2.040837867298937e-06,0.002042027003136985,0.30000000000000004,0.0,3
2020-01-29,0.904163458703092,-0.0009320070063690844,-0.000718708380289418,1.2328767123287671e-05,0.00020096985895632987,0.2011168828686787,0.5000000000000001,0.0,5
2020-01-30,0.9056215875356266,0.0016126827715710057,0.0017410250268737662,2.0547945205479453e-05,0.0001077943100971608,0.1076091709847043,0.4,0.0,4
2020-01-31,0.9054383366900931,-0.00020234814193442752,0.00021332944533010147,1.643835616438356e-05,0.00039923923110015395,0.3991606399270066,0.0,0.0,0
2020-02-03,0.9054383366900931,0.0,0.0,0.0,0.0,0.0,0.0,0.0,0
2020-02-04,0.9052572852330465,-0.00019996000799837876,0.0,0.0,0.0001999600079984003,0.19996000799840033,0.2,0.0,2
2020-02-05,0.9052898073694126,3.5925848812956573e-05,0.00014663225919426815,8.21917808219178e-06,0.00010248723229918324,0.10247304868878326,0.1,0.0,1
2020-02-06,0.9054100216139583,0.00013279089587348025,0.00023801674503856626,4.109589041095891e-06,0.0001011162601238383,0.10109261383804308,0.2,0.0,2
2020-02-07,0.905672243889054,0.0002896171555824001,0.00039840675190875864,8.219178082191782e-06,0.00010057041824417398,0.1005311922221869,0.30000000000000004,0.0,3
2020-02-10,0.9053432599654772,-0.00036324832277523367,-0.00022481430513963125,3.698630136986302e-05,0.00010144771626587942,0.10147428229452923,0.4000000000000001,0.0,4
2020-02-11,0.9046817599757919,-0.0007306620802705055,-0.0007117604564692294,1.643835616438356e-05,2.463267636826379e-06,0.0024650626925521633,0.39999999999999997,0.0,4
2020-02-12,0.9046811853680725,-6.35149004724056e-07,1.935760020021486e-05,1.6438356164383563e-05,3.5543930404436237e-06,0.0035543826643332295,0.4,0.0,4
2020-02-13,0.9034158769215139,-0.0013986235891970678,-0.0013780551161274301,1.6438356164383563e-05,4.1301169052897305e-06,0.0041358843690445166,0.4,0.0,4
2020-02-14,0.9038042858204571,0.00042993366495469587,0.0005505989334725347,1.643835616438356e-05,0.00010422691235335237,0.1041712681686085,0.30000000000000004,0.0,3
2020-02-18,0.9036445168891161,-0.00017677381469372033,-2.5960274965464167e-05,4.931506849315069e-05,0.00010149847123511585,0.10150611214257055,0.2,0.0,2
2020-02-19,0.9038137507848513,0.00018727928136796912,0.00029748587755046285,8.21917808219178e-06,0.00010198741810020745,0.10195792506773846,0.3,0.0,3
2020-02-20,0.9022595205379912,-0.0017196355394133445,-0.0017046461036955786,1.232876712328767e-05,2.6606685944572466e-06,0.0026652447527222524,0.30000000000000004,0.0,3
2020-02-21,0.9007196161587786,-0.001706720011437901,-0.001590707372835104,1.2328767123287673e-05,0.00010368387147958286,0.10385034733951533,0.2,0.0,2
2020-02-24,0.9025655123757625,0.0020493571849318215,0.0021749175724293857,2.4657534246575345e-05,0.00010090285325105357,0.1006863514132193,0.1,0.0,1
2020-02-25,0.9030139142297642,0.0004968080963134724,0.0005064367483252561,4.10958904109589e-06,5.519062970636883e-06,0.005516291987353094,0.1,0.0,1
2020-02-26,0.9031926851324161,0.00019797137102184337,0.0002033173360988238,4.10958904109589e-06,1.2363760358265666e-06,0.00123612978919619,0.1,0.0,1
2020-02-27,0.9040211081955033,0.000917216311340896,0.0011254824576821477,4.109589041095891e-06,0.0002041565573002588,0.20392787811058605,0.3,0.0,3
2020-02-28,0.9051566970730106,0.0012561530557333445,0.0015587769982597479,1.2328767123287673e-05,0.00029029517540309167,0.28984694211216194,0.0,0.0,0
2020-03-02,0.9051566970730106,0.0,0.0,0.0,0.0,0.0,0.0,0.0,0
2020-03-03,0.9048852315035596,-0.000299910026991812,0.0,0.0,0.00029991002699190244,0.29991002699190245,0.3,0.0,3
2020-03-04,0.9030446274374734,-0.0020340746008505883,-0.0018139667459601385,1.2328767123287673e-05,0.00020777908776726015,0.20815924806801359,0.30000000000000004,0.0,3
2020-03-05,0.9003935928745738,-0.0029356628480502467,-0.002726403717892445,1.2328767123287671e-05,0.00019693036303458032,0.19747118378045433,0.3,0.0,3
2020-03-06,0.9005331595745002,0.0001550063228248355,0.0004658308534453314,1.2328767123287671e-05,0.00029849576349721903,0.2983604564077621,0.2,0.0,2
2020-03-09,0.8958222007639394,-0.00523129965895619,-0.005089462639129195,2.4657534246575345e-05,0.00011717948558046097,0.11778183604423201,0.3,0.0,3
2020-03-10,0.8956863818108557,-0.00015161373871719341,0.0001735540526128783,1.232876712328767e-05,0.0003128390242067461,0.31278859477625537,0.4,0.0,4
2020-03-11,0.8967244502613237,0.0011589641994660393,0.0011888839738368182,1.643835616438356e-05,1.3481418206392243e-05,0.013465630486938635,0.4,0.0,4
2020-03-12,0.8967683425607589,4.8947365517193475e-05,9.847634278777313e-05,1.643835616438356e-05,3.309062110614587e-05,0.03308790664090347,0.39999999999999997,0.0,4
2020-03-13,0.8918002425624267,-0.0055400037696976545,-0.005295523986567419,1.643835616438356e-05,0.00022804142696581885,0.2292592434336617,0.4000000000000001,0.0,4
2020-03-16,0.8954642364699977,0.0041085365676096774,0.00437779605482479,4.931506849315069e-05,0.00021994441872194085,0.21899649655054854,0.4,0.0,4
2020-03-17,0.8978450886817588,0.002658790954227941,0.0030089632658931373,1.643835616438356e-05,0.0003337339555007995,0.3327382280648963,0.1,0.0,1
2020-03-18,0.8942016149389918,-0.004058020463325707,-0.004049861013271261,4.10958904109589e-06,4.049861013271266e-06,0.004066345859845916,0.1,0.0,1
2020-03-19,0.8950172423230002,0.0009121291780087581,0.0010037344360956046,4.109589041095891e-06,8.749566904572639e-05,0.0874082935436615,0.0,0.0,0
2020-03-20,0.8950172423230002,0.0,0.0,0.0,0.0,0.0,0.0,0.0,0
2020-03-23,0.8950172423230002,0.0,0.0,0.0,0.0,0.0,0.0,0.0,0
2020-03-24,0.8949277495480453,-9.999000099991662e-05,0.0,0.0,9.999000099990002e-05,0.0999900009999,0.1,0.0,1
2020-03-25,0.8964975095793254,0.0017540634225197138,0.0018568881224908795,4.109589041095891e-06,9.871511093008037e-05,0.09853255193301286,0.0,0.0,0
2020-03-26,0.8964975095793254,0.0,0.0,0.0,0.0,0.0,0.0,0.0,0
2020-03-27,0.8964975095793254,0.0,0.0,0.0,0.0,0.0,0.0,0.0,0
2020-03-30,0.8964975095793254,0.0,0.0,0.0,0.0,0.0,0.0,0.0,0
2020-03-31,0.8964975095793254,0.0,0.0,0.0,0.0,0.0,0.0,0.0,0
2020-04-01,0.8964975095793254,0.0,0.0,0.0,0.0,0.0,0.0,0.0,0
2020-04-02,0.8957808848714283,-0.0007993605115906854,0.0,0.0,0.0007993605115907277,0.7993605115907276,0.8000000000000003,0.0,8
2020-04-03,0.8950961120311267,-0.0007644423450717808,-0.0006163997334996009,3.287671232876713e-05,0.000115165899243416,0.11524072233002514,0.7,0.0,7
2020-04-06,0.8983626461822818,0.0036493669308235166,0.003996553792202505,8.630136986301372e-05,0.0002608854915159293,0.25986933681216773,0.5000000000000001,0.0,5
2020-04-07,0.8991944075273981,0.0009258636794962083,0.0009574290468261081,2.0547945205479453e-05,1.10174221243019e-05,0.011007109771173822,0.5000000000000001,0.0,5
2020-04-08,0.8983758134500294,-0.0009103638440319806,-0.0008601626205102857,2.0547945205479453e-05,2.9653278316178103e-05,0.02967941729257196,0.5000000000000001,0.0,5
2020-04-09,0.8954233821481578,-0.0032864100498580795,-0.003139756209896739,2.0547945205479453e-05,0.00012610589475593948,0.12650569121753832,0.4,0.0,4
2020-04-13,0.8979020000053407,0.002768095971803497,0.002846463698868268,6.575342465753424e-05,1.2614302407343397e-05,0.012579322954760478,0.4,0.0,4
2020-04-14,0.8966850430742057,-0.0013553338016039085,-0.0012215346865778467,1.643835616438356e-05,0.00011736075886173952,0.11750622840485905,0.5,0.0,5
2020-04-15,0.897717193235511,0.0011510732439192761,0.0011883365880833217,2.0547945205479453e-05,1.6715398958631822e-05,0.016695901674273997,0.5,0.0,5
2020-04-16,0.8985669843524872,0.0009466133915887465,0.0010824564151040387,2.0547945205479453e-05,0.0001152950783098975,0.11517277536423648,0.39999999999999997,0.0,4
2020-04-17,0.9013142573005555,0.003057393601043623,0.0030902082037007964,1.6438356164383563e-05,1.6376246492885684e-05,0.01632606392984916,0.4,0.0,4
2020-04-20,0.8999444167355484,-0.0015198256922173137,-0.001361904054686092,4.931506849315069e-05,0.000108606569038113,0.10876005330517524,0.3,0.0,3
2020-04-21,0.9002131076376193,0.0002985638858070683,0.00041897179901933,1.2328767123287673e-05,0.00010807914608896298,0.10803521432185961,0.2,0.0,2
2020-04-22,0.8999521960252974,-0.00028983316295694284,-0.0002748750167151587,8.21917808219178e-06,6.7389681596963665e-06,0.0067408764626907995,0.2,0.0,2
2020-04-23,0.900083689995187,0.00014611217181337288,0.0001584082205115188,8.219178082191782e-06,4.0768706158471385e-06,0.004076258406500372,0.2,0.0,2
2020-04-24,0.8996273011201495,-0.0005070515998794045,-0.0004958225520759863,8.21917808219178e-06,3.0098697211927423e-06,0.0030113875862018686,0.2,0.0,2
2020-04-27,0.9005484773120311,0.0010239531311850847,0.0010569577387471772,2.4657534246575345e-05,8.347073315557601e-06,0.008338465515900317,0.2,0.0,2
2020-04-28,0.901002817531205,0.0005045150046003588,0.0006167949694603326,8.219178082191782e-06,0.0001040607867777377,0.10399749641905313,0.30000000000000004,0.0,3
2020-04-29,0.90163230941714,0.0006986569561011624,0.0007202564357718153,1.2328767123287671e-05,9.27071254722648e-06,0.009264154196144401,0.3,0.0,3
2020-04-30,0.9023785870908176,0.0008276962414535127,0.0011331447775801361,1.2328767123287673e-05,0.0002931197690032104,0.2927916034862957,0.0,0.0,0
2020-05-01,0.9023785870908176,0.0,0.0,0.0,0.0,0.0,0.0,0.0,0
2020-05-04,0.9022883582549921,-9.999000099991662e-05,0.0,0.0,9.999000099990002e-05,0.09999000099990002,0.1,0.0,1
2020-05-05,0.9027847814010043,0.0005501823684972429,0.0007551571511631327,4.109589041095891e-06,0.00020086519362486256,0.20071444752836373,0.3,0.0,3
2020-05-06,0.901179588101157,-0.0017780464767652715,-0.001759579321058541,1.2328767123287673e-05,6.138388583323967e-06,0.006149284550355273,0.3,0.0,3
2020-05-07,0.9032779194955889,0.002328427565534641,0.0023497526489391794,1.2328767123287671e-05,8.996316281199258e-06,0.00897533711388192,0.3,0.0,3
2020-05-08,0.9063536563049521,0.003405083577245893,0.003627906280079851,1.2328767123287673e-05,0.00021049393571070019,0.20973562031821166,0.5000000000000001,0.0,5
2020-05-11,0.9069467645915401,0.0006543894675792306,0.0009282573314503163,6.164383561643837e-05,0.00021222402825449627,0.21204027129373285,0.7000000000000003,0.0,7
2020-05-12,0.907591403976748,0.000710779739644618,0.0008597071804615951,2.8767123287671234e-05,0.00012016031752931673,0.1200605544053748,0.6000000000000001,0.0,6
2020-05-13,0.9063602409303684,-0.0013565168653923987,-0.0012170646363848852,2.465753424657534e-05,0.00011479469476083492,0.11493741509739643,0.5,0.0,5
2020-05-14,0.9067553214335059,0.00043589787514508593,0.0005677573578167671,2.0547945205479453e-05,0.0001113115374662334,0.1112506600578905,0.5999999999999999,0.0,6
2020-05-15,0.9041939382689709,-0.0028247787512133415,-0.002693306383155048,2.4657534246575345e-05,0.00010681483381169287,0.10710594390255927,0.7000000000000002,0.0,7
2020-05-18,0.9036892790468446,-0.0005581316139903203,-0.00042382981482912504,8.630136986301372e-05,4.800042929803442e-05,0.048024928311608775,0.6999999999999998,0.0,7
2020-05-19,0.9019295103082309,-0.001947316162110302,-0.0019011717441415842,2.876712328767123e-05,1.7377294681118364e-05,0.017410896647274732,0.6999999999999998,0.0,7
2020-05-20,0.9059217935080549,0.004426380503349536,0.004566372898695236,2.8767123287671234e-05,0.00011122527205798736,0.11072285538990052,0.8000000000000003,0.0,8
2020-05-21,0.9042892310557541,-0.0018021008700750407,-0.0016598457434294671,3.287671232876713e-05,0.00010937841431665556,0.1095638755491375,0.7,0.0,7
2020-05-22,0.9043179390879722,3.1746515641417616e-05,0.0001670080361130699,2.8767123287671228e-05,0.00010649439718390974,0.10647967733611745,0.5999999999999999,0.0,6
2020-05-26,0.9039187201928534,-0.0004414585599412657,-0.00031490763662355765,9.863013698630138e-05,2.79207863313928e-05,0.027932337408016233,0.6,0.0,6
2020-05-27,0.903773237371494,-0.00016094679544675916,-0.00011672849651412917,2.4657534246575342e-05,1.956076468606459e-05,0.019563530696017364,0.6000000000000002,0.0,6
2020-05-28,0.9036463054797288,-0.00014044661483259002,-5.6067391547620065e-06,2.4657534246575345e-05,0.00011018234143140345,0.11018567612083047,0.5,0.0,5
2020-05-29,0.9042561973870477,0.0006749232566110042,0.0011911512789379798,2.0547945205479453e-05,0.000495680077121412,0.49510051081292167,0.0,0.0,0
2020-06-01,0.9042561973870477,0.0,0.0,0.0,0.0,0.0,0.0,0.0,0
2020-06-02,0.9040753823105855,-0.00019996000799848979,0.0,0.0,0.00019996000799840034,0.19996000799840033,0.2,0.0,2
2020-06-03,0.9036248456517109,-0.0004983397045090765,-0.0004823600758926296,8.21917808219178e-06,7.760450534267581e-06,0.007764259518910034,0.2,0.0,2
2020-06-04,0.9037985569827991,0.00019223832979387012,0.00020309214930340212,8.219178082191782e-06,2.634641427562779e-06,0.002634128107191953,0.2,0.0,2
2020-06-05,0.9052780114195347,0.0016369294078921737,0.0016494998194639067,8.21917808219178e-06,4.351233489486062e-06,0.004344103596349218,0.2,0.0,2
2020-06-08,0.9037781912317884,-0.0016567509304622474,-0.0016244428050170906,2.4657534246575345e-05,7.650591198648921e-06,0.007663228631585123,0.2,0.0,2
2020-06-09,0.9044925342152019,0.0007903963498387956,0.000905734790560547,8.219178082191782e-06,0.00010711926263945729,0.10702320763970316,0.3,0.0,3
2020-06-10,0.9053204018998431,0.0009152841547326318,0.0009335926188496268,1.2328767123287671e-05,5.97969699359662e-06,0.005974193185371707,0.3,0.0,3
2020-06-11,0.9043818487156232,-0.0010367083103951513,-0.0010077551603545787,1.2328767123287673e-05,1.662438291733229e-05,0.0166413584996692,0.3,0.0,3
2020-06-12,0.9033272831587341,-0.0011660622760029105,-0.0011474307570221557,1.2328767123287671e-05,6.302751857462093e-06,0.006310070021267283,0.3,0.0,3
2020-06-15,0.9036691730645918,0.0003784784454448076,0.00041746814826826295,3.698630136986302e-05,2.003401453687445e-06,0.0020026394857172477,0.3,0.0,3
2020-06-16,0.9032659440174527,-0.00044621312661541346,-0.00032999246173019415,1.2328767123287671e-05,0.00010389189776186253,0.10392747434259113,0.2,0.0,2
2020-06-17,0.9033863337878596,0.00013328275155743974,0.0001462489303043155,8.21917808219178e-06,4.74700066455107e-06,0.004746345527653928,0.2,0.0,2
2020-06-18,0.9036447362442823,0.0002860375973801066,0.0002959575136750215,8.21917808219178e-06,1.700738212795519e-06,0.001700248985982199,0.2,0.0,2
2020-06-19,0.9035852180505443,-6.586459407198486e-05,-5.195608159314646e-05,8.219178082191782e-06,5.689334396798483e-06,0.005689676774575862,0.2,0.0,2
2020-06-22,0.9037981847129365,0.00023569073302431853,0.00036257774514671944,2.4657534246575345e-05,0.0001022294778759085,0.10219494413883215,0.3,0.0,3
2020-06-23,0.9016045742160473,-0.0024271021274355764,-0.002311392260514744,1.2328767123287671e-05,0.00010338109979745084,0.10362188815788688,0.4,0.0,4
2020-06-24,0.9022282001368261,0.0006916845129374405,0.0008157531278886852,1.6438356164383563e-05,0.00010763025878690449,0.10754429704166438,0.5000000000000001,0.0,5
2020-06-25,0.9020209815472646,-0.00022967425483944037,-0.00020168653908312346,2.0547945205479456e-05,7.439770550909951e-06,0.007441424291999855,0.5,0.0,5
2020-06-26,0.9033089996032301,0.0014279247182877874,0.0015526945845907966,2.054794520547945e-05,0.00010422192109765628,0.10406248211539708,0.4,0.0,4
2020-06-29,0.9023675014921388,-0.0010422769080179473,-0.0008823288618162175,4.9315068493150684e-05,0.00011063297770856864,0.11073614436533247,0.30000000000000004,0.0,3
2020-06-30,0.9015048466946595,-0.0009559905427144466,-0.0006446390864158437,1.2328767123287671e-05,0.000299022689175322,0.2992192666146474,0.0,0.0,0
2020-07-01,0.9015048466946595,0.0,0.0,0.0,0.0,0.0,0.0,0.0,0
2020-07-02,0.9015048466946595,0.0,0.0,0.0,0.0,0.0,0.0,0.0,0
2020-07-06,0.9015048466946595,0.0,0.0,0.0,0.0,0.0,0.0,0.0,0
2020-07-07,0.9015048466946595,0.0,0.0,0.0,0.0,0.0,0.0,0.0,0
2020-07-08,0.9015048466946595,0.0,0.0,0.0,0.0,0.0,0.0,0.0,0
2020-07-09,0.901414705224137,-9.999000099991662e-05,0.0,0.0,9.999000099990003e-05,0.09999000099990002,0.1,0.0,1
2020-07-10,0.9012454121690044,-0.0001878081799103759,-0.0001828338985622735,4.10958904109589e-06,8.646923069502885e-07,0.000864853985770656,0.1,0.0,1
2020-07-13,0.9007111908323405,-0.0005927590082019929,-0.00048000950747214557,1.232876712328767e-05,0.00010042073360665194,0.10047019893104192,0.2,0.0,2
2020-07-14,0.9001164547457281,-0.0006602961000882202,-0.0006507862099314479,8.219178082191782e-06,1.2907120746210178e-06,0.0012915632217431066,0.2,0.0,2
2020-07-15,0.9009097758805495,0.0008813538855318992,0.0008930981788145277,8.21917808219178e-06,3.525115200332977e-06,0.0035219986576801882,0.2,0.0,2
2020-07-16,0.9027579325550869,0.0020514336995964833,0.0020624631230281914,8.21917808219178e-06,2.8102453494349708e-06,0.002804484254636188,0.2,0.0,2
2020-07-17,0.9035091621690376,0.0008321495573289095,0.0009406248733393794,8.21917808219178e-06,0.00010025613792844747,0.1001627456139844,0.1,0.0,1
2020-07-20,0.9039351343610796,0.0004714641642584727,0.00048475558770825225,1.2328767123287673e-05,9.62656326327068e-07,0.0009622017564105259,0.1,0.0,1
2020-07-21,0.9041398087628462,0.00022642598344324583,0.00023139087738163205,4.10958904109589e-06,8.553048974329905e-07,0.0008551105468062388,0.1,0.0,1
2020-07-22,0.9040086424416867,-0.00014507305163236062,-0.00013826513049010062,4.109589041095891e-06,2.69833210110622e-06,0.00269871633008681,0.1,0.0,1
2020-07-23,0.9038720564851194,-0.00015108921547291043,-4.657993946647341e-05,4.10958904109589e-06,0.00010039968696539371,0.10040477643617117,0.2,0.0,2
2020-07-24,0.9047172576055077,0.0009350893351820488,0.001043508925235964,8.219178082191782e-06,0.00010020041197161825,0.1000967827986637,0.1,0.0,1
2020-07-27,0.9049790539182055,0.00028936809870372393,0.00030229519919312,1.2328767123287671e-05,5.983333659716482e-07,0.0005981599196739331,0.1,0.0,1
2020-07-28,0.9047500157132522,-0.00025308674710389223,-0.0001475011972720708,4.109589041095891e-06,0.00010147596079085063,0.10149134797392093,0.2,0.0,2
2020-07-29,0.9044557122662429,-0.0003252870316640122,-0.00031620340228687426,8.21917808219178e-06,8.644512949530702e-07,0.0008647318334858169,0.2,0.0,2
2020-07-30,0.9050664593402471,0.0006752647650085652,0.0006843937914156939,8.21917808219178e-06,9.098483249955159e-07,0.000909233524368746,0.2,0.0,2
2020-07-31,0.9055243458789316,0.0005059148242199107,0.0007144341823812961,8.21917808219178e-06,0.0002003001800791434,0.20015882491374645,0.0,0.0,0
2020-08-03,0.9055243458789316,0.0,0.0,0.0,0.0,0.0,0.0,0.0,0
2020-08-04,0.905343277223487,-0.00019996000799837876,0.0,0.0,0.00019996000799840037,0.19996000799840036,0.2,0.0,2
2020-08-05,0.9035918778493742,-0.0019345141430595625,-0.0017216450728424594,8.219178082191782e-06,0.00020464989213504986,0.20500452212915896,0.4000000000000001,0.0,4
2020-08-06,0.9034098519991183,-0.0002014469748103931,-0.00018219763414633054,1.6438356164383563e-05,2.810984499645755e-06,0.0028115429732685515,0.4,0.0,4
2020-08-07,0.9032781317289412,-0.00014580344666992318,-0.0001249539118926281,1.6438356164383563e-05,4.411178612842121e-06,0.00441180240759075,0.4,0.0,4
2020-08-10,0.9039700717989735,0.0007660321286730998,0.0008194663724256147,4.9315068493150684e-05,4.1191752592988455e-06,0.004116005312440477,0.4,0.0,4
2020-08-11,0.904909977757489,0.0010397534031685307,0.0011614698892967012,1.643835616438356e-05,0.0001052781299636851,0.10515772105712236,0.49999999999999994,0.0,5
2020-08-12,0.9036309974374841,-0.001413378514373842,-0.0013874763976357838,2.0547945205479456e-05,5.3541715326241455e-06,0.005361720966264168,0.5000000000000001,0.0,5
2020-08-13,0.9038835260950078,0.000279459932472248,0.00030311929091689216,2.054794520547945e-05,3.1114132390659155e-06,0.0031105342912053683,0.5000000000000001,0.0,5
2020-08-14,0.9035489864336251,-0.0003701136835936314,-0.00034708436513258834,2.0547945205479453e-05,2.4813732556500586e-06,0.0024822858241224997,0.5000000000000001,0.0,5
2020-08-17,0.9039871211550647,0.00048490422546865197,0.0005512920929612699,6.164383561643837e-05,4.7440318760633875e-06,0.004741710105973164,0.5000000000000001,0.0,5
2020-08-18,0.9037653307462092,-0.0002453468679644022,-0.0002222569582367107,2.0547945205479456e-05,2.541964522103017e-06,0.0025425818734492937,0.49999999999999994,0.0,5
2020-08-19,0.9036477163002878,-0.00013013825815189062,-0.00010701816873314173,2.054794520547945e-05,2.572144213350936e-06,0.0025724723736548576,0.49999999999999994,0.0,5
2020-08-20,0.9051390623562884,0.001650362225344093,0.0017758827044486007,2.0547945205479453e-05,0.000104972533898947,0.10478859483605903,0.6000000000000001,0.0,6
2020-08-21,0.9064692382610563,0.0014695818135448402,0.0014991235104472645,2.4657534246575345e-05,4.8841626557810765e-06,0.004876971726902865,0.6000000000000001,0.0,6
2020-08-24,0.9060770873950021,-0.00043261353998780283,-0.00035130616911676623,7.397260273972603e-05,7.334768131435303e-06,0.007337888779763579,0.6,0.0,6
2020-08-25,0.9053708090921987,-0.0007794903023472521,-0.0007494730218269519,2.465753424657534e-05,5.359746273657589e-06,0.005363898631487906,0.6000000000000001,0.0,6
2020-08-26,0.9058264655177669,0.0005032815515944034,0.0005329450291694569,2.4657534246575345e-05,5.005943328433229e-06,0.0050034001626984344,0.6000000000000001,0.0,6
2020-08-27,0.9068762766784698,0.0011589539505261204,0.0011933049496805515,2.4657534246575345e-05,9.693464907822042e-06,0.009682149888379142,0.6000000000000001,0.0,6
2020-08-28,0.9073063381447265,0.0004742228651430924,0.0005047664026573585,2.4657534246575342e-05,5.886003267757203e-06,0.005883178701488173,0.6000000000000001,0.0,6
2020-08-31,0.906121112493232,-0.001306312544799404,-0.0006383536966640572,7.397260273972605e-05,0.0005939862453957054,0.594409659028451,0.0,0.0,0
2020-09-01,0.906121112493232,0.0,0.0,0.0,0.0,0.0,0.0,0.0,0
2020-09-02,0.9060305094422878,-9.999000099991662e-05,0.0,0.0,9.999000099990002e-05,0.09999000099990002,0.1,0.0,1
2020-09-03,0.906560955396316,0.0005854614701161776,0.0005915062623535195,4.10958904109589e-06,1.9352031961632193e-06,0.0019340671315641758,0.1,0.0,1
2020-09-04,0.9061584219031404,-0.0004440225345901938,-0.00033956016615465105,4.109589041095891e-06,0.0001003527793943937,0.10038727946615261,0.2,0.0,2
2020-09-08,0.9062982848398979,0.00015434711345929664,0.0002882529586657968,3.287671232876712e-05,0.00010102913287775974,0.10100333902417225,0.3,0.0,3
2020-09-09,0.9061421896726704,-0.0001722337665630569,-5.52674811337248e-05,1.2328767123287673e-05,0.00010463751830597714,0.10464459188778914,0.4000000000000001,0.0,4
2020-09-10,0.9053007323906609,-0.0009286150579893571,-0.0009074485255508082,1.6438356164383563e-05,4.728176274127803e-06,0.004732548613709088,0.4,0.0,4
2020-09-11,0.9060933177553442,0.0008754940058319782,0.0009964700688794403,1.643835616438356e-05,0.00010453770688306607,0.10443535692135442,0.5000000000000001,0.0,5
2020-09-14,0.9070757150945093,0.0010842121003593608,0.0012540176041599628,6.164383561643837e-05,0.00010816166818403695,0.10803285264440284,0.4000000000000001,0.0,4
2020-09-15,0.9074973408839547,0.00046481873831383247,0.00048267874076146633,1.643835616438356e-05,1.4216462832188563e-06,0.0014209837632025945,0.4,0.0,4
2020-09-16,0.9079006693858416,0.0004444404228158838,0.00046228204230548404,1.6438356164383563e-05,1.403263325128655e-06,0.0014026379678467487,0.4,0.0,4
2020-09-17,0.9067130575536104,-0.001308085644473156,-0.0011897528434422489,1.6438356164383563e-05,0.0001018944448664289,0.10201749747408805,0.5000000000000001,0.0,5
2020-09-18,0.9065237630679606,-0.0002087700006886406,-0.00017994849863913764,2.0547945205479453e-05,8.273556844090334e-06,0.008275215995469471,0.5000000000000001,0.0,5
2020-09-21,0.9080400442218522,0.0016726325504805573,0.0017416324894287073,6.164383561643837e-05,7.356103331595339e-06,0.007343765888226864,0.49999999999999994,0.0,5
2020-09-22,0.9071696062742655,-0.0009585898255540792,-0.0008334598659651694,2.054794520547945e-05,0.00010458201438351411,0.10467140458063218,0.39999999999999997,0.0,4
2020-09-23,0.9071396497448354,-3.3021972101865416e-05,-9.144424896240158e-06,1.6438356164383563e-05,7.439191041290322e-06,0.007439381361354916,0.4000000000000001,0.0,4
2020-09-24,0.9078927068299445,0.0008301446037783933,0.0009509015181819848,1.643835616438356e-05,0.00010431855823919197,0.10422116739755648,0.5000000000000001,0.0,5
2020-09-25,0.908326140960505,0.00047740677648344665,0.0005053607463873677,2.0547945205479453e-05,7.4060246983838045e-06,0.007402435902698248,0.49999999999999994,0.0,5
2020-09-28,0.9081097659410973,-0.0002382129167601832,-7.33718707907784e-05,6.164383561643835e-05,0.00010319721035299978,0.1032111454787157,0.4,0.0,4
2020-09-29,0.9098148109299897,0.0018775758755611438,0.0018982552420089616,1.6438356164383563e-05,4.24101028343267e-06,0.004233044468872615,0.4,0.0,4
2020-09-30,0.9088116470200539,-0.001102602307507361,-0.0006814820216012319,1.643835616438356e-05,0.00040468192974176946,0.4049645627623943,0.0,0.0,0
2020-10-01,0.9088116470200539,0.0,0.0,0.0,0.0,0.0,0.0,0.0,0
2020-10-02,0.9086299210358467,-0.00019996000799837876,0.0,0.0,0.0001999600079984003,0.19996000799840033,0.2,0.0,2
2020-10-05,0.9092368501409352,0.0006679607297068735,0.0006957108874790509,2.4657534246575342e-05,3.0926235256792784e-06,0.0030905496020055215,0.2,0.0,2
2020-10-06,0.9108600552759636,0.0017852390549026875,0.0018967493822968694,8.219178082191782e-06,0.00010329114931198232,0.10309644855493905,0.3,0.0,3
2020-10-07,0.9090891827861863,-0.0019441762535526985,-0.001927596657126307,1.2328767123287671e-05,4.250829303184025e-06,0.004259091623308289,0.3,0.0,3
2020-10-08,0.9095797645305954,0.000539640943593156,0.0005591779561272216,1.2328767123287671e-05,7.208245410695801e-06,0.0072043057419434835,0.30000000000000004,0.0,3
2020-10-09,0.9099589763096924,0.00041690876807565225,0.0004313094520706607,1.2328767123287673e-05,2.0719168717420787e-06,0.0020710491421539394,0.30000000000000004,0.0,3
2020-10-12,0.9101780603395071,0.0002407625349256648,0.0002789768665659498,3.698630136986301e-05,1.2280302705002674e-06,0.0012277331706563902,0.3,0.0,3
2020-10-13,0.9095634980412527,-0.0006752110658712063,-0.0006603265666250914,1.232876712328767e-05,2.5557321228273714e-06,0.002557452406829633,0.30000000000000004,0.0,3
2020-10-14,0.9082838031390462,-0.0014069330013377623,-0.0013918848674248422,1.2328767123287673e-05,2.7193667896410857e-06,0.002723190731195305,0.30000000000000004,0.0,3
2020-10-15,0.9087653148269872,0.0005301335180445399,0.000643709653810598,1.2328767123287673e-05,0.00010124736864266491,0.1011834833252449,0.39999999999999997,0.0,4
2020-10-16,0.9080592138180519,-0.0007769893914467696,-0.0007577945359619365,1.643835616438356e-05,2.756499320324522e-06,0.002758635146392235,0.4,0.0,4
2020-10-19,0.9076613582976747,-0.00043813830014938215,-0.0002844454398555018,4.93150684931507e-05,0.00010437779180070036,0.10441264061671061,0.49999999999999994,0.0,5
2020-10-20,0.9093602287883717,0.0018717008002668845,0.0018952897775515233,2.0547945205479453e-05,3.0410320791603973e-06,0.003035341597292493,0.5,0.0,5
2020-10-21,0.9100504911653593,0.0007590637407874912,0.0009833603732028796,2.0547945205479453e-05,0.00020374868720978044,0.20355270413648535,0.7000000000000001,0.0,7
2020-10-22,0.9079226531826986,-0.002338153765442108,-0.002194058905974816,2.876712328767123e-05,0.00011532773617961205,0.11558466077215987,0.6000000000000001,0.0,6
2020-10-23,0.9090768889950304,0.001271293108819016,0.0013995484131479944,2.465753424657535e-05,0.0001035977700824817,0.10345553001788821,0.5000000000000001,0.0,5
2020-10-26,0.9093918228577182,0.00034643259167665974,0.0005171649395941222,6.164383561643835e-05,0.00010908851230104453,0.10903884280699264,0.39999999999999997,0.0,4
2020-10-27,0.9093257571299792,-7.264825356734228e-05,-5.0100925587797994e-05,1.6438356164383563e-05,6.108971815263214e-06,0.006109378328909172,0.4000000000000001,0.0,4
2020-10-28,0.9098631712846926,0.0005910028947266888,0.0006180166304833202,1.6438356164383563e-05,1.0575379592162874e-05,0.010569021498448596,0.4,0.0,4
2020-10-29,0.9118885823157468,0.0022260611210302983,0.0022489901646228494,1.6438356164383563e-05,6.49068742825683e-06,0.006476228911688049,0.4,0.0,4
2020-10-30,0.9112741758636601,-0.0006737735991017013,-0.00026054863533260796,1.6438356164383563e-05,0.000396786607604713,0.39689654278403436,0.0,0.0,0
2020-11-02,0.9112741758636601,0.0,0.0,0.0,0.0,0.0,0.0,0.0,0
2020-11-03,0.9110919574721656,-0.00019996000799837876,0.0,0.0,0.00019996000799840034,0.19996000799840033,0.2,0.0,2
2020-11-04,0.9081013862549945,-0.003282403266371192,-0.0030695092298199667,8.219178082191782e-06,0.00020467485846903892,0.20530673684536158,0.2,0.0,2
2020-11-05,0.9100491490445036,0.002144873710127948,0.002553787411716629,8.219178082191782e-06,0.00040069452350649195,0.3996771181308674,0.2,0.0,2
2020-11-06,0.9093748002103978,-0.0007410026533334335,-0.0006303430980178992,8.21917808219178e-06,0.00010244037723329944,0.10250583359171128,0.30000000000000004,0.0,3
2020-11-09,0.9076557227778067,-0.0018903948429112027,-0.001840646648217248,3.6986301369863026e-05,1.2761893324174066e-05,0.012785900552341285,0.30000000000000004,0.0,3
2020-11-10,0.9066038899096958,-0.001158845630248373,-0.000847158148606059,1.232876712328767e-05,0.0002993587145189765,0.2996162307490454,0.0,0.0,0
2020-11-11,0.9065132385858372,-9.99900009998056e-05,0.0,0.0,9.999000099990003e-05,0.09999000099990002,0.1,0.0,1
2020-11-12,0.9069593776676607,0.0004921484461930525,0.0004980558005761917,4.10958904109589e-06,1.7977653421543339e-06,0.0017968777811817275,0.1,0.0,1
2020-11-13,0.9073335259948637,0.00041253041361710707,0.0004171405971611253,4.109589041095891e-06,5.005945030636719e-07,0.0005003878273748802,0.1,0.0,1
2020-11-16,0.9083481823603343,0.0011182837803309642,0.0011320598317198782,1.2328767123287673e-05,1.4472842655195254e-06,0.0014456655089401494,0.1,0.0,1
2020-11-17,0.9075334139559181,-0.0008969780754104484,-0.0006966846323766207,4.109589041095891e-06,0.00019618385399270143,0.19632143491983367,0.1,0.0,1
2020-11-18,0.9068079269927034,-0.0007994052362791937,-0.0007945011460919362,4.109589041095891e-06,7.945011460919378e-07,0.0007951361503575057,0.1,0.0,1
2020-11-19,0.9063860587978267,-0.00046522332052800763,-0.0003609387824045185,4.10958904109589e-06,0.0001001749490823226,0.1002115311385648,0.0,0.0,0
2020-11-20,0.9063860587978267,0.0,0.0,0.0,0.0,0.0,0.0,0.0,0
2020-11-23,0.9063860587978267,0.0,0.0,0.0,0.0,0.0,0.0,0.0,0
2020-11-24,0.9063860587978267,0.0,0.0,0.0,0.0,0.0,0.0,0.0,0
2020-11-25,0.9063860587978267,0.0,0.0,0.0,0.0,0.0,0.0,0.0,0
2020-11-27,0.9063860587978267,0.0,0.0,0.0,0.0,0.0,0.0,0.0,0
2020-11-30,0.9063860587978267,0.0,0.0,0.0,0.0,0.0,0.0,0.0,0
2020-12-01,0.9063860587978267,0.0,0.0,0.0,0.0,0.0,0.0,0.0,0
2020-12-02,0.9063860587978267,0.0,0.0,0.0,0.0,0.0,0.0,0.0,0
2020-12-03,0.9063860587978267,0.0,0.0,0.0,0.0,0.0,0.0,0.0,0
2020-12-04,0.9062954292549013,-9.999000099991662e-05,0.0,0.0,9.999000099990003e-05,0.09999000099990002,0.1,0.0,1
2020-12-07,0.9058355422145663,-0.0005074361245681613,-0.00039405200924803597,1.232876712328767e-05,0.00010105534819687227,0.10109643184333313,0.2,0.0,2
2020-12-08,0.9051096280856069,-0.0008013751891261522,-0.0007909524469553508,8.219178082191782e-06,2.2035640887099188e-06,0.002205326523091116,0.2,0.0,2
2020-12-09,0.9056630271009364,0.0006114165601132093,0.0006205312035087674,8.21917808219178e-06,8.954653132680389e-07,0.0008949173446161676,0.2,0.0,2
2020-12-10,0.9047640986475978,-0.000992563929893553,-0.0009828807933936535,8.21917808219178e-06,1.463958417764652e-06,0.0014654107863532068,0.2,0.0,2
2020-12-11,0.9038376260758052,-0.0010239935174013448,-0.0010139929178204666,8.219178082191782e-06,1.7814214985501969e-06,0.0017832443524972699,0.2,0.0,2
2020-12-14,0.9046591229744612,0.0009088987611887145,0.0010384775007296957,2.465753424657534e-05,0.00010492120529439278,0.1048149418135964,0.30000000000000004,0.0,3
2020-12-15,0.9050936242523783,0.00048029281624728526,0.0004987481177918033,1.2328767123287673e-05,6.126534421216401e-06,0.006123555805177864,0.3,0.0,3
2020-12-16,0.9060975081902084,0.001109149275755117,0.0011235085996304627,1.2328767123287671e-05,2.0305567520076905e-06,0.0020283029426835654,0.3,0.0,3
2020-12-17,0.9073536502343548,0.0013863210446911634,0.0015017541229651156,1.232876712328767e-05,0.00010310431115058943,0.10295097336045776,0.4,0.0,4
2020-12-18,0.9066757694906851,-0.000747096508064593,-0.0007278186365479444,1.6438356164383563e-05,2.8395153522773214e-06,0.0028416302554656546,0.4,0.0,4
2020-12-21,0.9086348221624829,0.0021606981654516133,0.002315747300472249,4.931506849315069e-05,0.00010573406652771255,0.10549496932891385,0.5,0.0,5
2020-12-22,0.9099248416963455,0.0014197337614603178,0.001443909439626495,2.0547945205479453e-05,3.627732960857431e-06,0.0036225767246369964,0.5000000000000001,0.0,5
2020-12-23,0.9097204237693376,-0.00022465363911461367,2.3260152819337425e-06,2.0547945205479453e-05,0.000206431709191082,0.20643547084376546,0.5000000000000001,0.0,5
2020-12-24,0.910468923679096,0.0008227801533322587,0.000846101170243746,2.0547945205479453e-05,2.773071705996164e-06,0.0027707842761011433,0.5000000000000001,0.0,5
2020-12-28,0.9095451522606965,-0.001014610597214749,-0.0009300169975053065,8.219178082191781e-05,2.401818887471176e-06,0.002404252492949855,0.5000000000000001,0.0,5
2020-12-29,0.9107266250983566,0.0012989710678170674,0.00132288197799445,2.0547945205479456e-05,3.3629649718878247e-06,0.003358590964572444,0.5000000000000001,0.0,5
2020-12-30,0.9100719402946793,-0.0007188598484276776,-0.0006957183122852206,2.054794520547945e-05,2.5935909369936994e-06,0.002595449970230381,0.5,0.0,5
2020-12-31,0.9103067334195475,0.0002579940271449921,0.0007855944900415303,2.0547945205479453e-05,0.0005070525176911359,0.5066648954634718,0.0,0.0,0
2021-01-04,0.9103067334195475,0.0,0.0,0.0,0.0,0.0,0.0,0.0,0
2021-01-05,0.9102157118483627,-9.99900009998056e-05,0.0,0.0,9.999000099990003e-05,0.09999000099990003,0.1,0.0,1
2021-01-06,0.9085477562002444,-0.0018324839116775626,-0.001825780255656784,4.109589041095891e-06,2.594066979797159e-06,0.002598822538769024,0.1,0.0,1
2021-01-07,0.9086319181069277,9.26334428861253e-05,0.00029717019772625977,4.109589041095891e-06,0.00020042716579914924,0.20036844570049095,0.1,0.0,1
2021-01-08,0.9081674685725525,-0.0005111525636727343,-0.0002069730622156707,4.109589041095891e-06,0.0003000699124159161,0.30013326534129475,0.4,0.0,4
2021-01-11,0.9073235980225066,-0.0009292014735698961,-0.0008761141891770852,4.9315068493150684e-05,3.7722158997163707e-06,0.003775710052267218,0.4000000000000001,0.0,4
2021-01-12,0.9074443717634075,0.00013310988622383668,0.0001542172132613595,1.643835616438356e-05,4.6689708731780305e-06,0.004668327676326232,0.39999999999999997,0.0,4
2021-01-13,0.9077016019033218,0.00028346656601607734,0.0003052961765161344,1.6438356164383563e-05,5.391254335725269e-06,0.005389697479458997,0.4,0.0,4
2021-01-14,0.9085196752797774,0.0009012580508178658,0.0010226172648796607,1.643835616438356e-05,0.0001049208578975111,0.10481539485789643,0.30000000000000004,0.0,3
2021-01-15,0.9090227230749617,0.0005537004963920289,0.0005690598065132004,1.2328767123287673e-05,3.0305429979732146e-06,0.003028856739412518,0.3,0.0,3
2021-01-19,0.9095190253732311,0.0005459734786283921,0.0005977520426834525,4.931506849315069e-05,2.463495561928837e-06,0.0024621452304486326,0.30000000000000004,0.0,3
2021-01-20,0.9112555843402775,0.0019093157136913508,0.0021254707524695493,1.2328767123287671e-05,0.00020382627165487283,0.20339646604280673,0.3,0.0,3
2021-01-21,0.9103311794819579,-0.0010144298418636177,-0.0009039900303190407,1.2328767123287671e-05,9.811104442134088e-05,0.09820102786910549,0.2,0.0,2
2021-01-22,0.9111537305838231,0.0009035734690898689,0.0010144173909721168,8.219178082191782e-06,0.00010262474379993946,0.10252158676255634,0.1,0.0,1
2021-01-25,0.9096475503492394,-0.0016530473223421716,-0.0016390794757431104,1.2328767123287673e-05,1.6390794757431074e-06,0.0016417907425083477,0.1,0.0,1
2021-01-26,0.9092619593743086,-0.0004238905219748901,-0.0004193615713625865,4.10958904109589e-06,4.193615713625859e-07,0.0004195392341288973,0.1,0.0,1
2021-01-27,0.9105035212876121,0.001365461185858674,0.0015658973862400893,4.10958904109589e-06,0.00019632661134028732,0.19602046896385833,0.1,0.0,1
2021-01-28,0.9144118662492441,0.0042925094414845155,0.004493795163173353,4.109589041095891e-06,0.0001971761326477084,0.196294830578583,0.1,0.0,1
2021-01-29,0.9125711339457275,-0.0020130232026263073,-0.0019132416667195227,4.10958904109589e-06,9.567194686580664e-05,0.09585573598156275,0.0,0.0,0
2021-02-01,0.9125711339457275,0.0,0.0,0.0,0.0,0.0,0.0,0.0,0
2021-02-02,0.9123886562144846,-0.00019996000799837876,0.0,0.0,0.00019996000799840034,0.19996000799840033,0.2,0.0,2
2021-02-03,0.9127084051585154,0.0003504525641051526,0.0004595061348805219,8.21917808219178e-06,0.00010083439269327569,0.1007889079737172,0.30000000000000004,0.0,3
2021-02-04,0.9135020163208514,0.0008695122756081641,0.0008858305545186298,1.2328767123287673e-05,3.98951178730352e-06,0.003986029982988768,0.30000000000000004,0.0,3
2021-02-05,0.912817291128232,-0.0007495606800925758,-0.0006357137424293891,1.2328767123287671e-05,0.00010151817053978074,0.10158400129090772,0.39999999999999997,0.0,4
2021-02-08,0.9138401208625272,0.0011205196748969026,0.0011729987809156626,4.931506849315069e-05,3.1640375256804645e-06,0.003160486138882865,0.39999999999999997,0.0,4
2021-02-09,0.9154301673647108,0.0017399613629163202,0.0019594807498150573,1.6438356164383563e-05,0.00020308103073420484,0.202687200910186,0.4,0.0,4
2021-02-10,0.9158129296676099,0.0004181228853326058,0.00043669960528527896,1.6438356164383563e-05,2.138363788340791e-06,0.0021374654944221524,0.4,0.0,4
2021-02-11,0.9163470084621551,0.0005831745515310072,0.0007091630657847408,1.643835616438356e-05,0.00010955015808919437,0.1094743225209152,0.5,0.0,5
2021-02-12,0.9164900295073104,0.00015607738535128313,0.00017947449213460704,2.0547945205479453e-05,2.8491615777949654e-06,0.0028487088423354463,0.5000000000000001,0.0,5
2021-02-16,0.9176965549316088,0.001316463229771303,0.0015053495271029112,8.219178082191781e-05,0.00010669451650959043,0.10654288917155477,0.39999999999999997,0.0,4
2021-02-17,0.9173175985459344,-0.0004129430187330696,-0.0003921975246876542,1.6438356164383563e-05,4.307137881062759e-06,0.004308898651658781,0.4000000000000001,0.0,4
2021-02-18,0.9176743305529235,0.00038888603854814185,0.00041046878137773735,1.643835616438356e-05,5.144386665264556e-06,0.005142360418802135,0.4,0.0,4
2021-02-19,0.9181987041141271,0.0005714157449383528,0.0006904271491359141,1.643835616438356e-05,0.00010257304803329954,0.10250396151200528,0.3,0.0,3
2021-02-22,0.9181868299427971,-1.2932027976919613e-05,2.7574319317669166e-05,3.698630136986301e-05,3.520045924748638e-06,0.003520079055669532,0.30000000000000004,0.0,3
2021-02-23,0.9187387677804426,0.0006011171361277601,0.0007150606558823601,1.2328767123287673e-05,0.0001016147526311702,0.10154339484951659,0.4,0.0,4
2021-02-24,0.9173254654339729,-0.0015383070749088734,-0.0015139495459854156,1.6438356164383563e-05,7.919172759133925e-06,0.007931310741140358,0.4,0.0,4
2021-02-25,0.9153240922427425,-0.0021817482089452334,-0.002158232572975239,1.6438356164383563e-05,7.077279805563009e-06,0.007092704102984759,0.4,0.0,4
2021-02-26,0.9145184828557548,-0.0008801356741455768,-0.00047057519833454983,1.643835616438356e-05,0.0003931221196467056,0.393313668734549,0.0,0.0,0
2021-03-01,0.9145184828557548,0.0,0.0,0.0,0.0,0.0,0.0,0.0,0
2021-03-02,0.9143356157326082,-0.00019996000799837876,0.0,0.0,0.0001999600079984003,0.19996000799840033,0.2,0.0,2
2021-03-03,0.9138813333053077,-0.0004968442872440582,-0.00038314455134673674,8.21917808219178e-06,0.00010548055781508525,0.10552185524188898,0.3,0.0,3
2021-03-04,0.9140041049754163,0.0001343409320599953,0.00015074936273390402,1.2328767123287673e-05,4.079663550622507e-06,0.00407909891932054,0.30000000000000004,0.0,3
2021-03-05,0.9140607526692173,6.197750479741693e-05,0.0001809945463949192,1.232876712328767e-05,0.00010668827447412448,0.10667028284774284,0.4,0.0,4
2021-03-08,0.9107132265290038,-0.0036622578208703738,-0.0034075785102893443,4.9315068493150684e-05,0.00020536424208788122,0.20607662705669064,0.2,0.0,2
2021-03-09,0.910880187900234,0.00018333034633366552,0.00019368389860154327,8.219178082191782e-06,2.1343741856369625e-06,0.0021339784079279418,0.2,0.0,2
2021-03-10,0.9100571588918682,-0.0009035535291013197,-0.0007932406706726736,8.21917808219178e-06,0.00010209368034645444,0.10217556996330365,0.3,0.0,3
2021-03-11,0.9100730387483571,1.7449295721450042e-05,3.1735836320295765e-05,1.2328767123287671e-05,1.957773475663624e-06,0.00195773548175566,0.3,0.0,3
2021-03-12,0.9092165071776765,-0.0009411679439031984,-0.0008238327316096193,1.2328767123287673e-05,0.00010500644517033722,0.10509432099528895,0.2,0.0,2
2021-03-15,0.9091735660159479,-4.722875287643813e-05,-2.0541013683594848e-05,2.4657534246575342e-05,2.0302049461736744e-06,0.002030296712636953,0.2,0.0,2
2021-03-16,0.9094697472779527,0.00032576976836518057,0.00033452891397953713,8.219178082191782e-06,5.399675321945235e-07,0.0005397913930076315,0.2,0.0,2
2021-03-17,0.9099622580752911,0.0005415362070178009,0.000554006621971065,8.219178082191782e-06,4.251236870925659e-06,0.004248917864904879,0.2,0.0,2
2021-03-18,0.9096259362802775,-0.00036959971914096723,-0.00035834275728373615,8.219178082191782e-06,3.0377837750972013e-06,0.0030388977193265766,0.2,0.0,2
2021-03-19,0.9098385820568113,0.00023377277191904966,0.000343115903336022,8.21917808219178e-06,0.00010112395333459677,0.10109009859162285,0.3,0.0,3
2021-03-22,0.9095828233102499,-0.00028110343043852293,-0.00024134652524199218,3.698630136986302e-05,2.770603826633767e-06,0.0027713751913243704,0.3,0.0,3
2021-03-23,0.9101528814580868,0.0006267248382751944,0.0007424436262340294,1.2328767123287671e-05,0.00010339002083562474,0.10331458931880017,0.4000000000000001,0.0,4
2021-03-24,0.9099867983105066,-0.0001824782967386751,3.682894275547363e-05,1.643835616438356e-05,0.00020286888332978934,0.20286474679860345,0.2,0.0,2
2021-03-25,0.9098313776343839,-0.00017079442955780788,-0.00016056525249278373,8.219178082191782e-06,2.0099989829385283e-06,0.002010338296743207,0.2,0.0,2
2021-03-26,0.9091883353682249,-0.0007067708170617193,-0.000694044838974983,8.21917808219178e-06,4.506800004569178e-06,0.004509967192246401,0.2,0.0,2
2021-03-29,0.908310414410591,-0.000965609570076853,-0.0008389036078093827,2.4657534246575342e-05,0.00010204842802101156,0.10213662924520829,0.30000000000000004,0.0,3
2021-03-30,0.9089343702910166,0.0006869412378482931,0.0008011354811971848,1.232876712328767e-05,0.00010186547622568806,0.10178518738648433,0.2,0.0,2
2021-03-31,0.9088769139999183,-6.321280499044235e-05,0.00014373712659797593,8.219178082191782e-06,0.00019873075350624263,0.19870382557143892,0.0,0.0,0
2021-04-01,0.9088769139999183,0.0,0.0,0.0,0.0,0.0,0.0,0.0,0
2021-04-05,0.9086951749649254,-0.00019996000799837876,0.0,0.0,0.00019996000799840034,0.19996000799840033,0.2,0.0,2
2021-04-06,0.9090201490298638,0.0003576271492264915,0.0003666429078416189,8.21917808219178e-06,7.965805330207887e-07,0.000796295121953189,0.2,0.0,2
2021-04-07,0.9091580050873324,0.00015165346732493035,0.00016086309935833828,8.21917808219178e-06,9.904539512592402e-07,0.0009903027875584965,0.2,0.0,2
2021-04-08,0.9086544737854159,-0.0005538435553543719,-0.0005450532490524017,8.21917808219178e-06,5.71128219853929e-07,0.0005714443842753894,0.2,0.0,2
2021-04-09,0.9083213732213632,-0.00036658661093147415,-0.000356714844334627,8.219178082191782e-06,1.6525885146157552e-06,0.0016531918205566576,0.2,0.0,2
2021-04-12,0.9080617776484137,-0.00028579705443776415,-0.00026070860481215984,2.4657534246575345e-05,4.3091537894765666e-07,0.0004310383827067158,0.2,0.0,2
2021-04-13,0.9079265559163577,-0.00014891248082937736,-4.032382216223042e-05,8.21917808219178e-06,0.00010036948058493226,0.10037435305717725,0.3,0.0,3
2021-04-14,0.9082650221268513,0.000372790297065384,0.0004865930891588988,1.2328767123287671e-05,0.00010147402497031108,0.10142592227404694,0.4000000000000001,0.0,4
2021-04-15,0.9083323725312064,7.41528108143541e-05,9.738785040041019e-05,1.6438356164383563e-05,6.796683421652578e-06,0.006796133278100956,0.4,0.0,4
2021-04-16,0.907678805882343,-0.0007195236772660207,-0.0007018129895985327,1.6438356164383563e-05,1.27233150307176e-06,0.001273246013734612,0.39999999999999997,0.0,4
2021-04-19,0.9081323993286868,0.0004997290268367038,0.0005518894805999429,4.9315068493150684e-05,2.845385270156554e-06,0.002843955970656544,0.4000000000000001,0.0,4
2021-04-20,0.9083951967061288,0.0002893822284462111,0.000308099750292046,1.643835616438356e-05,2.2791656815011848e-06,0.002278501130684888,0.4,0.0,4
2021-04-21,0.9082219109480929,-0.00019076031958797923,-0.00017185058189715384,1.643835616438356e-05,2.471381526530329e-06,0.0024718469479672123,0.39999999999999997,0.0,4
2021-04-22,0.907609865957223,-0.0006738936635330983,-0.0005533092970618272,1.643835616438356e-05,0.00010414601030691166,0.10420538107823452,0.5,0.0,5
2021-04-23,0.9056902688208873,-0.0021150025008941364,-0.0018903507779137129,2.0547945205479453e-05,0.00020410377777500686,0.20449454614211462,0.3,0.0,3
2021-04-26,0.9054718114205095,-0.00024120541856131883,-0.00020130200204910288,3.6986301369863006e-05,2.917115142283139e-06,0.0029178104223783856,0.30000000000000004,0.0,3
2021-04-27,0.9055134169548539,4.5949011133972206e-05,6.009217792945505e-05,1.2328767123287673e-05,1.814399672147591e-06,0.0018143130143697549,0.30000000000000004,0.0,3
2021-04-28,0.9048606383345619,-0.0007208933717263166,-0.0007074375990018645,1.2328767123287671e-05,1.1270056012363292e-06,0.001127817366243683,0.30000000000000004,0.0,3
2021-04-29,0.9052601191334806,0.00044148323177584103,0.0006572875539741731,1.2328767123287671e-05,0.00020347555507508014,0.2033444063134713,0.5000000000000001,0.0,5
2021-04-30,0.9051392540799597,-0.00013351417008922173,0.00038847295735470203,2.0547945205479456e-05,0.0005014391822383877,0.5012547580754328,0.0,0.0,0
2021-05-03,0.9051392540799597,0.0,0.0,0.0,0.0,0.0,0.0,0.0,0
2021-05-04,0.9050487492050392,-9.99900009998056e-05,0.0,0.0,9.999000099990002e-05,0.09999000099990002,0.1,0.0,1
2021-05-05,0.9052519297211369,0.0002244967647060392,0.0003290655809859488,4.10958904109589e-06,0.00010045922723895092,0.10042659301579983,0.2,0.0,2
2021-05-06,0.9038729815645556,-0.0015232755781100504,-0.0015117828634641953,8.219178082191782e-06,3.2735365637095674e-06,0.003278519920682255,0.2,0.0,2
2021-05-07,0.90317424248194,-0.0007730500821101494,-0.0007640668371908132,8.219178082191782e-06,7.640668371908138e-07,0.0007646573713852099,0.2,0.0,2
2021-05-10,0.9029122592782193,-0.0002900693923697517,-0.0002635138226092737,2.4657534246575342e-05,1.8980355139269228e-06,0.0018985826310598181,0.2,0.0,2
2021-05-11,0.9030565906659946,0.0001598509559397332,0.0001704877930678806,8.219178082191782e-06,2.417659045887135e-06,0.002417266799351554,0.2,0.0,2
2021-05-12,0.9027637380236828,-0.00032429046566817554,-0.0003122065080664482,8.219178082191782e-06,3.864779519613393e-06,0.0038660182911770067,0.2,0.0,2
2021-05-13,0.9025802998986105,-0.00020319616013142472,-0.00019124098190966828,8.21917808219178e-06,3.7360001394033076e-06,0.003736745471252853,0.2,0.0,2
2021-05-14,0.9026284764938356,5.337651977388447e-05,6.29417488767713e-05,8.21917808219178e-06,1.34605102055043e-06,0.0013459773652087746,0.2,0.0,2
2021-05-17,0.9019965766152517,-0.0007000664116408872,-0.0006742616603198693,2.4657534246575345e-05,1.147217074453503e-06,0.0011480194472809433,0.2,0.0,2
2021-05-18,0.9022765222880466,0.0003103622342397472,0.0004209853872989222,8.21917808219178e-06,0.00010240397497692777,0.10236172351634304,0.30000000000000004,0.0,3
2021-05-19,0.9022159010980206,-6.718693053453517e-05,4.6394070952182555e-05,1.2328767123287671e-05,0.00010125223436347145,0.10124878529283814,0.2,0.0,2
2021-05-20,0.9017463340144793,-0.0005204597735085637,-0.0005110591036905477,8.219178082191782e-06,1.1814917357126959e-06,0.0011821055774658364,0.2,0.0,2
2021-05-21,0.9019078119481537,0.0001790724592751758,0.00018834533809595764,8.21917808219178e-06,1.053700738547385e-06,0.0010535109736611668,0.2,0.0,2
2021-05-24,0.9014310692686801,-0.0005285935803613917,-0.0005030655688109121,2.4657534246575345e-05,8.704773039368069e-07,0.0008709369174694611,0.2,0.0,2
2021-05-25,0.9017217940019124,0.00032251465824018055,0.00033171108381170323,8.21917808219178e-06,9.77247489207867e-07,0.000976931459788173,0.2,0.0,2
2021-05-26,0.9015519513169554,-0.0001883537539923985,-0.00017960041684774163,8.21917808219178e-06,5.341590624981945e-07,0.0005342594068835829,0.2,0.0,2
2021-05-27,0.901330149229707,-0.00024602252474126285,-0.00023699420380500217,8.219178082191782e-06,8.091428540699736e-07,0.0008093413153910218,0.2,0.0,2
2021-05-28,0.9023472837568599,0.0011284816424061983,0.0013356152588463292,8.219178082191782e-06,0.00019891443835809642,0.19865075013093175,0.0,0.0,0
2021-06-01,0.9023472837568599,0.0,0.0,0.0,0.0,0.0,0.0,0.0,0
2021-06-02,0.9023472837568599,0.0,0.0,0.0,0.0,0.0,0.0,0.0,0
2021-06-03,0.9023472837568599,0.0,0.0,0.0,0.0,0.0,0.0,0.0,0
2021-06-04,0.9023472837568599,0.0,0.0,0.0,0.0,0.0,0.0,0.0,0
2021-06-07,0.9022570580510548,-9.999000099991662e-05,0.0,0.0,9.999000099990003e-05,0.09999000099990002,0.1,0.0,1
2021-06-08,0.9024207192219539,0.00018139084581125786,0.00018582450689782484,4.10958904109589e-06,3.2407204547185106e-07,0.0003240131674457442,0.1,0.0,1
2021-06-09,0.902453457444013,3.6278225180153e-05,0.0001412386924581233,4.109589041095891e-06,0.00010085087823710561,0.10083705054277345,0.2,0.0,2
2021-06-10,0.9030202079946357,0.0006280108364014048,0.0006374940521316263,8.21917808219178e-06,1.2640376479892665e-06,0.001263242721085062,0.2,0.0,2
2021-06-11,0.9032819193030597,0.00028981777606640335,0.0003975761406401046,8.219178082191782e-06,9.953918649145631e-05,0.09950044530030101,0.1,0.0,1
2021-06-14,0.9035332134705061,0.00027820125929256534,0.00029129471547758575,1.2328767123287673e-05,7.646890615943958e-07,0.0007644757988781679,0.1,0.0,1
2021-06-15,0.90313343842164,-0.0004424575022876631,-0.00033761193565047255,4.10958904109589e-06,0.00010073597759613398,0.10077041301531338,0.2,0.0,2
2021-06-16,0.9027805200642102,-0.000390771000624901,-0.0003808510566414014,8.21917808219178e-06,1.7007659012800254e-06,0.0017014278762231927,0.2,0.0,2
2021-06-17,0.9022490078004375,-0.0005887502576317205,-0.000579572818210311,8.21917808219178e-06,9.582613391818123e-07,0.0009588249288008073,0.2,0.0,2
2021-06-18,0.9021212929503761,-0.0001415516658451743,-0.00012827546063856068,8.21917808219178e-06,5.057027124403097e-06,0.005057717475722698,0.2,0.0,2
2021-06-21,0.901858411145289,-0.0002914040574604204,-0.0002631062928657115,2.4657534246575342e-05,3.6402303481247657e-06,0.0036412781762683493,0.2,0.0,2
2021-06-22,0.9012120003736966,-0.000716754164072686,-0.0007059400021547204,8.21917808219178e-06,2.5949838357329987e-06,0.00259683839171003,0.2,0.0,2
2021-06-23,0.9011570043170332,-6.102454987355621e-05,4.876369206887607e-05,8.219178082191782e-06,0.0001015690638602993,0.1015649459589273,0.30000000000000004,0.0,3
2021-06-24,0.9000731356851362,-0.0012027522692544812,-0.0011868390152741382,1.2328767123287674e-05,3.5844868571029033e-06,0.0035887904189510858,0.30000000000000004,0.0,3
2021-06-25,0.8993725031997679,-0.000778417283652244,-0.0006641396058371995,1.2328767123287671e-05,0.00010194891069174967,0.10201792258985684,0.2,0.0,2
2021-06-28,0.8996657494163742,0.0003260564622145079,0.0004529025684869958,2.4657534246575342e-05,0.00010218857202594661,0.10214482901014967,0.1,0.0,1
2021-06-29,0.899635237039304,-3.39152369532858e-05,-2.7382785809987433e-05,4.109589041095891e-06,2.4228621023100366e-06,0.0024229384063945716,0.1,0.0,1
2021-06-30,0.8995985373312722,-4.079398685252755e-05,6.34148765553122e-05,4.10958904109589e-06,0.00010009927436672761,0.10009333830252133,0.0,0.0,0
2021-07-01,0.8995985373312722,0.0,0.0,0.0,0.0,0.0,0.0,0.0,0
2021-07-02,0.8995985373312722,0.0,0.0,0.0,0.0,0.0,0.0,0.0,0
2021-07-06,0.8995985373312722,0.0,0.0,0.0,0.0,0.0,0.0,0.0,0
2021-07-07,0.8995985373312722,0.0,0.0,0.0,0.0,0.0,0.0,0.0,0
2021-07-08,0.8995085864726249,-9.999000099991662e-05,0.0,0.0,9.999000099990002e-05,0.0999900009999,0.1,0.0,1
2021-07-09,0.8993680956928355,-0.00015618614641610407,-4.805941816318213e-05,4.109589041095891e-06,0.00010401713921186227,0.10402256596585555,0.2,0.0,2
2021-07-12,0.8993143476155627,-5.9762045740985315e-05,-3.361941765210317e-05,2.4657534246575345e-05,1.4850938422199296e-06,0.0014851803940063122,0.2,0.0,2
2021-07-13,0.8999015797989055,0.0006529776655956887,0.0006638312553500115,8.219178082191782e-06,2.6344116720517903e-06,0.002632685651542989,0.2,0.0,2
2021-07-14,0.8995912460735854,-0.0003448529620199148,-0.00023595386134158682,8.219178082191782e-06,0.00010067992259616932,0.10070451192292923,0.30000000000000004,0.0,3
2021-07-15,0.9001210897396914,0.0005889826834337697,0.0006028836267338078,1.2328767123287671e-05,1.5721761767752396e-06,0.0015712482684746372,0.3,0.0,3
2021-07-16,0.9003495037806566,0.00025375923702797287,0.0002717131947120755,1.2328767123287673e-05,5.625190560726778e-06,0.005623731852259368,0.3,0.0,3
2021-07-19,0.900032671934169,-0.00035189872950136536,-0.00030862020198510465,3.698630136986302e-05,6.2922261462713236e-06,0.00629440153237564,0.30000000000000004,0.0,3
2021-07-20,0.8998466854857068,-0.00020664410777726516,-8.973774629830183e-05,1.2328767123287671e-05,0.00010457759435576445,0.1045882693157583,0.4,0.0,4
2021-07-21,0.8991048076763358,-0.0008244491215417815,-0.0007040387454229081,1.643835616438356e-05,0.00010397201995441843,0.10404698342346427,0.5000000000000001,0.0,5
2021-07-22,0.8990362957052543,-7.620020546716955e-05,4.924373304973074e-05,2.054794520547945e-05,0.0001048959933114436,0.10489298332464776,0.6000000000000001,0.0,6
2021-07-23,0.8996283605756256,0.0006585550251969607,0.000788330223536349,2.4657534246575345e-05,0.00010511766409276497,0.10503744986095351,0.5000000000000001,0.0,5
2021-07-26,0.8999555943927146,0.0003637433316125982,0.0004266011753159826,6.164383561643835e-05,1.2140080869076816e-06,0.0012135651873853414,0.49999999999999994,0.0,5
2021-07-27,0.8992581915254815,-0.000774930309426769,-0.0007491581527660774,2.0547945205479453e-05,5.2242114552665406e-06,0.005228235660135779,0.5000000000000001,0.0,5
2021-07-28,0.8983551388003648,-0.0010042196263843062,-0.0009804636420330914,2.0547945205479453e-05,3.2080391456878874e-06,0.0032112536477988964,0.5000000000000001,0.0,5
2021-07-29,0.897640666412737,-0.0007953117389430941,-0.0006719378165194912,2.054794520547945e-05,0.00010282597721810291,0.10289723208624355,0.39999999999999997,0.0,4
2021-07-30,0.8985548281114953,0.001018404950849261,0.001433730402966016,1.643835616438356e-05,0.00039888709595244266,0.39832255656096716,0.0,0.0,0
2021-08-02,0.8985548281114953,0.0,0.0,0.0,0.0,0.0,0.0,0.0,0
2021-08-03,0.8983751530808791,-0.00019996000799848979,0.0,0.0,0.00019996000799840034,0.19996000799840033,0.2,0.0,2
2021-08-04,0.8977572887384837,-0.0006877576035763111,-0.0006773572263678862,8.21917808219178e-06,2.1811991262763407e-06,0.0021826955308303767,0.2,0.0,2
2021-08-05,0.8973109662424599,-0.0004971527400807751,-0.0002873908043382279,8.219178082191782e-06,0.0002015427576604775,0.20160235332860088,0.4,0.0,4
2021-08-06,0.898096982259599,0.0008759683618162484,0.0009951639603856977,1.6438356164383563e-05,0.00010275724240505988,0.10265676959620944,0.5000000000000001,0.0,5
2021-08-09,0.8972274292828039,-0.0009682172348551843,-0.0009045615757617312,6.164383561643835e-05,2.01182347705481e-06,0.002013769191745141,0.5000000000000001,0.0,5
2021-08-10,0.8957906818959585,-0.0016013190635443264,-0.0015731729381482094,2.0547945205479453e-05,7.59818019072673e-06,0.007610308898947755,0.49999999999999994,0.0,5
2021-08-11,0.8944072681947072,-0.0015443492874063214,-0.0013180458768440701,2.0547945205479453e-05,0.0002057554653569019,0.20603125752537446,0.3,0.0,3
2021-08-12,0.89451578681924,0.00012133021319460369,0.0003346793385187896,1.2328767123287671e-05,0.0002010203582008488,0.20095558005479305,0.1,0.0,1
2021-08-13,0.8945110813573459,-5.260345276703049e-06,-1.2527298187681552e-07,4.109589041095891e-06,1.0254832538209692e-06,0.0010254875966194468,0.1,0.0,1
2021-08-16,0.8947160339135903,0.00022912243404893395,0.0002416928940663754,1.2328767123287671e-05,2.4169289406637134e-07,0.00024163747109877604,0.1,0.0,1
2021-08-17,0.8943166522062699,-0.0004463781716009807,-0.00044060753460403176,4.10958904109589e-06,1.66104795589011e-06,0.0016617869810164184,0.1,0.0,1
2021-08-18,0.8944827864145501,0.00018576664973246615,0.00029130406332772424,4.109589041095891e-06,0.00010142782455417695,0.10139870340685868,0.2,0.0,2
2021-08-19,0.8952826598281712,0.000894230079963032,0.000905020844685478,8.219178082191782e-06,2.571586640169193e-06,0.002569282503338225,0.2,0.0,2
2021-08-20,0.8953728360961433,0.00010072379597891867,0.00011013836360941328,8.219178082191782e-06,1.1953895482278146e-06,0.0011952677275145391,0.2,0.0,2
2021-08-23,0.8959950007569075,0.0006948665803587772,0.0008212786294841346,2.465753424657534e-05,0.00010175451487874324,0.10167351960819629,0.3,0.0,3
2021-08-24,0.8961003332566929,0.00011755924943379625,0.00023180151963242974,1.2328767123287673e-05,0.00010191350307532826,0.1018911407462124,0.2,0.0,2
2021-08-25,0.8961939995052244,0.0001045265190238176,0.00011366970347821971,8.219178082191782e-06,9.240063720818111e-07,0.0009239089453981008,0.2,0.0,2
2021-08-26,0.8959017720396313,-0.00032607612386870155,-0.0003174079577654255,8.21917808219178e-06,4.4898802104598454e-07,0.000449134271352376,0.2,0.0,2
2021-08-27,0.8963118127550309,0.0004576849027388974,0.0004669957920312162,8.219178082191782e-06,1.091711210096178e-06,0.0010912105881974194,0.2,0.0,2
2021-08-30,0.8967184772179203,0.0004537086950124891,0.0004804480205863437,2.465753424657535e-05,2.0817913272497025e-06,0.002080842898852838,0.2,0.0,2
2021-08-31,0.8964314347764151,-0.0003201031860030623,-0.0001119343463030609,8.219178082191782e-06,0.00019994966161770135,0.1999736891612384,0.0,0.0,0
2021-09-01,0.8964314347764151,0.0,0.0,0.0,0.0,0.0,0.0,0.0,0
2021-09-02,0.8962521843395471,-0.00019996000799848979,0.0,0.0,0.0001999600079984003,0.1999600079984003,0.2,0.0,2
2021-09-03,0.8966534306258476,0.0004476935100539148,0.0005576049875686494,8.21917808219178e-06,0.0001016922994325397,0.10163646180269889,0.3,0.0,3
2021-09-07,0.8957233804363028,-0.001037246005845982,-0.0009807803455639697,4.931506849315069e-05,7.150591788848974e-06,0.0071579651759507016,0.30000000000000004,0.0,3
2021-09-08,0.8963666963170833,0.000718208204487425,0.0008339569570642359,1.2328767123287671e-05,0.00010341998545360943,0.10333508243686941,0.4,0.0,4
2021-09-09,0.8961314019642437,-0.0002624978748165807,-0.0002436438281574914,1.6438356164383563e-05,2.415690494732378e-06,0.0024163189362393332,0.4000000000000001,0.0,4
2021-09-10,0.8970330418936497,0.001006147008608016,0.0011277156955024294,1.6438356164383563e-05,0.00010513033073000033,0.10501363146103608,0.5000000000000001,0.0,5
2021-09-13,0.8975059436742353,0.0005271843494050188,0.0005943924948145885,6.164383561643837e-05,5.5643097931529315e-06,0.005561346992999075,0.49999999999999994,0.0,5
2021-09-14,0.8967480226372587,-0.0008444746715255969,-0.0008205129529634647,2.0547945205479453e-05,3.413773356713458e-06,0.003416646964878465,0.5000000000000001,0.0,5
2021-09-15,0.894910290328775,-0.002049329646782061,-0.0017247552961912936,2.0547945205479453e-05,0.0003040264053852153,0.3045579513649257,0.7999999999999999,0.0,8
2021-09-16,0.8954421032038904,0.0005942638953453372,0.0006326889119558197,3.287671232876713e-05,5.548304281683327e-06,0.005544978336030709,0.7999999999999998,0.0,8
2021-09-17,0.8964544221692956,0.0011305241978047942,0.001174119381565103,3.287671232876713e-05,1.0718471431436543e-05,0.010706252998686803,0.8,0.0,8
2021-09-20,0.8973389983287291,0.0009867497304469897,0.0011965886678024283,9.863013698630138e-05,0.00011120880036928278,0.11108683163482799,0.7000000000000002,0.0,7
2021-09-21,0.8965090999754566,-0.0009248437377826768,-0.0008919573777910251,2.8767123287671238e-05,4.119236704131282e-06,0.004123032881524054,0.6999999999999998,0.0,7
2021-09-22,0.8960315366854318,-0.0005326920719911366,-0.0004953263069413848,2.876712328767123e-05,8.598641762065732e-06,0.008603150616783259,0.7000000000000001,0.0,7
2021-09-23,0.8965698733476698,0.0006008010211664416,0.0007403423901762018,2.8767123287671238e-05,0.00011077424572205867,0.11069547755807192,0.8000000000000002,0.0,8
2021-09-24,0.8963881693509074,-0.00020266573990934678,-0.00016582333224777752,3.287671232876713e-05,3.965695332865954e-06,0.003966483473308913,0.8000000000000003,0.0,8
2021-09-27,0.8962620359127484,-0.00014071296618101137,-3.0216906890712138e-05,9.863013698630135e-05,1.1865922303991264e-05,0.011867451390021223,0.8000000000000002,0.0,8
2021-09-28,0.8969430023038645,0.0007597849332339202,0.0008989887700981137,3.287671232876711e-05,0.00010632712453544855,0.10623511302310075,0.7000000000000002,0.0,7
2021-09-29,0.8962220153575554,-0.0008038269371154483,-0.0006682730521095582,2.8767123287671234e-05,0.00010678676171825728,0.10686124830151654,0.5999999999999999,0.0,6
2021-09-30,0.8955658306171506,-0.0007321676204785632,-0.00011855130010989814,2.4657534246575342e-05,0.0005889587861221085,0.5890431423039034,0.0,0.0,0
2021-10-01,0.8955658306171506,0.0,0.0,0.0,0.0,0.0,0.0,0.0,0
2021-10-04,0.8954762829888516,-9.999000099991662e-05,0.0,0.0,9.999000099990002e-05,0.09999000099990002,0.1,0.0,1
2021-10-05,0.8958353218129285,0.00040094732925632925,0.0005066105340679861,4.10958904109589e-06,0.00010155361577055307,0.10150261061279744,0.2,0.0,2
2021-10-06,0.89583259622587,-3.0425090328245474e-06,5.952748745274817e-06,8.219178082191782e-06,7.760796957770791e-07,0.000776081454710856,0.2,0.0,2
2021-10-07,0.8960728891611309,0.00026823419495269896,0.0002784064854014834,8.219178082191782e-06,1.9531123666850533e-06,0.0019525848030548035,0.2,0.0,2
2021-10-08,0.8962515024703747,0.00019932899589325537,0.0004069567495811721,8.21917808219178e-06,0.00019940857560566511,0.19932909560615403,0.2,0.0,2
2021-10-11,0.8969527210971326,0.000782390461633975,0.0008097638189945134,2.4657534246575342e-05,2.7158231138858446e-06,0.0027136925767889336,0.2,0.0,2
2021-10-12,0.8966374327904721,-0.00035151050801751627,-0.0002423620190584008,8.219178082191782e-06,0.00010092931087692205,0.10095460820350254,0.30000000000000004,0.0,3
2021-10-13,0.8970366754584391,0.0004452665630125807,0.0004594962740133158,1.2328767123287673e-05,1.9009438775052762e-06,0.0019000942171113545,0.3,0.0,3
2021-10-14,0.8962571002124988,-0.0008690561570873223,-0.0007494927777518146,1.2328767123287673e-05,0.0001072346122123105,0.10731636813367249,0.2,0.0,2
2021-10-15,0.8964259592759567,0.00018840471491698985,0.00029852159406771884,8.21917808219178e-06,0.00010189770106848331,0.10186812850466649,0.30000000000000004,0.0,3
2021-10-18,0.8966105397821306,0.0002059071407558566,0.00024414523812439913,3.698630136986302e-05,1.2517959987599024e-06,0.0012515367317412454,0.3,0.0,3
2021-10-19,0.8964155165269814,-0.0002175116692210155,-0.00010288453682684177,1.2328767123287671e-05,0.00010229836527102111,0.10231015276174843,0.4,0.0,4
2021-10-20,0.8956848812275752,-0.0008150631999732649,-0.0005953938439030249,1.6438356164383563e-05,0.00020323099990584835,0.20335541929943396,0.4,0.0,4
2021-10-21,0.8953217047152342,-0.00040547353198949754,-0.000287256442057704,1.6438356164383563e-05,0.00010177873376744878,0.10180965282942187,0.49999999999999994,0.0,5
2021-10-22,0.8947623915956536,-0.0006247063113011819,-0.00040016470734674514,2.0547945205479453e-05,0.00020399365874893243,0.20407951758410683,0.7000000000000001,0.0,7
2021-10-25,0.8929155052983135,-0.002064108096951345,-0.0018735332023736677,8.630136986301371e-05,0.0001042735247145751,0.10447828486930996,0.6000000000000002,0.0,6
2021-10-26,0.8934358791961463,0.0005827806715696937,0.0006109893335749627,2.4657534246575342e-05,3.5511277586405876e-06,0.003549046839621212,0.6,0.0,6
2021-10-27,0.8892522947301764,-0.004682579425547617,-0.004553263876664209,2.465753424657534e-05,0.00010465801463673418,0.10513933424610834,0.49999999999999994,0.0,5
2021-10-28,0.8860012756069169,-0.0036559018655621944,-0.0034252776393017387,2.0547945205479453e-05,0.00021007628105494533,0.21080267028951138,0.3,0.0,3
2021-10-29,0.8862697074361966,0.000302970025743754,0.0006147331803695754,1.232876712328767e-05,0.000299434387502518,0.29925411550265707,0.0,0.0,0
2021-11-01,0.8862697074361966,0.0,0.0,0.0,0.0,0.0,0.0,0.0,0
2021-11-02,0.8860924889384089,-0.00019996000799848979,0.0,0.0,0.00019996000799840034,0.19996000799840033,0.2,0.0,2
2021-11-03,0.8851303008154413,-0.0010858777554025867,-0.0008749261695314926,8.219178082191782e-06,0.00020273240778896808,0.20291160823175475,0.39999999999999997,0.0,4
2021-11-04,0.884739259282291,-0.0004417897938755466,-0.0004211051080199813,1.643835616438356e-05,4.2463296911736804e-06,0.004248188458268219,0.4000000000000001,0.0,4
2021-11-05,0.8845054173789002,-0.0002643060098638239,-0.0002443409007320596,1.6438356164383563e-05,3.5267529673791735e-06,0.003527672911299556,0.4,0.0,4
2021-11-08,0.8851129878277874,0.0006869041579051771,0.0007406626640406921,4.931506849315069e-05,4.443437642492711e-06,0.004440367804887455,0.4000000000000001,0.0,4
2021-11-09,0.8850910449518025,-2.4791045083127905e-05,9.357131172177406e-05,1.6438356164383563e-05,0.00010192400064051788,0.10191613954745558,0.5,0.0,5
2021-11-10,0.8863234263716253,0.0013923781365225985,0.0016149519832231122,2.054794520547945e-05,0.00020202590149507717,0.20170430333934736,0.5000000000000001,0.0,5
2021-11-11,0.8866930735178333,0.0004170567258063862,0.0005428922018649363,2.054794520547945e-05,0.00010528753085313021,0.10523256322811443,0.6,0.0,6
2021-11-12,0.8868281597233113,0.00015234832605837134,0.00018054066074031923,2.4657534246575342e-05,3.534800435341007e-06,0.0035342495054782844,0.6000000000000001,0.0,6
2021-11-15,0.8861120852542984,-0.0008074557186324993,-0.0007273256301616294,7.397260273972604e-05,6.157485731173649e-06,0.006162423670371107,0.5999999999999999,0.0,6
2021-11-16,0.8873860622906353,0.0014377154510551993,0.0015680869452479986,2.4657534246575345e-05,0.00010571395994622683,0.10555104935229444,0.7000000000000003,0.0,7
2021-11-17,0.8874885085916472,0.00011544727302492674,0.00024724333631949696,2.8767123287671234e-05,0.0001030289400067797,0.10300643555082263,0.6000000000000001,0.0,6
2021-11-18,0.8880289337936881,0.0006089376896818433,0.0006372749807911361,2.4657534246575345e-05,3.67975686288801e-06,0.0036775039598024983,0.5999999999999999,0.0,6
2021-11-19,0.8877850201543379,-0.00027466857223690244,-0.0002450786476816791,2.465753424657534e-05,4.932390308599133e-06,0.004933721111694501,0.6000000000000001,0.0,6
2021-11-22,0.8878417642360676,6.391646675885099e-05,0.00024241633013756823,7.397260273972604e-05,0.00010452726063899446,0.10450965664288046,0.5000000000000001,0.0,5
2021-11-23,0.8863681415412585,-0.0016597807787033236,-0.0016325026330011926,2.0547945205479453e-05,6.730200496733133e-06,0.006741344279792734,0.49999999999999994,0.0,5
2021-11-24,0.885938015743776,-0.00048526766399192844,-0.00036193968835022136,2.054794520547945e-05,0.00010278003043625186,0.10281935756901214,0.39999999999999997,0.0,4
2021-11-26,0.8863078683401303,0.00041747005973524764,0.000463739441696337,3.287671232876713e-05,1.339266963225598e-05,0.013386901715245174,0.4000000000000001,0.0,4
2021-11-29,0.8866970270775892,0.0004390785091277216,0.0004913773001064604,4.931506849315068e-05,2.9837224856693886e-06,0.0029824040774673304,0.4,0.0,4
2021-11-30,0.8872487542422328,0.000622227376200879,0.001028321477622579,1.6438356164383563e-05,0.0003896557452572863,0.389261857753598,0.0,0.0,0
2021-12-01,0.8872487542422328,0.0,0.0,0.0,0.0,0.0,0.0,0.0,0
2021-12-02,0.8871600382384089,-9.999000099991662e-05,0.0,0.0,9.999000099990002e-05,0.0999900009999,0.1,0.0,1
2021-12-03,0.8869363117063426,-0.0002521828333370557,-0.00024613148684199393,4.10958904109589e-06,1.9417574540510395e-06,0.0019422434831498894,0.1,0.0,1
2021-12-06,0.8872084926208283,0.0003068776313399635,0.0003205665126339574,1.2328767123287673e-05,1.3601141707239856e-06,0.0013596950613836828,0.10000000000000002,0.0,1
2021-12-07,0.8873100034075476,0.00011441593217775825,0.00011996903428689308,4.109589041095891e-06,1.443513068028031e-06,0.0014433458427793888,0.1,0.0,1
2021-12-08,0.8869786625326834,-0.000373421773215421,-0.0003689432409333337,4.10958904109589e-06,3.689432409333316e-07,0.000369080927617869,0.1,0.0,1
2021-12-09,0.8875573053243877,0.000652375097786484,0.0007573072315689767,4.109589041095891e-06,0.00010082254474134763,0.10074666259259035,0.2,0.0,2
2021-12-10,0.8869977504335886,-0.0006304436766418897,-0.0005216354485835129,8.219178082191782e-06,0.00010058904997607666,0.1006423758045353,0.30000000000000004,0.0,3
2021-12-13,0.8857765815480705,-0.0013767440615505278,-0.0012358499299372607,3.698630136986301e-05,0.00010390783024351901,0.1040402564514449,0.4000000000000001,0.0,4
2021-12-14,0.8857253314801542,-5.7858910456509705e-05,6.234452086367193e-05,1.6438356164383563e-05,0.00010376507515574807,0.10376031191777993,0.3,0.0,3
2021-12-15,0.8856682028723686,-6.449923667661839e-05,5.233923322618968e-05,1.2328767123287674e-05,0.00010450970277948632,0.1045055214648622,0.39999999999999997,0.0,4
2021-12-16,0.8858299133920426,0.000182585892944509,0.0002040792178628514,1.643835616438356e-05,5.05496875391904e-06,0.005054020413173671,0.4000000000000001,0.0,4
2021-12-17,0.8852018579308436,-0.0007090023171537618,-0.00038942229496307133,1.6438356164383563e-05,0.00030314166602636036,0.30326474925495694,0.5000000000000001,0.0,5
2021-12-20,0.8867241302853107,0.0017196895158189118,0.0018846039293830945,6.164383561643835e-05,0.00010327057794778862,0.10308266236793265,0.4,0.0,4
2021-12-21,0.8859283569277975,-0.0008974305878618472,-0.0007739634049206133,1.643835616438356e-05,0.0001070288267768443,0.1071134894675554,0.5000000000000001,0.0,5
2021-12-22,0.8856401603899094,-0.00032530456400270413,-0.00030319288476461935,2.0547945205479453e-05,1.5637340325990125e-06,0.0015642404410976863,0.49999999999999994,0.0,5
2021-12-23,0.8851835629458541,-0.0005155563901418914,-0.0004926049430636848,2.054794520547945e-05,2.403501872857437e-06,0.002404735870014659,0.49999999999999994,0.0,5
2021-12-27,0.8848538095032222,-0.0003725254923786503,-0.00018578869208539801,8.219178082191782e-05,0.00010454501947128362,0.10457304300480141,0.6000000000000001,0.0,6
2021-12-28,0.8846354625274524,-0.0002467605082611124,-0.00021823874166330674,2.4657534246575342e-05,3.864232351352604e-06,0.0038651711870396903,0.6,0.0,6
2021-12-29,0.8842477279308633,-0.0004382987264396343,-0.00041111791787912244,2.4657534246575345e-05,2.523274314026689e-06,0.0025243743744110324,0.6000000000000001,0.0,6
2021-12-30,0.8846356834802038,0.00043874079297712143,0.0004657886977564086,2.4657534246575345e-05,2.390370532738152e-06,0.0023893165307569456,0.6,0.0,6
2021-12-31,0.8845490678868535,-9.791103271983292e-05,0.000527973129072884,2.4657534246575345e-05,0.000601226627546127,0.6009241730385286,0.0,0.0,0
2022-01-03,0.8845490678868535,0.0,0.0,0.0,0.0,0.0,0.0,0.0,0
2022-01-04,0.884460621824671,-9.999000099991662e-05,0.0,0.0,9.99900009999e-05,0.0999900009999,0.1,0.0,1
2022-01-05,0.8838427895166412,-0.000698541340094061,-0.0006934244754541075,4.10958904109589e-06,1.007275598793023e-06,0.001007978698271353,0.1,0.0,1
2022-01-06,0.8837145219852875,-0.0001451248263548699,-0.00014087436295095456,4.10958904109589e-06,1.4087436295095916e-07,0.00014089479043449146,0.10000000000000002,0.0,1
2022-01-07,0.8832006505068437,-0.0005814903633012403,-0.000576671678415397,4.109589041095891e-06,7.090958447072107e-07,0.000709507913612549,0.1,0.0,1
2022-01-10,0.8829834956177774,-0.000245872655258661,-0.00013460890458393825,1.2328767123287674e-05,9.893498355134883e-05,0.09894952296386968,0.0,0.0,0
2022-01-11,0.8829834956177774,0.0,0.0,0.0,0.0,0.0,0.0,0.0,0
2022-01-12,0.8828952060971678,-9.999000099991662e-05,0.0,0.0,9.999000099990003e-05,0.09999000099990002,0.10000000000000002,0.0,1
2022-01-13,0.8824852471485964,-0.0004643347769250905,-0.0004597654224614834,4.109589041095891e-06,4.597654224614843e-07,0.0004599787951303664,0.1,0.0,1
2022-01-14,0.8823049068659011,-0.00020435501134774547,-0.00019936683496639683,4.10958904109589e-06,8.785873402981588e-07,0.0008787661484915927,0.1,0.0,1
2022-01-18,0.8823244020157125,2.2095705985103464e-05,0.0001390380370170863,1.643835616438356e-05,0.0001005039748675808,0.10049165462279566,0.2,0.0,2
2022-01-19,0.8805759239761732,-0.0019816725407851843,-0.0019705397357228926,8.219178082191782e-06,2.9136269801702494e-06,0.0029194037764158284,0.2,0.0,2
2022-01-20,0.8796869660470107,-0.0010095187762442226,-0.0008019252078620755,8.219178082191782e-06,0.00019937439029999213,0.1995360433052694,0.20000000000000004,0.0,2
2022-01-21,0.8797552670271829,7.764236917040535e-05,0.0001905952658979635,8.219178082191782e-06,0.0001047337186454073,0.10471462120245528,0.30000000000000004,0.0,3
2022-01-24,0.8801403580315821,0.00043772514792728145,0.0004787225181091314,3.698630136986302e-05,4.0110688120542656e-06,0.004009297760029969,0.30000000000000004,0.0,3
2022-01-25,0.8792885266879212,-0.0009678357956064421,-0.0009533867984663824,1.2328767123287673e-05,2.120230016716378e-06,0.0021222795350979546,0.30000000000000004,0.0,3
2022-01-26,0.8793857295119021,0.00011054713103897384,0.0001242329615527449,1.2328767123287673e-05,1.357063390539877e-06,0.0013569115464463599,0.3,0.0,3
2022-01-27,0.8793610252801524,-2.8092600232954013e-05,-1.138184482765716e-05,1.2328767123287673e-05,4.3819882819527925e-06,0.004382092184040101,0.3,0.0,3
2022-01-28,0.8789925917860488,-0.0004189786487138747,-0.000300110514198404,1.2328767123287673e-05,0.00010653936739209387,0.10657266487891717,0.2,0.0,2
2022-01-31,0.8788431379123294,-0.00017002859309178664,5.626692759973523e-05,2.4657534246575345e-05,0.00020163798644492884,0.20163161299196133,0.0,0.0,0
2022-02-01,0.8788431379123294,0.0,0.0,0.0,0.0,0.0,0.0,0.0,0
2022-02-02,0.8787552623860908,-9.99900009998056e-05,0.0,0.0,9.999000099990003e-05,0.09999000099990002,0.1,0.0,1
2022-02-03,0.8786129238168846,-0.00016197748713298044,-5.735097659078649e-05,4.109589041095891e-06,0.00010051692150108435,0.10052309970765144,0.2,0.0,2
2022-02-04,0.8787283660110365,0.0001313914136960026,0.0002426415614751099,8.219178082191782e-06,0.00010303096969694014,0.10300682259208238,0.3,0.0,3
2022-02-07,0.8783654215879129,-0.0004130336940996182,-0.00027378667897057793,3.698630136986301e-05,0.00010226071375912778,0.10229250350530862,0.4000000000000001,0.0,4
2022-02-08,0.8786937698560185,0.00037381738856723246,0.0003960863935298987,1.6438356164383563e-05,5.8306487984071365e-06,0.0058284360441020824,0.39999999999999997,0.0,4
2022-02-09,0.8786867650281422,-7.971864734446221e-06,1.2338745528528256e-05,1.6438356164383563e-05,3.8722540985803475e-06,0.003872269973379515,0.4000000000000001,0.0,4
2022-02-10,0.8785821161152547,-0.00011909694905232193,-9.554110396418635e-05,1.6438356164383563e-05,7.117488923788498e-06,0.007118286025614686,0.4000000000000001,0.0,4
2022-02-11,0.8792979490123127,0.0008147592398342063,0.0008341563999497815,1.643835616438356e-05,2.9588039511732686e-06,0.0029563864606200166,0.4000000000000001,0.0,4
2022-02-14,0.8791616873774768,-0.00015496639675893764,-0.0001011273971610271,4.9315068493150684e-05,4.523931104734152e-06,0.004524611798489245,0.39999999999999997,0.0,4
2022-02-15,0.8792072338680373,5.180672817584053e-05,0.00017258049895602648,1.6438356164383563e-05,0.00010433541461600364,0.10431912600413519,0.5000000000000001,0.0,5
2022-02-16,0.8795994243957335,0.00044607290817055834,0.0005679660911427464,2.0547945205479453e-05,0.00010134523776672021,0.10128978989773202,0.6000000000000002,0.0,6
2022-02-17,0.8792751036417912,-0.0003687141498132096,-0.00023073131439237953,2.4657534246575342e-05,0.00011332530117431444,0.11335425058585989,0.6999999999999998,0.0,7
2022-02-18,0.8799132213997116,0.0007257316342490494,0.0008563289286813769,2.8767123287671234e-05,0.00010183017114453032,0.10174597006585111,0.6,0.0,6
2022-02-22,0.8807931802250588,0.0010000518277784032,0.0012006620635252707,9.863013698630137e-05,0.00010198009876047388,0.1018678371516453,0.5000000000000001,0.0,5
2022-02-23,0.8809389407719987,0.00016548782417080687,0.000293103480307122,2.0547945205479453e-05,0.0001070677109307617,0.10703853698503724,0.6000000000000002,0.0,6
2022-02-24,0.8832196205310499,0.002588919224131958,0.0026231501981732906,2.4657534246575342e-05,9.5734397946979e-06,0.009548627755524602,0.6000000000000002,0.0,6
2022-02-25,0.8819357529765813,-0.0014536220942380496,-0.0012082623978367237,2.4657534246575342e-05,0.00022070216215480377,0.22097460615121184,0.6000000000000001,0.0,6
2022-02-28,0.8806605186632077,-0.0014459492191688517,-0.0007824852838749785,7.397260273972603e-05,0.0005894913325542186,0.5899966398294767,0.0,0.0,0
2022-03-01,0.8806605186632077,0.0,0.0,0.0,0.0,0.0,0.0,0.0,0
2022-03-02,0.880572461417066,-9.999000099991662e-05,0.0,0.0,9.999000099990003e-05,0.09999000099990002,0.1,0.0,1
2022-03-03,0.8800526021607428,-0.0005903651080420014,-0.0005837772047040613,4.109589041095891e-06,2.4783142967177095e-06,0.0024797721219997305,0.1,0.0,1
2022-03-04,0.8800696671359866,1.939085823043918e-05,2.602508563562794e-05,4.109589041095891e-06,2.5246383641946187e-06,0.002524583036703675,0.1,0.0,1
2022-03-07,0.8800589404990222,-1.2188395265622098e-05,0.0002013058875938278,1.2328767123287673e-05,0.0002011655157361526,0.20112750723898717,0.3,0.0,3
2022-03-08,0.8810773597824476,0.001157217132352395,0.001277546762963655,1.232876712328767e-05,0.00010800086348787271,0.10786439151861299,0.39999999999999997,0.0,4
2022-03-09,0.8829386976239461,0.0021125702764148713,0.0021365647454508804,1.6438356164383563e-05,7.556112871658473e-06,0.00754012684974576,0.4000000000000001,0.0,4
2022-03-10,0.8836277303779941,0.0007803857231565292,0.0008008686347323548,1.6438356164383563e-05,4.044555411469467e-06,0.004041385226530419,0.39999999999999997,0.0,4
2022-03-11,0.8828870043161088,-0.0008382784247484842,-0.0006213923493396556,1.643835616438356e-05,0.00020044771924450708,0.20057565255448284,0.39999999999999997,0.0,4
2022-03-14,0.8834781900890971,0.0006696052497072724,0.0007214068847307243,4.931506849315069e-05,2.4865665303966816e-06,0.002484896451827211,0.4000000000000001,0.0,4
2022-03-15,0.8839808489674823,0.0005689544846991801,0.0006903400397982097,1.6438356164383563e-05,0.000104947198934479,0.10487652246941319,0.5000000000000001,0.0,5
2022-03-16,0.8830909729297896,-0.0010066689100020065,-0.0009760903551568941,2.054794520547945e-05,1.0030609639591998e-05,0.010040616502557697,0.5000000000000001,0.0,5
2022-03-17,0.8832689188629752,0.00020150351282066659,0.0002249476944794382,2.0547945205479453e-05,2.8962364532548556e-06,0.0028956445842278525,0.49999999999999994,0.0,5
2022-03-18,0.88421077952243,0.0010663351096598106,0.0010904761878447636,2.0547945205479453e-05,3.593132979531877e-06,0.0035892926939075664,0.49999999999999994,0.0,5
2022-03-21,0.8838708368660262,-0.00038445884655169404,-0.000318232142924846,6.164383561643835e-05,4.5828680104340955e-06,0.004584609593489651,0.5000000000000001,0.0,5
2022-03-22,0.8847160087564874,0.0009562165140077905,0.0009813939685860194,2.0547945205479456e-05,4.629509372784632e-06,0.004625065397089963,0.5000000000000001,0.0,5
2022-03-23,0.8843811614621506,-0.0003784799766508584,-0.0003526045782880406,2.0547945205479456e-05,5.327453157282216e-06,0.0053294418519580855,0.5000000000000001,0.0,5
2022-03-24,0.8847817746881952,0.0004529870642904221,0.00047770460496899815,2.054794520547945e-05,4.169595472922375e-06,0.004167690185598198,0.5,0.0,5
2022-03-25,0.8851691940030793,0.00043786990867955566,0.0004649868682351842,2.0547945205479456e-05,6.569014350225405e-06,0.006566096121536639,0.5,0.0,5
2022-03-28,0.8848794786378562,-0.0003272994216086955,-0.00026259219528535486,6.164383561643835e-05,3.0633907069070585e-06,0.0030643842907066353,0.5000000000000001,0.0,5
2022-03-29,0.8853881797227549,0.0005748817745008239,0.0005998520864270773,2.054794520547945e-05,4.422366720827914e-06,0.00441980630872987,0.5,0.0,5
2022-03-30,0.8854023720359554,1.602948122148007e-05,0.00013994618961920543,2.054794520547945e-05,0.00010336876319230654,0.1033564226168972,0.4000000000000001,0.0,4
2022-03-31,0.8843662648230647,-0.0011702105682280806,-0.0007603670273399646,1.643835616438356e-05,0.0003934051847237046,0.39371102156480114,0.0,0.0,0
2022-04-01,0.8843662648230647,0.0,0.0,0.0,0.0,0.0,0.0,0.0,0
2022-04-04,0.8843662648230647,0.0,0.0,0.0,0.0,0.0,0.0,0.0,0
2022-04-05,0.8843662648230647,0.0,0.0,0.0,0.0,0.0,0.0,0.0,0
2022-04-06,0.8843662648230647,0.0,0.0,0.0,0.0,0.0,0.0,0.0,0
2022-04-07,0.8843662648230647,0.0,0.0,0.0,0.0,0.0,0.0,0.0,0
2022-04-08,0.8843662648230647,0.0,0.0,0.0,0.0,0.0,0.0,0.0,0
2022-04-11,0.8843662648230647,0.0,0.0,0.0,0.0,0.0,0.0,0.0,0
2022-04-12,0.8843662648230647,0.0,0.0,0.0,0.0,0.0,0.0,0.0,0
2022-04-13,0.8843662648230647,0.0,0.0,0.0,0.0,0.0,0.0,0.0,0
2022-04-14,0.8843662648230647,0.0,0.0,0.0,0.0,0.0,0.0,0.0,0
2022-04-18,0.8842778370393608,-9.99900009998056e-05,0.0,0.0,9.999000099990002e-05,0.09999000099990002,0.1,0.0,1
2022-04-19,0.8843753157020217,0.00011023533393905716,0.00011608355921812751,4.109589041095891e-06,1.7386362381252672e-06,0.0017384415779198663,0.10000000000000002,0.0,1
2022-04-20,0.8847611314901748,0.00043625797927981935,0.0005417513105563155,4.10958904109589e-06,0.00010138374223535513,0.10132926339574318,0.20000000000000004,0.0,2
2022-04-21,0.8842017333880402,-0.0006322589026852565,-0.0006211877183731065,8.219178082191782e-06,2.852006229890433e-06,0.0028538024328227727,0.20000000000000004,0.0,2
2022-04-22,0.8855729499375694,0.0015507960432004086,0.0015674844944492008,8.219178082191782e-06,8.469273166588753e-06,0.008456087882042133,0.2,0.0,2
2022-04-25,0.8845516720943029,-0.0011532396550036905,-0.0010258367533678258,2.4657534246575342e-05,0.00010274536738917516,0.102853414313373,0.3,0.0,3
2022-04-26,0.883808979373341,-0.0008396261568341945,-0.000628508234667502,1.2328767123287671e-05,0.0001987891550433264,0.19891662817893493,0.30000000000000004,0.0,3
2022-04-27,0.8837009093701065,-0.0001222775574323265,-1.0124822528462064e-05,1.2328767123287673e-05,9.982396778055918e-05,0.09982620923729789,0.2,0.0,2
2022-04-28,0.883732555877564,3.581133290908589e-05,0.0001455620395952484,8.21917808219178e-06,0.00010153152860382932,0.10151758588808955,0.30000000000000004,0.0,3
2022-04-29,0.8846828647866949,0.0010753354086714406,0.0013794962716845384,1.2328767123287671e-05,0.0002918320958898241,0.29143365726387743,0.0,0.0,0
2022-05-02,0.8846828647866949,0.0,0.0,0.0,0.0,0.0,0.0,0.0,0
2022-05-03,0.884505963593976,-0.00019996000799848979,0.0,0.0,0.00019996000799840034,0.19996000799840033,0.20000000000000004,0.0,2
2022-05-04,0.8840432067441975,-0.0005231811528983998,-0.00040886384089490203,8.219178082191782e-06,0.00010609813392118003,0.10614240411553003,0.3,0.0,3
2022-05-05,0.8828267914915312,-0.0013759681013172376,-0.001358466837877559,1.2328767123287674e-05,5.172496316493579e-06,0.005179596484590332,0.30000000000000004,0.0,3
2022-05-06,0.8822436049325407,-0.0006605900099669881,-0.000447694611848837,1.2328767123287673e-05,0.00020056663099479152,0.20065893879783825,0.30000000000000004,0.0,3
2022-05-09,0.8826957196817823,0.0005124602170123449,0.0005590000568199918,3.698630136986301e-05,9.553538437776648e-06,0.00954855396126421,0.3,0.0,3
2022-05-10,0.8825346182292814,-0.00018251074397301892,-0.0001671989274074804,1.232876712328767e-05,2.98304944219694e-06,0.002983585078347492,0.30000000000000004,0.0,3
2022-05-11,0.8830214639730485,0.000551644925548489,0.0005680463963642469,1.2328767123287673e-05,4.07270369247565e-06,0.004070441676277345,0.3,0.0,3
2022-05-12,0.8790104423822731,-0.004542382891496555,-0.004427827198038487,1.2328767123287674e-05,0.00010222692633468964,0.102682854222385,0.2,0.0,2
2022-05-13,0.8793062694524543,0.000336545569788127,0.0004499141989820264,8.21917808219178e-06,0.0001051494511117833,0.10510302762779858,0.3,0.0,3
2022-05-16,0.8795892160551603,0.00032178390230530596,0.00036459621177502543,3.698630136986301e-05,5.8260080996915605e-06,0.0058241000667904885,0.3,0.0,3
2022-05-17,0.8789745900481387,-0.0006987648277204661,-0.0006794144326884522,1.2328767123287671e-05,7.0216279087375445e-06,0.007026488434330548,0.30000000000000004,0.0,3
2022-05-18,0.8776860888725967,-0.001465914020872261,-0.0013505124011213513,1.2328767123287673e-05,0.00010307285262754884,0.10321351625662266,0.20000000000000004,0.0,2
2022-05-19,0.8777580771735645,8.202055596018276e-05,0.00028916081345522484,8.219178082191782e-06,0.00019892107941286744,0.19886520989558057,0.2,0.0,2
2022-05-20,0.8780935255320726,0.00038216493499931836,0.0003911256042875233,8.21917808219178e-06,7.414912059530392e-07,0.0007412073928791549,0.2,0.0,2
2022-05-23,0.8779564861328252,-0.00015606469614315444,-0.00012844295571067237,2.4657534246575345e-05,2.964206185899928e-06,0.002964660076810244,0.2,0.0,2
2022-05-24,0.8767964774284982,-0.0013212599059851948,-0.0013094871931644601,8.21917808219178e-06,3.553534738548238e-06,0.003558223432235214,0.2,0.0,2
2022-05-25,0.8767157545169055,-9.206573437592347e-05,-8.310915735057489e-05,8.21917808219178e-06,7.373989429870226e-07,0.0007374662945561422,0.2,0.0,2
2022-05-26,0.876380765589153,-0.0003820952526820687,-0.00037107599024330815,8.219178082191782e-06,2.8000843566638516e-06,0.0028011468181177337,0.20000000000000004,0.0,2
2022-05-27,0.8771380197264763,0.0008640697822872578,0.0010773809869238148,8.219178082191782e-06,0.00020509202655453947,0.2048729841841863,0.2,0.0,2
2022-05-31,0.8776267840297478,0.0005572262201378742,0.000786667117752915,3.287671232876713e-05,0.0001965641852861139,0.1964161286928347,0.0,0.0,0
2022-06-01,0.8776267840297478,0.0,0.0,0.0,0.0,0.0,0.0,0.0,0
2022-06-02,0.8774512937709936,-0.00019996000799837876,0.0,0.0,0.00019996000799840034,0.19996000799840033,0.2,0.0,2
2022-06-03,0.8772543391157177,-0.0002244622085283421,-0.0002149163249928976,8.219178082191782e-06,1.3267054532552455e-06,0.0013270015544146713,0.20000000000000004,0.0,2
2022-06-06,0.877431054979944,0.00020144199503691063,0.00022656643810270994,2.4657534246575342e-05,4.669088191102398e-07,0.0004668145650930978,0.20000000000000004,0.0,2
2022-06-07,0.8768491026633618,-0.00066324563426301,-0.0006529448359500757,8.21917808219178e-06,2.081620230675209e-06,0.00208299743361964,0.2,0.0,2
2022-06-08,0.8769221296110177,8.328336932095226e-05,9.500787657805708e-05,8.21917808219178e-06,3.505329175032928e-06,0.00350502497847685,0.2,0.0,2
2022-06-09,0.8761073167138765,-0.0009291736057597255,-0.0009171938008017967,8.21917808219178e-06,3.760626875670072e-06,0.0037641102321328375,0.20000000000000004,0.0,2
2022-06-10,0.8772160019252071,0.0012654673579135522,0.0012773901854485463,8.219178082191782e-06,3.703649452867603e-06,0.0036989548466187174,0.2,0.0,2
2022-06-13,0.8774914100647949,0.0003139570402084235,0.0004462242367533954,2.4657534246575345e-05,0.00010760966229853987,0.10756431676421416,0.3,0.0,3
2022-06-14,0.875958056337421,-0.0017474287608818528,-0.0017297313767400569,1.2328767123287671e-05,5.368617018477512e-06,0.005377985793182077,0.30000000000000004,0.0,3
2022-06-15,0.8752415487803606,-0.0008179701663527661,-0.0008019825104099767,1.2328767123287671e-05,3.6588888192930133e-06,0.0036618707219187407,0.30000000000000004,0.0,3
2022-06-16,0.8734647343317631,-0.002030084667568044,-0.0020091010756229204,1.2328767123287671e-05,8.654824821900617e-06,0.008672355379872392,0.3,0.0,3
2022-06-17,0.8744451499039819,0.0011224443685970975,0.0012362658436589904,1.2328767123287673e-05,0.00010149270793864129,0.10136863910284535,0.2,0.0,2
2022-06-21,0.8735524129172838,-0.0010209182208811285,-0.0009851961727430302,3.287671232876713e-05,2.845335809268854e-06,0.0028482355206226988,0.20000000000000004,0.0,2
2022-06-22,0.873148060770178,-0.000462882525566366,-0.00035396233035427376,8.219178082191782e-06,0.0001007010171298399,0.10073750239041179,0.3,0.0,3
2022-06-23,0.873475323897833,0.0003748082855115076,0.0003912832776960808,1.2328767123287671e-05,4.146225061372495e-06,0.00414465442588304,0.3,0.0,3
2022-06-24,0.8728910923393186,-0.0006688586872807267,-0.0005474445640210599,1.2328767123287671e-05,0.00010908535613623831,0.10914645341004625,0.4,0.0,4
2022-06-27,0.8724702898379646,-0.0004820790417580101,-0.00032980365520711153,4.9315068493150684e-05,0.00010296031805765533,0.10299936704623183,0.3,0.0,3
2022-06-28,0.8730836743442572,0.0007030434313202161,0.0007198110675344926,1.2328767123287673e-05,4.438869091101571e-06,0.004435730890007503,0.3,0.0,3
2022-06-29,0.8729773030316523,-0.00012183404149057608,-7.128764953462412e-06,1.2328767123287671e-05,0.0001023765094139419,0.10237850144691776,0.2,0.0,2
2022-06-30,0.8730676421958748,0.00010348397823034539,0.00031254994865212985,8.219178082191782e-06,0.00020084679233960974,0.20078568707674224,0.0,0.0,0
2022-07-01,0.8730676421958748,0.0,0.0,0.0,0.0,0.0,0.0,0.0,0
2022-07-05,0.8730676421958748,0.0,0.0,0.0,0.0,0.0,0.0,0.0,0
2022-07-06,0.8730676421958748,0.0,0.0,0.0,0.0,0.0,0.0,0.0,0
2022-07-07,0.8730676421958748,0.0,0.0,0.0,0.0,0.0,0.0,0.0,0
2022-07-08,0.8730676421958748,0.0,0.0,0.0,0.0,0.0,0.0,0.0,0
2022-07-11,0.8730676421958748,0.0,0.0,0.0,0.0,0.0,0.0,0.0,0
2022-07-12,0.8730676421958748,0.0,0.0,0.0,0.0,0.0,0.0,0.0,0
2022-07-13,0.8730676421958748,0.0,0.0,0.0,0.0,0.0,0.0,0.0,0
2022-07-14,0.8730676421958748,0.0,0.0,0.0,0.0,0.0,0.0,0.0,0
2022-07-15,0.8730676421958748,0.0,0.0,0.0,0.0,0.0,0.0,0.0,0
2022-07-18,0.8730676421958748,0.0,0.0,0.0,0.0,0.0,0.0,0.0,0
2022-07-19,0.8730676421958748,0.0,0.0,0.0,0.0,0.0,0.0,0.0,0
2022-07-20,0.8730676421958748,0.0,0.0,0.0,0.0,0.0,0.0,0.0,0
2022-07-21,0.8730676421958748,0.0,0.0,0.0,0.0,0.0,0.0,0.0,0
2022-07-22,0.8730676421958748,0.0,0.0,0.0,0.0,0.0,0.0,0.0,0
2022-07-25,0.8730676421958748,0.0,0.0,0.0,0.0,0.0,0.0,0.0,0
2022-07-26,0.8730676421958748,0.0,0.0,0.0,0.0,0.0,0.0,0.0,0
2022-07-27,0.8730676421958748,0.0,0.0,0.0,0.0,0.0,0.0,0.0,0
2022-07-28,0.8730676421958748,0.0,0.0,0.0,0.0,0.0,0.0,0.0,0
2022-07-29,0.8730676421958748,0.0,0.0,0.0,0.0,0.0,0.0,0.0,0
2022-08-01,0.8730676421958748,0.0,0.0,0.0,0.0,0.0,0.0,0.0,0
2022-08-02,0.8728930635831582,-0.00019996000799837876,0.0,0.0,0.00019996000799840034,0.19996000799840036,0.20000000000000004,0.0,2
2022-08-03,0.8725492077864635,-0.0003939265999929331,-0.00028351701582911564,8.219178082191782e-06,0.00010219040608159025,0.10222022742167901,0.30000000000000004,0.0,3
2022-08-04,0.8714628272391155,-0.0012450650778813577,-0.0012278089718034014,1.232876712328767e-05,4.9273389546102465e-06,0.004933457120969337,0.30000000000000004,0.0,3
2022-08-05,0.8714887646145791,2.9763031368590376e-05,0.00024245915667910902,1.2328767123287671e-05,0.0002003673581872547,0.20032125817807386,0.3,0.0,3
2022-08-08,0.8713777234240889,-0.0001274155158378365,-8.902185176783427e-05,3.698630136986302e-05,1.407362700162088e-06,0.0014075400616857282,0.30000000000000004,0.0,3
2022-08-09,0.8707097803490247,-0.0007665367809032153,-0.0007494083437299513,1.2328767123287671e-05,4.799670049971077e-06,0.004803328923868022,0.3,0.0,3
2022-08-10,0.871483553392869,0.0008886692917748906,0.0009042312573803835,1.2328767123287673e-05,3.2331984821245736e-06,0.003230317354032192,0.30000000000000004,0.0,3
2022-08-11,0.871374591135696,-0.00012503076707381933,-0.00011114742307785647,1.2328767123287671e-05,1.5545768726469043e-06,0.001554768849581094,0.3,0.0,3
2022-08-12,0.8716270390629439,0.00028971228885477096,0.0004071770093591721,1.2328767123287673e-05,0.00010513595338108739,0.1050944570194645,0.4000000000000001,0.0,4
2022-08-15,0.8715521038257805,-8.597167573409781e-05,-3.4894237931026886e-05,4.93150684931507e-05,1.7623693099080706e-06,0.0017625177303036998,0.4000000000000001,0.0,4
2022-08-16,0.871563942862536,1.358385425676012e-05,0.00013249303213728187,1.6438356164383563e-05,0.00010247082171631767,0.10245893087829404,0.5000000000000001,0.0,5
2022-08-17,0.8716835291600756,0.00013720886289392276,0.00016092092820836908,2.0547945205479453e-05,3.164120108884832e-06,0.0031636760142454575,0.5,0.0,5
2022-08-18,0.8714760115736611,-0.00023806528341141497,-0.00021369938906667393,2.054794520547945e-05,3.817949139295902e-06,0.0038188436932510483,0.49999999999999994,0.0,5
2022-08-19,0.8713680500816012,-0.00012388349263325882,-9.866065362264527e-05,2.054794520547945e-05,4.674893805123339e-06,0.004675451159104905,0.5,0.0,5
2022-08-22,0.871268215046791,-0.00011457275120529964,-4.2934000619765455e-05,6.164383561643835e-05,9.994914969132265e-06,0.009995960325034161,0.5,0.0,5
2022-08-23,0.8704200355586367,-0.0009734998631950598,-0.0009492837265856037,2.054794520547945e-05,3.6681914041645976e-06,0.003671752385919436,0.5,0.0,5
2022-08-24,0.8701955882067397,-0.0002578609668065779,-0.00023520257741620475,2.0547945205479453e-05,2.110444184982687e-06,0.0021109840702619024,0.49999999999999994,0.0,5
2022-08-25,0.8695729623638117,-0.0007155010337516199,-0.0006901283673962253,2.0547945205479453e-05,4.824721150026836e-06,0.004828152403573686,0.5,0.0,5
2022-08-26,0.8694538010525825,-0.00013703428738764956,-0.00010484569672492545,2.0547945205479453e-05,1.164064545723835e-05,0.011642105303222058,0.5,0.0,5
2022-08-29,0.8693844063754738,-7.981410515978116e-05,8.661174133701696e-05,6.164383561643837e-05,0.00010478201088026097,0.10477939475821117,0.4000000000000001,0.0,4
2022-08-30,0.8695982290457316,0.00024594721125636987,0.00026757701235812794,1.643835616438356e-05,5.191444937304895e-06,0.005190141492145103,0.4,0.0,4
2022-08-31,0.8698985131709149,0.00034531363468026655,0.0007587292247214384,1.643835616438356e-05,0.0003969772338767835,0.39668277987157097,0.0,0.0,0
2022-09-01,0.8698985131709149,0.0,0.0,0.0,0.0,0.0,0.0,0.0,0
2022-09-02,0.8698115320177131,-9.999000099991662e-05,0.0,0.0,9.99900009999e-05,0.0999900009999,0.1,0.0,1
2022-09-06,0.8699261647063914,0.00013179026083087741,0.00014840958321575836,1.643835616438356e-05,1.8096622044994119e-07,0.00018094234126713862,0.1,0.0,1
2022-09-07,0.8700810120534831,0.00017800056300631972,0.00018539514696778187,4.109589041095891e-06,3.284994920257471e-06,0.0032843995060605606,0.1,0.0,1
2022-09-08,0.8701422391036687,7.036936714799324e-05,7.48620251492804e-05,4.10958904109589e-06,3.830689603201932e-07,0.00038304185917552514,0.1,0.0,1
2022-09-09,0.8700860898844168,-6.45287824548868e-05,-5.9863761396039525e-05,4.109589041095891e-06,5.554320177063045e-07,0.0005554675528267179,0.1,0.0,1
2022-09-12,0.8700737468206249,-1.418602588343365e-05,9.858818567503038e-05,1.2328767123287673e-05,0.00010044544443518943,0.10043678081687496,0.2,0.0,2
2022-09-13,0.8694132689150454,-0.0007591056597132662,-0.000745827613995176,8.21917808219178e-06,5.05886763585077e-06,0.005062685137337877,0.2,0.0,2
2022-09-14,0.8694503191729182,4.261524317317189e-05,5.29199666914448e-05,8.219178082191782e-06,2.0855454363231404e-06,0.0020854522149645243,0.2,0.0,2
2022-09-15,0.868724531267028,-0.0008347663919205939,-0.0008215784721188056,8.219178082191782e-06,4.968741719465617e-06,0.0049728681938075985,0.2,0.0,2
2022-09-16,0.8686590558298313,-7.536961929832664e-05,-6.634889950731252e-05,8.219178082191782e-06,8.015417087848333e-07,0.0008016014826663886,0.2,0.0,2
2022-09-19,0.8682615252268998,-0.00045763709048274315,-0.000331184294214859,2.4657534246575345e-05,0.00010179526202133926,0.10183149792775682,0.10000000000000002,0.0,1
2022-09-20,0.8687057643957093,0.000511642121529432,0.0005169894859382852,4.109589041095891e-06,1.237775367619275e-06,0.0012371408629410425,0.1,0.0,1
2022-09-21,0.8688499616332199,0.00016599088370372606,0.00017156203472595285,4.10958904109589e-06,1.4615619810236527e-06,0.0014613172798712169,0.1,0.0,1
2022-09-22,0.8687706423811519,-9.129223176684853e-05,-8.709554717872825e-05,4.10958904109589e-06,8.709554717872456e-08,8.710349146452879e-05,0.10000000000000002,0.0,1
2022-09-23,0.86873873574208,-3.672619390582277e-05,-3.186161333804119e-05,4.109589041095891e-06,7.549915266509282e-07,0.0007550186855808673,0.1,0.0,1
2022-09-26,0.8684838698797348,-0.0002933745807104371,-0.0002786875875476104,1.2328767123287671e-05,2.358226039539127e-06,0.0023589125216621687,0.1,0.0,1
2022-09-27,0.8677311294191218,-0.0008667293506755547,-0.0008607806924537221,4.109589041095891e-06,1.8390691807036471e-06,0.0018406611506443643,0.1,0.0,1
2022-09-28,0.8675830351085358,-0.00017066843122826025,-6.542458416555203e-05,4.109589041095891e-06,0.00010113425802175604,0.1011412907977887,0.2,0.0,2
2022-09-29,0.8674639614058844,-0.0001372476153091995,6.855756082255734e-05,8.219178082191782e-06,0.00019758599804958583,0.19757407674932334,0.2,0.0,2
2022-09-30,0.8673925720658392,-8.229660622394164e-05,0.00012470207876492666,8.219178082191782e-06,0.00019877950690666226,0.19875635518988063,0.0,0.0,0
2022-10-03,0.8673925720658392,0.0,0.0,0.0,0.0,0.0,0.0,0.0,0
2022-10-04,0.867305841481691,-9.999000099991662e-05,0.0,0.0,9.999000099990002e-05,0.0999900009999,0.1,0.0,1
2022-10-05,0.8670386180081123,-0.00030810754499488446,-0.00020359895288684645,4.10958904109589e-06,0.00010039900306693447,0.10041986112987035,0.20000000000000004,0.0,2
2022-10-06,0.8670794388466964,4.7080761728768294e-05,5.889454157064218e-05,8.219178082191782e-06,3.5946017596551385e-06,0.003594419611134814,0.2,0.0,2
2022-10-07,0.8659357799846942,-0.0013189781821183466,-0.0011087635158592733,8.21917808219178e-06,0.00020199548817689865,0.2022213659430022,0.4000000000000001,0.0,4
2022-10-10,0.8648947330078961,-0.0012022219209102403,-0.0011501742843217258,4.931506849315068e-05,2.732568095219256e-06,0.0027358497178266907,0.4,0.0,4
2022-10-11,0.8644853691859999,-0.00047331057326771564,-0.00015697152196703646,1.6438356164383563e-05,0.0002999006951363182,0.299952709899187,0.5,0.0,5
2022-10-12,0.8669204310815847,0.0028167762953323905,0.002947560932560733,2.054794520547945e-05,0.00011023669202296311,0.10991496947979101,0.4000000000000001,0.0,4
2022-10-13,0.8670379568413594,0.00013556695119998352,0.0001640672128369162,1.6438356164383563e-05,1.2061905472553856e-05,0.012060125050081385,0.4,0.0,4
2022-10-14,0.8659614098611578,-0.0012416376603897605,-0.0011249213273422374,1.643835616438356e-05,0.00010027797688324991,0.10039256090479061,0.30000000000000004,0.0,3
2022-10-17,0.866366377547731,0.00046765096222722846,0.0006097332163077507,3.698630136986302e-05,0.000105095952710549,0.10503579378370133,0.4000000000000001,0.0,4
2022-10-18,0.8668530041817927,0.0005616868875255587,0.0005881731434885682,1.643835616438356e-05,1.0047899798572708e-05,0.010042158347305733,0.39999999999999997,0.0,4
2022-10-19,0.8665953116868013,-0.0002972735789670278,-0.000274961002190577,1.643835616438356e-05,5.874220612040316e-06,0.005875932855104029,0.4000000000000001,0.0,4
2022-10-20,0.8657976940977443,-0.0009204037666721288,-0.0007944723897695685,1.6438356164383563e-05,0.0001094930207381946,0.10958188186375759,0.49999999999999994,0.0,5
2022-10-21,0.8648394093192366,-0.001106822973819921,-0.0009741541805967204,2.0547945205479453e-05,0.0001121208480176633,0.11223248590998203,0.4,0.0,4
2022-10-24,0.8652349962038564,0.0004574107983019715,0.0005098076014724117,4.9315068493150684e-05,3.0817346772562817e-06,0.003080316214640225,0.4,0.0,4
2022-10-25,0.8657376783100699,0.0005809775476246504,0.0006064325706626293,1.643835616438356e-05,9.016666873720623e-06,0.009011350229220564,0.4,0.0,4
2022-10-26,0.8663873246292406,0.000750396263726083,0.0008685131082221907,1.6438356164383563e-05,0.00010167848833168197,0.10159192441787256,0.5000000000000001,0.0,5
2022-10-27,0.8669075291140426,0.0006004294730703741,0.0006244224803972963,2.0547945205479453e-05,3.4450621215542344e-06,0.0034429829918003877,0.5000000000000001,0.0,5
2022-10-28,0.8678718013670943,0.0011123126984917686,0.0012445645606994403,2.0547945205479453e-05,0.0001117039170021923,0.11156735670384005,0.4000000000000001,0.0,4
2022-10-31,0.8670101733965789,-0.000992805583910128,-0.0005441244163114981,4.931506849315069e-05,0.0003993660991053464,0.39960323944588944,0.0,0.0,0
2022-11-01,0.8670101733965789,0.0,0.0,0.0,0.0,0.0,0.0,0.0,0
2022-11-02,0.8668368060353718,-0.00019996000799837876,0.0,0.0,0.00019996000799840034,0.19996000799840033,0.2,0.0,2
2022-11-03,0.8671214941183937,0.00032842177563252584,0.000537661374713766,8.21917808219178e-06,0.0002010204209990673,0.20091404862382975,0.4,0.0,4
2022-11-04,0.8667727870076062,-0.0004021433134258068,-0.0002815702751113092,1.6438356164383563e-05,0.00010413468215005811,0.10416572443502284,0.49999999999999994,0.0,5
2022-11-07,0.8665699422292068,-0.0002340230120740916,3.5257989820730714e-05,6.164383561643835e-05,0.00020763716627841662,0.20764264510523098,0.5000000000000001,0.0,5
2022-11-08,0.8674412430143227,0.0010054592741521873,0.0011285757736546663,2.054794520547945e-05,0.00010256855429699178,0.10245503127117868,0.6000000000000001,0.0,6
2022-11-09,0.8684385704141823,0.0011497348182269995,0.0011826450785430375,2.465753424657535e-05,8.252726069572478e-06,0.008243180569148018,0.6000000000000001,0.0,6
2022-11-10,0.8694910023359115,0.0012118668580407554,0.0014625716692107775,2.4657534246575342e-05,0.0002260472769234159,0.2257227070523629,0.4000000000000001,0.0,4
2022-11-11,0.869654088722468,0.00018756535273900532,0.0005077545281547247,1.6438356164383563e-05,0.0003037508192513576,0.3036016548484875,0.7000000000000002,0.0,7
2022-11-14,0.8698948711040598,0.0002768714420069429,0.00046704020521235465,8.63013698630137e-05,0.00010386739334235307,0.10382786204308196,0.6000000000000001,0.0,6
2022-11-15,0.8686722661207089,-0.0014054629173744226,-0.001275583661653662,2.4657534246575345e-05,0.00010522172147411518,0.10535871321338225,0.5000000000000001,0.0,5
2022-11-16,0.8700519376233535,0.001588253195656808,0.0016123092158322752,2.0547945205479453e-05,3.5080749700410633e-06,0.0035024998264669162,0.5000000000000001,0.0,5
2022-11-17,0.8690478876754463,-0.0011540115072324886,-0.001128491784826846,2.054794520547945e-05,4.971777200206295e-06,0.004977496541488563,0.49999999999999994,0.0,5
2022-11-18,0.8698380765329283,0.0009092581302920788,0.0009377978747227571,2.0547945205479456e-05,7.991799225317473e-06,0.007984475465759271,0.5,0.0,5
2022-11-21,0.8703178324560472,0.0005515462429870333,0.0006168340775443484,6.164383561643835e-05,3.64399894079914e-06,0.003641976950734766,0.5,0.0,5
2022-11-22,0.8703808762889723,7.243771249321185e-05,9.732877171993462e-05,2.0547945205479456e-05,4.343114021302747e-06,0.004342780579020519,0.49999999999999994,0.0,5
2022-11-23,0.8710165855678262,0.0007303805680616282,0.0007537651219774289,2.0547945205479453e-05,2.8366087102673517e-06,0.0028345303839017928,0.5000000000000001,0.0,5
2022-11-25,0.8715586551028005,0.0006223412320225385,0.0006668144281561039,4.109589041095891e-05,3.3773057226946687e-06,0.003375193801364672,0.5000000000000001,0.0,5
2022-11-28,0.8713333018589853,-0.0002585634856538954,-0.00019208979696696543,6.164383561643835e-05,4.82985307057738e-06,0.004831078877770334,0.5,0.0,5
2022-11-29,0.8712210459458247,-0.00012883234569482926,-0.0001049621733530904,2.0547945205479453e-05,3.3222271363723776e-06,0.003322644161835057,0.5,0.0,5
2022-11-30,0.8715223121224749,0.0003457976343110847,0.000877936135337376,2.0547945205479453e-05,0.0005115905558207013,0.5111522998754294,0.0,0.0,0
2022-12-01,0.8715223121224749,0.0,0.0,0.0,0.0,0.0,0.0,0.0,0
2022-12-02,0.8714351686056143,-9.999000099991662e-05,0.0,0.0,9.999000099990002e-05,0.0999900009999,0.1,0.0,1
2022-12-05,0.8714338415170927,-1.5228769384423302e-06,1.2161087403067591e-05,1.2328767123287671e-05,1.3551972181878844e-06,0.0013551974454270128,0.1,0.0,1
2022-12-06,0.8715016215243822,7.777986584889263e-05,8.197142631629072e-05,4.10958904109589e-06,8.197142631628439e-08,8.19650443673376e-05,0.1,0.0,1
2022-12-07,0.8715338473875217,3.697739894414909e-05,0.00014138597344456327,4.10958904109589e-06,0.00010029898545929404,0.10028521866706631,0.2,0.0,2
2022-12-08,0.8715374456160767,4.128615963550075e-06,0.00021347041847166184,8.219178082191782e-06,0.00020112262442602863,0.20108135222906443,0.4000000000000001,0.0,4
2022-12-09,0.8723864441963796,0.0009741389593451721,0.001093761611580768,1.6438356164383563e-05,0.00010318429607112907,0.10307325285881286,0.5000000000000001,0.0,5
2022-12-12,0.8716990034474483,-0.0007880002646813988,-0.0007193246532811451,6.164383561643837e-05,7.031775783783831e-06,0.007037271671206856,0.49999999999999994,0.0,5
2022-12-13,0.8714713828328353,-0.00026112294922076007,-3.89906077433333e-05,2.0547945205479453e-05,0.00020158439627194499,0.20159639902982288,0.30000000000000004,0.0,3
2022-12-14,0.8716286843287384,0.00018050104570477288,0.0001936406869460617,1.2328767123287671e-05,8.108741180230554e-07,0.0008107271235318353,0.30000000000000004,0.0,3
2022-12-15,0.8709814962734157,-0.0007425043105609985,-0.0006263635571815806,1.2328767123287673e-05,0.00010381198625614335,0.10387833254980448,0.4000000000000001,0.0,4
2022-12-16,0.8706429612531299,-0.0003886822185480421,-0.0002677326538761016,1.6438356164383563e-05,0.0001045112085075021,0.10454091600519387,0.49999999999999994,0.0,5
2022-12-19,0.8707404561789508,0.00011198037560711249,0.00027816065876765106,6.164383561643834e-05,0.00010453644754402005,0.10451381854405348,0.6000000000000001,0.0,6
2022-12-20,0.8704452510174535,-0.00033902773140082054,-0.00031243699740080027,2.4657534246575345e-05,1.933199753448512e-06,0.0019338516442628103,0.5999999999999999,0.0,6
2022-12-21,0.8704865663982642,4.746465186911131e-05,7.925683524538954e-05,2.4657534246575342e-05,7.1346491296854835e-06,0.007134259604097956,0.6,0.0,6
2022-12-22,0.8702959698461464,-0.0002189540418829905,-0.00019082828991183188,2.465753424657534e-05,3.4682177244794634e-06,0.0034689652373126024,0.6000000000000001,0.0,6
2022-12-23,0.8698390252455825,-0.0005250450609861623,-0.0004944729077927203,2.4657534246575345e-05,5.914618946798399e-06,0.00591769100034326,0.6,0.0,6
2022-12-27,0.8702447207600594,0.00046640298112898826,0.0005682316794869192,9.863013698630134e-05,3.1985613716367023e-06,0.003197060027316407,0.6,0.0,6
2022-12-28,0.8696485813034359,-0.000685025076742618,-0.0006539816601673631,2.4657534246575342e-05,6.385882328729749e-06,0.0063902189817916805,0.6000000000000001,0.0,6
2022-12-29,0.8690874858853788,-0.0006451978766137678,-0.0006142240180687376,2.4657534246575345e-05,6.31632429831186e-06,0.006320362261164469,0.6000000000000002,0.0,6
2022-12-30,0.8681304326929098,-0.0011012161698473744,-0.0004829412686658596,2.4657534246575345e-05,0.0005936173669348905,0.5939188394268108,0.0,0.0,0
2023-01-03,0.8681304326929098,0.0,0.0,0.0,0.0,0.0,0.0,0.0,0
2023-01-04,0.8681304326929098,0.0,0.0,0.0,0.0,0.0,0.0,0.0,0
2023-01-05,0.8680436283300768,-9.999000099991662e-05,0.0,0.0,9.999000099990002e-05,0.09999000099990002,0.10000000000000002,0.0,1
2023-01-06,0.8683843668252277,0.0003925361399246263,0.0004995159880576417,4.109589041095891e-06,0.0001028702590917379,0.10281932174180448,0.20000000000000004,0.0,2
2023-01-09,0.867986902333915,-0.00045770571937608917,-0.0004295565695042137,2.4657534246575345e-05,3.491615625474514e-06,0.003493202287220624,0.2,0.0,2
2023-01-10,0.8682204763364281,0.00026909853349743607,0.00027883333168979844,8.21917808219178e-06,1.5156201100360347e-06,0.0015152100727446611,0.20000000000000004,0.0,2
2023-01-11,0.8685207374040813,0.00034583504517216035,0.00045486887102260125,8.219178082191782e-06,0.00010081464776828037,0.10076963903994546,0.3,0.0,3
2023-01-12,0.8684350454071841,-9.866430726035436e-05,1.8269564934125824e-05,1.2328767123287673e-05,0.00010460510507127193,0.10460448363718454,0.2,0.0,2
2023-01-13,0.8691501257831943,0.0008234126199673231,0.0008334320902235126,8.21917808219178e-06,1.8002921740285356e-06,0.0017988077746264536,0.2,0.0,2
2023-01-17,0.8676611131261662,-0.0017131823523425238,-0.0015828228710668966,3.287671232876712e-05,9.748276894681642e-05,0.09764052670513643,0.10000000000000002,0.0,1
2023-01-18,0.8688605175013938,0.0013823419732459374,0.0015883163470287954,4.109589041095891e-06,0.00020186478474167806,0.20154549500644686,0.30000000000000004,0.0,3
2023-01-19,0.8687948673869182,-7.555886491927843e-05,3.8900113940182413e-05,1.2328767123287671e-05,0.00010213021173603799,0.1021274980708672,0.4000000000000001,0.0,4
2023-01-20,0.869506046534393,0.0008185812027341477,0.0008387593087653633,1.6438356164383563e-05,3.7397498668722637e-06,0.003736677118984218,0.4,0.0,4
2023-01-23,0.8687321952390465,-0.0008899895503093891,-0.0008381511253739703,4.931506849315069e-05,2.523356442154674e-06,0.002525597824843527,0.4000000000000001,0.0,4
2023-01-24,0.869609613728421,0.0010099988168770224,0.0011300839779915862,1.643835616438356e-05,0.00010364680495003029,0.10353150753993726,0.5000000000000001,0.0,5
2023-01-25,0.869308537360761,-0.00034622014626684017,-0.0003233525967684392,2.0547945205479453e-05,2.3196042927935277e-06,0.0023204022803953533,0.5000000000000001,0.0,5
2023-01-26,0.8702176345449275,0.0010457704544424296,0.001069135813095912,2.0547945205479456e-05,2.817413447963155e-06,0.0028144622370067937,0.5,0.0,5
2023-01-27,0.8706280683776898,0.00047164504196350876,0.0004967659614314446,2.0547945205479453e-05,4.5729742625766585e-06,0.004570797566427003,0.5000000000000001,0.0,5
2023-01-30,0.8703986116865194,-0.00026355305957215247,-9.972261507830709e-05,6.164383561643837e-05,0.00010218660887753348,0.10220310102919654,0.6,0.0,6
2023-01-31,0.871001332198606,0.0006924649281305761,0.001324061334445537,2.465753424657534e-05,0.0006069388720681553,0.6061512368475005,0.0,0.0,0
2023-02-01,0.871001332198606,0.0,0.0,0.0,0.0,0.0,0.0,0.0,0
2023-02-02,0.8707401101655563,-0.00029991002699192304,0.0,0.0,0.00029991002699190244,0.29991002699190245,0.3,0.0,3
2023-02-03,0.8725140999397532,0.002037335541898333,0.0022512123256607066,1.2328767123287673e-05,0.00020154801663896168,0.2010977821209128,0.3,0.0,3
2023-02-06,0.8747140122125194,0.0025213486783974837,0.0025617279903065835,3.698630136986301e-05,3.3930105392563212e-06,0.0033844656377658797,0.3,0.0,3
2023-02-07,0.8734944392541929,-0.0013942533688716674,-0.0012781975362412322,1.2328767123287671e-05,0.00010372706550707591,0.10386110098979966,0.2,0.0,2
2023-02-08,0.8727337980766247,-0.0008708025413621812,-0.00086122860649418,8.21917808219178e-06,1.3547567857768622e-06,0.0013559357010681841,0.20000000000000004,0.0,2
2023-02-09,0.8722990501579871,-0.0004981449321610487,-0.0002911770452418638,8.219178082191782e-06,0.00019874870883700426,0.19880823127061242,0.2,0.0,2
2023-02-10,0.8720332708827103,-0.00030468825482343753,-0.0001952836565034865,8.219178082191782e-06,0.00010118542023782856,0.10120601594895129,0.3,0.0,3
2023-02-13,0.8719087364259478,-0.00014280929515042562,-0.00010066211928903002,3.6986301369863006e-05,5.160874491663385e-06,0.005161584975683384,0.30000000000000004,0.0,3
2023-02-14,0.8724305821777507,0.000598509603128905,0.0007123295688557853,1.2328767123287671e-05,0.00010149119860363715,0.10142020437925979,0.2,0.0,2
2023-02-15,0.867079937352966,-0.00613303216793315,-0.0060194068861816165,8.219178082191782e-06,0.00010540610366938831,0.10604530511448919,0.30000000000000004,0.0,3
2023-02-16,0.866059772205061,-0.0011765525921627606,-0.0010651800077234375,1.2328767123287671e-05,9.904381731606232e-05,0.09915065301471745,0.20000000000000004,0.0,2
2023-02-17,0.866481627291761,0.00048709696517357237,0.0004974524232389311,8.219178082191782e-06,2.1362799830124096e-06,0.002135235354890563,0.2,0.0,2
2023-02-21,0.8664019108547,-9.200014697396952e-05,-5.460959296921265e-05,3.287671232876712e-05,4.51384167592608e-06,0.004514236609808313,0.2,0.0,2
2023-02-22,0.8665380971038446,0.0001571859981359669,0.00016568194296484042,8.219178082191782e-06,2.767667467416231e-07,0.0002767231731456725,0.2,0.0,2
2023-02-23,0.8664462280602473,-0.00010601847039881651,3.850918461684144e-06,8.21917808219178e-06,0.00010165021077837353,0.10165065481482435,0.3,0.0,3
2023-02-24,0.8655217830075613,-0.0010669387467420188,-0.001053384191084028,1.2328767123287671e-05,1.2257885347034466e-06,0.001227096267096259,0.30000000000000004,0.0,3
2023-02-27,0.8660189954805578,0.000574465579905814,0.000712198442306028,3.698630136986301e-05,0.00010074656103043867,0.10067858162979,0.2,0.0,2
2023-02-28,0.8654281686517876,-0.0006822331055710285,-0.00047605154177166037,8.219178082191782e-06,0.00019796238571709735,0.19805829955239462,0.0,0.0,0
2023-03-01,0.8654281686517876,0.0,0.0,0.0,0.0,0.0,0.0,0.0,0
2023-03-02,0.8653416344883388,-9.999000099991662e-05,0.0,0.0,9.999000099990003e-05,0.09999000099990002,0.1,0.0,1
2023-03-03,0.8654760346014173,0.00015531451131201024,0.00015969555870532504,4.109589041095891e-06,2.7145835223061454e-07,0.0002714161236898277,0.1,0.0,1
2023-03-06,0.8651796680566592,-0.00034243183278270806,-0.00032785120453845414,1.232876712328767e-05,2.2518611210322007e-06,0.0022526274197640205,0.1,0.0,1
2023-03-07,0.8649693975936804,-0.00024303675957981774,-0.00023593230583849876,4.109589041095891e-06,2.9948647001697037e-06,0.0029955837657731107,0.1,0.0,1
2023-03-08,0.8642605175715158,-0.0008195434707132243,-0.0007141945516130677,4.109589041095891e-06,0.00010123933005903839,0.10131210296209445,0.2,0.0,2
2023-03-09,0.8643214289685539,7.047805123527873e-05,0.00017805911282545162,8.219178082191782e-06,9.936188350777249e-05,0.09934501075762835,0.1,0.0,1
2023-03-10,0.8644811932550798,0.00018484360235815345,0.00018920293009142553,4.10958904109589e-06,2.497386922691524e-07,0.0002496924758545613,0.1,0.0,1
2023-03-13,0.864060693515713,-0.00048641860881137866,-0.00037344994640559076,1.2328767123287671e-05,0.00010063989528244978,0.10067873499531599,0.2,0.0,2
2023-03-14,0.8649129441859567,0.000986331951724262,0.0009958161502468144,8.21917808219178e-06,1.2650204402565887e-06,0.0012637723425176128,0.2,0.0,2
2023-03-15,0.8648807261642516,-3.725001680410234e-05,-2.4982454653193968e-05,8.21917808219178e-06,4.048384068775759e-06,0.0040485184861996605,0.2,0.0,2
2023-03-16,0.864384893044558,-0.0005732965306008975,-0.0005615383358712812,8.21917808219178e-06,3.539016647456373e-06,0.003541034178286618,0.2,0.0,2
2023-03-17,0.864792558844518,0.0004716253178882468,0.0004840883850839251,8.219178082191782e-06,4.243889113416507e-06,0.0042418705378474576,0.2,0.0,2
2023-03-20,0.864559444223441,-0.00026956131698041563,-0.00024189553173606924,2.4657534246575345e-05,3.008250997673217e-06,0.003009053069994729,0.20000000000000004,0.0,2
2023-03-21,0.8646282628279298,7.959962145887012e-05,9.066921164325732e-05,8.21917808219178e-06,2.850412102272643e-06,0.0028501771050746744,0.2,0.0,2
2023-03-22,0.8650057754528581,0.0004366184187567512,0.0004479056846788287,8.21917808219178e-06,3.068087840040557e-06,0.0030667394360912596,0.2,0.0,2
2023-03-23,0.8647123819372939,-0.0003391809903355858,-0.0003288219621635003,8.21917808219178e-06,2.1398500899490303e-06,0.0021405715506252303,0.2,0.0,2
2023-03-24,0.8647151176844695,3.1637654700489293e-06,0.00011377273370485332,8.219178082191782e-06,0.00010238979015247407,0.1023789836867249,0.3,0.0,3
2023-03-27,0.864849630058928,0.00015555686688895065,0.0001945821616438081,3.698630136986302e-05,2.0389933849546553e-06,0.0020386720986714487,0.30000000000000004,0.0,3
2023-03-28,0.8654006221174723,0.000637095790289921,0.0007502889550002447,1.2328767123287671e-05,0.00010086439758724428,0.10079001856620702,0.4000000000000001,0.0,4
2023-03-29,0.8645523670824207,-0.0009801876880745075,-0.0009581273019734104,1.643835616438356e-05,5.622029936734636e-06,0.005627514318930544,0.4,0.0,4
2023-03-30,0.8652474252965785,0.0008039515483642123,0.0008225546609335167,1.643835616438356e-05,2.1647564049957913e-06,0.0021630127651383895,0.4000000000000001,0.0,4
2023-03-31,0.8653414386283843,0.00010865485300182165,0.0005289954998622114,1.6438356164383563e-05,0.0004039022906959354,0.403695373748243,0.0,0.0,0
2023-04-03,0.8653414386283843,0.0,0.0,0.0,0.0,0.0,0.0,0.0,0
2023-04-04,0.8651684049473948,-0.00019996000799848979,0.0,0.0,0.00019996000799840034,0.19996000799840033,0.2,0.0,2
2023-04-05,0.8646277471923911,-0.0006249162034951405,-0.0006126745620578691,8.219178082191782e-06,4.022463355018696e-06,0.004024962428995158,0.2,0.0,2
2023-04-06,0.8647457069504216,0.00013642837442295885,0.00014595418624737682,8.219178082191782e-06,1.3066337421083462e-06,0.0013064537976838547,0.2,0.0,2
2023-04-10,0.8647567198073642,1.2735370472638508e-05,4.707389323643788e-05,3.287671232876712e-05,1.4618104350985527e-06,0.001461789681805991,0.2,0.0,2
2023-04-11,0.8645389793356121,-0.0002517939054589302,-0.00014232183920892538,8.219178082191782e-06,0.00010125288816784056,0.10126813317562798,0.3,0.0,3
2023-04-12,0.8640505948474588,-0.0005649074244501451,-0.0005517447353699523,1.2328767123287671e-05,8.339219569623603e-07,0.0008343926157275682,0.3,0.0,3
2023-04-13,0.8640185923849906,-3.703771822982649e-05,7.662077043616993e-05,1.2328767123287673e-05,0.00010132972154268394,0.10132320727070641,0.4,0.0,4
2023-04-14,0.8632315856699153,-0.000910867800775983,-0.0008898850384596757,1.6438356164383563e-05,4.544406151842159e-06,0.004548528589714134,0.4000000000000001,0.0,4
2023-04-17,0.8638677238314373,0.000736926419378392,0.0007907291956332662,4.9315068493150684e-05,4.487707761840264e-06,0.004484382976949647,0.4000000000000001,0.0,4
2023-04-18,0.8641211553149638,0.00029336839024662886,0.00031245573430984666,1.6438356164383563e-05,2.648987898627016e-06,0.002648203984226811,0.4000000000000001,0.0,4
2023-04-19,0.8645748894274233,0.0005250815926316488,0.0006449259236484984,1.6438356164383563e-05,0.00010340597485225959,0.10334102630201773,0.49999999999999994,0.0,5
2023-04-20,0.8640234656378601,-0.0006377976000764285,-0.0006116163743483508,2.0547945205479453e-05,5.633280522691494e-06,0.005636843934301652,0.49999999999999994,0.0,5
2023-04-21,0.8641771197851279,0.0001778356183350649,0.00020005774708221064,2.0547945205479453e-05,1.6741835416436346e-06,0.00167388306322659,0.5,0.0,5
2023-04-24,0.864014841635303,-0.00018778343710990075,-0.00012355693874032683,6.164383561643835e-05,2.582662752950942e-06,0.002583141152692694,0.5000000000000001,0.0,5
2023-04-25,0.8639496092071726,-7.549919860971865e-05,-5.1258828089173665e-05,2.0547945205479453e-05,3.6924253150064413e-06,0.0036926904751942414,0.5000000000000001,0.0,5
2023-04-26,0.8641794181888844,0.0002659981314452331,0.0003926197432717937,2.0547945205479453e-05,0.00010607366662118215,0.10603421428041829,0.6,0.0,6
2023-04-27,0.8646188891108002,0.0005085412967098524,0.0005433444197194382,2.4657534246575342e-05,1.0145588762953547e-05,0.010140329107231248,0.6,0.0,6
2023-04-28,0.8661163281197868,0.00173190642472143,0.0023597177542224682,2.4657534246575345e-05,0.0006031537952543928,0.6017486758589713,0.0,0.0,0
2023-05-01,0.8661163281197868,0.0,0.0,0.0,0.0,0.0,0.0,0.0,0
2023-05-02,0.8660297251472721,-9.999000099991662e-05,0.0,0.0,9.999000099990002e-05,0.0999900009999,0.1,0.0,1
2023-05-03,0.8657779057227472,-0.00029077457414306007,-0.00018611297467124865,4.10958904109589e-06,0.00010055201043077085,0.10057114133111032,0.2,0.0,2
2023-05-04,0.8654287316837467,-0.00040330671029198406,-0.0002933274322270141,8.21917808219178e-06,0.00010176009998271016,0.10179079465179808,0.3,0.0,3
2023-05-05,0.8657988962023392,0.0004277238610652656,0.0008427959466861702,1.2328767123287671e-05,0.000402743318497676,0.40240913092168906,0.49999999999999994,0.0,5
2023-05-08,0.8656579826464165,-0.0001627555273410186,7.505923761308444e-07,6.164383561643835e-05,0.00010186228410070169,0.10186848720327148,0.39999999999999997,0.0,4
2023-05-09,0.8651903799037083,-0.0005401703121580281,-0.000521653790868254,1.643835616438356e-05,2.0781651253044515e-06,0.002079283971681064,0.4000000000000001,0.0,4
2023-05-10,0.8646421923809396,-0.0006336033496230353,-0.0005147121920112906,1.6438356164383563e-05,0.00010245280144740172,0.10250724822849025,0.5000000000000001,0.0,5
2023-05-11,0.864926976073969,0.0003293659452878739,0.0003517952553965697,2.0547945205479456e-05,1.8813649032282633e-06,0.0018807419125285744,0.49999999999999994,0.0,5
2023-05-12,0.8652804640937438,0.000408691172264497,0.0004323021073067479,2.0547945205479453e-05,3.0629898366882504e-06,0.003061729156964643,0.5000000000000001,0.0,5
2023-05-15,0.8659727378493761,0.0008000570732373813,0.001060832582468896,6.164383561643837e-05,0.0001991316736150972,0.19893290209794223,0.5000000000000001,0.0,5
2023-05-16,0.8657386610440307,-0.00027030505131919735,-0.00024634088934657463,2.0547945205479453e-05,3.4162167671343373e-06,0.00341712876064678,0.5000000000000001,0.0,5
2023-05-17,0.866189558691699,0.000520824202449921,0.0005457171517806061,2.0547945205479456e-05,4.345004125347794e-06,0.004342723460713556,0.5,0.0,5
2023-05-18,0.8660149684415456,-0.00020156124996140168,-0.0001766116986259115,2.0547945205479453e-05,4.4016061299316e-06,0.004402474120161108,0.49999999999999994,0.0,5
2023-05-19,0.8660851207837799,8.100592344328916e-05,0.00010368229540600478,2.0547945205479453e-05,2.1284267571767065e-06,0.0021282498265103155,0.5,0.0,5
2023-05-22,0.8660841035174374,-1.1745570014376483e-06,6.62780038103774e-05,6.164383561643837e-05,5.808725195419064e-06,0.005808698276934261,0.49999999999999994,0.0,5
2023-05-23,0.8666629976825658,0.0006684040992985807,0.0007959348726905959,2.054794520547945e-05,0.00010698282818641575,0.10689993937087862,0.6000000000000001,0.0,6
2023-05-24,0.8667832972692758,0.00013880780306951834,0.00016774935453881532,2.4657534246575345e-05,4.284017222641676e-06,0.00428340430252298,0.6000000000000001,0.0,6
2023-05-25,0.866431024116757,-0.0004064143294276734,-0.00037661166715728943,2.4657534246575345e-05,5.1451280238984425e-06,0.0051471934340972135,0.6,0.0,6
2023-05-26,0.8662209794482177,-0.00024242514717587316,-0.00021547847607203408,2.4657534246575342e-05,2.2891368573179914e-06,0.002289686693545459,0.6000000000000001,0.0,6
2023-05-30,0.8659379404274141,-0.00032675151897609833,-0.00022390771197464693,9.863013698630138e-05,4.2136700150067705e-06,0.004215029521561962,0.6000000000000002,0.0,6
2023-05-31,0.8651764294072052,-0.0008794059997336845,-0.0002551991280318688,2.4657534246575345e-05,0.0005995493374552212,0.5997171723013726,0.0,0.0,0
2023-06-01,0.8651764294072052,0.0,0.0,0.0,0.0,0.0,0.0,0.0,0
2023-06-02,0.8647440573785159,-0.0004997501249375258,0.0,0.0,0.0004997501249375312,0.49975012493753124,0.5,0.0,5
2023-06-05,0.8653321334239185,0.0006800579204733204,0.0007460985827396627,6.164383561643835e-05,4.396826649802647e-06,0.004393819279338902,0.5,0.0,5
2023-06-06,0.864753147161073,-0.0006690913702170898,-0.0005457806485032133,2.0547945205479453e-05,0.00010276277650838564,0.10282100698467497,0.4000000000000001,0.0,4
2023-06-07,0.8644790264649465,-0.0003169930020219258,-0.00029477168351347297,1.6438356164383563e-05,5.7829623442650046e-06,0.005784762620469648,0.4000000000000001,0.0,4
2023-06-08,0.8636647792229787,-0.0009418935764091696,-0.0008218242925643272,1.6438356164383563e-05,0.00010363092768035626,0.10371787049719974,0.5000000000000001,0.0,5
2023-06-09,0.8630492514534893,-0.000712692915465607,-0.0005899910727358627,2.0547945205479453e-05,0.00010215389752429552,0.10221630456650314,0.6,0.0,6
2023-06-12,0.8639256654237959,0.0010154854648567468,0.001092153094777254,7.397260273972604e-05,2.695027180790424e-06,0.0026922859477594287,0.6,0.0,6
2023-06-13,0.8630260420793695,-0.0010413203131141024,-0.0010131546770214663,2.4657534246575342e-05,3.5081018459751274e-06,0.00351174637925039,0.5999999999999999,0.0,6
2023-06-14,0.862245939680905,-0.000903915247545628,-0.0008752073716649101,2.4657534246575342e-05,4.050341634243037e-06,0.00405398967728255,0.6000000000000002,0.0,6
2023-06-15,0.8621470143967148,-0.00011472977678128604,1.8705529089757576e-05,2.4657534246575345e-05,0.00010877777162458276,0.10877841907429403,0.5,0.0,5
2023-06-16,0.8604422272756364,-0.0019773740355307767,-0.0018547887029346677,2.0547945205479453e-05,0.00010203738739064487,0.10222910137095224,0.4,0.0,4
2023-06-20,0.8606168685624899,0.00020296689460086448,0.00037027372739372176,6.575342465753424e-05,0.00010155340813544017,0.10152249247529704,0.3,0.0,3
2023-06-21,0.8603349255389182,-0.00032760573708323637,-0.0003137276214576934,1.2328767123287671e-05,1.5493485021364141e-06,0.001549853841882927,0.30000000000000004,0.0,3
2023-06-22,0.861400881781683,0.0012390014761949342,0.00135408095469724,1.2328767123287673e-05,0.00010275071137909297,0.10261303012145391,0.4,0.0,4
2023-06-23,0.8604905334038065,-0.0010568231320978727,-0.0010352855412447462,1.6438356164383563e-05,5.099234688713258e-06,0.005104603322013814,0.4,0.0,4
2023-06-26,0.8604772243151728,-1.5466862350099753e-05,3.693435501506685e-05,4.931506849315069e-05,3.086148872088493e-06,0.003086187081286486,0.39999999999999997,0.0,4
2023-06-27,0.8606546920762874,0.0002062434148164538,0.00022830025305092244,1.6438356164383563e-05,5.618482069967328e-06,0.005617291979833115,0.4000000000000001,0.0,4
2023-06-28,0.8602612146042413,-0.00045718390391491504,-0.0004353790087460564,1.6438356164383563e-05,5.366539004342958e-06,0.005368964795869326,0.39999999999999997,0.0,4
2023-06-29,0.8610854022964234,0.0009580667804036658,0.0009780040535488199,1.6438356164383563e-05,3.498916980713568e-06,0.003495555774187815,0.39999999999999997,0.0,4
2023-06-30,0.8608378763841144,-0.0002874580287262063,0.0001338532598119223,1.6438356164383563e-05,0.00040487293237365313,0.40482539983833704,0.0,0.0,0
2023-07-03,0.8608378763841144,0.0,0.0,0.0,0.0,0.0,0.0,0.0,0
2023-07-05,0.8606657432354673,-0.00019996000799837876,0.0,0.0,0.00019996000799840037,0.19996000799840036,0.2,0.0,2
2023-07-06,0.860388693563797,-0.000321901590539464,-0.0003126928842324961,8.21917808219178e-06,9.895282246926353e-07,0.000989845878174774,0.2,0.0,2
2023-07-07,0.8595355978143479,-0.00099152366346833,-0.0009819598770499927,8.219178082191782e-06,1.344608336256056e-06,0.0013459410589020228,0.2,0.0,2
2023-07-10,0.8590496707178714,-0.0005653367908345919,-0.0005389992887553041,2.4657534246575345e-05,1.6799678327688656e-06,0.0016809152921421695,0.2,0.0,2
2023-07-11,0.8594823883692368,0.0005037166838139928,0.0006156299637391281,8.219178082191782e-06,0.00010369410184292247,0.10363115516154726,0.1,0.0,1
2023-07-12,0.8592936995592947,-0.00021953772700356033,-0.00011393563337688268,4.109589041095891e-06,0.00010149250458562065,0.1015044867053302,0.20000000000000004,0.0,2
2023-07-13,0.8597353190875255,0.0005139331621508703,0.0005231123693960949,8.219178082191782e-06,9.60029162948663e-07,0.0009595351048563458,0.20000000000000004,0.0,2
2023-07-14,0.8603829573005223,0.0007532995314001312,0.0007624876352729904,8.21917808219178e-06,9.689257907949702e-07,0.0009681955114602819,0.2,0.0,2
2023-07-17,0.8597394349038687,-0.0007479487955835973,-0.0006208628057137956,2.4657534246575342e-05,0.00010242845562324878,0.10249461798389385,0.3,0.0,3
2023-07-18,0.8598182604306356,9.168536834147645e-05,0.00010616501868130342,1.2328767123287671e-05,2.150883216399292e-06,0.002150681404517996,0.30000000000000004,0.0,3
2023-07-19,0.8595551635655783,-0.00030599125090169377,-0.00029106782438518273,1.232876712328767e-05,2.594659393327573e-06,0.002595446843053196,0.3,0.0,3
2023-07-20,0.8605400103238307,0.0011457632971072496,0.001163201631467892,1.2328767123287671e-05,5.109567237447497e-06,0.005103693535050077,0.3,0.0,3
2023-07-21,0.8606415253000733,0.0001179665965844734,0.0001343334248005148,1.2328767123287671e-05,4.0380610927994266e-06,0.004037568490637878,0.30000000000000004,0.0,3
2023-07-24,0.8614362494764863,0.0009234090536542894,0.0009634414036731374,3.698630136986302e-05,3.0460486487000583e-06,0.003043229233449251,0.3,0.0,3
2023-07-25,0.8607112147570561,-0.000841658009946511,-0.0007272845970598908,1.2328767123287671e-05,0.00010204464576334082,0.10212017520967863,0.4,0.0,4
2023-07-26,0.8605779730797415,-0.0001548041608268047,-0.00013698733359023273,1.6438356164383563e-05,1.3784710721931584e-06,0.0013786825975216357,0.4,0.0,4
2023-07-27,0.859696857060806,-0.001023865409641167,-0.0009983644320504857,1.643835616438356e-05,9.062621426305864e-06,0.009071827542189884,0.4,0.0,4
2023-07-28,0.8603464250996002,0.0007555780080608088,0.0007748103125209739,1.643835616438356e-05,2.793948295752908e-06,0.002791831049378174,0.4000000000000001,0.0,4
2023-07-31,0.8605738836370848,0.00026438017390284507,0.0007135441074035744,4.931506849315068e-05,0.0003998488650076218,0.3995834500766129,0.0,0.0,0
2023-08-01,0.8605738836370848,0.0,0.0,0.0,0.0,0.0,0.0,0.0,0
2023-08-02,0.8604878348535994,-9.999000099991662e-05,0.0,0.0,9.99900009999e-05,0.0999900009999,0.1,0.0,1
2023-08-03,0.8604510616606189,-4.273528513820679e-05,-3.625934175204295e-05,4.109589041095891e-06,2.3663543451916647e-06,0.0023664498762429437,0.1,0.0,1
2023-08-04,0.8603239875290695,-0.00014768315969559964,-0.0001424389237017542,4.109589041095891e-06,1.1346469526963426e-06,0.0011348132578915273,0.1,0.0,1
2023-08-07,0.860028655282109,-0.00034328026562258085,-0.00023075507145434715,1.2328767123287671e-05,0.00010019642704489211,0.10022078909901157,0.2,0.0,2
2023-08-08,0.8587823051032702,-0.0014491961066459558,-0.0014394476431290827,8.21917808219178e-06,1.5292854346369017e-06,0.0015315025400507339,0.2,0.0,2
2023-08-09,0.8586076823921738,-0.0002033375746784971,-9.434934595571316e-05,8.21917808219178e-06,0.00010076905064046923,0.10077938743349173,0.1,0.0,1
2023-08-10,0.8589181593776962,0.0003616051799786302,0.0003660808498695711,4.109589041095891e-06,3.6608084986957034e-07,0.00036594838707050434,0.1,0.0,1
2023-08-11,0.8583769346900177,-0.0006301236989454395,-0.0006232635364806337,4.109589041095891e-06,2.75057342375166e-06,0.0027523001428946814,0.1,0.0,1
2023-08-14,0.8588102801651953,0.0005048428699148122,0.0005178130276627558,1.2328767123287671e-05,6.413906245948814e-07,0.0006410665755309925,0.1,0.0,1
2023-08-15,0.8584935333790178,-0.00036882044089714405,-0.00026212652515851797,4.109589041095891e-06,0.00010258432669753318,0.10261164562333557,0.2,0.0,2
2023-08-16,0.8586831955634018,0.00022092441819276942,0.0002305087472143141,8.21917808219178e-06,1.3651509394473334e-06,0.001364847548073941,0.2,0.0,2
2023-08-17,0.8591938645153895,0.0005947117104727617,0.0008047703593701271,8.219178082191782e-06,0.00020183947081512977,0.20167882331018128,0.4000000000000001,0.0,4
2023-08-18,0.8586627490074124,-0.0006181556106393815,-0.00049877841457861,1.6438356164383563e-05,0.00010293883989630138,0.1029919030520045,0.5000000000000001,0.0,5
2023-08-21,0.8581538538649418,-0.0005926600904241353,-0.0005286773656713708,6.164383561643834e-05,2.3388891362501493e-06,0.0023402706476301966,0.5000000000000001,0.0,5
2023-08-22,0.8590173278444712,0.0010061995009873481,0.0010332599908889186,2.0547945205479456e-05,6.5125446959251564e-06,0.0065059560358789355,0.5000000000000001,0.0,5
2023-08-23,0.8596354672040857,0.0007195889297897384,0.0007451397355477451,2.0547945205479453e-05,5.002860552533324e-06,0.004999238145615045,0.49999999999999994,0.0,5
2023-08-24,0.8605656069095522,0.0010820164371436736,0.0011066424608443036,2.054794520547945e-05,4.078078495159804e-06,0.0040736541217595516,0.5000000000000001,0.0,5
2023-08-25,0.860391021670605,-0.00020287266600649279,-0.00017760750710342786,2.0547945205479453e-05,4.717213697511966e-06,0.004718148624386692,0.5000000000000001,0.0,5
2023-08-28,0.860327586829243,-7.372792110127424e-05,-9.03154822807795e-06,6.164383561643835e-05,3.052537256732128e-06,0.0030527530112229783,0.5000000000000001,0.0,5
2023-08-29,0.8615446052815922,0.0014145988934686216,0.0014384770206674392,2.0547945205479456e-05,3.330181993386631e-06,0.0033254667174384936,0.5000000000000001,0.0,5
2023-08-30,0.8618263836208813,0.00032706181149722013,0.0003503861035372257,2.0547945205479456e-05,2.7763468345404895e-06,0.0027754313913617864,0.5000000000000001,0.0,5
2023-08-31,0.86200291936224,0.00020483910067481403,0.0007251127094057285,2.0547945205479453e-05,0.0004997256635253356,0.4993738223259608,0.0,0.0,0
2023-09-01,0.86200291936224,0.0,0.0,0.0,0.0,0.0,0.0,0.0,0
2023-09-05,0.8618305532515897,-0.00019996000799837876,0.0,0.0,0.00019996000799840034,0.19996000799840033,0.2,0.0,2
2023-09-06,0.8615038467484579,-0.0003790843825380863,-0.00036935799730486446,8.21917808219178e-06,1.5072071510008845e-06,0.001507776452975114,0.2,0.0,2
2023-09-07,0.860795687580265,-0.0008220034894396155,-0.0008120814187559611,8.21917808219178e-06,1.7028926014233646e-06,0.0017042906320460178,0.2,0.0,2
2023-09-08,0.8606729063784726,-0.00014263686907811657,0.00026633873006334243,8.219178082191782e-06,0.00040075642105925376,0.4006530046851845,0.2,0.0,2
2023-09-11,0.8599418344281715,-0.0008494190358301346,-0.0008239375640195723,2.4657534246575345e-05,8.239375640195603e-07,0.000824637347230267,0.2,0.0,2
2023-09-12,0.8597372040453876,-0.00023795839973295152,-0.00022911092691417227,8.219178082191782e-06,6.282947366759298e-07,0.0006284438853292192,0.20000000000000004,0.0,2
2023-09-13,0.8596780612860005,-6.879167158135857e-05,4.103332630911442e-05,8.219178082191782e-06,0.00010160581980836929,0.10160248580933971,0.3,0.0,3
2023-09-14,0.8594154369645918,-0.00030549147783986985,-0.00018889045524245196,1.2328767123287671e-05,0.00010427225547409923,0.10429324127900738,0.4,0.0,4
2023-09-15,0.8595319490364952,0.00013557130450791988,0.00015397499872220045,1.643835616438356e-05,1.9653380500072267e-06,0.001965067781182204,0.39999999999999997,0.0,4
2023-09-18,0.859689109842329,0.00018284463539730567,0.00023583247783771634,4.9315068493150684e-05,3.672773947452617e-06,0.003672089038918195,0.39999999999999997,0.0,4
2023-09-19,0.8599577739118843,0.0003125130544046062,0.0004307841766221621,1.6438356164383563e-05,0.00010183276605301574,0.10179058954767473,0.5000000000000001,0.0,5
2023-09-20,0.8596038814060948,-0.00041152311953607246,-0.00038880188321249753,2.0547945205479456e-05,2.173291118149141e-06,0.0021741811188170784,0.5,0.0,5
2023-09-21,0.8592480138323655,-0.0004139901894663067,-0.00038470764502068766,2.054794520547945e-05,8.73459924015374e-06,0.008738140420407292,0.5,0.0,5
2023-09-22,0.8613436592982876,0.0024389296596394328,0.0025624332686601183,2.0547945205479453e-05,0.00010295566381516135,0.10269462585290817,0.4,0.0,4
2023-09-25,0.8615120598744371,0.00019550916098554083,0.0003471091382378279,4.931506849315068e-05,0.00010228490875913359,0.10225445798793983,0.30000000000000004,0.0,3
2023-09-26,0.8620372227173138,0.0006095826945859972,0.0006251702800624314,1.232876712328767e-05,3.2588183531777325e-06,0.0032568224371879516,0.3,0.0,3
2023-09-27,0.8616253633402308,-0.00047777446985952654,-0.000459864601452853,1.2328767123287671e-05,5.581101283397538e-06,0.005583737887399835,0.3,0.0,3
2023-09-28,0.8610967580363019,-0.0006134978453740114,-0.0004984946506579269,1.2328767123287673e-05,0.00010267442759278301,0.10272690290042069,0.39999999999999997,0.0,4
2023-09-29,0.8611031371635836,7.4081422583027745e-06,0.0004242287231143227,1.6438356164383563e-05,0.00040038222469171946,0.4002190192310069,0.0,0.0,0
2023-10-02,0.8611031371635836,0.0,0.0,0.0,0.0,0.0,0.0,0.0,0
2023-10-03,0.8609309509733889,-0.00019996000799837876,0.0,0.0,0.00019996000799840037,0.19996000799840033,0.2,0.0,2
2023-10-04,0.8610515902045324,0.00014012648866557065,0.00014993893555780293,8.21917808219178e-06,1.5932688099296613e-06,0.001593043044255781,0.2,0.0,2
2023-10-05,0.8606368084850734,-0.0004817152934593061,-0.0003717034974915157,8.21917808219178e-06,0.00010179261788559183,0.10183130590778948,0.30000000000000004,0.0,3
2023-10-06,0.8611628567594144,0.0006112314383426298,0.0007276687306611906,1.2328767123287674e-05,0.00010410852519526303,0.10403410544206938,0.4,0.0,4
2023-10-09,0.8627242124027498,0.0018130782477205898,0.0018655390479617453,4.9315068493150684e-05,3.1457317480057477e-06,0.0031400287524892562,0.4000000000000001,0.0,4
2023-10-10,0.8631823648461132,0.000531053188002506,0.0005506627616352346,1.6438356164383563e-05,3.1712174682399526e-06,0.003169524231041999,0.4,0.0,4
2023-10-11,0.8634958525748498,0.0003631767069205427,0.00038405428895249577,1.643835616438356e-05,4.439225867524218e-06,0.004437594537069138,0.4,0.0,4
2023-10-12,0.8608436205118696,-0.0030715052713590207,-0.0029489822639652778,1.643835616438356e-05,0.00010608465122934519,0.10640017249484673,0.5000000000000001,0.0,5
2023-10-13,0.861860528193034,0.0011812919988416493,0.0013066497752272869,2.0547945205479453e-05,0.00010480983118008702,0.1046752082032589,0.4000000000000001,0.0,4
2023-10-16,0.8623827616089094,0.0006059372703495214,0.0006605174817733374,4.93150684931507e-05,5.265142930609382e-06,0.005261926828233462,0.4000000000000001,0.0,4
2023-10-17,0.861950871526189,-0.0005008101993071445,-0.000382849639108357,1.6438356164383563e-05,0.00010152220403430854,0.10156275682387511,0.5000000000000001,0.0,5
2023-10-18,0.86196738739769,1.916103579291395e-05,4.305848645760332e-05,2.0547945205479456e-05,3.349505459190561e-06,0.0033494300617069863,0.49999999999999994,0.0,5
2023-10-19,0.8620562385375994,0.0001030794682124192,0.00012751951538251825,2.0547945205479453e-05,3.892101964613222e-06,0.003891685664887013,0.5000000000000001,0.0,5
2023-10-20,0.8615475986990839,-0.0005900309234793122,-0.000465191509792623,2.0547945205479453e-05,0.0001042914684812079,0.10434215158105022,0.4,0.0,4
2023-10-23,0.8630150333874944,0.001703254342100502,0.0017570124076399741,4.9315068493150684e-05,4.4429970463373005e-06,0.004435422686817032,0.39999999999999997,0.0,4
2023-10-24,0.863311660659313,0.0003437104341672548,0.00046714201147803893,1.6438356164383563e-05,0.00010699322114624748,0.10694502063452992,0.3,0.0,3
2023-10-25,0.8642686783569906,0.001108542536014001,0.0011226627810694057,1.2328767123287673e-05,1.7914779321987282e-06,0.0017894909994743613,0.3,0.0,3
2023-10-26,0.8645298753151891,0.0003022173135962536,0.00041693738441557217,1.232876712328767e-05,0.00010239130369597936,0.10234989204767793,0.20000000000000004,0.0,2
2023-10-27,0.8654978481800277,0.0011196523017620308,0.0011319851599890132,8.219178082191782e-06,4.11368014474861e-06,0.004109062520071027,0.2,0.0,2
2023-10-30,0.8648710739505915,-0.0007241776865815064,-0.0005985402646239092,2.4657534246575345e-05,0.0001009798877110851,0.10104285739740673,0.10000000000000002,0.0,1
2023-10-31,0.8644649373460553,-0.0004695920776734974,-0.00036494515145710785,4.109589041095891e-06,0.00010053733717533858,0.10057445465460188,0.0,0.0,0
2023-11-01,0.8644649373460553,0.0,0.0,0.0,0.0,0.0,0.0,0.0,0
2023-11-02,0.8640329208856126,-0.0004997501249375258,0.0,0.0,0.0004997501249375312,0.4997501249375312,0.49999999999999994,0.0,5
2023-11-03,0.8630932084387256,-0.0010875887066013057,-0.0008594868026051306,2.054794520547945e-05,0.00020755395879077843,0.20773677437062266,0.5,0.0,5
2023-11-06,0.8635575886805897,0.0005380418213511984,0.0006022556842562975,6.164383561643837e-05,2.570027288715284e-06,0.0025686386522250173,0.5000000000000001,0.0,5
2023-11-07,0.863529705147808,-3.2289141045360736e-05,-7.428386084273829e-06,2.054794520547945e-05,4.3128097555212085e-06,0.004312930415491342,0.49999999999999994,0.0,5
2023-11-08,0.8636710058023297,0.00016363149255815834,0.0001875036450747713,2.054794520547945e-05,3.3242073111020664e-06,0.003323652408388102,0.5000000000000001,0.0,5
2023-11-09,0.8643873473695388,0.0008294148609790941,0.0009583161867860294,2.0547945205479456e-05,0.00010835338060146815,0.10825186543996669,0.5999999999999999,0.0,6
2023-11-10,0.8652079047268765,0.0009492935775086142,0.000983290234231782,2.4657534246575342e-05,9.339122476555609e-06,0.009330178262576412,0.6000000000000001,0.0,6
2023-11-13,0.8659525976790211,0.0008607098341060215,0.0009409171749438558,7.397260273972604e-05,6.2347380982044404e-06,0.00622933760777695,0.5999999999999999,0.0,6
2023-11-14,0.8640373130070439,-0.002211766183403907,-0.00196532187640247,2.4657534246575342e-05,0.0002217867727547471,0.2222290038969511,0.6000000000000001,0.0,6
2023-11-15,0.863714341921511,-0.0003737929840192944,-0.0002472504947323429,2.4657534246575342e-05,0.00010188495504030414,0.10191266591242039,0.5,0.0,5
2023-11-16,0.8640449759254402,0.00038280480927710414,0.00040500109401835364,2.0547945205479453e-05,1.6483395357379486e-06,0.0016477060699510377,0.49999999999999994,0.0,5
2023-11-17,0.8628588095488257,-0.0013728062886356751,-0.0013480633842388623,2.0547945205479456e-05,4.194959191349489e-06,0.004200708328359373,0.49999999999999994,0.0,5
2023-11-20,0.8625628584628289,-0.0003429890066852792,-7.786694922360392e-05,6.164383561643834e-05,0.00020347822184517978,0.20350661321250918,0.3,0.0,3
2023-11-21,0.8627201874181823,0.0001823970900320937,0.00019694695364648733,1.2328767123287673e-05,2.2210964910024025e-06,0.002220686511885742,0.30000000000000004,0.0,3
2023-11-22,0.8628871097863862,0.00019348378609684858,0.00020764722938677594,1.2328767123287673e-05,1.834676166646222e-06,0.001834317890496548,0.30000000000000004,0.0,3
2023-11-24,0.8627115066351055,-0.0002035065181632545,-0.00017756897761913576,2.4657534246575342e-05,1.2800062975434154e-06,0.0012802652011092985,0.30000000000000004,0.0,3
2023-11-27,0.8625269419430512,-0.00021393558638638233,-0.0001756920846936516,3.698630136986301e-05,1.2572003227635669e-06,0.0012574677589770732,0.3,0.0,3
2023-11-28,0.8628287371525039,0.0003498965594892489,0.0003629406389831058,1.2328767123287671e-05,7.153123706653224e-07,0.0007150616615576684,0.30000000000000004,0.0,3
2023-11-29,0.862868567833682,4.616290517822641e-05,6.0432618783445815e-05,1.2328767123287673e-05,1.940946482019577e-06,0.0019408531195090218,0.3,0.0,3
2023-11-30,0.863262093628904,0.0004560669027613429,0.0007713080447563471,1.2328767123287671e-05,0.00030291237487170455,0.3026826450164379,0.0,0.0,0
2023-12-01,0.863262093628904,0.0,0.0,0.0,0.0,0.0,0.0,0.0,0
2023-12-04,0.8630894757337573,-0.00019996000799837876,0.0,0.0,0.00019996000799840034,0.19996000799840033,0.2,0.0,2
2023-12-05,0.8622642216237238,-0.000956162869825139,-0.0009468006671999819,8.21917808219178e-06,1.1430245429316077e-06,0.0011441171975606066,0.2,0.0,2
2023-12-06,0.8623150590853303,5.895810162548365e-05,0.0001691106968227274,8.219178082191782e-06,0.00010193341711505432,0.10191701953099645,0.1,0.0,1
2023-12-07,0.8622603223459656,-6.347649712024062e-05,4.1116692043469145e-05,4.10958904109589e-06,0.00010048360012251105,0.10047988165318104,0.20000000000000004,0.0,2
2023-12-08,0.8617936733132213,-0.0005411927473070177,-0.0005316469461510043,8.219178082191782e-06,1.3266230737864702e-06,0.0013273396595039877,0.20000000000000004,0.0,2
2023-12-11,0.8621897220515888,0.00045956329296892307,0.0005858091745579497,2.465753424657535e-05,0.00010158834734248732,0.10153137284607168,0.30000000000000004,0.0,3
2023-12-12,0.8619321843524642,-0.0002987018895467264,-0.0002844671203749095,1.2328767123287673e-05,1.90600204857266e-06,0.0019065679100876104,0.30000000000000004,0.0,3
2023-12-13,0.8619136283776851,-2.152834656365954e-05,0.00020167193947184795,1.2328767123287673e-05,0.00021087151891223583,0.21083159938837628,0.5,0.0,5
2023-12-14,0.8603922106902244,-0.0017651625840101604,-0.0017339527958450673,2.054794520547945e-05,1.0661842959614551e-05,0.010680582048733905,0.5,0.0,5
2023-12-15,0.8601579282731201,-0.00027229723165023145,0.000243752978936246,2.0547945205479456e-05,0.0004955022653809705,0.4953916914617679,0.39999999999999997,0.0,4
2023-12-18,0.8600039176299492,-0.00017904926305811752,-0.0001283436781409131,4.931506849315069e-05,1.3905164240616735e-06,0.0013907635053629006,0.39999999999999997,0.0,4
2023-12-19,0.8597557608929769,-0.0002885530308468498,-0.000270850181246457,1.6438356164383563e-05,1.2644934359970263e-06,0.0012648568148614018,0.4000000000000001,0.0,4
2023-12-20,0.8595560361069828,-0.0002323040973712942,-0.00010826733715577644,1.6438356164383563e-05,0.00010759840405119799,0.10761182385830168,0.5000000000000001,0.0,5
2023-12-21,0.8595649961664442,1.0424055076008187e-05,0.0001331155579000543,2.0547945205479453e-05,0.00010214355761844305,0.1021320608561729,0.6,0.0,6
2023-12-22,0.8586301676547994,-0.001087560005135213,-0.0010590948648232569,2.465753424657534e-05,3.807606065315874e-06,0.003811737044482455,0.6,0.0,6
2023-12-26,0.8578605354460326,-0.000896348902891364,-0.0006943432476422373,9.863013698630135e-05,0.00010337551826285638,0.10345755735227541,0.49999999999999994,0.0,5
2023-12-27,0.8582854546492729,0.0004953243396601525,0.0006173788120511725,2.0547945205479453e-05,0.00010150652718556427,0.10144598109273069,0.6,0.0,6
2023-12-28,0.8584413827161725,0.00018167390121193172,0.00021025672685814908,2.4657534246575345e-05,3.925291399486114e-06,0.003924563003761263,0.6000000000000002,0.0,6
2023-12-29,0.857857073384414,-0.0006806630522747659,-5.7687668710970656e-05,2.4657534246575345e-05,0.0005983178493172715,0.5983671219793739,0.0,0.0,0
2024-01-02,0.857857073384414,0.0,0.0,0.0,0.0,0.0,0.0,0.0,0
2024-01-03,0.8577712962547885,-9.99900009998056e-05,0.0,0.0,9.999000099990003e-05,0.09999000099990002,0.1,0.0,1
2024-01-04,0.8578947581077292,0.0001439332995634146,0.00014819107968415678,4.109589041095891e-06,1.4819107968415976e-07,0.00014816973116842482,0.1,0.0,1
2024-01-05,0.8576602235074903,-0.0002733838830724089,-0.000269005288742602,4.10958904109589e-06,2.690052887426035e-07,0.0002690787781602149,0.10000000000000002,0.0,1
2024-01-08,0.8574444257378635,-0.00025161219293146075,-0.00023863202393273886,1.2328767123287671e-05,6.514018753870106e-07,0.0006515653927534005,0.1,0.0,1
2024-01-09,0.8575569268141253,0.00013120509374697775,0.00013579936013831116,4.109589041095891e-06,4.84677350171811e-07,0.00048461353152677366,0.1,0.0,1
2024-01-10,0.8579705368271663,0.00048231201930537537,0.0004869085168632825,4.109589041095891e-06,4.869085168632832e-07,0.0004866735513944706,0.1,0.0,1
2024-01-11,0.8575693405011435,-0.00046761084303248435,-0.00046095014642842376,4.109589041095891e-06,2.5511075630606938e-06,0.002552294532480809,0.10000000000000002,0.0,1
2024-01-12,0.8576966530308775,0.00014845741763536147,0.00025304211430270395,4.109589041095891e-06,0.00010047510762641002,0.10045010232877452,0.2,0.0,2
2024-01-16,0.8582524321483384,0.0006479903069422921,0.0006817043779368759,3.287671232876713e-05,8.373586657851001e-07,0.0008368157165971563,0.2,0.0,2
2024-01-17,0.8585964201909565,0.0004008005450764074,0.0005125814390899762,8.219178082191782e-06,0.00010356171593136891,0.10350950964105055,0.30000000000000004,0.0,3
2024-01-18,0.8581571426472966,-0.0005116228455299687,-0.0004944205188669226,1.232876712328767e-05,4.873559539734251e-06,0.004876030464690699,0.30000000000000004,0.0,3
2024-01-19,0.8581614663061877,5.038306711391272e-06,2.022152867679495e-05,1.2328767123287673e-05,2.854454842249899e-06,0.0028544323128962827,0.30000000000000004,0.0,3
2024-01-22,0.8578335412573282,-0.00038212511483526335,-0.00014328059403820312,3.698630136986301e-05,0.00020185821942711002,0.20189461434243716,0.3,0.0,3
2024-01-23,0.8585750083735042,0.0008643484784811584,0.0008795280025465703,1.2328767123287673e-05,2.8507569420661297e-06,0.002848286909835654,0.3,0.0,3
2024-01-24,0.8607501718833963,0.0025334577511320067,0.002651533634374303,1.2328767123287671e-05,0.00010574711611897056,0.10546876244777545,0.2,0.0,2
2024-01-25,0.8615622806543967,0.000943489525216501,0.001154490566165528,8.219178082191782e-06,0.00020278186286670744,0.20254968595702966,0.4,0.0,4
2024-01-26,0.8613766705238582,-0.00021543437393456433,-9.738647107551129e-05,1.643835616438356e-05,0.00010160954669460214,0.10162111370031301,0.3,0.0,3
2024-01-29,0.8616218308829761,0.00028461457978501414,0.0003236489525180742,3.698630136986301e-05,2.048071362991913e-06,0.0020474844256782635,0.30000000000000004,0.0,3
2024-01-30,0.8630044285980256,0.0016046456409219978,0.0016192519893327593,1.2328767123287673e-05,2.2775812875346836e-06,0.0022739272610133466,0.3,0.0,3
2024-01-31,0.8629735898195786,-3.573420648272929e-05,0.00027318535026570886,1.2328767123287673e-05,0.00029659078962515823,0.2965134421417853,0.0,0.0,0
2024-02-01,0.8629735898195786,0.0,0.0,0.0,0.0,0.0,0.0,0.0,0
2024-02-02,0.8629735898195786,0.0,0.0,0.0,0.0,0.0,0.0,0.0,0
2024-02-05,0.8628873010894696,-9.999000099991662e-05,0.0,0.0,9.999000099990002e-05,0.09999000099990002,0.1,0.0,1
2024-02-06,0.8631336507435111,0.00028549458745130707,0.0002903926845507776,4.109589041095891e-06,7.885080584449158e-07,0.0007882823865231661,0.1,0.0,1
2024-02-07,0.8633053043404163,0.0001988725578678796,0.00030380789955238854,4.10958904109589e-06,0.00010082575264343683,0.10079554438907634,0.2,0.0,2
2024-02-08,0.863255114214769,-5.813716815472603e-05,-4.886743825898157e-05,8.219178082191782e-06,1.0505518136696445e-06,0.0010506117895417975,0.2,0.0,2
2024-02-09,0.8624060869327957,-0.0009835183921794721,-0.0007741680709057896,8.21917808219178e-06,0.00020113114319148605,0.2012886288480631,0.39999999999999997,0.0,4
2024-02-12,0.8622048094947312,-0.0002333905582466711,1.684457998665241e-05,4.9315068493150684e-05,0.0002009200697402636,0.2009265939249223,0.39999999999999997,0.0,4
2024-02-13,0.8665116303860576,0.004995125107049914,0.005020753492625423,1.6438356164383557e-05,9.19002941092415e-06,0.009144268609111706,0.4,0.0,4
2024-02-14,0.8652761273380796,-0.0014258355048594185,-0.0013038901966805517,1.643835616438356e-05,0.00010550695201453643,0.10564644002580892,0.49999999999999994,0.0,5
2024-02-15,0.8660241244039015,0.000864460537150169,0.0009930706132744217,2.0547945205479453e-05,0.00010806213091880773,0.1079571401528292,0.6,0.0,6
2024-02-16,0.8649311988906404,-0.001262003542930601,-0.0012341157526104373,2.4657534246575342e-05,3.230256073680873e-06,0.0032343273585607804,0.6000000000000001,0.0,6
2024-02-20,0.8658220314575895,0.0010299461599856397,0.0011327617153278403,9.863013698630138e-05,4.185418355947491e-06,0.0041810945540371285,0.6,0.0,6
2024-02-21,0.8652689041507613,-0.000638846421933903,-0.0005085835367092395,2.465753424657534e-05,0.00010560535097802719,0.10566169413296565,0.7000000000000001,0.0,7
2024-02-22,0.8653513516623885,9.528542078851565e-05,0.00023323905398408561,2.876712328767123e-05,0.0001091865099078826,0.10916418889541625,0.6000000000000002,0.0,6
2024-02-23,0.8660905259681044,0.0008541898089093891,0.0009809110045680693,2.4657534246575345e-05,0.00010206366141219239,0.10196615592173688,0.5,0.0,5
2024-02-26,0.8657194946273141,-0.0004283978748936823,-0.0003614434578998569,6.164383561643835e-05,5.310581377434945e-06,0.005312829167948526,0.49999999999999994,0.0,5
2024-02-27,0.8664725961806702,0.0008699140518722004,0.0008935534249963073,2.054794520547945e-05,3.0914279185079987e-06,0.003088731439036118,0.49999999999999994,0.0,5
2024-02-28,0.8668040843216578,0.00038257198490621036,0.0004056868278686731,2.0547945205479453e-05,2.5668977571202153e-06,0.0025659095255925134,0.5,0.0,5
2024-02-29,0.8657921423324879,-0.0011674402641536075,-0.0006448358208996031,2.0547945205479453e-05,0.0005020564980485117,0.5023907807182425,0.0,0.0,0
2024-03-01,0.8657921423324879,0.0,0.0,0.0,0.0,0.0,0.0,0.0,0
2024-03-04,0.8656190185287822,-0.00019996000799837876,0.0,0.0,0.00019996000799840034,0.19996000799840033,0.2,0.0,2
2024-03-05,0.8660208296214955,0.0004641893074348591,0.00047356652000312696,8.21917808219178e-06,1.158034486083207e-06,0.0011574958484668386,0.2,0.0,2
2024-03-06,0.8665128857993885,0.0005681805345352231,0.0006776199366741343,8.219178082191782e-06,0.00010122022405679482,0.10115251248820173,0.3,0.0,3
2024-03-07,0.8658784709975293,-0.0007321469908365685,-0.0005193107366514017,1.2328767123287671e-05,0.00020050748706186748,0.20061414146448583,0.30000000000000004,0.0,3
2024-03-08,0.8650748752407397,-0.0009280699124715186,-0.0008139268462812709,1.2328767123287673e-05,0.00010181429906714456,0.10189849326920569,0.4000000000000001,0.0,4
2024-03-11,0.8643751802895382,-0.0008088258845880825,-0.0006540356113677646,4.9315068493150684e-05,0.00010547520472707954,0.10554944299957224,0.30000000000000004,0.0,3
2024-03-12,0.8643862843792735,1.284637734677574e-05,2.710864060715977e-05,1.2328767123287673e-05,1.9334961369206072e-06,0.0019334675605146776,0.30000000000000004,0.0,3
2024-03-13,0.8648742645166907,0.0005645394266842185,0.0005783960883220974,1.2328767123287671e-05,1.5278945145088197e-06,0.0015270301126635542,0.3,0.0,3
2024-03-14,0.8648641733976279,-1.1667729607478527e-05,3.0372960253100005e-06,1.2328767123287671e-05,2.376258509446819e-06,0.0023762805885892283,0.3,0.0,3
2024-03-15,0.8653280599279811,0.0005363692295530242,0.0005497770276325977,1.2328767123287671e-05,1.0790309564090216e-06,0.001078451344609817,0.3,0.0,3
2024-03-18,0.8641268427585912,-0.0013881638941535268,-0.0013484607368458082,3.698630136986301e-05,2.7168559377864196e-06,0.0027206252199394793,0.30000000000000004,0.0,3
2024-03-19,0.864824958920027,0.0008078862117131269,0.0009213047208753101,1.2328767123287673e-05,0.00010108974203907883,0.10099793734265579,0.2,0.0,2
2024-03-20,0.8654365086934324,0.000707137053686635,0.000716514638481991,8.219178082191782e-06,1.1584067130887166e-06,0.0011575867996135318,0.2,0.0,2
2024-03-21,0.8661565638605557,0.0008320138564648083,0.0008412601307648204,8.219178082191782e-06,1.0270962178421564e-06,0.0010262413167979288,0.2,0.0,2
2024-03-22,0.865933093823113,-0.00025800189800173623,-0.0001502827445474031,8.219178082191782e-06,9.949997537213441e-05,0.09951574880965267,0.1,0.0,1
2024-03-25,0.8657470173437327,-0.00021488551564508018,-0.00020235439412766287,1.2328767123287671e-05,2.0235439412766307e-07,0.0002023978455369733,0.1,0.0,1
2024-03-26,0.8657343311407274,-1.4653475843617869e-05,-1.0533353448999305e-05,4.10958904109589e-06,1.0533353448997411e-08,1.0533507690544743e-05,0.1,0.0,1
2024-03-27,0.8656978136297836,-4.2180966643323714e-05,-3.706536748520065e-05,4.10958904109589e-06,1.0060101170502485e-06,0.0010060515411787197,0.1,0.0,1
2024-03-28,0.865755664305169,6.682548399061794e-05,0.00017072256976108924,4.109589041095891e-06,9.978749672937322e-05,0.09977087360673255,0.0,0.0,0
2024-04-01,0.865755664305169,0.0,0.0,0.0,0.0,0.0,0.0,0.0,0
2024-04-02,0.865755664305169,0.0,0.0,0.0,0.0,0.0,0.0,0.0,0
2024-04-03,0.865755664305169,0.0,0.0,0.0,0.0,0.0,0.0,0.0,0
2024-04-04,0.865755664305169,0.0,0.0,0.0,0.0,0.0,0.0,0.0,0
2024-04-05,0.8656690973954295,-9.999000099991662e-05,0.0,0.0,9.999000099990002e-05,0.09999000099990002,0.1,0.0,1
2024-04-08,0.8650995107283349,-0.0006579727390157997,-0.0006405159400293957,1.232876712328767e-05,5.12803186311406e-06,0.005131381858600826,0.1,0.0,1
2024-04-09,0.8653473057526033,0.0002864352842597562,0.0002922282156592737,4.10958904109589e-06,1.6833423584369912e-06,0.0016828574958464937,0.10000000000000002,0.0,1
2024-04-10,0.8657264060999112,0.0004380903999905428,0.0004444832267654464,4.109589041095891e-06,2.2832377337613704e-06,0.0022822326986457345,0.1,0.0,1
2024-04-11,0.8657789124670918,6.0650070057510774e-05,6.555334893904583e-05,4.109589041095891e-06,7.936898404467025e-07,0.0007936410761549741,0.1,0.0,1
2024-04-12,0.8658473053097203,7.899573625969047e-05,8.502938924778716e-05,4.109589041095891e-06,1.9240639469561297e-06,0.0019239082646837356,0.10000000000000002,0.0,1
2024-04-15,0.8659121935826724,7.494193555168671e-05,8.853742699305719e-05,1.2328767123287674e-05,1.2667243182550812e-06,0.0012666277902486326,0.10000000000000002,0.0,1
2024-04-16,0.8656394925099399,-0.0003149292442737872,-0.0003089173089232289,4.109589041095891e-06,1.9023463095953461e-06,0.0019029419816208588,0.1,0.0,1
2024-04-17,0.8658656716540686,0.0002612856114880824,0.000265919052410668,4.10958904109589e-06,5.23851881433249e-07,0.0005237147679508931,0.1,0.0,1
2024-04-18,0.865813229343335,-6.056633546092094e-05,-5.637494828414912e-05,4.10958904109589e-06,8.179813569746563e-08,8.180308351912407e-05,0.10000000000000002,0.0,1
2024-04-19,0.8658615832400214,5.5847953170040654e-05,6.106244870800475e-05,4.109589041095891e-06,1.1049064968953084e-06,0.0011048435728943473,0.1,0.0,1
2024-04-22,0.8655265845109188,-0.00038689639959432753,-0.00037305340130766584,1.2328767123287673e-05,1.5142311632442865e-06,0.0015148149459129141,0.10000000000000002,0.0,1
2024-04-23,0.8652956800817302,-0.0002667791299779676,-0.0002623648076332197,4.10958904109589e-06,3.0473330365184746e-07,0.00030481452891953885,0.1,0.0,1
2024-04-24,0.8654864478875538,0.00022046545500553627,0.00022504172906000485,4.10958904109589e-06,4.666850131741862e-07,0.0004665819302298464,0.1,0.0,1
2024-04-25,0.8652757866336716,-0.00024340214037599228,-0.00013854519996940316,4.109589041095891e-06,0.0001007473513655319,0.1007617255082246,0.2,0.0,2
2024-04-26,0.8657842430861877,0.0005876235766335558,0.0005980838911639753,8.21917808219178e-06,2.241136448140722e-06,0.002239815260154934,0.20000000000000004,0.0,2
2024-04-29,0.8665693111188731,0.0009067709870613783,0.0009333200722591141,2.4657534246575345e-05,1.8915509511882502e-06,0.001889833730074659,0.20000000000000004,0.0,2
2024-04-30,0.8665578985801696,-1.3169793295353394e-05,0.00019376115726790218,8.219178082191782e-06,0.00019871177248092825,0.19867490994492254,0.0,0.0,0
2024-05-01,0.8665578985801696,0.0,0.0,0.0,0.0,0.0,0.0,0.0,0
2024-05-02,0.8664712514550241,-9.999000099991662e-05,0.0,0.0,9.999000099990003e-05,0.09999000099990002,0.1,0.0,1
2024-05-03,0.866250553937325,-0.0002547084133819322,4.956750210468041e-05,4.109589041095891e-06,0.0003001663264456062,0.3001526821310761,0.4,0.0,4
2024-05-06,0.8653673277069015,-0.0010195967280008933,-0.0009660795318045201,4.9315068493150684e-05,4.202127703198468e-06,0.004206398857885462,0.4000000000000001,0.0,4
2024-05-07,0.8650622456522599,-0.00035254630591385894,-0.00033263144180543664,1.643835616438356e-05,3.4765079440971696e-06,0.0034777219117823107,0.4000000000000001,0.0,4
2024-05-08,0.865142878697032,9.321068533196808e-05,0.0001127475858339777,1.6438356164383563e-05,3.0985443375236716e-06,0.003098245947843108,0.39999999999999997,0.0,4
2024-05-09,0.86463781166806,-0.0005837960889566451,-0.000562214283517093,1.6438356164383563e-05,5.143449275082081e-06,0.005146427268806104,0.39999999999999997,0.0,4
2024-05-10,0.8645916278038273,-5.341411584069977e-05,-3.368905056772006e-05,1.6438356164383563e-05,3.28670910868604e-06,0.003286873871149456,0.4000000000000001,0.0,4
2024-05-13,0.8638687871985288,-0.0008360485829993491,-0.0007851219242029475,4.931506849315069e-05,1.6115903032941163e-06,0.0016129361969236878,0.39999999999999997,0.0,4
2024-05-14,0.8618613064566198,-0.002323825992624484,-0.0023039878264669083,1.6438356164383563e-05,3.399809993239881e-06,0.0034077173498013673,0.4000000000000001,0.0,4
2024-05-15,0.8611212425624936,-0.0008586809601290879,-0.0008388967097117894,1.643835616438356e-05,3.345894252930125e-06,0.0033487585635566877,0.4000000000000001,0.0,4
2024-05-16,0.8613183635611343,0.00022891201482178047,0.0004462115909324939,1.6438356164383563e-05,0.00020086121994618647,0.2007749322540913,0.2,0.0,2
2024-05-17,0.8606088770517237,-0.0008237215638561279,-0.0005155877093296513,8.21917808219178e-06,0.0002999146764443501,0.3000718561493196,0.3,0.0,3
2024-05-20,0.8610398783889529,0.0005008097740122341,0.0005417888300422612,3.698630136986301e-05,3.992754660219451e-06,0.003990740124513323,0.30000000000000004,0.0,3
2024-05-21,0.8606439141748158,-0.0004598674510616352,-0.0003468257773061978,1.2328767123287673e-05,0.00010071290663223272,0.1007490911261578,0.4,0.0,4
2024-05-22,0.8597309677832079,-0.0010607713324543022,-0.0010394734369069182,1.643835616438356e-05,4.859539383052844e-06,0.004864676051865481,0.39999999999999997,0.0,4
2024-05-23,0.8597635266537613,3.7870998921274435e-05,6.282484045728186e-05,1.6438356164383563e-05,8.515485371666835e-06,0.008515090386560367,0.4000000000000001,0.0,4
2024-05-24,0.8605301710900681,0.0008916922066821709,0.0009101121569065675,1.6438356164383563e-05,1.9815940599179893e-06,0.0019798247424156314,0.4,0.0,4
2024-05-28,0.8604242343016444,-0.0001231064197197984,4.370302809053598e-05,6.575342465753425e-05,0.00010105602315276366,0.10105825152728619,0.3,0.0,3
2024-05-29,0.8610200752196698,0.0006924966711439051,0.0007082813274379263,1.2328767123287671e-05,3.455889170619819e-06,0.0034534857083990487,0.3,0.0,3
2024-05-30,0.8617953764693015,0.0009004450325200697,0.0009168516809237583,1.2328767123287673e-05,4.077881280360093e-06,0.004074196076653444,0.3,0.0,3
2024-05-31,0.8612351048150533,-0.000650121443611873,-0.00033024488565244227,1.232876712328767e-05,0.0003075477908361027,0.3076531847113773,0.0,0.0,0
2024-06-03,0.8612351048150533,0.0,0.0,0.0,0.0,0.0,0.0,0.0,0
2024-06-04,0.8609768117715219,-0.000299910026991812,0.0,0.0,0.0002999100269919025,0.2999100269919025,0.30000000000000004,0.0,3
2024-06-05,0.8610193484973063,4.940519326757098e-05,0.0001639197824855054,1.2328767123287671e-05,0.00010218582209469451,0.10217033399002506,0.39999999999999997,0.0,4
2024-06-06,0.8607905399676087,-0.0002657414494772192,-0.0002478315277955723,1.6438356164383563e-05,1.4715655172627284e-06,0.0014719545105104153,0.4,0.0,4
2024-06-07,0.8615144408350512,0.0008409721457554031,0.0008595416422152224,1.6438356164383563e-05,2.1311402953589717e-06,0.002129345037560668,0.4000000000000001,0.0,4
2024-06-10,0.8609926036486526,-0.0006057207652756524,-0.0005522350985854907,4.9315068493150684e-05,4.170598196996715e-06,0.004173108531130854,0.4,0.0,4
2024-06-11,0.8602120200750997,-0.0009066089188746185,-0.0006888052145225365,1.6438356164383563e-05,0.00020136534818772034,0.2015074600283508,0.4,0.0,4
2024-06-12,0.8588898674530125,-0.0015370078436844903,-0.001418137415278453,1.643835616438356e-05,0.00010243207224156154,0.10257922991945725,0.30000000000000004,0.0,3
2024-06-13,0.8577543638323033,-0.0013220596303883392,-0.0011088545438881939,1.2328767123287673e-05,0.00020087631937671583,0.20110179134899084,0.5000000000000001,0.0,5
2024-06-14,0.8567156342903155,-0.001210987184427692,-0.0011875117749525822,2.054794520547945e-05,2.9274642695484524e-06,0.0029310050987478276,0.5000000000000001,0.0,5
2024-06-17,0.8571265594887941,0.000479651802804959,0.0005453300261711759,6.164383561643835e-05,4.034387749604128e-06,0.00403243731536041,0.5000000000000001,0.0,5
2024-06-18,0.857252190812081,0.00014657266409034975,0.00026852017109685886,2.0547945205479456e-05,0.00010139956180103998,0.10137442375953187,0.4000000000000001,0.0,4
2024-06-20,0.858542806557054,0.0015055263302976574,0.0015413684565816434,3.287671232876713e-05,2.9654139553127457e-06,0.00296094739061883,0.4000000000000001,0.0,4
2024-06-21,0.8584406327286296,-0.00011900842642209586,-0.0001019304052098713,1.6438356164383563e-05,6.396650478513243e-07,0.0006397407731742455,0.4,0.0,4
2024-06-24,0.8581589076033305,-0.000328182421192702,-0.00027253424646412906,4.9315068493150684e-05,6.33310623547272e-06,0.006335145197614728,0.39999999999999997,0.0,4
2024-06-25,0.8568060959538966,-0.001576411591661997,-0.0015547107872444894,1.6438356164383563e-05,5.26244825310606e-06,0.005270729355017335,0.4000000000000001,0.0,4
2024-06-26,0.8565011850920247,-0.0003558691555904936,-0.00023711889116921346,1.6438356164383563e-05,0.00010231190825692941,0.10233785676218804,0.30000000000000004,0.0,3
2024-06-27,0.8571944717780641,0.0008094404282288359,0.0008247230586480803,1.2328767123287673e-05,2.9538632959454045e-06,0.0029514655421872993,0.30000000000000004,0.0,3
2024-06-28,0.8566830062536154,-0.0005966738485699841,-0.00027934759101218005,1.2328767123287671e-05,0.0003049974904344353,0.30508647694694757,0.0,0.0,0
2024-07-01,0.8566830062536154,0.0,0.0,0.0,0.0,0.0,0.0,0.0,0
2024-07-02,0.8566830062536154,0.0,0.0,0.0,0.0,0.0,0.0,0.0,0
2024-07-03,0.8565973465189635,-9.999000099991662e-05,0.0,0.0,9.999000099990003e-05,0.09999000099990002,0.10000000000000002,0.0,1
2024-07-05,0.8567781326052825,0.00021105141996247134,0.00022074163702237587,8.219178082191782e-06,1.4710389777001551e-06,0.001470726415305946,0.10000000000000002,0.0,1
2024-07-08,0.8567502799363858,-3.2508613183268587e-05,8.083064396793297e-05,1.2328767123287671e-05,0.00010101049002789913,0.10100357109371119,0.2,0.0,2
2024-07-09,0.8562344408350757,-0.0006020880452450861,-0.000492135087831347,8.219178082191782e-06,0.00010173377933157198,0.10178470774429658,0.30000000000000004,0.0,3
2024-07-10,0.8564996987805122,0.0003097959306306297,0.0003247711626596816,1.2328767123287673e-05,2.646464905760574e-06,0.002645638296193588,0.30000000000000004,0.0,3
2024-07-11,0.8564805320897535,-2.2377930530503853e-05,-6.205439971312805e-06,1.2328767123287673e-05,3.843723435901585e-06,0.0038437946775881685,0.30000000000000004,0.0,3
2024-07-12,0.8576850219097173,0.0014063248081366275,0.0015215124021438877,1.2328767123287673e-05,0.00010285882688410975,0.10270382794771708,0.4000000000000001,0.0,4
2024-07-15,0.8568275130285941,-0.0009997946323160312,-0.0009468046957578303,4.9315068493150684e-05,3.6748680650579564e-06,0.003678532323809139,0.4,0.0,4
2024-07-16,0.8534330365683394,-0.003961680044862637,-0.0038355494545363523,1.643835616438356e-05,0.00010969223416195848,0.11011640119712805,0.5000000000000001,0.0,5
2024-07-17,0.8493527339176732,-0.004781046052626525,-0.004552921516806041,2.0547945205479453e-05,0.00020757659061509883,0.20853029756290695,0.5,0.0,5
2024-07-18,0.8501364782495695,0.0009227548232890737,0.0010451843997280885,2.054794520547945e-05,0.00010188163123344167,0.1017773464540203,0.4000000000000001,0.0,4
2024-07-19,0.8497398031416173,-0.00046660167879031267,-0.00034866250722622724,1.6438356164383563e-05,0.00010150081539976683,0.10153788696996642,0.3,0.0,3
2024-07-22,0.8491274473051631,-0.0007206392288442443,-0.0006813213079482684,3.698630136986301e-05,2.3316195260727624e-06,0.0023332955500211306,0.30000000000000004,0.0,3
2024-07-23,0.8496372600848614,0.0006003960669465069,0.0008137263896028035,1.2328767123287671e-05,0.0002010015555331869,0.2008406023519647,0.3,0.0,3
2024-07-24,0.8501370008834939,0.0005881813593986429,0.0006043496804321646,1.2328767123287674e-05,3.839553910124764e-06,0.0038372821588364657,0.3,0.0,3
2024-07-25,0.8481245038505077,-0.0023672620188213145,-0.0023516852757706486,1.232876712328767e-05,3.2479759273794056e-06,0.00325567238261096,0.30000000000000004,0.0,3
2024-07-26,0.8481618471542414,4.403045020406893e-05,5.881440459085682e-05,1.2328767123287671e-05,2.4551872634914433e-06,0.0024550731378516003,0.30000000000000004,0.0,3
2024-07-29,0.8488255377927901,0.0007825047080054492,0.0008204451161086813,3.698630136986301e-05,9.541067334078248e-07,0.000953359815256944,0.30000000000000004,0.0,3
2024-07-30,0.8495777937676342,0.0008862315533062493,0.000902169084383342,1.2328767123287671e-05,3.608763953752267e-06,0.003605555585026588,0.30000000000000004,0.0,3
2024-07-31,0.84929209613336,-0.0003362818995152894,-2.3606472639592354e-05,1.2328767123287673e-05,0.0003003466597524067,0.30035745316950085,0.0,0.0,0
2024-08-01,0.84929209613336,0.0,0.0,0.0,0.0,0.0,0.0,0.0,0
2024-08-02,0.8490373849178846,-0.00029991002699192304,0.0,0.0,0.0002999100269919025,0.29991002699190245,0.30000000000000004,0.0,3
2024-08-05,0.8498107882909024,0.0009109179251189925,0.00125530311011865,3.698630136986301e-05,0.0003073988836298376,0.3070248301186008,0.6000000000000001,0.0,6
2024-08-06,0.8494151634750873,-0.00046554459094449996,-0.000331340029624061,2.4657534246575342e-05,0.00010954702707393367,0.10958603943700748,0.5,0.0,5
2024-08-07,0.8485662874866,-0.0009993652397425334,-0.0009757207835431437,2.0547945205479456e-05,3.096510994036107e-06,0.0030995990276189832,0.5000000000000001,0.0,5
2024-08-08,0.8486066655238192,4.758383383207665e-05,0.00017214294955193992,2.0547945205479453e-05,0.00010401117051441576,0.10399540533049267,0.39999999999999997,0.0,4
2024-08-09,0.8488815630618709,0.0003239398760579437,0.0004426713504220138,1.6438356164383563e-05,0.00010229311819973508,0.10224953607381289,0.3,0.0,3
2024-08-12,0.8490571570092055,0.00020685329376357586,0.0002464024903850669,3.698630136986302e-05,2.562895251594115e-06,0.002562358652210279,0.30000000000000004,0.0,3
2024-08-13,0.8492097816568572,0.00017975780121726181,0.0002938046530375938,1.2328767123287671e-05,0.00010171808469700888,0.10168946156572653,0.2,0.0,2
2024-08-14,0.849453352107551,0.0002868201190742159,0.0002969168955545887,8.21917808219178e-06,1.8775983982234398e-06,0.001877056496297392,0.2,0.0,2
2024-08-15,0.8503831816576553,0.0010946210851923155,0.001105135463772472,8.219178082191782e-06,2.295200498022651e-06,0.0022926856138348675,0.2,0.0,2
2024-08-16,0.8505420097162949,0.0001867723422399603,0.00019571073807980735,8.21917808219178e-06,7.192177577486956e-07,0.0007190829357673009,0.2,0.0,2
2024-08-19,0.8507203940931859,0.0002097302365471343,0.000235126151299675,2.4657534246575342e-05,7.383805060816086e-07,0.0007382251328588218,0.2,0.0,2
2024-08-20,0.8498758250552034,-0.0009927692386906273,-0.0009826112019100388,8.21917808219178e-06,1.9388586983725624e-06,0.0019407816838258297,0.20000000000000004,0.0,2
2024-08-21,0.8498307112040586,-5.3082873773813155e-05,-4.4136921615800554e-05,8.219178082191782e-06,7.267740758673405e-07,0.0007268121289156237,0.20000000000000004,0.0,2
2024-08-22,0.8494837200174629,-0.00040830624502163904,-0.00029922668217819423,8.219178082191782e-06,0.00010086038476112524,0.1008914034054381,0.30000000000000004,0.0,3
2024-08-23,0.849105679641139,-0.00044502368605259246,-0.00043009662197870393,1.232876712328767e-05,2.5982969506608885e-06,0.00259944701201663,0.30000000000000004,0.0,3
2024-08-26,0.8487457848736275,-0.0004238515606957982,-0.00028489426565636583,3.698630136986302e-05,0.00010197099366953557,0.10200382671911876,0.4000000000000001,0.0,4
2024-08-27,0.8478053110384491,-0.0011080748228027293,-0.00108972154079357,1.643835616438356e-05,1.914925844791692e-06,0.0019170464046451175,0.4000000000000001,0.0,4
2024-08-28,0.8480205280293575,0.00025385190220705844,0.00027130865496387003,1.6438356164383563e-05,1.018396592389155e-06,0.0010181370994823912,0.4,0.0,4
2024-08-29,0.8482828140180787,0.00030929202778939846,0.00032696270730090966,1.6438356164383563e-05,1.2323233471721435e-06,0.0012319407995547232,0.4,0.0,4
2024-08-30,0.8484706486151612,0.00022142921438295105,0.0006404842627156794,1.643835616438356e-05,0.0004026166921683802,0.40236559756428314,0.0,0.0,0
2024-09-03,0.8484706486151612,0.0,0.0,0.0,0.0,0.0,0.0,0.0,0
2024-09-04,0.8484706486151612,0.0,0.0,0.0,0.0,0.0,0.0,0.0,0
2024-09-05,0.8484706486151612,0.0,0.0,0.0,0.0,0.0,0.0,0.0,0
2024-09-06,0.8483858100341578,-9.999000099991662e-05,0.0,0.0,9.999000099990003e-05,0.09999000099990002,0.10000000000000002,0.0,1
2024-09-09,0.8481742345479637,-0.00024938593231016437,-0.00023563577067799992,1.2328767123287673e-05,1.4213945089977091e-06,0.001421747051848291,0.1,0.0,1
2024-09-10,0.8482473916582033,8.625245528537384e-05,9.100867630299492e-05,4.10958904109589e-06,6.466319765395333e-07,0.0006465757896935632,0.10000000000000002,0.0,1
2024-09-11,0.8479341761751438,-0.0003692501576070262,-0.00026454706330936167,4.109589041095891e-06,0.00010059350525655142,0.10062053763334969,0.2,0.0,2
2024-09-12,0.8478230431454703,-0.00013106327448053623,-0.00012242316883069872,8.21917808219178e-06,4.2092756772932667e-07,0.00042098256587974256,0.2,0.0,2
2024-09-13,0.8475853617091905,-0.0002803432133643424,-7.018475574293021e-05,8.21917808219178e-06,0.000201939279539178,0.2019551136145415,0.4,0.0,4
2024-09-16,0.8477373572123449,0.00017932766423411906,0.00033160446522239044,4.9315068493150684e-05,0.00010296173249503258,0.10293267569210772,0.5,0.0,5
2024-09-17,0.8470873065831884,-0.0007668066337126467,-0.0007431319689892358,2.054794520547945e-05,3.126719517974399e-06,0.0031291091557859954,0.5000000000000001,0.0,5
2024-09-18,0.8458746901759758,-0.001431512900486931,-0.0013093520879964185,2.0547945205479456e-05,0.0001016128672850519,0.1017481821959325,0.4000000000000001,0.0,4
2024-09-19,0.8448778430388834,-0.0011784808656292167,-0.0010577254196017126,1.6438356164383563e-05,0.00010431708986318181,0.1044292639956959,0.30000000000000004,0.0,3
2024-09-20,0.8444376181135389,-0.0005210515685452055,-0.0005062992270155498,1.232876712328767e-05,2.4235744064109695e-06,0.0024248319921631885,0.30000000000000004,0.0,3
2024-09-23,0.8439209218890706,-0.000611882054262991,-0.0004731481048508234,3.698630136986301e-05,0.00010174764804233052,0.10179957951037755,0.4,0.0,4
2024-09-24,0.8450091117022513,0.0012894452370546539,0.0013087481784037347,1.6438356164383563e-05,2.864585184555648e-06,0.002860888030853049,0.4000000000000001,0.0,4
2024-09-25,0.8445158312596197,-0.0005837575427298791,-0.0003651025660564522,1.6438356164383563e-05,0.00020221662050903924,0.2022938038735287,0.6000000000000002,0.0,6
2024-09-26,0.844943129495166,0.0005059682953592048,0.0005359610132777469,2.4657534246575345e-05,5.335183672038497e-06,0.005332457168136644,0.6000000000000001,0.0,6
2024-09-27,0.8465991767329577,0.0019599511256824798,0.001988714680273762,2.4657534246575345e-05,4.1060203447786565e-06,0.004097971694188469,0.6000000000000002,0.0,6
2024-09-30,0.8448736888677697,-0.002038140258825538,-0.0013607635977858526,7.397260273972603e-05,0.0006034040583000872,0.6042710278186273,0.0,0.0,0
2024-10-01,0.8448736888677697,0.0,0.0,0.0,0.0,0.0,0.0,0.0,0
2024-10-02,0.8448736888677697,0.0,0.0,0.0,0.0,0.0,0.0,0.0,0
