date,simple_gross,simple_base,simple_stress,pca_gross,pca_base,pca_stress,sector_gross,sector_base,sector_stress
2015-08-03,1.0,1.0,1.0,1.0,1.0,1.0,1.0,1.0,1.0
2015-08-04,1.0,0.9998000399920016,0.9996001599360256,1.0,0.9997000899730081,0.9994003597841296,1.0,0.9999000099990001,0.9998000399920016
2015-08-05,0.9995375551911171,0.9992284997184531,0.9989195459809602,0.9989152079090129,0.998502754650068,0.9980905261432238,0.9998267464321936,0.9996224201578924,0.9994181347406748
2015-08-06,0.997941316693762,0.9974189257491087,0.9968967849063025,0.99814568241699,0.9977243553912952,0.9973032605339247,0.9991081291414825,0.9988946930254038,0.9986812996691573
2015-08-07,0.9978667102093864,0.997120432260182,0.9963746835939506,0.9982771643369427,0.9977471514492114,0.9972174624564286,0.9988051204912385,0.9984806275267495,0.9981562025628027
2015-08-10,0.9986039886243443,0.9977935251511453,0.9969837119606585,0.9981388001530147,0.997595216572389,0.9970519686008447,0.9990715947622608,0.998709215750561,0.9983469444298867
2015-08-11,0.9964267606916742,0.9955922116483455,0.9947583327522426,0.997657944948427,0.9969106608083287,0.9961640157621232,0.9985699085431906,0.9981924543305154,0.9978151096670708
2015-08-12,0.9966655441988228,0.9958063038752856,0.9949477503906704,0.9988220322221465,0.9978580986985267,0.996895085099551,0.9988176132330958,0.9984240211136182,0.9980305410722121
2015-08-13,0.9955075766004664,0.9946261455558202,0.9937454219877542,0.9986542875797908,0.9976860861045231,0.9967188120644161,0.9986813346754531,0.99827480529822,0.9978683956255828
2015-08-14,0.9963970840733942,0.9949940048478356,0.9935925561564006,0.9986621027595933,0.9976891897706852,0.9967172124052294,0.9991039603419916,0.998383408482883,0.9976632319236052
2015-08-17,0.9964204065863818,0.9949921493523376,0.9935655885015449,0.9989126904396857,0.9979269465968746,0.9969421606215894,0.9991273462144147,0.9983815466667206,0.997636153784247
2015-08-18,0.9967276155305833,0.9952896407120221,0.9938533894020292,0.9987536766952269,0.9976637905981733,0.9965751097294632,0.9994353897421511,0.9985801933983933,0.9977255886661611
2015-08-19,0.9971854129355078,0.9956372158467074,0.9940910811404732,0.9990966800462855,0.9977976815964607,0.9965003443514289,1.0000418769135229,0.9989720013558098,0.9979031271206539
2015-08-20,0.9975548460023541,0.9959902309891885,0.9944277314956744,0.9992930132247706,0.9979826995105666,0.9966740805045131,1.0004123682311559,0.9993261988865774,0.9982410684306354
2015-08-21,0.999057822519609,0.9974729984735743,0.9958903598334609,0.9993868234117491,0.9980641874681004,0.996743283255843,1.0019196500643788,1.0007138913729978,0.9995095234810599
2015-08-24,0.9985243849829167,0.9968895139286943,0.9952570190819416,0.9982302179939202,0.9968757899996438,0.995523193241825,1.0015323097444444,1.000259836250457,0.9989889683611076
2015-08-25,0.998819706888648,0.9971634647800094,0.9955096804964668,0.9980417110404275,0.9966740126342337,0.9953081872252774,1.0013032436355722,1.0000052840430158,0.9987090157685555
2015-08-26,0.9979888320897343,0.9963117583555889,0.99463720075848,0.9982297835786176,0.9967480449606729,0.9952684688142784,1.0008355889167908,0.9995081234205023,0.9981824024409971
2015-08-27,0.9985750366760133,0.996780212569877,0.9949882519404968,0.9987129242578683,0.9972132354281342,0.9957157509475056,1.0015896754269151,1.0001381186180127,0.9986885603689
2015-08-28,0.9985591292589302,0.9967556350030472,0.994955038926465,0.9988034703412063,0.9972906943235644,0.995780169506196,1.0017150191811723,1.0002502740578196,0.998787570640026
2015-08-31,0.9977330475156868,0.9957088133787715,0.9936882779281312,0.998444108607739,0.996598010854388,0.9947551748572655,1.0007337229449664,0.9989356424348593,0.997140580724432
2015-09-01,0.9977330475156868,0.9957088133787715,0.9936882779281312,0.998444108607739,0.996598010854388,0.9947551748572655,1.0007337229449664,0.9989356424348593,0.997140580724432
2015-09-02,0.9977330475156868,0.9955097114364841,0.9932909615435138,0.998444108607739,0.9962991211180526,0.9941586796494758,1.0007337229449664,0.9987358952558082,0.9967418839708436
2015-09-03,0.9975923429475184,0.9953602697113855,0.9931328187447036,0.9988879235267724,0.9965282813966109,0.9941740628793341,1.0005925952087558,0.9985859692295822,0.9965831917473913
2015-09-04,0.9976579610023946,0.9954141448148689,0.9931750077274956,0.9988501650803938,0.996461930244863,0.9940792829201617,1.0006584106094905,0.9986400189280346,0.9966255273044626
2015-09-08,0.9978173915145776,0.9955358247615669,0.9932590911503698,0.9985400758032762,0.9960589159298359,0.9935836962296596,1.0008183206078665,0.9987620932072746,0.9967099028525862
2015-09-09,0.9968814645433003,0.994492731354995,0.992109375916464,0.9980658800149269,0.995558529676611,0.9930572799874626,0.9998795788425184,0.997715619410706,0.9955561932421689
2015-09-10,0.9968251631384255,0.9943239857516127,0.9918287029483006,0.9978642322307868,0.9952354266920025,0.9926133334054488,0.9998231081115472,0.9975463269474297,0.9952745451512287
2015-09-11,0.9966990057597667,0.9941772701225022,0.9916615247621591,0.9975083051832813,0.9947498518822098,0.9919987183402559,0.9996965713154206,0.9973991358517483,0.9951067861494206
2015-09-14,0.9960524141399794,0.993481413424184,0.9909166668595806,0.9972724866125373,0.9943529752635984,0.991441611880968,0.999048035075686,0.9967010240658153,0.9943593404382939
2015-09-15,0.9969654028331385,0.9943709922164146,0.9917829375779009,0.9973768396852889,0.9944365781795136,0.9915045688914881,0.9999637695761987,0.9974937030479022,0.9950294644826274
2015-09-16,0.9966385154383489,0.9939272540427627,0.9912229122488662,0.9967050029475585,0.9937468738367201,0.9907970965452083,0.9996605345218601,0.9971685085082437,0.9946824027535374
2015-09-17,0.9964128287964156,0.9936763572928589,0.990946939199869,0.9962102173947445,0.9932311238953115,0.9902605022957855,1.0003444531500285,0.9978248972226511,0.9953113840681076
2015-09-18,0.9951387643959357,0.9923765918528937,0.9896216357574226,0.9961179360614568,0.993117445575285,0.9901255644858225,0.9996279769997469,0.9970813525811331,0.9945409235849555
2015-09-21,0.9961445144791922,0.9932152619118007,0.9902940468954555,0.9958680057229614,0.9928157667850547,0.989772409508094,0.9998464582377881,0.997134629998892,0.9944297718170436
2015-09-22,0.9953966330923525,0.9924482599724176,0.9895080565258272,0.9959873651610535,0.992914417777648,0.9898504940466486,0.9996658468720258,0.9969335024324028,0.994208253316064
2015-09-23,0.995322093117926,0.9922571511728617,0.9892011401098548,0.9959034416134254,0.9928130361793607,0.9897317594459001,0.9993083668791933,0.9964594848614026,0.9936184083871387
2015-09-24,0.9959122338749973,0.9928207723264546,0.9897384138816134,0.9952797695334128,0.9921722571386167,0.9890739859262999,0.999372303775631,0.9964980636784103,0.9936317882385597
2015-09-25,0.9967405962308857,0.9936214814448604,0.990511613055699,0.9960995121307048,0.9929687937317998,0.9898474365945007,0.998537497369053,0.9956388694851992,0.992748337676385
2015-09-28,0.9962948469119964,0.9931081245426483,0.9899311313526367,0.9948981347792776,0.9917176012062846,0.9885467758877026,0.9969753784962837,0.9940114755444376,0.991056116985261
2015-09-29,0.9957035931087841,0.9923953540148314,0.9890975786751929,0.9958004094749974,0.9924981891527394,0.9892063744880769,0.9977394205108501,0.9945491046406695,0.9913686725298673
2015-09-30,0.9959655549939512,0.9920297837222313,0.9881086438096811,0.9962581819435554,0.9924310759653067,0.9886178521306029,0.997552351587049,0.993838933671184,0.9901387471049375
2015-10-01,0.9959655549939512,0.9920297837222313,0.9881086438096811,0.9962581819435554,0.9924310759653067,0.9886178521306029,0.997552351587049,0.993838933671184,0.9901387471049375
2015-10-02,0.9959655549939512,0.9916331304700432,0.9873187887786582,0.9962581819435554,0.9921334359345263,0.9880250371083379,0.997552351587049,0.9935408714097611,0.9895450200928818
2015-10-05,0.9962795720908334,0.991794000911718,0.9873277482575934,0.9964415847161017,0.9919783541987802,0.9875342708960776,0.9976942758411296,0.9935434818121587,0.9894093795732107
2015-10-06,0.9965337961490749,0.9920239454407791,0.987533649557505,0.9967506330832934,0.992258547629873,0.9877858887880877,0.9978355256076229,0.9936652519630069,0.9895118447279093
2015-10-07,0.9970159787783495,0.9924785403772125,0.9879608911951303,0.998596687637356,0.9940654575845764,0.9895539557336935,0.9979411852029685,0.9937502040066278,0.9895762604246187
2015-10-08,0.9973626758531489,0.9926979764878116,0.988054117244604,0.9987869617190449,0.9941225344261927,0.98947890840643,0.997715547274705,0.9935040368515058,0.9893097234810203
2015-10-09,0.9979592461647082,0.9932736087479777,0.9886089973228722,0.9999387663457111,0.9952459311502919,0.9905741409387884,0.9983123286555363,0.9940801365190404,0.9898653086936274
2015-10-12,0.997905882964662,0.9930685501377948,0.9882535785215564,0.9990136315607816,0.9941594387149535,0.9893277610087605,0.9982589465753487,0.9938749114034131,0.9895094382307521
2015-10-13,0.9985447906655697,0.9936808887623463,0.9888396040045109,0.9990226323452286,0.9939414540365744,0.9888852676544083,0.9988980803246881,0.9944877472405167,0.990096208427218
2015-10-14,0.9998513584532012,0.9948562454543892,0.9898850950315986,0.999350030911325,0.9942257987552743,0.9891270207208245,1.000205110381907,0.995664058309888,0.991143028050615
2015-10-15,1.0011000450214134,0.9959651301307691,0.9908554095087693,0.9993553525037887,0.9940862925519729,0.9888439989671893,1.0014542387410694,0.9966741261177682,0.9919159938101773
2015-10-16,1.0003900709356615,0.9950360206127921,0.989709388235787,0.9999236407159847,0.9944237669337068,0.9889530321893435,1.0001885676804623,0.9952862062036262,0.9904069966390403
2015-10-19,0.9982492837103129,0.992815101802891,0.9874092415343156,0.9979945022931676,0.9924138242056404,0.9868631801830211,0.9985131691995613,0.9935290090581034,0.9885688624782502
2015-10-20,0.9994896314746279,0.9940153531874816,0.9885697815771126,0.9986727907886865,0.9930552471896534,0.9874681016920149,1.0001178435528946,0.9950924797762486,0.9900914731456073
2015-10-21,0.9995333475101188,0.9940265564295325,0.9885488653609954,0.9994862274245614,0.9938304958245954,0.988205598697259,1.000070560883755,0.9950132831883639,0.9899807102246265
2015-10-22,1.0001591747629632,0.9946101650168581,0.989090646748171,0.9999667777944876,0.9942697042464883,0.9886038633497058,1.001095729682407,0.9959916327193645,0.990912628900398
2015-10-23,0.9993658572054961,0.9937827963316207,0.9882296532519407,0.999415736710056,0.9935876497496381,0.9877923605019506,1.0013824510249074,0.99623852617416,0.991120108207329
2015-10-26,0.9992143801800044,0.9935419294795047,0.9879003645887532,0.9988687826804575,0.992966371128657,0.9870976281568684,1.001564789164694,0.9963297226930992,0.9911210407727441
2015-10-27,0.9992501715281463,0.9933474599995484,0.9874782937710136,0.9988978419041339,0.9928682085502291,0.9868737759434819,1.0009574300290383,0.9955946564722631,0.9902596459659067
2015-10-28,0.9995380761724342,0.9935038715085892,0.9875047555600704,0.9984890885496996,0.9923315003740364,0.9862106733865652,1.0016711491170907,0.9961691509717846,0.9906963598539236
2015-10-29,0.9977870180105307,0.9916343108865745,0.985518292341346,0.9963058262027676,0.9900327289812656,0.9837980060712116,0.9999510980879116,0.9943249448035493,0.9887295491162079
2015-10-30,0.9941289579706357,0.9872837573615605,0.9804839311352163,0.9933404045269435,0.9863725842571747,0.9794520092715722,0.996422875213179,0.9899961792553874,0.9836093656266242
2015-11-02,0.9941289579706357,0.9872837573615605,0.9804839311352163,0.9933404045269435,0.9863725842571747,0.9794520092715722,0.996422875213179,0.9899961792553874,0.9836093656266242
2015-11-03,0.9941289579706357,0.9870863400935418,0.9800918943774652,0.9933404045269435,0.9861753491873372,0.9790603851175251,0.996422875213179,0.9897982196114651,0.9832160791949461
2015-11-04,0.9938325014396279,0.9867832774117393,0.9797823328352988,0.9936628438152535,0.9864866685516904,0.9793607277118443,0.9961257346192608,0.9894943243079902,0.9829055308805437
2015-11-05,0.9938106159973302,0.9867525604522777,0.9797429125965718,0.9938586979381681,0.9865734197134275,0.9793399629794556,0.9961037986770828,0.9894635229580454,0.9828659849840982
2015-11-06,0.9934841407293844,0.9863138467143271,0.9791936402623742,0.9929386418354345,0.9855382424308482,0.978191403554285,0.995776570079058,0.9890236039164128,0.9823149617648081
2015-11-09,0.9943962587787712,0.9870827867251448,0.97982144749673,0.9932583249906888,0.9857047318686172,0.9782070846594296,0.9966907928084301,0.9897946564806933,0.9829447702256214
2015-11-10,0.9946241306506559,0.987200485411701,0.9798305596908103,0.9924513869020757,0.9848801060117954,0.9773650690887116,0.9969191904865613,0.9899126785276735,0.9829539114661399
2015-11-11,0.9945697687091284,0.9870341453083273,0.9795539164891819,0.9925085821049963,0.9847172862565163,0.9769856321374203,0.9968647031067855,0.9898448659150835,0.9828729610164553
2015-11-12,0.994929603605959,0.9872710329836873,0.979669818360273,0.9932105327279841,0.9852916770151215,0.9774345185879496,0.9973630769284858,0.9902243438193082,0.9831352839848794
2015-11-13,0.9943593084577916,0.986681145943875,0.9790606996077872,0.9937226897206308,0.9857802265045835,0.977899815390586,0.9970718340386371,0.9899159732661066,0.9828100615935847
2015-11-16,0.9941798355717953,0.9864350051017514,0.9787488639978832,0.9937197477572273,0.9856244256189924,0.97759350865874,0.996674694952917,0.9894664930459652,0.9823089688327199
2015-11-17,0.9929879353293315,0.985229037934167,0.9775291280873406,0.992820394329361,0.9847176098140065,0.9766794161227799,0.9960101833022297,0.9887878651476009,0.9816164721647962
2015-11-18,0.9930225656155484,0.9852357200075642,0.9775082691369179,0.993118792952813,0.9849976459697636,0.9769413597644728,0.9958213929821046,0.988577974689583,0.9813857799808382
2015-11-19,0.9938712411129347,0.9860544970799593,0.9782975493093199,0.9933045815483073,0.9851678057006789,0.9770961279692414,0.996559123964804,0.989192493051133,0.9818788150022874
2015-11-20,0.9947336679976297,0.986788557796724,0.9789051845218002,0.9937487852195913,0.9854959783488353,0.9773101181122278,0.9973216406046682,0.9898279690118135,0.9823891101200894
2015-11-23,0.9953419429804556,0.9873156170718934,0.9793522858657925,0.9941285083292304,0.9858218987814351,0.9775831129107753,0.9977413201363825,0.9901670902571345,0.9826488749489595
2015-11-24,0.9960713502826185,0.9880118403155399,0.9800158224625835,0.9947757092912752,0.9864454029676253,0.9781832737945014,0.997798768442557,0.9901973724896873,0.982652416154315
2015-11-25,0.995942226274013,0.9877579610413939,0.9796392415542289,0.994176085637,0.9858323940395968,0.9775571468314087,0.998370641130968,0.9906390340931834,0.9829658918464034
2015-11-27,0.9961639988688802,0.9879169654891097,0.979736409576032,0.9945570233517348,0.9861747793643411,0.977861571480354,0.9986202172099955,0.9908258464442503,0.9830908128130201
2015-11-30,0.9975058539942434,0.9884748765251726,0.9795232651636573,0.9945462030735178,0.9857228626874485,0.9769759958568649,0.9997955997849945,0.9912166962199177,0.982709305543447
2015-12-01,0.9975058539942434,0.9884748765251726,0.9795232651636573,0.9945462030735178,0.9857228626874485,0.9769759958568649,0.9997955997849945,0.9912166962199177,0.982709305543447
2015-12-02,0.9975058539942434,0.9884748765251726,0.9795232651636573,0.9945462030735178,0.9857228626874485,0.9769759958568649,0.9997955997849945,0.9911175844614716,0.9825128029828505
2015-12-03,0.9975058539942434,0.9883760389212805,0.9793273996837205,0.9945462030735178,0.9856243002574228,0.9767806397289192,0.9996395847976,0.9908591280211034,0.9821537370890207
2015-12-04,0.9978680798759162,0.9885307020311539,0.9792783097608795,0.9949073542124611,0.9857785327695858,0.9767316774653774,1.000224834525846,0.9912280084882432,0.982310003826185
2015-12-07,0.99713432769242,0.9877648048084494,0.9784809275424226,0.9941757791092466,0.9850147678820627,0.9759363688548919,1.0002846363664362,0.9912352237466838,0.9822655634530756
2015-12-08,0.9965930427676424,0.9871153762380939,0.9777255045589275,0.9936361002045435,0.9843671473864034,0.9751829103635614,0.9997967854367977,0.9906342000272809,0.9815535027083565
2015-12-09,0.9971775149472298,0.9876748531359071,0.9782604189930811,0.9940278166781272,0.984637638710671,0.9753344969389289,0.9998875008282889,0.9907100362696911,0.9816147303366584
2015-12-10,0.9963519134992346,0.9867374202534777,0.9772133872587461,0.9934574957131781,0.9839482321357043,0.9745283315893983,0.9987516695875261,0.9894699452374683,0.9802724373717919
2015-12-11,0.9957620987466733,0.9861274595232583,0.9765837462244424,0.993517284426149,0.9839747465593971,0.9745222420719832,0.9986508034404176,0.9892515244109829,0.9799387631148229
2015-12-14,0.9945472443812087,0.9847617398167811,0.975070101219745,0.9926847637573035,0.9828776169295944,0.9731655034842043,0.99851055865778,0.9890491852464898,0.9796754610831602
2015-12-15,0.996264003243684,0.9862309430479269,0.9762962681993288,0.9932596123609813,0.983313355142412,0.9734646910427308,0.999076361014668,0.9894829306472096,0.9799795002372547
2015-12-16,0.9952567212986878,0.9851116137306464,0.975067181176049,0.9919250352295701,0.9818646425978726,0.9719041649150635,0.9988629468541057,0.9891485647670627,0.9795264529882675
2015-12-17,0.9958480202353378,0.9856712106178135,0.9755956847840344,0.992209914342321,0.9821143460860979,0.9721194148322421,1.0001976883750052,0.9904447902643028,0.9807847977155704
2015-12-18,0.9955477121143904,0.9853438407200504,0.9752418683508636,0.9927220326933716,0.9825816202089765,0.9725427503861366,0.9992322764394763,0.9894592913091804,0.9797797267023481
2015-12-21,0.9956611976920857,0.9853930710798698,0.9752281362854919,0.9935398172308704,0.9833147749116352,0.9731928872972564,0.9994300892866,0.9895911912612834,0.9798469713368136
2015-12-22,0.9960663439942484,0.9857698211102912,0.9755770076900409,0.9942911764652813,0.983930263346114,0.9736750940120175,0.999909382698836,0.9900407229667585,0.9802672551067914
2015-12-23,0.9961720556086776,0.9857491256367722,0.9754324083293222,0.9943162610713989,0.9838181957012654,0.9734285675651754,1.000062214283484,0.9901658571401118,0.9803651975269493
2015-12-24,0.9962427878752029,0.9858023306359068,0.9754684516296179,0.9941169544118779,0.9835953948280622,0.9731828015366357,1.0002008632855564,0.9902820767919784,0.9804594221156273
2015-12-28,0.9962374950110606,0.9857306094252756,0.9753316822072309,0.993948057493236,0.9833283741470307,0.9728197934800089,1.0004673550212915,0.9904625993341275,0.9805556541153597
2015-12-29,0.9962626228199115,0.9857357443330411,0.9753172275458091,0.9937854415226935,0.9831375351915718,0.972601318110539,1.0001109179165777,0.9900851503353507,0.9801576256616782
2015-12-30,0.9963213204175164,0.9857756852343227,0.9753388086892163,0.9932307022402712,0.9825605239772094,0.9720025997021807,1.000266862991431,0.9902170237899826,0.980265907555703
2015-12-31,0.9963803734813635,0.9854282142740586,0.9745934150424608,0.9934815926740136,0.9822011061529896,0.9710459599632527,0.9998796315071709,0.9893239116721546,0.9788771224055927
2016-01-04,0.9963803734813635,0.9854282142740586,0.9745934150424608,0.9934815926740136,0.9822011061529896,0.9710459599632527,0.9998796315071709,0.9893239116721546,0.9788771224055927
2016-01-05,0.9963803734813635,0.985329681305928,0.9743985353353937,0.9934815926740136,0.9822011061529896,0.9710459599632527,0.9998796315071709,0.9892249891732373,0.978681386128367
2016-01-06,0.9965298361246138,0.9854717855880256,0.9745334268020588,0.9934815926740136,0.9822011061529896,0.9710459599632527,1.000029619058747,0.9893676552367758,0.9788168704941427
2016-01-07,0.9968450733945785,0.9857772601633963,0.9748293168546379,0.9934815926740136,0.9822011061529896,0.9710459599632527,1.000345963432561,0.9896743374460372,0.9791140610956247
2016-01-08,0.9968764944807623,0.9858028522994104,0.9748492066250627,0.9934815926740136,0.9820047052119473,0.9706576968844989,1.0003774948686583,0.9897000307555475,0.9791340382891274
2016-01-11,0.9968960290901485,0.9858096388952707,0.9748435235541425,0.9922410450792989,0.9807530486267261,0.9693953570465957,1.0003970980830077,0.9897068441808851,0.979128330238957
2016-01-12,0.9974398887071916,0.986243476219338,0.9751697174103066,0.9917552058612974,0.9801646272646023,0.968706774545674,1.0009428677187349,0.9901423965958235,0.9794559578407239
2016-01-13,0.9970314120228436,0.985636992949876,0.9743698069113247,0.9928209773622978,0.9810131201342586,0.9693429605418931,1.000532956476507,0.9895335157135666,0.9786525314319878
2016-01-14,0.997145367705224,0.9857396392041934,0.9744613850906362,0.9925521254785098,0.9807428000481261,0.9690712450503496,1.0006473123678306,0.989537604102966,0.9785487632296729
2016-01-15,0.9983932175650576,0.9869607768145663,0.9756562595289163,0.9925275176527577,0.9807118964251789,0.9690342003341217,1.0011935071053601,0.9900596162671902,0.9790470719502844
2016-01-19,0.9988132220494332,0.9873417070444442,0.9759989542492614,0.9922345845928253,0.9804054195013352,0.9687145477956438,1.001853369253552,0.9906608874817586,0.9795909825248843
2016-01-20,0.9981273660043487,0.9866525591881299,0.9753066872010162,0.9909431012902858,0.9790260844207336,0.9672496841056512,1.0012832039915818,0.9900807379665503,0.979001154181681
2016-01-21,0.9977945829688291,0.9862164491138196,0.9747696926575673,0.9932864216140865,0.9812327389243782,0.9693226366116974,0.9997998363679487,0.9885012612003997,0.9773279087020642
2016-01-22,0.9985936727428019,0.9868901614776491,0.9753207821048789,0.9941374905389347,0.982056233987195,0.9701190892676677,1.0003353811889144,0.9888082066208415,0.9774112647993212
2016-01-25,0.9989456333319865,0.9870856241217367,0.9753634268471084,0.9941786624056199,0.9818663400157401,0.9697037861350722,1.0006879556541404,0.9890040491513539,0.9774540009454226
2016-01-26,0.9994558722349689,0.9874751722144843,0.9756350545244017,0.9941544896271078,0.9816399878783644,0.9692803072637501,1.001199084496075,0.9892954149049042,0.9775306655817808
2016-01-27,0.9982744680539152,0.9861915261325366,0.9742517227485187,0.9938854702164724,0.9812616281052309,0.9687954038855563,0.9998079415645628,0.9877984756636665,0.975930549877519
2016-01-28,0.9985546455209794,0.9863541690034614,0.974299589937874,0.9942402790541476,0.9814899626367918,0.9689003953148689,1.0001975358377178,0.9880641953313332,0.9760752435324188
2016-01-29,0.9991775490922383,0.9865504592132165,0.9740795993531755,0.9955716350239079,0.9822847843080804,0.9691722241831422,1.0008734622782096,0.9882079178787166,0.9756995760666769
2016-02-01,0.9991775490922383,0.9865504592132165,0.9740795993531755,0.9955716350239079,0.9822847843080804,0.9691722241831422,1.0008734622782096,0.9882079178787166,0.9756995760666769
2016-02-02,0.9991775490922383,0.9863531885755014,0.973690123303854,0.9955716350239079,0.9819901872519049,0.9685910695414174,1.0008734622782096,0.9880103158155535,0.9753094522857626
2016-02-03,0.9984655990514784,0.9856406480622858,0.9729771233354175,0.9962807840259347,0.9826758915050609,0.9692538347168508,1.0019380675990774,0.9890508657105025,0.9763263819685609
2016-02-04,0.9980572387772163,0.98522761303086,0.9725595985116122,0.9959280681200523,0.9822152762975844,0.9686882900901264,1.002006507581268,0.9891091989391283,0.9763748533171811
2016-02-05,0.9980325906532497,0.9849953828964865,0.9721252927340851,0.9956582900574676,0.9818270806195227,0.9681851107826286,1.0033429551663773,0.9902166831165897,0.9772592112050213
2016-02-08,1.0000215225769116,0.9868052786928256,0.9737605949624673,0.997123172566534,0.9831993660060424,0.9694671563285894,1.004611463910889,0.9913127465609738,0.978187213738661
2016-02-09,0.9995144201164595,0.9857881556824166,0.9722471275797583,0.9980206295829928,0.9836691771286097,0.969521150297181,1.0042540236616653,0.9905398269014359,0.9770097977614179
2016-02-10,1.0010444288791838,0.9872785867131482,0.9736987744898251,0.9965866177618725,0.9822395716780153,0.9680961253500813,1.0055142488212074,0.9917681572345808,0.9782068655514781
2016-02-11,1.0016999591871258,0.9879010035285317,0.974288881585454,0.9980974825346401,0.9837099198406366,0.969526817086417,1.0033116081861477,0.9894774213440799,0.975830932190214
2016-02-12,1.0014460367319105,0.9875269295986868,0.9737979919146289,0.9993090519090644,0.9847855001572188,0.970470027550132,1.003353310226886,0.9893957808400864,0.9756293674776014
2016-02-16,1.0015957204186634,0.9875859976336959,0.9737688645159318,0.9972432215565132,0.9826783216848597,0.9683230895117448,1.003081966220302,0.9890404276211704,0.9751923268979688
2016-02-17,1.001984939653352,0.9879450356974462,0.9740984737873081,0.999564539483481,0.9849436923787661,0.9705336320320872,1.0032190087635613,0.9891522734623133,0.9752796451455141
2016-02-18,1.0016200022183772,0.9874651696333546,0.9735069972497155,0.9988857384573534,0.9841597167775943,0.9696477293984551,1.00273810451785,0.9885567653015161,0.9745728437475589
2016-02-19,1.0020455721489736,0.9878663552623611,0.97388440509372,0.9983186841996293,0.9835873898305281,0.9690704102940746,1.0029812773256146,0.9887778490273312,0.9747724212561344
2016-02-22,1.0025419999370146,0.9883021077934558,0.9742610564591495,0.9987458883987059,0.983968121921552,0.9694059239314289,1.001945101035064,0.9877007181675728,0.9736556632410994
2016-02-23,1.0021761099844555,0.9879215969431628,0.9738664230693064,0.9985605647235444,0.983770162612203,0.9691957532370519,1.0021151982669343,0.9878496943345934,0.9737840840894393
2016-02-24,1.0022903462122825,0.9879173364954197,0.9737469680404135,0.9982665670429529,0.983467394165823,0.968884534158603,1.0012149446566665,0.9867456554477599,0.9724821630986014
2016-02-25,1.0022493392416327,0.9878513508340369,0.9736567036144554,0.9973183270425501,0.9825173148765265,0.96793287214182,1.0011050754158761,0.9866169480812467,0.9723351694226371
2016-02-26,1.0022813027063038,0.9877578638489506,0.9734414139755482,0.996608997952053,0.9818044683318508,0.9672167738285898,1.0010777648854539,0.9864675005499601,0.9720671991050862
2016-02-29,1.0023026096662762,0.9873381590736025,0.9725934768629211,0.9953550593764547,0.9802420726562658,0.9653553678942225,1.0007912561451269,0.9858535641735187,0.971135456558708
2016-03-01,1.0023026096662762,0.9873381590736025,0.9725934768629211,0.9953550593764547,0.9802420726562658,0.9653553678942225,1.0007912561451269,0.9858535641735187,0.971135456558708
2016-03-02,1.0023026096662762,0.9872394351300895,0.9723989970635084,0.9953550593764547,0.9802420726562658,0.9653553678942225,1.0007912561451269,0.9858535641735187,0.971135456558708
2016-03-03,1.0021899373462475,0.9871233534680606,0.9722796334240876,0.9953550593764547,0.9802420726562658,0.9653553678942225,1.0007912561451269,0.9858535641735187,0.971135456558708
2016-03-04,1.0021626411988322,0.9870917805605988,0.9722439177268023,0.9953550593764547,0.9802420726562658,0.9653553678942225,1.0007912561451269,0.9858535641735187,0.971135456558708
2016-03-07,1.0015386244617142,0.986267110318841,0.9712248566301368,0.9953550593764547,0.9801440582504408,0.965162335427137,1.0007912561451269,0.9858535641735187,0.971135456558708
2016-03-08,1.002038333881537,0.9867417040158304,0.9716749861285588,0.9954140846137607,0.9801975265674623,0.9652104018056162,1.0007912561451269,0.9858535641735187,0.971135456558708
2016-03-09,1.0013683461060345,0.9860682546372855,0.9709983340763998,0.9951423026001897,0.9799244923400239,0.9649362169966712,1.0007912561451269,0.9857549886746512,0.970941268305047
2016-03-10,1.0017836468549388,0.9864638621383082,0.9713747570287261,0.9951785391231323,0.9798572723946339,0.9647686967929114,1.0008024137942453,0.9857616066079311,0.9709434812701161
2016-03-11,1.002178512863488,0.9867358341781379,0.9715274548587685,0.9960899094779223,0.9807456607904473,0.9656345919921591,1.0012747833930873,0.9861225010563425,0.9711961436659846
2016-03-14,1.001645209681238,0.9861602480096768,0.9709110077932167,0.9961821018953552,0.9808117251677446,0.9656753064291291,1.0011790803657314,0.986003652436719,0.9710548772290746
2016-03-15,1.0012646389153936,0.9857672452349409,0.9705060606938736,0.9958522615513214,0.9804785878067294,0.965339053427911,1.0001343779188443,0.984965652118704,0.9700236194646896
2016-03-16,1.0004814540800804,0.9849763653259183,0.9697078989256946,0.9952851345485036,0.9799105526765675,0.964770273347706,0.9998766478646559,0.9847025783525122,0.969755420648883
2016-03-17,1.001041662470131,0.9854081804203949,0.9700150938399487,0.9954014186203822,0.9799159577549995,0.9646681761264749,0.9995849700062193,0.9843064436985275,0.9692580900055214
2016-03-18,1.000728717430778,0.9850750956459181,0.9696625662165211,0.9956227796299089,0.980021250387787,0.9646610025156729,0.9997468639055941,0.984449123905891,0.969382102328695
2016-03-21,1.0007800400065063,0.9849647689957668,0.9693956992324755,0.995313390258232,0.9796673137847044,0.9642639823629098,0.999062518554535,0.9836393056146056,0.9684507876576599
2016-03-22,1.0004578761894278,0.984620283796219,0.9690296961774181,0.9958822262820289,0.9802095894235381,0.9647804042409435,0.9993149412163335,0.9838690517623405,0.9686585076363676
2016-03-23,1.000805447285167,0.9848360577282258,0.9691177743004273,0.994876936121569,0.9792020418894246,0.9637709191451118,0.9989055960612226,0.9833500606499618,0.9680333544203829
2016-03-24,0.999631218114227,0.9836559661834743,0.9679323206569497,0.9947046946903921,0.9790148830301157,0.9635693528782147,0.9990151511303962,0.9834442791837827,0.9681126925955824
2016-03-28,1.0000493870419798,0.9839842143001282,0.9681733979330657,0.9952046075528761,0.9794411274039577,0.9639241142521602,0.9991552082236347,0.983533189748733,0.9681520168320833
2016-03-29,1.0001324425034153,0.9840412911141226,0.9682053043543782,0.9944368772332127,0.9786651630666711,0.9631403679568955,0.9991300733951816,0.98349370672274,0.9680986377128618
2016-03-30,1.0014143783519476,0.9852787886168239,0.9693994476410539,0.9950420480000315,0.9792422001730843,0.9636899987873266,0.999238175344611,0.9835858004403132,0.9681751890488489
2016-03-31,1.0009736828417222,0.9843340858419938,0.9679670994798858,0.9949873652484441,0.9787814413658471,0.9628360763925548,0.999428662375591,0.9834671497664128,0.9677570402639554
2016-04-01,1.0009736828417222,0.9843340858419938,0.9679670994798858,0.9949873652484441,0.9787814413658471,0.9628360763925548,0.999428662375591,0.9834671497664128,0.9677570402639554
2016-04-04,1.0009736828417222,0.9843340858419938,0.9679670994798858,0.9949873652484441,0.9787814413658471,0.9628360763925548,0.999428662375591,0.9834671497664128,0.9677570402639554
2016-04-05,1.0009736828417222,0.9840388741797399,0.9673866674793982,0.9949873652484441,0.9784878949973479,0.9622587211598589,0.999428662375591,0.9831721981069808,0.9671767342234213
2016-04-06,1.0006210075627924,0.9836787540552793,0.9670194568474584,0.994636799142076,0.9781298063163256,0.9618934570467951,0.9990765314571505,0.9828123951524038,0.9668096032801171
2016-04-07,1.0008716357157181,0.9838132179787719,0.9670417062755654,0.9948859284147146,0.9782635117266539,0.9619155885346029,0.9993267727611188,0.9829467406490047,0.9668318478798601
2016-04-08,1.0016669167043966,0.9845774490746562,0.9677757016328831,0.9956764532298233,0.9790234317825833,0.9626456931118245,1.0001208262196184,0.983710298660906,0.9675656839523329
2016-04-11,1.0017244530919391,0.9845831221073991,0.9677312944140958,0.9957336455213174,0.9790290728136569,0.9626015212878816,1.000178273798736,0.9837159666972185,0.967521286370387
2016-04-12,1.0012404786645082,0.9840899402140417,0.967229356983192,0.9952525655002822,0.9785386729673254,0.9621022445388829,0.9996950463943369,0.983223219165712,0.9670194578652754
2016-04-13,1.0019544852504538,0.9847727173346081,0.9678817661734402,0.995962301973776,0.9792175985311271,0.9627511954229352,1.0004079508985724,0.9839053949415459,0.96767172547575
2016-04-14,1.0022766607023046,0.9850723153737915,0.9681594686417438,0.9962825506571127,0.9795155065329326,0.9630274258393715,1.0007296290669527,0.9842047291146782,0.9679493676796471
2016-04-15,1.0030480266258774,0.9858118856625293,0.9688680938331887,0.997049303431031,0.9802509048937268,0.9637322947335005,1.00149980437367,0.9849436480390337,0.9686578390918444
2016-04-18,1.003077347010474,0.9857899604654958,0.9687966459235346,0.997078448465229,0.9802291033770838,0.9636612255566299,1.0015290795017378,0.9849217421522574,0.968586406687151
2016-04-19,1.0031450109775972,0.9858389657718929,0.968827612048827,0.9971457077683699,0.9802778322437561,0.9636920275359467,1.001596639028339,0.984970704298036,0.9686173660924629
2016-04-20,1.0033983714294754,0.9860641024949257,0.969025441404472,0.997397552999462,0.9804036977975861,0.9636962230565549,1.0018496084139084,0.9850971724064894,0.968621583055979
2016-04-21,1.0034108706684741,0.98605377588139,0.9689930917566656,0.997432438812421,0.9804101258475758,0.9636751803844772,1.00188464994569,0.9851036312294041,0.9686004328368
2016-04-22,1.0039890574782095,0.9864066301359049,0.96912815088493,0.9983215845103979,0.981065721514642,0.9641048513525643,1.0027777644983196,0.9857623654215738,0.9690322998124551
2016-04-25,1.004448102081377,0.9868080966042206,0.9694739137013049,0.9988894707042503,0.9815621226039087,0.964532067443585,1.0033481855498088,0.9862611429256923,0.9694616993644001
2016-04-26,1.0049115874705215,0.9872447823092291,0.9698845927315715,0.9992403703339533,0.9818837288873314,0.9648252809522678,1.003700651480323,0.9865842888309349,0.9697564114595175
2016-04-27,1.006393561857264,0.9885812638238283,0.9710801871444954,1.0007116991337075,0.9832066174942964,0.9660043657020185,1.0051785478090727,0.9879135104863176,0.9709415223996003
2016-04-28,1.005196753578132,0.9871938582310903,0.969509354100484,1.0001384366214086,0.9824265129980319,0.965024919680664,1.0046027264410153,0.9871296714053573,0.9699570705225209
2016-04-29,1.004883826838216,0.9867836071026732,0.9690053671823322,1.0001245413242532,0.9822087308973513,0.9646104780234092,1.0045887691198128,0.9869108467190947,0.9695405106932615
2016-05-02,1.004883826838216,0.9867836071026732,0.9690053671823322,1.0001245413242532,0.9822087308973513,0.9646104780234092,1.0045887691198128,0.9869108467190947,0.9695405106932615
2016-05-03,1.004883826838216,0.9866849386088123,0.96881160486136,1.0001245413242532,0.982012328431665,0.9642247881081659,1.0045887691198128,0.986713504018291,0.9691528495534402
2016-05-04,1.0050860322600916,0.9868792068331329,0.9689981554426905,0.9993134097201708,0.9812065087378289,0.9634243567265907,1.0049631232940368,0.9870724821173116,0.9694968790174392
2016-05-05,1.0054644747896764,0.9872463667371502,0.9693543158169841,0.9996212834715288,0.981500314275796,0.9637045018164085,1.0069247045828658,0.9889884772026553,0.9713682826379852
2016-05-06,1.0055801066651393,0.9873552601823706,0.9694566757198978,0.9997721770803514,0.9816399943683954,0.9638333265783562,1.0063786649338395,0.9884427327434047,0.9708229962007475
2016-05-09,1.0057754025468613,0.9874359083570416,0.9694267896625124,0.9992605943699592,0.9811127303975069,0.9632911153946987,1.0062873057380592,0.9883279820494291,0.9706857123794523
2016-05-10,1.0059196933398284,0.9875668920880373,0.9695448989585432,0.9993531993858076,0.9810958085740867,0.963168593729059,1.006670556725903,0.9885954969056855,0.9708414781916166
2016-05-11,1.0047222986550122,0.98638180940385,0.968372086218585,0.9991188287820995,0.980851073127833,0.9629139570204343,1.0066190382037035,0.9885297434201467,0.9707620267515487
2016-05-12,1.0044171420510095,0.9859749309177077,0.9678672822831621,0.9984836809537393,0.9802136261990334,0.9622745014294211,1.0056772329850343,0.9875900584122316,0.969824684537258
2016-05-13,1.0041858008434454,0.9856436970725054,0.9674399447375214,0.9979508455321768,0.9796773466196055,0.9617350866115961,1.0052559647973491,0.9870632063150622,0.9691962515650547
2016-05-16,1.0042342585830955,0.9855671763133591,0.9672430451865525,0.9980117912049865,0.9796986598275358,0.9617181908371605,1.0049353486743888,0.9865983587118426,0.9685924134446061
2016-05-17,1.0032119295885045,0.9845480041925672,0.9662272762807433,0.9975794157891805,0.9791608480715835,0.9610790489625818,1.004567942182899,0.9862112962183608,0.9681865567747935
2016-05-18,1.0031572387675942,0.9844785531449828,0.9661436427730434,0.9981564623742875,0.9797052703821032,0.9615918661599395,1.0042078079358414,0.9858319147882865,0.9677887684819082
2016-05-19,1.003000393992833,0.9842121490274022,0.9657718152055501,0.9981168336217041,0.9796472439169555,0.961516135955865,1.003734396452889,0.9852453604669126,0.9670934209562898
2016-05-20,1.0022158689933978,0.9833252602930524,0.9647866770931007,0.997824518728518,0.9793426913081892,0.9611998893112397,1.0025745925912393,0.983980334520841,0.9657273980758065
2016-05-23,1.001959984139755,0.9830113205056686,0.9644169633674042,0.9981273303479306,0.9795891046289339,0.9613919089532453,1.0028339743840629,0.9841468050596408,0.9658043315070668
2016-05-24,1.0008364005530332,0.98188125545087,0.963281041371288,0.997543120797221,0.978993892006393,0.9607862884007058,1.0010212660913134,0.9823287407883374,0.9639816931257595
2016-05-25,1.000506203445332,0.9814353827633359,0.9627239955261401,0.9979371453337353,0.9793630955943263,0.9611314601335903,1.0013183461329185,0.9824893337079472,0.9640108439734788
2016-05-26,1.0017430100957034,0.9825316914771672,0.9636847319111757,0.9976615641568052,0.9790728471283676,0.960827182990984,1.0023395175364251,0.9833655113433876,0.9647471417206579
2016-05-27,1.002191276128784,0.9829576584302714,0.964089080436788,0.9972243020860456,0.9786256136958766,0.9603704889073029,1.0023086679543503,0.9833118669667865,0.9646715539200146
2016-05-31,1.0019639203131694,0.9823915147746956,0.9631972401943503,0.997406673719348,0.9783483211866855,0.9596506171930932,1.002005956812158,0.9824430605751696,0.9632582246900258
2016-06-01,1.0019639203131694,0.9823915147746956,0.9631972401943503,0.997406673719348,0.9783483211866855,0.9596506171930932,1.002005956812158,0.9824430605751696,0.9632582246900258
2016-06-02,1.0019639203131694,0.9822932854461509,0.9630046392664969,0.997406673719348,0.9781526906485557,0.9592669104289216,1.002005956812158,0.9823448260925604,0.9630656115677122
2016-06-03,1.001778758296385,0.982106083966139,0.9628155494751672,0.9962879528768862,0.9770446724802392,0.9581696025891916,1.001820787027067,0.9821576147901406,0.9628765098042286
2016-06-06,1.0015108570045705,0.9818310310394254,0.9625337327700625,0.9953995425230263,0.9760522390640308,0.9570774999133902,1.0015528744956936,0.981882547431479,0.962594675255998
2016-06-07,1.0014638573054657,0.9816826015797079,0.9622879191042822,0.9953528296205545,0.9760022639302309,0.9570244080208307,1.0015058728247586,0.9817341101837104,0.9623488460266115
2016-06-08,1.0018378730228341,0.9820403139429226,0.9626298247725421,0.9957146008654787,0.9763522768500775,0.9573629809106197,1.0018799042336215,0.9820918413159901,0.962690773342509
2016-06-09,1.0005283173084052,0.9807450290762465,0.9613487636531591,0.9949881116824855,0.975634164877698,0.9566531965140187,1.0005702935779552,0.9807964884860892,0.9614096311131901
2016-06-10,0.9998994616225291,0.9799232432711773,0.9603420079774149,0.9947447608442349,0.9752940791018494,0.9562202327177493,0.999941411509002,0.9799746595621549,0.960402811695063
2016-06-13,0.999616796842914,0.9796199928373791,0.9600191188990691,0.9947447608442349,0.9751965594459048,0.9560290269123668,0.9996587348704392,0.9796713932168937,0.9600799021731083
2016-06-14,0.9991921808315033,0.9791906791640564,0.959585472453677,0.994158250433904,0.9746144420500567,0.955451359873696,0.9992341010446439,0.979242057017606,0.9596462282715434
2016-06-15,0.9987548950322533,0.978753219971883,0.9591480238978531,0.9938647799377958,0.9743219007276331,0.9551598247199647,0.9987967968994599,0.9788045748720745,0.9592087520188176
2016-06-16,0.9985260313446387,0.9785192182621507,0.9589091846721907,0.9935453520615697,0.9740035499273139,0.954842634320709,0.9985679236100742,0.9785705608843397,0.9589698976711333
2016-06-17,0.9977758249082076,0.9776765284246857,0.9579780437003673,0.9925184903618388,0.9729918759019436,0.9538459514048305,0.9978176856994039,0.9777278268311811,0.9580386977444457
2016-06-20,0.9979264197084448,0.9778115047937999,0.9580979667914558,0.99189399399747,0.972269967799726,0.9530307091685422,0.9979682868177111,0.9778628102824666,0.9581586284284226
2016-06-21,0.9979425367010033,0.9778226703372114,0.9581043730132776,0.99189399399747,0.972269967799726,0.9530307091685422,0.9979844044864437,0.9778739764117308,0.958165035055852
2016-06-22,0.9975320871680381,0.9774160753963037,0.9577016457890857,0.99189399399747,0.972269967799726,0.9530307091685422,0.997573937733436,0.9774673601369035,0.9577622823331272
2016-06-23,0.99740629873057,0.9772867145478196,0.9575689071305445,0.99189399399747,0.9721727505246734,0.9528401411403141,0.9974481440186266,0.9773379925008928,0.9576295352702845
2016-06-24,0.9983328148375334,0.9781850395084715,0.9584397994351612,0.9914633997332727,0.9717462654452181,0.9524177727289863,0.9983746989967436,0.9781385605207527,0.958308859267978
2016-06-27,0.999538461869618,0.9793514991242113,0.9595681604149562,0.9921889729975653,0.9724430071733844,0.9530865374436612,0.9985730207675618,0.9783039999418779,0.9584426786373524
2016-06-28,1.0000492535151517,0.9798461282334773,0.9600470683065756,0.9925370967586187,0.9727798652418062,0.9534124391570168,0.9992054659880514,0.9788130098793848,0.9588329805043195
2016-06-29,1.000125473950019,0.9799150144625278,0.9601088841569754,0.9923862610600189,0.9725311461781618,0.9530697946361214,0.9992816221122338,0.9788818234770031,0.9588947181816042
2016-06-30,0.999855190651712,0.9795471585841959,0.9596475115117952,0.9923862610600189,0.9725311461781618,0.9530697946361214,0.9990115668643705,0.9785143554541198,0.9584339289941725
2016-07-01,0.999855190651712,0.9795471585841959,0.9596475115117952,0.9923862610600189,0.9725311461781618,0.9530697946361214,0.9990115668643705,0.9785143554541198,0.9584339289941725
2016-07-05,0.999855190651712,0.9794492136628297,0.9594556203877176,0.9923862610600189,0.972433902787883,0.9528792187923629,0.9990115668643705,0.9784165138027395,0.9582422805380648
2016-07-06,1.0000261161034278,0.9796118867327642,0.9596103051344339,0.9921486893079087,0.9720996684535615,0.95245232622926,0.9991823480984254,0.9784811574538671,0.9582050903145383
2016-07-07,0.999535743191783,0.9790279141470999,0.9589367615182851,0.992307696454461,0.9722467901681433,0.9525879774416506,0.9990674263513748,0.9782606718331737,0.9578834444400168
2016-07-08,0.998480779275481,0.9777871138053975,0.9575182006446434,0.9919470232476642,0.9717860478857208,0.9520313405514977,0.9980205527188417,0.9771213103435648,0.9566558615757677
2016-07-11,0.9987623883543594,0.978011789200563,0.9576881405193067,0.9917447806461344,0.9715498599680656,0.9517626493197173,0.998211933369377,0.9772582021151723,0.956740432602707
2016-07-12,0.9984759021308236,0.9777077863127965,0.9573674554907435,0.9919947757355637,0.9717798715633744,0.9519733809909898,0.9982147720688124,0.9772382947940504,0.9566987153326342
2016-07-13,0.9977090263025041,0.9769392803467757,0.9565977292260157,0.9917667868904892,0.9715434106540722,0.9517288888868101,0.9979859362197406,0.9769967337932882,0.9564450797995736
2016-07-14,0.9975075172364642,0.9767191133136564,0.9563597514984536,0.9913807790131187,0.971150031928868,0.9513285959270051,0.9977647273711752,0.9767577786322417,0.9561892105133831
2016-07-15,0.9981799489047358,0.977359388698567,0.9569689197255032,0.9921750479998934,0.9718178297853655,0.9518747515690835,0.9988704260810921,0.977821682427076,0.9572125886202032
2016-07-18,1.0000891913919894,0.9791767997413521,0.9586974716367229,0.9942074559632782,0.9737578145245945,0.9537252432290357,0.9997307813138772,0.9785153889672532,0.9577462565913952
2016-07-19,1.0013785580475776,0.980421268186442,0.9598983540046597,0.994910981456586,0.9744290460121079,0.9543652161587253,1.0001998287028708,0.978961478734796,0.9581701483471167
2016-07-20,0.9982953450671828,0.9772822665493076,0.9567071926295695,0.9953095080450696,0.9747042712594579,0.9545220473169443,0.9995330425427269,0.9782942126549697,0.9575027175294536
2016-07-21,0.9980344994360041,0.9769159920710943,0.956240110419853,0.9953706720914604,0.9746526665183203,0.9543624046115037,0.9992718735122849,0.9779275589106585,0.9570352469297146
2016-07-22,0.9979544065116397,0.9768191564983736,0.956127262663957,0.9955409272178494,0.97470282283797,0.9542973196429454,0.9990569504123239,0.9776009045893574,0.9566016660001541
2016-07-25,0.9972865724593957,0.9761163042586665,0.9553911783304136,0.9951872751022859,0.9743199849079361,0.9538866813439068,0.9986454719292153,0.9771613419874948,0.9561354245207289
2016-07-26,0.9978408590409814,0.9765438922943404,0.9556971732598041,0.9955645343915411,0.9746764794038184,0.9542231096867773,0.9992183544152666,0.9777086226338817,0.9566579349694969
2016-07-27,0.9980192947650436,0.9767055407862053,0.9558426717049109,0.9959035531775337,0.9749947622546764,0.9545213843718267,0.9993970364655664,0.9778704639249689,0.9568035796840904
2016-07-28,0.9987471410919962,0.9773071050676221,0.9563229919201139,0.9960124638764922,0.974893616942662,0.9542189563376069,1.0001258875669172,0.9784727456960708,0.9572843827648747
2016-07-29,0.9957448182704688,0.9739599598468041,0.9526472290538976,0.9929441521097834,0.9713824414669131,0.9502850919079168,0.9971194201107406,0.9751216083130771,0.9536049246567821
2016-08-01,0.9957448182704688,0.9739599598468041,0.9526472290538976,0.9929441521097834,0.9713824414669131,0.9502850919079168,0.9971194201107406,0.9751216083130771,0.9536049246567821
2016-08-02,0.9957448182704688,0.973765206805443,0.9522663225248877,0.9929441521097834,0.9709940438493734,0.9495254715306922,0.9971194201107406,0.9748291595652075,0.9530331047939058
2016-08-03,0.9959759414084063,0.9738855891676848,0.9522807816192167,0.9924730227879591,0.9703203942384852,0.9486585307342936,0.9997864885595983,0.9773239899367429,0.9553620989564815
2016-08-04,0.9955406486434597,0.9734466894117372,0.9518386458699412,0.9925582385551373,0.9702810480046896,0.9485000932793428,0.9988007540169502,0.9763423500648325,0.9543848609041512
2016-08-05,0.9947358844411168,0.9726453412778576,0.9510409622457038,0.9924199012416234,0.9701093892287588,0.9482966792815402,0.9987948566193235,0.9762200288709901,0.9541513555558742
2016-08-08,0.9943178809781212,0.9721018765797422,0.9503778968851994,0.9927927354046204,0.970385819072426,0.9484809017592147,0.9983751475131987,0.9756745668194396,0.9534861216304567
2016-08-09,0.9939510339695832,0.9715317224673099,0.9496137486088378,0.9932512380952219,0.9707074511148913,0.948671631806367,0.998006803602996,0.9750048265304686,0.9525290064882785
2016-08-10,0.9941721756662432,0.9717307455309874,0.9497915274694724,0.9927821866637807,0.9702216088122936,0.948169993699704,0.9984649286366727,0.9754309886840623,0.9529244257341352
2016-08-11,0.9942379507541047,0.971778458450407,0.9498219567585217,0.9920632781903986,0.9694928130026913,0.9474321238125213,0.9980013159791651,0.9749568524408598,0.9524404960674319
2016-08-12,0.9940694485294277,0.9715964701359411,0.9496271785263415,0.9917913276458385,0.969201586897428,0.9471226312482317,0.9979201972231597,0.9748561468325351,0.952321156096006
2016-08-15,0.9948458131155179,0.9723020706667476,0.9502648460103761,0.9920268073358783,0.9693541073195169,0.9471958641923919,0.9985033982291359,0.9753602933188854,0.9527496401766415
2016-08-16,0.9951892328830256,0.9725211518968412,0.950365115364247,0.9924106134433343,0.9696034229102751,0.947316758575117,0.9982653733465775,0.9750062761310436,0.9522852322500241
2016-08-17,0.9950069224837894,0.9723266334468349,0.9501590309215522,0.992446504049729,0.969613157912034,0.9473015014556423,0.9986841179083799,0.9753944421647562,0.9526440036942329
2016-08-18,0.9954520935656626,0.9727454074755181,0.9505523686838541,0.9916934012320869,0.9688519652000288,0.9465329728099715,0.9985364280060571,0.9752291306617945,0.9524619611849771
2016-08-19,0.9957601432973745,0.9730308844256025,0.9508161502743756,0.991529446528626,0.9686675638282652,0.946329178064551,0.999166055501415,0.975824031512984,0.9530234268366408
2016-08-22,0.9953889593655848,0.9726311547532124,0.9503893588833076,0.9916119958762297,0.9686870630895635,0.9462884671211466,0.999002947860255,0.9756154129384018,0.9527714945059335
2016-08-23,0.9951926592720102,0.9724255597253305,0.9501750056044573,0.9926838975534372,0.9697107387946656,0.947265588327989,0.9997993508073071,0.9763740771122669,0.9534937586387477
2016-08-24,0.99522625234467,0.972446078765768,0.9501830287810901,0.9918188139791302,0.9688442668754773,0.9463982631609917,0.9992087650095003,0.9757802555511078,0.9528971795912333
2016-08-25,0.9949427239023203,0.972156487787287,0.9498877977793536,0.9922756279205781,0.9692689214565263,0.9467919847596197,0.9987509384573472,0.9753160230143765,0.9524270850426586
2016-08-26,0.9951725917344209,0.972362422758113,0.9500707856543291,0.991927938297418,0.9689016016531383,0.9464061496816444,0.9992592446008524,0.9757893138613475,0.9528667356659818
2016-08-29,0.9949163312906811,0.971976754783015,0.9495617264389827,0.9915530329204356,0.9683749056494927,0.9457347893980831,0.9984459083472146,0.974846638330156,0.9518011915546024
2016-08-30,0.9950045203281987,0.9720528882562561,0.9496263170084852,0.9911906107662479,0.9678094511098156,0.9449760781388287,0.9983072103385099,0.9746969839415722,0.9516411824256193
2016-08-31,0.995114277028276,0.9719569007345897,0.9493340199553232,0.9913834245567381,0.9677956210873518,0.9447652468779912,0.9985922830459099,0.9746701407210533,0.9513170189624754
2016-09-01,0.995114277028276,0.9719569007345897,0.9493340199553232,0.9913834245567381,0.9677956210873518,0.9447652468779912,0.9985922830459099,0.9746701407210533,0.9513170189624754
2016-09-02,0.995114277028276,0.9719569007345897,0.9493340199553232,0.9913834245567381,0.9676021006672184,0.9443874918812387,0.9985922830459099,0.9746701407210533,0.9513170189624754
2016-09-06,0.995114277028276,0.9719569007345897,0.9493340199553232,0.9907342058554438,0.9669355310013664,0.9437047735420311,0.9985922830459099,0.9746701407210533,0.9513170189624754
2016-09-07,0.995114277028276,0.9718597147631134,0.9491441911170998,0.9906873215346639,0.9668813697898448,0.943643710695506,0.9985922830459099,0.974572683452708,0.9511267936037547
2016-09-08,0.9951537846970903,0.9717968320173976,0.9489836825933915,0.9914256045771856,0.9675927944450481,0.9443291422860911,0.998631928797267,0.974509625168365,0.9509659498047518
2016-09-09,0.9944487017440842,0.9710954018946917,0.9482861305136676,0.991164378365255,0.9673237829821699,0.9440528774129827,0.9979243815215091,0.9738062369873798,0.9502669406561223
2016-09-12,0.993571770932419,0.9702125182938942,0.9473980562504086,0.9927132036010035,0.9687121615135661,0.9452876267449029,0.9970443857647312,0.9729208887967562,0.9493770113551786
2016-09-13,0.9928883947253218,0.9695342794079467,0.9467250982414855,0.9930422965068045,0.969015987444068,0.9455672241167868,0.9963586211017396,0.9722407565913987,0.948702647650225
2016-09-14,0.9924667091218589,0.9690180869369189,0.9461190808769803,0.9929683185274849,0.9689307182434773,0.9454712512029232,0.9959354616725058,0.9717231231572461,0.9480953644174301
2016-09-15,0.9924566245838861,0.969003766783818,0.9461007300959874,0.9936751813573127,0.9696076941567474,0.9461193678847512,0.9959253418882457,0.9717087630291094,0.948076975304744
2016-09-16,0.992563315300935,0.9691033940489852,0.9461935668459909,0.9924469604475037,0.968394537365595,0.9449212679186886,0.9960324054981016,0.9718086684060727,0.9481700059750952
2016-09-19,0.9925217515206005,0.9690497841497194,0.9461285012417258,0.9925423486545785,0.9684497996266164,0.9449382709295681,0.9959906964489458,0.9717549088535434,0.9481048044597324
2016-09-20,0.9922116048650687,0.9687426868879173,0.9458244840130041,0.9923423320427156,0.9682415932441855,0.9447223961731487,0.9956794658054146,0.9714469543226898,0.9478001521901822
2016-09-21,0.9921834108546785,0.9687090572535689,0.9457856906560876,0.9928293886683479,0.9687005039550126,0.945154229536469,0.9956511732546457,0.9714132308104455,0.9477612778004716
2016-09-22,0.9924791658581774,0.968896530283045,0.9458698395166477,0.9939624871846419,0.9696944954129412,0.9460151809240812,0.9959479619461397,0.9716012271751844,0.9478456024338403
2016-09-23,0.9929536884797856,0.9693512213934318,0.9463053716155878,0.9940030863644052,0.9697170738695482,0.9460205910768755,0.9964241430632308,0.972057187566237,0.9482820442860408
2016-09-26,0.9927572845614793,0.9691349483055818,0.9460702955812073,0.993661949003594,0.9693348719740245,0.9455995366179576,0.996227052697121,0.9718403107471008,0.9480464772173848
2016-09-27,0.9923194792294607,0.9686975308139893,0.9456334993427504,0.9934743166439736,0.9691322298527447,0.9453827406702433,0.9957877171995582,0.9714016721945455,0.9476087685850928
2016-09-28,0.9921739815534315,0.9685471072003529,0.9454784707577402,0.9934450110090444,0.9690866507173619,0.9453217066556425,0.9956417109972175,0.9712508286699405,0.9474534161714576
2016-09-29,0.9928149844902636,0.9691619185677146,0.9460679759991947,0.9928549231603554,0.9684897540699697,0.944718704740662,0.996284954291889,0.9718673562973389,0.9480441527901554
2016-09-30,0.9932723927665204,0.9694078394119432,0.9461122266396088,0.9929852906634257,0.9682160698250434,0.9440607241663125,0.9967439612475879,0.9721139636352459,0.9480884958627105
2016-10-03,0.9932723927665204,0.9694078394119432,0.9461122266396088,0.9929852906634257,0.9682160698250434,0.9440607241663125,0.9967439612475879,0.9721139636352459,0.9480884958627105
2016-10-04,0.9932723927665204,0.9694078394119432,0.9461122266396088,0.9929852906634257,0.9681192578992535,0.9438719497763572,0.9967439612475879,0.9721139636352459,0.9480884958627105
2016-10-05,0.9932723927665204,0.9692139966126206,0.9457339330663822,0.9925608892077342,0.9677010918284904,0.943459974667416,0.9967439612475879,0.9720167619590501,0.9478989160794946
2016-10-06,0.9936414115469299,0.9695652889046253,0.9460681395424283,0.992387379643978,0.9674309286147398,0.943098109764429,0.9970357100317931,0.9721997516909974,0.9479783630484708
2016-10-07,0.9934152143759694,0.9693358017684957,0.9458356591770971,0.9931502362272817,0.9680695928208853,0.9436183433134846,0.9973554799282339,0.972502327748506,0.9482644040061092
2016-10-10,0.9930569703885246,0.9688640492975866,0.9452561140617276,0.9931814468818754,0.9680875820501126,0.9436237565435318,0.9974029104983939,0.9724258417765875,0.9480701247025869
2016-10-11,0.9931220956922351,0.968912601213416,0.9452888700762799,0.992953485203988,0.9677637857993885,0.9432091553321965,0.9970431684884364,0.9720603359722817,0.9476993796258925
2016-10-12,0.9933791768725863,0.9690523956550798,0.9453168997715498,0.9922526175628654,0.9669744782078952,0.9423363496699443,0.9971383686486353,0.9720416043744172,0.9475723448540797
2016-10-13,0.9936642105834246,0.9692135886361805,0.9453601007159481,0.9926700885378092,0.9673667646305727,0.9427044650667783,0.9974871970393164,0.9722639018340866,0.947674236263109
2016-10-14,0.9931698880559867,0.9687088581168652,0.944845789372455,0.9920484863106102,0.9667472713255073,0.9420873823251931,0.9966583318239721,0.9714330230337621,0.9468419928133566
2016-10-17,0.9936009367760823,0.9689706840920087,0.9449464044037577,0.9925055188201235,0.967059433599824,0.9422618070743822,0.9969309354445512,0.9715397665188877,0.9467910045444666
2016-10-18,0.99234946528303,0.9677229603484411,0.9437030016816416,0.9930790618223257,0.9676001094945015,0.9427709149627899,0.9961266951328077,0.9707284218069536,0.9459734211998585
2016-10-19,0.9932276517990563,0.9685537200722445,0.9444881638610075,0.9940736312545044,0.9685516697532572,0.943681017898394,0.9974643868433914,0.9720057999138452,0.9471926963660015
2016-10-20,0.9939067156306297,0.9691898662455052,0.9450831230591151,0.994538739925412,0.9689873542636173,0.9440884842487897,0.9981738814929879,0.9726711024120378,0.9478156127908025
2016-10-21,0.994445815816607,0.9696884850818289,0.945542969981994,0.9949763774210123,0.9693003186469288,0.9442829582357174,0.9990440224937283,0.9733952891016846,0.9484008530556949
2016-10-24,0.9926098346743089,0.9678218816346702,0.9436483265366246,0.9938376191461673,0.9681532854142555,0.9431288255382377,0.9973797050053496,0.9717105527979275,0.946697789288307
2016-10-25,0.9905252583092368,0.9657603882397295,0.9416100562457683,0.9936904934847368,0.9679963172061127,0.9429626224683979,0.9964148377076587,0.9707474151818367,0.94573691771315
2016-10-26,0.992519615493312,0.9674849687096634,0.9430771578659093,0.9937502773364972,0.9680403814815493,0.9429917427687119,0.996823674324955,0.9709303808596188,0.9457054137231916
2016-10-27,0.9923925267520709,0.9672366289706241,0.9427139360788226,0.9938142075961591,0.9679925840897798,0.9428380210100982,0.9960600895630042,0.9700671213787874,0.9447483168505767
2016-10-28,0.9917137144712156,0.9663493710587792,0.9416290654315308,0.994059319865119,0.9681166131850034,0.9428470263928079,0.995699809760775,0.9695914077549662,0.9441633446492368
2016-10-31,0.9923773889983152,0.9664455634273625,0.9411863718657979,0.9941742302005492,0.967900235981561,0.9423165773103208,0.9963661518620622,0.9696879228424319,0.943719459628031
2016-11-01,0.9923773889983152,0.9664455634273625,0.9411863718657979,0.9941742302005492,0.967900235981561,0.9423165773103208,0.9963661518620622,0.9696879228424319,0.943719459628031
2016-11-02,0.9923773889983152,0.9661557167123488,0.9406219986665979,0.9941742302005492,0.9678034556359975,0.9421281516799849,0.9963661518620622,0.9694940240376243,0.9433421227789195
2016-11-03,0.9919290607939829,0.9653193025534356,0.9394184045545344,0.9936676694110396,0.9670155860545936,0.9410743725455589,0.9958585134518368,0.9687002736882852,0.9422781261227972
2016-11-04,0.9930558734346279,0.9663920317970698,0.9404391497128228,0.9939401984479126,0.9671744396888697,0.9411254731843306,0.9956974553330079,0.9685295321480994,0.9420983527046557
2016-11-07,0.9913895022793995,0.9644098951169191,0.9381592773194652,0.9933178169150185,0.9664301356840748,0.9402662141595426,0.995093219771014,0.9676099112728479,0.9408810130093621
2016-11-08,0.9914774190309377,0.9644573477427136,0.9381683436822167,0.993360531663676,0.9662601867799971,0.9398950025558096,0.9955268320224016,0.9679065664681598,0.941047823101273
2016-11-09,0.9951821657705897,0.9679099086079171,0.9413798119719786,0.9931826582417829,0.9660457164015247,0.9396460977818416,0.9950943825223917,0.9674419901065378,0.9405532722428369
2016-11-10,0.9969189030681337,0.9695599329324307,0.9429465781880507,0.993589561089326,0.9661238392313445,0.9394133514858425,0.9948795268773845,0.9670984682968324,0.9400884819542998
2016-11-11,0.9935443420229993,0.9661475592690402,0.939500951761301,0.9921737892164882,0.9646172573977104,0.9378220182449153,0.9942864458848053,0.9664842889607816,0.9394548335433621
2016-11-14,0.9913122304042389,0.9638026085992609,0.9370511638845699,0.9908374432852232,0.9630486118889119,0.9360350678414981,0.9919145088880836,0.963977044453998,0.9368218728277986
2016-11-15,0.9915725747513346,0.9638354846001116,0.9368688683275012,0.9898734836809421,0.9620885670408736,0.9350794625496188,0.9938820497789448,0.965659280737212,0.9382330844920064
2016-11-16,0.9920924578085699,0.9643269305673873,0.9373330586578804,0.9906380378508366,0.9628122042801766,0.935763878280674,0.9950176861524227,0.9667397594512422,0.9392606170652188
2016-11-17,0.9920661498965788,0.964288017562642,0.9372822644189405,0.9900052337739029,0.9621791423501327,0.9351310750168771,0.9952093045720953,0.9669034268166197,0.9393977666134173
2016-11-18,0.9919415387929319,0.9641532623429733,0.9371380369885035,0.9899033294299194,0.9620622342063423,0.9350000979874733,0.9954108220676973,0.9669789539113215,0.9393543774462647
2016-11-21,0.9923617981417898,0.964426816049328,0.9372727478568458,0.9896839428173303,0.9617014683854136,0.9345060238657884,0.9963374090883822,0.9677312191064628,0.939941462678015
2016-11-22,0.9946553660497465,0.9666320999931054,0.93939289301707,0.986083289418642,0.9581737572573916,0.9310500128360804,0.9997993547056918,0.9710645710895437,0.9431507460415615
2016-11-23,0.9941466387515463,0.9660229772390099,0.938689439760998,0.9877417098139051,0.9596646435689827,0.9323816078450621,1.0003431999695758,0.9713749903572653,0.9432407495012586
2016-11-25,0.9945694044649216,0.9663119902375489,0.9388518809355996,0.9875615097178441,0.9594542896424167,0.9321429335701019,1.000768600800872,0.9716656045613614,0.9434039782846995
2016-11-28,0.9947603262886362,0.9664719591014743,0.9389824908802072,0.9878559421574923,0.9596872580916553,0.932317656147907,1.0009607126489979,0.9718264596935002,0.9435352215019188
2016-11-29,0.994866136927433,0.9665664351967812,0.9390661877825365,0.9878450842431659,0.9596598321829107,0.9322746062929124,1.001067182810319,0.9719214592104164,0.9436193242152764
2016-11-30,0.9946742483191348,0.9661796202613714,0.9384956948078194,0.987587552039801,0.9590169223377362,0.9312685241769869,1.0008740981515973,0.9715325012218315,0.9430460651604026
2016-12-01,0.9946742483191348,0.9661796202613714,0.9384956948078194,0.987587552039801,0.9590169223377362,0.9312685241769869,1.0008740981515973,0.9715325012218315,0.9430460651604026
2016-12-02,0.9946742483191348,0.9659864229767761,0.9381204466291677,0.987587552039801,0.9589210302347126,0.9310823077154439,1.0008740981515973,0.9713382335751165,0.942668997561378
2016-12-05,0.9949345081998867,0.9662151049940934,0.9383191546176052,0.9874733981053845,0.9587979962389063,0.9309510035969358,1.0011359802440238,0.9715681825490027,0.9428686690011605
2016-12-06,0.9947404820270338,0.9660185031398504,0.9381202870345566,0.9882711966612512,0.9595679124948494,0.93169398071616,1.0009407446972103,0.9713704914704578,0.9426688371929599
2016-12-07,0.9946680030551555,0.9659376011000937,0.9380315052040348,0.9882676703148568,0.9593675957973694,0.9313083477831006,1.0008678139606035,0.9712891412128138,0.9425796248967345
2016-12-08,0.994511485343867,0.9657774128798038,0.9378679916588601,0.9887921839819171,0.9596724658797617,0.931405971432391,1.0007103206673016,0.9711280655090204,0.9424153185432472
2016-12-09,0.9942710733809261,0.9655332168665489,0.9376204282459956,0.9892546048302728,0.9601067940455439,0.9318134557981774,1.0004684102056607,0.9708825165877114,0.9421665547996614
2016-12-12,0.994234274319074,0.9654711272096953,0.9375345309747302,0.9897604225332791,0.9605597374036812,0.9322161848813424,1.0004313817735822,0.9708200829383589,0.9420802410487054
2016-12-13,0.9946069410776985,0.9658236600208928,0.9378677790911445,0.9899193367084562,0.960603476091639,0.9321513846092432,1.000806371381064,0.9711745688710397,0.9424151049448802
2016-12-14,0.9946152868482063,0.9658199141976701,0.9378526392214365,0.9887190027206598,0.9594281043927173,0.9310005569096883,1.0008147691711389,0.9711708022950031,0.9423998916683205
2016-12-15,0.9948786561275312,0.9659699463577139,0.937895655229117,0.9883117969350808,0.959024253086075,0.930600218910478,1.0010797800431612,0.9713216656713924,0.9424431162425051
2016-12-16,0.9951983838602838,0.9662751887660224,0.9381869814220224,0.9888404336848355,0.9593359998494234,0.9307074655458218,1.001401500653415,0.9714342929111071,0.9423588360152267
2016-12-19,0.995130427991878,0.966100190319165,0.9379112213430054,0.9882074387808105,0.9585048307556691,0.9296905166542055,1.0007038353773139,0.9706222431787854,0.9414398249664538
2016-12-20,0.9951793515928266,0.9661388820006536,0.9379402328530309,0.9890859010257305,0.9593395146479752,0.9304832497017798,1.001162891136618,0.9710500640460205,0.941837861688373
2016-12-21,0.9948566286673575,0.9658160884253121,0.9376176531759304,0.9886415544861693,0.9588891846821116,0.9300277115625701,1.0008680639342524,0.9707444828909616,0.9415224533370289
2016-12-22,0.9943892859867234,0.965353102454375,0.9371591669199062,0.9886366482053753,0.9588667338350628,0.9299887698926125,0.9999408395837723,0.969826813534778,0.9406145979688778
2016-12-23,0.9943938093596763,0.965252481836742,0.9369595196691174,0.9883439719887241,0.9585660458776888,0.9296808195603813,0.9997239798290678,0.9695027102024746,0.9401898697329988
2016-12-27,0.994486762711114,0.9652940029256938,0.9369525242963884,0.9882189813657772,0.9583810660488797,0.9294395886646563,0.9995560100446684,0.9692585952310926,0.9398743527205515
2016-12-28,0.9947316195540565,0.9655172488644949,0.9371552242688456,0.9876667738759929,0.9578273760606262,0.9288850258706695,0.9995847265014108,0.9692618825095152,0.9398537499024775
2016-12-29,0.9948897232213004,0.9656556443377029,0.9372749232996163,0.9877323587216558,0.9578702893715035,0.928906561520155,0.9997217674030834,0.9693687282094176,0.9399320805575335
2016-12-30,0.9949986023683235,0.9654596126543378,0.9367918088414384,0.9879864842114542,0.9577156672283008,0.9283676773612685,0.9999984265876084,0.9691312799205872,0.9392114918648387
2017-01-03,0.9949986023683235,0.9654596126543378,0.9367918088414384,0.9879864842114542,0.9577156672283008,0.9283676773612685,0.9999984265876084,0.9691312799205872,0.9392114918648387
2017-01-04,0.9949986023683235,0.9653630763467032,0.9366044879438497,0.9879864842114542,0.9576199052377771,0.9281820409530779,0.9999984265876084,0.9690343764829389,0.9390236871274131
2017-01-05,0.9948403120184842,0.9652049549266709,0.9364466658977483,0.9878293093914594,0.9573673058034404,0.9278400329993467,0.9998393408357223,0.9688756537231568,0.938865457435427
2017-01-06,0.9947516721683918,0.9650178884519278,0.9361671564499832,0.9880124102301956,0.9575357293917122,0.9279945131610003,0.9997502555742814,0.9686878758298905,0.9385852260297421
2017-01-09,0.9945885193737474,0.9647370718789622,0.9357759296340934,0.9882352860935132,0.9576300372292034,0.9279680434944962,0.999586282944019,0.9684059913044126,0.9381929886959595
2017-01-10,0.9945830483669484,0.9647144043158595,0.9357371130456663,0.9875398524761868,0.95693985279444,0.9272834629547855,0.9995807844456515,0.9683832375359955,0.9381540718463652
2017-01-11,0.9953773946060791,0.9654713855631565,0.93645825278795,0.9875048052346137,0.9568919735804295,0.9272235782407543,1.0003791222397003,0.9691430976020751,0.938877074253945
2017-01-12,0.9956880875120503,0.9657590832544377,0.9367240470235195,0.9881039185536268,0.9574590194459158,0.9277599612172311,1.0006913763638605,0.9694318894149351,0.9391435550217764
2017-01-13,0.9962270866393905,0.9662690183860627,0.9372061754983423,0.9884646967727284,0.957795920972887,0.9280741234168308,1.0012330839381118,0.9699437638427317,0.9396269288086041
2017-01-17,0.9960833194142741,0.96607886537051,0.936972528366213,0.9889121778880956,0.9581796237240305,0.9283975440769069,1.0010885942890118,0.9697528876704632,0.9393926781784577
2017-01-18,0.9966086377698148,0.9665756244582568,0.9374419692312094,0.9890597309447892,0.958310174323368,0.9285120083270696,1.0016165523461869,0.9702515359455544,0.9398633315840429
2017-01-19,0.9964087174544726,0.966366616394973,0.9372246128051984,0.9886008356956228,0.9578498417932506,0.9280507828497516,1.001415627440052,0.9700417330193325,0.9396454137380356
2017-01-20,0.9961153707107219,0.9659712845504732,0.936733672269063,0.9885352817035298,0.9577728221814606,0.9279630669133119,1.0011208066418147,0.9696448977178534,0.9391532051288134
2017-01-23,0.9954952565686271,0.9653445759685373,0.9361013302753074,0.9881247467669235,0.9573375430095987,0.9275049761130398,1.000497576453427,0.9690158057473681,0.938519229829586
2017-01-24,0.9961880757499766,0.9660078054801077,0.9367361230651149,0.9886560803293518,0.9578394441727124,0.9279787632777293,1.001193877020694,0.9696815575375048,0.9391556622551402
2017-01-25,0.9958232959267395,0.9654513249829471,0.9360000538114607,0.9882929272385226,0.9573782278468447,0.927426037311706,1.0008272641948874,0.969122960730973,0.9384176917740625
2017-01-26,0.9957156902183484,0.9653301433229323,0.93586622194643,0.9881716443992554,0.9572441901157964,0.9272801588385627,1.0007191177725439,0.9690013182140477,0.9382835142284988
2017-01-27,0.9964496082103053,0.9660236026395942,0.9365210114918793,0.9878222878436866,0.9568876312757398,0.9269171995523461,1.0014567236701344,0.9696974147739874,0.9389399950602426
2017-01-30,0.9969564674613995,0.9663699372446992,0.9367161788785296,0.9878573955919066,0.9568728194386259,0.9268555700220977,1.0019661298666749,0.970045066498334,0.9391356665537903
2017-01-31,0.9973908640187394,0.9664866463587538,0.9365342860034538,0.9885819800994502,0.9571721878674088,0.9267556841935736,1.0024027092476118,0.970162219460094,0.938953303859169
2017-02-01,0.9973908640187394,0.9664866463587538,0.9365342860034538,0.9885819800994502,0.9571721878674088,0.9267556841935736,1.0024027092476118,0.970162219460094,0.938953303859169
2017-02-02,0.9973908640187394,0.9661002062762433,0.9357856574774718,0.9885819800994502,0.9568851223307095,0.9261999642150446,1.0024027092476118,0.9698712580826692,0.9383902696973505
2017-02-03,0.9987761661413003,0.9673272361112792,0.9368629759633315,0.9889121743945627,0.9570952188279538,0.9262973667435647,1.0027529629610985,0.9700998787783239,0.9385047826600662
2017-02-06,0.9963312287682078,0.9648230689417296,0.9343058273792552,0.9867218879544734,0.954828373013225,0.9239611951851794,1.003441226662925,0.9706432094630142,0.9389119583158043
2017-02-07,0.9969096754301073,0.9652687575815112,0.9346265521644607,0.9872797271001766,0.9552507288774882,0.9242561963999701,1.0035044007716645,0.970690226906688,0.9389438048762926
2017-02-08,0.9973033400304713,0.965635328301398,0.9349673417994221,0.9880665674168079,0.9559933991277653,0.9249567200430832,1.0039006695296369,0.9710588564852064,0.939286168696122
2017-02-09,0.9965549455550673,0.9648965006334025,0.9342382350546684,0.9873339383638841,0.9552659033272313,0.9242347998080583,1.0031473242987792,0.9703158791630269,0.9385536940414114
2017-02-10,0.9964075349775343,0.9644503197453331,0.9335124195316076,0.9868917640972925,0.9546284838446065,0.9234152074126416,1.0029989385754579,0.9698671922827359,0.9378245258112955
2017-02-13,0.9966839114931879,0.9646442808286263,0.9336289239735963,0.9873633059530926,0.9550109041828969,0.9237137850221774,1.003277143368293,0.970062242755958,0.9379415684138115
2017-02-14,0.9962970971970878,0.9642428627777359,0.9332142642465737,0.9876120233717103,0.9552242750212325,0.9238938787054795,1.0028877702305006,0.9696585701250531,0.9375249932791571
2017-02-15,0.9955252204400225,0.9633733428943169,0.9322542601414647,0.9869526138836375,0.9545599589910694,0.9232256956853432,1.002110787378735,0.9687841665495655,0.9365605546966448
2017-02-16,0.9965080259676857,0.9642041915531459,0.9329418448599834,0.9887030762319701,0.9562255285024249,0.9248100245169234,1.0031000943304278,0.9696196817020339,0.9372513155254331
2017-02-17,0.9945837972519372,0.9622184497470153,0.9309005407287674,0.9861541007961075,0.9536375669040893,0.922188354581302,1.0011631365177638,0.9676227869002169,0.9352005821459513
2017-02-21,0.9936740444585053,0.961253413245566,0.9298847389515054,0.9864710489082953,0.9538283020296165,0.9222607205113011,1.0002473655564383,0.9666523302339181,0.934180088149142
2017-02-22,0.9934041114437961,0.9608753140774242,0.9294057316664146,0.9864325892543782,0.9536655049095767,0.9219817367333029,0.9999756468893913,0.9662721074571691,0.9336988682204068
2017-02-23,0.9937628034985241,0.9612032940694646,0.9297046097218108,0.9879214347803165,0.955077336241005,0.9233199987452666,1.0003367117524502,0.9666019295615249,0.9339991268615484
2017-02-24,0.9937306325670661,0.961152760021894,0.9296369395437113,0.9879932642660426,0.955118541701432,0.9233325096263529,1.0003043280048642,0.9665511116875208,0.9339311440994984
2017-02-27,0.9938039293019173,0.9611742921823013,0.9296100607283486,0.9870471962517232,0.9541307143944672,0.9223068118693867,1.0003781096099567,0.9665727647841402,0.9339041411247715
2017-02-28,0.9940269582481037,0.9609879251623101,0.9290409443977188,0.9876859342899429,0.9541488438052894,0.9217450180839135,1.000602613930171,0.9663853510265703,0.9333323959163121
2017-03-01,0.9940269582481037,0.9609879251623101,0.9290409443977188,0.9876859342899429,0.9541488438052894,0.9217450180839135,1.000602613930171,0.9663853510265703,0.9333323959163121
2017-03-02,0.9940269582481037,0.9608918359787123,0.9288551733630461,0.9876859342899429,0.9540534384614433,0.921560705942725,1.000602613930171,0.9662887221543549,0.9331457667629596
2017-03-03,0.9940336558954869,0.9608939668033132,0.9288530352392358,0.9876925892121844,0.9540555541215636,0.921558584609987,1.000609355883619,0.9662908649468145,0.9331436187626688
2017-03-06,0.9942941422977609,0.9610375667571964,0.9288872735756571,0.987951413938682,0.9542935519280885,0.9217768725773826,1.0008715654472993,0.9664352714353948,0.9331780152537568
2017-03-07,0.9944298190934594,0.9611605591255334,0.9289982791034666,0.9879609428668497,0.9542987214643873,0.9217779694692894,1.0010081397678436,0.9665589545951273,0.9332895335413576
2017-03-08,0.9943296516022855,0.9610531230432743,0.9288841777446364,0.9878912663130508,0.9542262185644763,0.9217029151647348,1.0009073096518515,0.9664509150939552,0.9331749051223882
2017-03-09,0.9941561869110906,0.9607808623460842,0.9285199707927364,0.9876988187449347,0.9540362217970249,0.92151542676513,1.0007326974625201,0.9662737332857433,0.9329955403139684
2017-03-10,0.9947955723516089,0.9613849774359595,0.9290904540309959,0.9877730613404083,0.9540081647946073,0.9213919577789764,1.000767102058512,0.9662975115244459,0.9330093794789883
2017-03-13,0.9946494089563118,0.961206801097371,0.9288825670246477,0.9877936713723287,0.9540038869583252,0.9213644602862305,1.0009087503892427,0.9664094206767115,0.9330934199075416
2017-03-14,0.9948223239731478,0.9612649472975378,0.9288335300198453,0.9879979295610463,0.9540021190416433,0.9211706004780233,1.0008550588973686,0.9662526721365009,0.9328408245179504
2017-03-15,0.9957297702036149,0.962119217888434,0.929637157230259,0.9883364394883005,0.9543078771186974,0.9214454418787136,1.001152861788845,0.9665233994544535,0.9330859812224401
2017-03-16,0.9958728198049386,0.9621431235564014,0.9295498219634865,0.9881199823872269,0.9540792144196492,0.9212056796740345,1.0013283031774962,0.966678173399609,0.933221309556436
2017-03-17,0.995638244403967,0.9619031069610328,0.9293049956651476,0.9885259145835188,0.9544529113320913,0.9215488679352603,1.0010924427507923,0.9664370254889542,0.9329755162559036
2017-03-20,0.9954138751119709,0.9616491704395694,0.9290237621526275,0.9882130178156607,0.9540056664000239,0.9209769955753305,1.0008668443430724,0.9661818920408033,0.932693171941867
2017-03-21,0.995510515231665,0.9616313715626543,0.9288991345222802,0.9877193729364836,0.9535043900769424,0.9204692010743059,1.0009640138662763,0.9662606546636449,0.9327546776495445
2017-03-22,0.9955537992769987,0.9616538042343591,0.9289020699086913,0.9882999031147176,0.9540416415740405,0.920965454827017,1.0010344562502005,0.9663135733668776,0.9327911941231161
2017-03-23,0.9952262348577835,0.9613198282836627,0.928562501102906,0.9885709503722817,0.9541863090220918,0.9209921782390826,1.0008047587360058,0.9660782596044095,0.932550931540433
2017-03-24,0.9960664570567367,0.9621140704355882,0.9293129059775814,0.9886178607348737,0.9542058093621268,0.9209860986792012,1.001396787007624,0.9665397642916653,0.9328902132222602
2017-03-27,0.9956048675607015,0.9616196528502587,0.9287884474241331,0.9890146684633767,0.9545163335643839,0.9212158919339057,1.0008794480997714,0.9659916494520534,0.9323140954036989
2017-03-28,0.9963426626575133,0.9623146165822918,0.9294426365247477,0.9898922502260762,0.9553369267758857,0.9219823897863075,1.0016288668014801,0.9666972269705145,0.9329779699541811
2017-03-29,0.9962982971737874,0.9622544352276798,0.9293677785493529,0.990307664581479,0.9557121945209928,0.9223198204313617,1.0017516143328264,0.9667980899131876,0.9330583317479114
2017-03-30,0.9963548520565755,0.9621963094732305,0.9292028098569011,0.9897040676752012,0.9550085246434844,0.9215238575840272,1.001721133334752,0.9666555015038886,0.9328115634722864
2017-03-31,0.9968820200389591,0.9624040306760466,0.9291123687699321,0.9906682280571215,0.9554416032019197,0.9214619054932579,1.002294626412375,0.9669061909075432,0.9327613465010693
2017-04-03,0.9968820200389591,0.9624040306760466,0.9291123687699321,0.9906682280571215,0.9554416032019197,0.9214619054932579,1.002294626412375,0.9669061909075432,0.9327613465010693
2017-04-04,0.9968820200389591,0.962307799896057,0.9289265834532414,0.9906682280571215,0.9553460685950602,0.9212776499632652,1.002294626412375,0.9668095099565475,0.9325748315347624
2017-04-05,0.9965040875833289,0.9619377140193697,0.928564257881278,0.9907092509504541,0.9553810012949742,0.9213068735363893,1.001914641959039,0.9664376928049868,0.9322110829724397
2017-04-06,0.9966662652004225,0.9620890692852572,0.9287053445306035,0.9907883516051512,0.9554529338436065,0.9213720490545532,1.002077700125271,0.966589756116183,0.9323527237227102
2017-04-07,0.9968442122565753,0.9622561546955742,0.928862107635529,0.9908346845451407,0.9554933213593839,0.921406856902714,1.0022566133512922,0.9667576231579831,0.9325101024959856
2017-04-10,0.9972139978547174,0.9626008892503486,0.9291830822629225,0.9909534543125471,0.955595583058932,0.9214936341600573,1.0026284067134879,0.9671039703932465,0.9328323377128481
2017-04-11,0.9968997052854411,0.9622925940956919,0.9288807478757368,0.9910191536788207,0.9556549477682841,0.9215470322909167,1.0023124076815315,0.9667942330229083,0.932528815943508
2017-04-12,0.9966945738000306,0.9620904310583706,0.928681595705699,0.9909369364300576,0.9555711220027656,0.9214618171507164,1.002106162427427,0.9665911242597193,0.9323288816271358
2017-04-13,0.996461166065763,0.9618606214032324,0.9284554179950288,0.9906554019759922,0.9552952941420647,0.9211916496518837,1.001871487397567,0.9663602395468537,0.9321018156305518
2017-04-17,0.9967382727242643,0.9620158254948423,0.9284968725563323,0.990740558940775,0.9553610783690941,0.9212393321714766,1.0021500986165235,0.9665161696887157,0.9321434329996879
2017-04-18,0.9967605145032965,0.9620288711458977,0.9285013325200493,0.9908708464970588,0.9554826313437341,0.9213526067613925,1.0021724611580858,0.96652927636779,0.9321479104793792
2017-04-19,0.9971286532254376,0.9622792771662091,0.9286417828684459,0.9906039922577137,0.9552205143112982,0.9210952314479834,1.0025425987025085,0.9667808537963565,0.932288912429725
2017-04-20,0.9967101177251196,0.9617646395448985,0.9280383185337697,0.9904187265300466,0.9550374603526851,0.9209144695879852,1.0021217907488098,0.966263808681978,0.9316830780610327
2017-04-21,0.9969221709132408,0.9619511247035273,0.9282007527965753,0.9906278847772072,0.9552346549400693,0.9211002863521737,1.0023349952872558,0.9664511662248012,0.9318461502649826
2017-04-24,0.9972452103415265,0.9621179009760158,0.9282217474197983,0.9907248752951104,0.9552203814789156,0.9209825763248227,1.0026597886696036,0.9667154232351041,0.9320537500056771
2017-04-25,0.9968774705044274,0.9617424309853432,0.9278395426893565,0.9909769965442603,0.9554553732753216,0.9212013412564574,1.0020901353261609,0.9661495368456902,0.9314920896946255
2017-04-26,0.9975021530312824,0.9623235861199977,0.9283794673923538,0.9912876790589035,0.9557464227515926,0.92147376596039,1.0024279904340336,0.9664579708417842,0.9317727832932199
2017-04-27,0.9982097955160818,0.9629843741437165,0.9289958046155666,0.9915697632952192,0.9559138975094656,0.9215344664276814,1.0026733720665686,0.9666769313395134,0.9319668880185342
2017-04-28,0.9980889202346014,0.962368380347335,0.9279197940876711,0.9922270465746825,0.9562505551544283,0.9215727070606338,1.0021547351454205,0.9657757159412919,0.9307112400135675
2017-05-01,0.9980889202346014,0.962368380347335,0.9279197940876711,0.9922270465746825,0.9562505551544283,0.9215727070606338,1.0021547351454205,0.9657757159412919,0.9307112400135675
2017-05-02,0.9980889202346014,0.9622721531320217,0.9277342472382235,0.9922270465746825,0.9559637660246209,0.9210200950036316,1.0021547351454205,0.9656791480264892,0.9305251349865702
2017-05-03,0.9980510685701888,0.9622312851790721,0.9276906293675891,0.9920908546201836,0.9558198944270675,0.920869292829347,1.002116729288472,0.965638135377565,0.9304813859010096
2017-05-04,0.9976771407182728,0.9618664626139793,0.9273347426315639,0.9917937000715608,0.95552049911689,0.9205682171338864,1.0017412782041015,0.9652720211315143,0.9301244285567426
2017-05-05,0.9978881864664093,0.9618730796646575,0.9271513738486187,0.9919512361056633,0.955563940806706,0.9205056997666468,1.0019531836681734,0.965278661610344,0.9299405081484896
2017-05-08,0.9978280308602615,0.9618014904727222,0.9270692579270036,0.9923251023119118,0.9558997447560765,0.9208057336464427,1.0018927830121553,0.965206818951642,0.9298581451988918
2017-05-09,0.9978184165399842,0.9616920186572274,0.9268671532523344,0.9923197521073156,0.9558858072598908,0.9207838500155351,1.0018831295269839,0.9650969595431826,0.9296554325360383
2017-05-10,0.9981276959070127,0.9619792786303553,0.9271335768360137,0.9926073532043868,0.956154571615369,0.9210347715846527,1.0021936687744064,0.9653852365812424,0.929922657597423
2017-05-11,0.996482835995074,0.9603829954353867,0.9255845221351642,0.9930749253660033,0.9565965344996064,0.9214523745857739,1.0005421083613193,0.9637833016289434,0.9283689429006758
2017-05-12,0.9966481777242664,0.9603388575848382,0.9253459455229022,0.9926127974648026,0.9560465713186234,0.920821656454507,1.0007081236265607,0.9637390075051088,0.9281296485822969
2017-05-15,0.9962383789017033,0.959727278368893,0.9245478376294965,0.9925240839688008,0.955733276101271,0.9203004495921584,1.0004242148399565,0.9634406752076992,0.9278183383510007
2017-05-16,0.9962066379835081,0.9596856204284387,0.9244970368180925,0.9915071484958269,0.9547406436483081,0.9193317218166311,1.0002370242782477,0.9632487108342176,0.9276222147107495
2017-05-17,0.9974844154092087,0.9609057717084393,0.9256620617246837,0.9921112612077878,0.9553069071521932,0.9198621150612167,1.0015402757566474,0.9644943199032788,0.9288126528593317
2017-05-18,0.9974156538681209,0.9607345428206662,0.9253959951698688,0.9924144346135991,0.9555857231021524,0.9201179619044103,1.0014558868131638,0.9643076394983807,0.9285313452782857
2017-05-19,0.9980332872374228,0.9613249188671218,0.92596027947341,0.9937290183039605,0.9568384753180952,0.9213116539149421,1.0011174280668702,0.963881058704976,0.9280236684754748
2017-05-22,0.9976018590439502,0.9608961857721977,0.925534627284482,0.9932771022122946,0.9562693528380071,0.9206346542834153,1.0012572002386022,0.9639901107882536,0.9281040820030709
2017-05-23,0.9981482602818758,0.9614180075865775,0.9260329352458283,0.9926528353448403,0.9555534770543481,0.9198348233278483,1.001177841448182,0.9639049759814093,0.9280137083136444
2017-05-24,0.9980273645014379,0.9612965078626692,0.9259110396077208,0.9940410020757788,0.9567794932750046,0.9209088636154819,1.0013009156981425,0.9639183333434515,0.9279253278368245
2017-05-25,0.9972183430189084,0.9605122197563387,0.9251507644569317,0.992607367458702,0.9553815659335501,0.9195459862135147,1.00120199672434,0.9638094074786904,0.9278072782853755
2017-05-26,0.9972646035147981,0.960456371628423,0.9250003016756773,0.9936130717082607,0.9561410688586274,0.9200764590141951,1.0011652848310433,0.9636655503433258,0.9275643110636247
2017-05-30,0.9972345131643285,0.9603953395210215,0.9249106411413468,0.9935238849883815,0.9558658063381736,0.9196291435833877,1.0010237452217874,0.9634648285838194,0.9273089911757717
2017-05-31,0.997931011511975,0.9608659855832531,0.9251711691964131,0.9944029688659101,0.9562123087690269,0.9194821760097885,1.0001861869888702,0.9622554689260514,0.9257569198464112
2017-06-01,0.997931011511975,0.9608659855832531,0.9251711691964131,0.9944029688659101,0.9562123087690269,0.9194821760097885,1.0001861869888702,0.9622554689260514,0.9257569198464112
2017-06-02,0.997931011511975,0.9606738508130904,0.9248012486969343,0.9944029688659101,0.9560211045481173,0.9191145301977095,1.0001861869888702,0.9620630563147885,0.925386765140355
2017-06-05,0.9984982443853538,0.9610992583557499,0.9250946978044009,0.9946490391013586,0.9560420470770586,0.9189275243060498,1.000754701724072,0.9624890790282453,0.9256804000383121
2017-06-06,0.9989414110804541,0.9615126131793307,0.9254798572389206,0.9948257489487359,0.9561945659826414,0.9190574764313436,1.0011988699099081,0.9629030315934992,0.926065803327587
2017-06-07,0.9989260533147758,0.9613877002125124,0.9252535794969503,0.9948138207503769,0.9560703299237537,0.9188296092238234,1.0011834774379664,0.9628742446790893,0.9260246613670081
2017-06-08,0.9995916988451561,0.9619109302682576,0.9256441775474081,0.9955634253002456,0.9567666166906443,0.919475594555515,1.0011556859184276,0.9627355305638936,0.9257835987000121
2017-06-09,1.0009096301948905,0.9631543042717944,0.9268167247829601,0.9962128754212518,0.9573674043485114,0.9200305180148771,1.001826399092638,0.9633617198751692,0.9263676861525205
2017-06-12,1.0016264152870158,0.9637828247889654,0.9273626490410303,0.9971528674986293,0.9582090674621138,0.9207801099608852,1.002064852069263,0.9635422099295888,0.9264943306123682
2017-06-13,1.0017227518436433,0.9635643141435695,0.9268529483929239,0.9970121261346352,0.9579565991982115,0.9204247911847813,1.0021822489871253,0.9634450186596857,0.9261988785642751
2017-06-14,1.0013338860565073,0.963172299598861,0.9264585816380513,0.9977536874885761,0.9586510055298494,0.9210745841304286,1.0017932048245672,0.9630530526489092,0.9258047901096401
2017-06-15,1.0010483316962133,0.9627835884926718,0.9259749288324909,0.997697933483624,0.9585794258842762,0.9209884916385974,1.0015075194785164,0.962664389667665,0.9253214786124913
2017-06-16,1.0010149314125587,0.9627290414438037,0.9259008794144572,0.9985408067372823,0.9593720989730644,0.9217335904416456,1.001474103873921,0.9626098493720737,0.9252474814503093
2017-06-19,1.001515701072322,0.9631493915586625,0.9262462501632939,0.998196376694617,0.9588962820206903,0.9211373672018642,1.0019751032401851,0.9630301474448743,0.9255926084748456
2017-06-20,1.0001016217197594,0.9617679419793935,0.9248970068628818,0.998678421891819,0.9593387252062099,0.921542564934182,1.000560375239659,0.9616488688979832,0.9242443173204409
2017-06-21,0.9995760880958718,0.9611450185569356,0.9241850495796111,0.9979417295432018,0.9585139097565399,0.9206378305915172,1.0000346005498693,0.9610260225974672,0.9235328624575155
2017-06-22,0.9995769069355296,0.9611192608346626,0.9241347886274045,0.9981417143388225,0.9586797623782066,0.9207719551969487,1.0000354197651344,0.9610002680641665,0.9234826369739044
2017-06-23,0.999332656587452,0.9608587259676077,0.9238596055075301,0.9979621241871942,0.9583861826265851,0.9203737521415042,0.9997910573777355,0.9607397654530104,0.9232076480477006
2017-06-26,1.000601020857024,0.9620046848036461,0.9248906260613506,0.9983341542384381,0.958681101457528,0.9205970292514826,1.0010600034547563,0.9618855824119454,0.9242379410217705
2017-06-27,1.0019856636356732,0.9633051457316053,0.9261113661372655,0.9983734754417026,0.958693596514998,0.9205847817842094,1.0024452813786096,0.9630896311220597,0.925272986836966
2017-06-28,1.0024518877971724,0.9636303600739318,0.9263058324684299,0.9980860231164088,0.9583936184254671,0.9202737434749813,1.0034312504212324,0.9639079330629121,0.9259353122694385
2017-06-29,1.0041309910536365,0.9652193795375411,0.9278092408176555,0.9995487187017638,0.9597736588062954,0.9215754045296749,1.0059559542885752,0.9662072255987522,0.9280231408901068
2017-06-30,1.0039520220848326,0.9645452723530503,0.9266786467109318,0.9992015645974437,0.958942006903342,0.920298372064553,1.0057766600516627,0.9655324285046499,0.9268922861326472
2017-07-03,1.0039520220848326,0.9645452723530503,0.9266786467109318,0.9992015645974437,0.958942006903342,0.920298372064553,1.0057766600516627,0.9655324285046499,0.9268922861326472
2017-07-05,1.0039520220848326,0.9645452723530503,0.9266786467109318,0.9992015645974437,0.958942006903342,0.920298372064553,1.0057766600516627,0.9655324285046499,0.9268922861326472
2017-07-06,1.0039520220848326,0.9644488274703032,0.9264933480413236,0.9992015645974437,0.9588461222911129,0.920114349194714,1.0057766600516627,0.9655324285046499,0.9268922861326472
2017-07-07,1.003972114017758,0.9642711113825042,0.9261333998305157,0.9992215614602152,0.958765305540824,0.9199408306389891,1.0057766600516627,0.9653393606325235,0.9265216774616625
2017-07-10,1.0042012716807014,0.9644545416695222,0.9262743739524377,0.999299090949664,0.958719378373037,0.9197813869945319,1.0060613567399472,0.9654917157802783,0.9265519186622234
2017-07-11,1.004647207521033,0.9648699589615022,0.9266609896668107,0.9989342448449965,0.9583563944476768,0.9194207155733717,1.005660757661644,0.9650938109225772,0.926157147355574
2017-07-12,1.0048626850604212,0.965064333554548,0.9268355909292137,0.9992798549266905,0.9586758098844793,0.9197154898911212,1.0059474473248695,0.9653562855699904,0.9263968876397453
2017-07-13,1.0043330729922062,0.9643482119576156,0.9259485307542753,0.9987154772323062,0.9579281520131373,0.9188003447731706,1.0056114119417359,0.9648270562782504,0.9256905677697913
2017-07-14,1.0032106861031882,0.9632485966797537,0.9248716607196036,0.9975154453317797,0.9567553027385511,0.9176544713310459,1.0047510797804848,0.9639795549926528,0.9248562900144989
2017-07-17,1.0037640893527322,0.9637188768141475,0.9252645121018451,0.9977530136983217,0.9569224577890496,0.9177565235052648,1.0050359085991738,0.964191803063751,0.925001342677816
2017-07-18,1.0036290900940983,0.9635674139451225,0.9250981153374173,0.9972619612099138,0.9564297535726272,0.9172631284576828,1.0047692575719107,0.963913786491928,0.9247133351902254
2017-07-19,1.003591347811957,0.963412624821784,0.9248356173673288,0.9988020028663761,0.9577884742901729,0.9184527410653984,1.0062989901058506,0.9652622140114018,0.925892619115272
2017-07-20,1.0054752492675179,0.9651056015694987,0.9263499260205744,1.0015913722541265,0.9603478183139552,0.9207962090640913,1.009397129158474,0.9681176181314565,0.9285199379735144
2017-07-21,1.003758479118134,0.9633465582632187,0.9245547421093644,1.0004896510310912,0.9589904316825231,0.9192060917517357,1.0081510365661235,0.966812804513794,0.9271632572520139
2017-07-24,1.0035491589524639,0.9631208112517416,0.9243142225026129,1.000435956279045,0.9589133724428694,0.9191076993650045,1.0079408003923978,0.9665862452351994,0.9269220590493851
2017-07-25,1.0034829682537063,0.9629513285944391,0.9240498592524393,1.000570652469234,0.9588410005185698,0.9188452948687752,1.007874320035866,0.9664161527572458,0.9266569499314875
2017-07-26,1.0035422604283584,0.9630031921026706,0.9240947980934878,0.9993117495153132,0.9576251126539064,0.9176710302310274,1.0079338716795925,0.9664682028771274,0.9267020155618348
2017-07-27,1.0038368988506723,0.9632812437389021,0.9243571193516559,1.0002454218390813,0.9585107462530689,0.9185110006437622,1.008229799472032,0.9667472549793213,0.9269650769265028
2017-07-28,1.0036894308966349,0.9631355087968964,0.9242132183610315,1.000703238056967,0.9589411071773801,0.9189153991339212,1.0080816861820165,0.9666009956640337,0.9268207699372977
2017-07-31,1.0037270348908054,0.9630633439800527,0.9240400950283058,1.0011399082459997,0.9591440296171733,0.9189033232812451,1.0081194547353995,0.9665285711887902,0.9266471581588215
2017-08-01,1.0037270348908054,0.9630633439800527,0.9240400950283058,1.0011399082459997,0.9591440296171733,0.9189033232812451,1.0081194547353995,0.9665285711887902,0.9266471581588215
2017-08-02,1.0037270348908054,0.9628707698260874,0.9236706267775947,1.0011399082459997,0.9589522391693394,0.9185359089176781,1.0081194547353995,0.9663353041279646,0.9262766474998215
2017-08-03,1.0042292627646463,0.9632471397260696,0.9239305506225884,1.0009773948355931,0.9586913934505814,0.9181852891507817,1.006333834526466,0.9645166735073584,0.9244308230723917
2017-08-04,1.004285963910085,0.9632891397596121,0.9239589571669221,1.0007366784540053,0.9582561727982767,0.9175725492261543,1.0065070573296246,0.9644777335998772,0.9241970946378895
2017-08-07,1.003906463293979,0.9626961601317007,0.9231706766470131,1.0005347362857693,0.9580263987343711,0.9173176648389282,1.0064274153450137,0.9641717645093563,0.9236839745578445
2017-08-08,1.0043471195408853,0.9630963980874193,0.9235330565512222,1.0005413292555159,0.9580199848869132,0.9172993327304653,1.0071175426471244,0.9648191493057683,0.9242909800413502
2017-08-09,1.0031645112883245,0.9618448355674003,0.922220253774517,1.0006745588409607,0.9581339298346582,0.9173953934821096,1.006684554655823,0.9643905227018409,0.9238671177747464
2017-08-10,1.0040786972143394,0.9627037328298631,0.9230268600284824,1.00076992251143,0.9582120414660598,0.9174575446016795,1.0075428095446088,0.9651991316930136,0.9246287349462928
2017-08-11,1.003361181549278,0.9619027919198426,0.9221506437564766,1.001001699620925,0.958420522793906,0.9176442987320348,1.006831174979649,0.9644081655102393,0.923766397591999
2017-08-14,1.0042086494956746,0.9625815225967359,0.9226730794117665,1.0020267490791341,0.9592685371445857,0.9183284288710936,1.007164309359896,0.9646056732892228,0.9238390928429308
2017-08-15,1.0039589076532756,0.9623245910737465,0.922409982004147,1.00190052751949,0.9591304031226765,0.9181796299186705,1.0074201490915784,0.9648376099482774,0.9240486882747906
2017-08-16,1.004029155752056,0.9623748126429758,0.9224417170025722,1.0017453942880084,0.9588694691854651,0.9178222135494893,1.0077376953551949,0.9651287775597667,0.9243151380636628
2017-08-17,1.0041451048541672,0.9624663557610691,0.9225106941378256,1.0020394899187586,0.9591366549483619,0.9180642607417162,1.0079139985180579,0.9652827935735775,0.9244484440319716
2017-08-18,1.0039644532256538,0.9622761390925598,0.922312019160888,1.0019400789223567,0.9589327334034525,0.9177649831566137,1.0078942115609795,0.9652508519358948,0.9244054116055528
2017-08-21,1.0038339574126736,0.9620056372395085,0.921913310595401,1.0014916673418812,0.9583578217437673,0.9170751785079858,1.0073800094877343,0.9647215651679341,0.9238632266276161
2017-08-22,1.004253746464851,0.962394211535191,0.9222725372839513,1.0018737236513087,0.95861370737591,0.9172150519934685,1.0078012814483437,0.9651112364839884,0.9242232131076469
2017-08-23,1.004071172648515,0.9622057777018318,0.9220790531927178,1.001735450299915,0.9582805765909524,0.9167042296078309,1.0076180626884335,0.9649222706654818,0.9240293197829994
2017-08-24,1.0031094242392116,0.961271317149156,0.9211712862342972,1.0010482741113664,0.957605674235138,0.916041847463639,1.006652916894615,0.9639851719499775,0.9231196328291461
2017-08-25,1.0034852276034236,0.9615219630121622,0.9213065180940486,1.0010347613465616,0.9575740823136576,0.915993764197059,1.0070300477874383,0.9642365254347199,0.923255150714458
2017-08-28,1.0029690564182565,0.9609070333123,0.9206019975207899,1.0004252965969138,0.9569385908936116,0.9153356494774288,1.0065120532231269,0.9636198596694115,0.9225491400271669
2017-08-29,1.0027486548952982,0.9605946126286996,0.9202056664262723,1.0015155150515311,0.9577713684066889,0.9159313028484034,1.0062908731298958,0.9633065569618113,0.9221519706625578
2017-08-30,1.00273256863636,0.9605709382246793,0.920175072109421,1.0023493303942965,0.958538314409434,0.9166356309881714,1.0062747300461097,0.9632828157203708,0.9221213116364239
2017-08-31,1.0032984011635764,0.9609128696974655,0.9203109297604795,1.0024519602285507,0.9580376719470352,0.9155842637533388,1.0068425613815877,0.963625712531821,0.9222574566366385
2017-09-01,1.0032984011635764,0.9609128696974655,0.9203109297604795,1.0024519602285507,0.9580376719470352,0.9155842637533388,1.0068425613815877,0.963625712531821,0.9222574566366385
2017-09-05,1.0032984011635764,0.960720725552355,0.9199429525794477,1.0024519602285507,0.9577503468429822,0.9150352426077741,1.0068425613815877,0.9634330259266357,0.921888701156176
2017-09-06,1.0031401910458606,0.960560503639408,0.919781177454055,1.0027102864014894,0.957983813336848,0.9152455563723547,1.0066837923852723,0.9632723516762477,0.9217265838642185
2017-09-07,1.00306121310986,0.9603797194686953,0.9195073538976164,1.0026966877753136,0.9577659487700677,0.9148416395841543,1.0066045354590345,0.9630910571168644,0.921452181150351
2017-09-08,1.0031921366971819,0.9604911157194247,0.9196006388503619,1.0030990239550686,0.958127157987194,0.9151645752417876,1.006735921535053,0.9632027678607493,0.9215456634077918
2017-09-11,1.0035292084114513,0.960775917571709,0.9198369862805796,1.0036257850040002,0.9585675550286049,0.9155252306646404,1.0070741839580477,0.9634883737637321,0.9217825107306112
2017-09-12,1.0033704604763196,0.9606091902328955,0.9196632517143177,1.0027711456694606,0.9577255679604089,0.9146965034851392,1.0069148752444719,0.9633211757214024,0.9216084087026669
2017-09-13,1.0036937412069693,0.9608086031337217,0.9197488511242589,1.0033849853810475,0.9581927374898386,0.9150290751250696,1.0072392979670788,0.9635211516034065,0.921694189161802
2017-09-14,1.0029909058932802,0.9601174027179971,0.9190695760961897,1.0028674963709023,0.9576701498347214,0.9145028855391198,1.0065339798816084,0.9628279997952569,0.9210134774159284
2017-09-15,1.002570095741637,0.9596015713744638,0.9184675772303826,1.0031105081672673,0.9577810528448785,0.9144930708908705,1.0061116832144907,0.962310712160099,0.9204102052772156
2017-09-18,1.0038420264982015,0.9607805847850366,0.9195592931770481,1.0042916702983904,0.9588446237634141,0.9154472835556833,1.0073881070773758,0.9634930541535053,0.9215042302852674
2017-09-19,1.0038721558815054,0.9607005730163315,0.9193785147275809,1.0043987564657801,0.9588299559781509,0.9153216852139513,1.0074183428929848,0.9634128164961059,0.9213230694757748
2017-09-20,1.0037988714001123,0.96062162336431,0.9192945250350869,1.0039291686853746,0.958363569431016,0.91485918985462,1.0073447995335318,0.9633336439539508,0.9212389021387604
2017-09-21,1.0036121792492596,0.9604345848755396,0.9191075200625454,1.0033523690879702,0.9577006641266835,0.9141192316794584,1.007157447891053,0.9631460774193604,0.9210515016366284
2017-09-22,1.0035444330166623,0.9603607903452737,0.9190283253726227,1.0039320338589737,0.9582400977399559,0.9146208966298658,1.0070894623443072,0.9630720745528666,0.9209721394439766
2017-09-25,1.003502683230135,0.9602954959254207,0.9189415808930262,1.0036476861565626,0.9579304830770429,0.9142888845508511,1.0070475650763004,0.963006595794241,0.9208852114932777
2017-09-26,1.0032933287033283,0.9599910631590277,0.9185506683745343,1.0036529230039373,0.9577319029222715,0.9139050864175217,1.00683747100283,0.9627013035552828,0.9204934721653903
2017-09-27,1.0039654554377355,0.9606187214250748,0.9191364460781966,1.0039978776232907,0.9579529389492869,0.9140128410564227,1.0075119720306984,0.9633307338219796,0.9210804888329795
2017-09-28,1.0035576682105964,0.9601198656794571,0.918555129506669,1.0036186772234785,0.9575827499424393,0.9136516355645957,1.0071027442916773,0.9628304697101329,0.920497942733155
2017-09-29,1.0036597350339094,0.9598179032253026,0.9178839275883283,1.0038712743704847,0.9576245701870261,0.9135014852027388,1.0072051716669201,0.9625276547575825,0.9198253211722446
2017-10-02,1.0036597350339094,0.9598179032253026,0.9178839275883283,1.0038712743704847,0.9576245701870261,0.9135014852027388,1.0072051716669201,0.9625276547575825,0.9198253211722446
2017-10-03,1.0036597350339094,0.9597219310321994,0.917700387510826,1.0038712743704847,0.9575288173052955,0.9133188214384511,1.0072051716669201,0.9625276547575825,0.9198253211722446
2017-10-04,1.00386105224023,0.9597183548187592,0.9175095480100391,1.0037627112139809,0.957324825317324,0.9130284448688526,1.0072051716669201,0.9623351877200385,0.9194575381569818
2017-10-05,1.004041720570358,0.9598779120652682,0.9176494953271953,1.003925901539021,0.9574714418755096,0.9131596674746294,1.0074149476363863,0.9625270988868898,0.9196327570332355
2017-10-06,1.0037107347011498,0.9594528607913325,0.9171393205250927,1.003619655410645,0.9570749892668329,0.9126820358342411,1.0070622533979103,0.9620852177166904,0.9191103808582861
2017-10-09,1.0035626805420303,0.959166720219193,0.9167275899035087,1.0044890222251603,0.9575799465367404,0.9128546362885317,1.0071097860628244,0.961997969284069,0.9189002970988273
2017-10-10,1.0032724124766883,0.958770904022652,0.9162361134019826,1.0038417929276795,0.9569343370757168,0.912211884410037,1.0066641988058105,0.9614582211336113,0.9182757169647683
2017-10-11,1.0034590841513726,0.9589232852490249,0.9163568632717284,1.0040340296582424,0.9570907782106391,0.9123354392313365,1.0072142890805675,0.961961875419624,0.9187359890685008
2017-10-12,1.003063532138142,0.9584214220671302,0.9157587909642965,1.0043582605536996,0.9572758409083159,0.9123935197134492,1.0069188141671344,0.961559873742691,0.9182375411538785
2017-10-13,1.0032004496306164,0.9585316337412398,0.915844402057343,1.004925513924986,0.9577942249548719,0.9128663872320113,1.0071159711032533,0.9617314782395129,0.9183854941868669
2017-10-16,1.0024780290554294,0.9577800765186555,0.9150677179450133,1.0039913347752674,0.9568435851740513,0.9119029045867268,1.0064457674778864,0.9610423733838362,0.9176805483938422
2017-10-17,1.0033622770636534,0.9586021568342482,0.9158314015965343,1.0044478181410321,0.957161017532951,0.9120933151421424,1.0076456733683194,0.9621699378905895,0.9187398383791143
2017-10-18,1.0029492794445853,0.9581867903089074,0.9154146948239555,1.004094507743491,0.956616232961087,0.9113759128403365,1.0073659681965565,0.9618861832400996,0.9184529683708023
2017-10-19,1.0025074988975793,0.957741100238677,0.9149663097399225,1.0040089036840742,0.9565051509598359,0.9112419322394423,1.006849067884732,0.9613733828910545,0.917944944051786
2017-10-20,1.0018185837375473,0.9570611882515775,0.9142959551915787,1.0044057728378863,0.9568585139379432,0.9115550118675791,1.0064965044626424,0.961019414756957,0.9175904066753476
2017-10-23,1.00205856652912,0.9572295027178569,0.9143985252333408,1.0071378522760053,0.9593866286076956,0.9138923629436123,1.0073968537121367,0.9618303405081872,0.9183181557247144
2017-10-24,1.001450596165459,0.9565315018654509,0.913619705161715,1.006998421889722,0.9592268607139756,0.9137144957336586,1.007090500864833,0.9615202208218404,0.9180052289305856
2017-10-25,1.0013649074844968,0.9564321776399768,0.9135081552672826,1.0087644217746354,0.9607855524595127,0.9150816106271387,1.0070043296078992,0.9614203785782504,0.9178931435784449
2017-10-26,1.0009574301445923,0.9560256451762325,0.9131033033259081,1.0102059895899764,0.962039431210213,0.9161623620017918,1.0065945574634652,0.9609156247020683,0.9173028478263336
2017-10-27,1.0016700750285863,0.9565923193278766,0.9135356285562631,1.010308632116806,0.9618299496530045,0.9156702909367161,1.0067444279985536,0.9609395310371424,0.9172118689073944
2017-10-30,1.001167738741697,0.9560517188758924,0.9129612468189299,1.0113135511745925,0.9626537258344543,0.9163280145271279,1.0079911514880602,0.9620543345232507,0.9182042258053398
2017-10-31,0.9994355346330753,0.9539006870668385,0.9104326733762935,1.0112999562239549,0.9624401097804469,0.915933660150008,1.0061866581433052,0.9597317561752825,0.9154145516648571
2017-11-01,0.9994355346330753,0.9539006870668385,0.9104326733762935,1.0112999562239549,0.9624401097804469,0.915933660150008,1.0061866581433052,0.9597317561752825,0.9154145516648571
2017-11-02,0.9994355346330753,0.9536146026860327,0.9098867413314946,1.0112999562239549,0.9622476602483973,0.9155674331767373,1.0061866581433052,0.9593480169684951,0.9146828054205207
2017-11-03,0.9980031939456101,0.9520442282664779,0.908194092660688,1.0110326688329077,0.961504199749034,0.9143949094634773,1.0043032688620062,0.9574381898903351,0.9127531195687587
2017-11-06,0.9990333208238219,0.9528940603843754,0.9088780705225075,1.010620191557069,0.9609535475987777,0.9137206153852694,1.0052681040412739,0.9582004511343983,0.9133296074583337
2017-11-07,0.999169975863556,0.9529103339891956,0.9087847696007916,1.011014720826248,0.9611173908206385,0.9136754136487234,1.0046939680753812,0.9576242835840584,0.9127528505467856
2017-11-08,0.998688540219823,0.9524279410472148,0.908302539592252,1.0103900905070557,0.9603140959243556,0.9127125789813432,1.0039161623935984,0.9567611805840763,0.9118141569054613
2017-11-09,0.9996068302502912,0.9532823185506072,0.9090969567079059,1.0106928912270892,0.9605845291014928,0.9129531105503936,1.004746914225023,0.9575310157413349,0.912526968059757
2017-11-10,0.9992583621032194,0.9528327241494988,0.9085564066434856,1.009928798098759,0.9598408209452949,0.9122296500228283,1.004625762059923,0.95729793513474,0.9121927487713578
2017-11-13,0.9999819280935319,0.9532576349998241,0.9087087997665129,1.0108713861308531,0.9605917732605526,0.9128056795816908,1.0046341625291486,0.9570401292002626,0.9116937528523086
2017-11-14,0.9998338548265469,0.9529910924704708,0.9083350897228281,1.0112710238426186,0.9608624680772204,0.9129592685341638,1.0044854003781625,0.956772529039127,0.9113188152350069
2017-11-15,0.9995262072731074,0.9526740141950972,0.9080101606477584,1.011781464376742,0.9613377787746769,0.913401681600835,1.004176321550315,0.9564541926078326,0.9109928188234643
2017-11-16,0.9990394159379367,0.9520938192383324,0.9073464160029922,1.0108887378526614,0.9603832213275454,0.9123937058716772,1.0036872655068043,0.9558716954570138,0.9103268938909908
2017-11-17,0.9995776554174726,0.9525871902783335,0.9077979579271966,1.011154549059418,0.960535335781852,0.9124428587384953,1.0042280090478346,0.9563670241766903,0.9107799190532362
2017-11-20,1.0003116871909115,0.9532375859656091,0.9083709726525885,1.0110462259583253,0.9604082980863948,0.9122992528002334,1.0049654557708814,0.9570200006121549,0.9113548160340582
2017-11-21,1.000499867641451,0.9532093545518285,0.9081462038523965,1.0104433968952704,0.959730294413203,0.9115551028255509,1.0051545116968144,0.9569916571770748,0.9111293089067763
2017-11-22,1.0006097883718235,0.9533059974608035,0.9082305809058244,1.010926665020339,0.9599851361954991,0.9116033458036645,1.0052649438134356,0.9570886835618586,0.9112139631244026
2017-11-24,1.0003094013814566,0.9530035121438651,0.907926863431916,1.011415642262613,0.9604252012926898,0.9119981834378823,1.0049631593271127,0.956784997993367,0.9109092479905054
2017-11-27,1.0006391366021585,0.9532931679466118,0.9081794816512468,1.011633049996087,0.9605950422902603,0.9121246793933097,1.0052944285810859,0.9570758031405865,0.911162696017508
2017-11-28,1.0013168733100115,0.9538348196132554,0.9085964052611363,1.0118930355125477,0.9608275699733896,0.9123318482256092,1.005975318335971,0.9576196040628064,0.9115809891501929
2017-11-29,1.0013641693132644,0.9537721492441101,0.9084340721850399,1.0116890335867723,0.9605247983368407,0.9119407569851409,1.0060228343752953,0.9575566850197464,0.9114181228376885
2017-11-30,1.0012516895297223,0.953465280707352,0.9079515507028402,1.0111464391251825,0.9598088073812351,0.9110703026917412,1.005909831299974,0.9572485988389664,0.910934016354895
2017-12-01,1.0012516895297223,0.953465280707352,0.9079515507028402,1.0111464391251825,0.9598088073812351,0.9110703026917412,1.005909831299974,0.9572485988389664,0.910934016354895
2017-12-04,1.0012516895297223,0.9532746257821956,0.9075885152967215,1.0111464391251825,0.9596168840044342,0.9107060202836277,1.005909831299974,0.9570571874014862,0.9105697884395192
2017-12-05,1.001308468773325,0.9531290839237564,0.9072600660347718,1.0115919425561162,0.95983808696136,0.9107247799296996,1.0059668746987027,0.956911068037853,0.9102402602778843
2017-12-06,1.0020317119947633,0.9537048910972754,0.9077009041864812,1.0119477857414683,0.9601583219201727,0.9110121065675856,1.0066934826779688,0.9575849376441439,0.9108647923643871
2017-12-07,1.0019617581166462,0.9535204893567709,0.9074132816021127,1.0112446565477302,0.9594730315620321,0.9103446829434678,1.0060503326660866,0.9568597420318862,0.9100671358027972
2017-12-08,1.0022309645821461,0.953759142843093,0.9076236952748268,1.0109224960856775,0.9590541389141437,0.9098397681077108,1.0058380020143283,0.9565490499759849,0.9096681911329648
2017-12-11,1.0021244778538434,0.9535132495883643,0.9072521323062077,1.0114041520681742,0.9593545682485174,0.9099762672649483,1.0061187386155264,0.9566717703119257,0.9096476802969939
2017-12-12,1.001110767457818,0.952437819247544,0.9061233650356102,1.0107141067843517,0.9585843372961316,0.9091359600195938,1.0054943982823168,0.9560630394260395,0.9090545344332549
2017-12-13,0.9991495161638336,0.9505521490625264,0.9043105784927228,1.0100095421048534,0.9578936557154989,0.9084596006402029,1.0047033258298443,0.9552970666575751,0.908313108664355
2017-12-14,0.9991177801141697,0.9505030486133774,0.9042458928332348,1.0100114546453662,0.9578724555678949,0.9084176856988655,1.0045644161986247,0.9551513673626113,0.908161632351825
2017-12-15,0.9985581094447211,0.9499512264791768,0.9037024704951412,1.0095689784626496,0.9574291049222554,0.9079747110517485,1.0045260241092357,0.9550997878038768,0.9080982474580074
2017-12-18,0.9993289476360501,0.9506338701959339,0.9043036644587955,1.011222779491825,0.9589331224072631,0.9093399941880965,1.004124111614855,0.954680322974705,0.9076639340608712
2017-12-19,0.9995682567064623,0.9508426755264238,0.9044843761756938,1.0103957670108823,0.9581214881163712,0.9085443861835361,1.003887569589058,0.9544377146503201,0.9074164390969828
2017-12-20,0.9991728834752355,0.9503551734443335,0.9039146905544095,1.0094471806895213,0.9571043763755862,0.9074684095418157,1.0035561759537455,0.9540139465738615,0.9069102464546265
2017-12-21,0.9991125374136655,0.9502843711334598,0.9038346010433567,1.0107323081255348,0.9583048467345442,0.9085895481404677,1.0039655651873214,0.9543938934766865,0.9072626609660356
2017-12-22,0.9989802486225869,0.9499560914161902,0.9033299230032995,1.0105762970216081,0.958044353504022,0.9082358558601028,1.0032935190657688,0.9535558304534731,0.9062766596268473
2017-12-26,0.9996978583204367,0.9504648681161038,0.9036486323636801,1.0109043085716745,0.9582742864063273,0.9083770193293423,1.003659218961991,0.9537455806940762,0.9063069764156644
2017-12-27,0.9993071443915148,0.9500769442244896,0.903264167791237,1.0106362175931278,0.9579987584315641,0.9080955495316005,1.0034251286180584,0.9535106842747166,0.9060719325719991
2017-12-28,0.998973874776877,0.9497433139912577,0.9029310146328428,1.0102807353850793,0.9576399673814777,0.9077347408141889,1.0034072601729946,0.9534806826081411,0.9060310443860667
2017-12-29,0.9990445052390484,0.9494168192168222,0.9022463706190098,1.0101310446004896,0.9570004831110338,0.9066569196064286,1.0030997932184624,0.9528909757368496,0.905187952415603
2018-01-02,0.9990445052390484,0.9494168192168222,0.9022463706190098,1.0101310446004896,0.9570004831110338,0.9066569196064286,1.0030997932184624,0.9528909757368496,0.905187952415603
2018-01-03,0.9990445052390484,0.9492269738220578,0.9018856163724608,1.0101310446004896,0.9567134690703127,0.9061132516554353,1.0030997932184624,0.9527004356497196,0.9048260220068003
2018-01-04,0.9982811377732793,0.948397694871614,0.9009989645446022,1.0092434045732976,0.955763642267607,0.9051103883284758,1.0023333271170554,0.9518681221576349,0.9039364794398248
2018-01-05,0.9984222287576936,0.9483303790514261,0.900743758020502,1.0099558779038482,0.9561349870883632,0.9051748137518248,1.0024749908132657,0.9518005600118176,0.9036804408693012
2018-01-08,0.9976236863960359,0.9475594501419617,0.8999996883593426,1.0097946341056874,0.9557542434714059,0.9045983841918118,1.0016732070352115,0.9510268100782855,0.9029339453277594
2018-01-09,0.9977927582680427,0.947715517987247,0.9001436294391657,1.0105028969336736,0.9564195866644756,0.9052233669529274,1.0018429651980958,0.9511834490153307,0.9030783556967634
2018-01-10,0.9973203864664506,0.9472623193476389,0.8997088722296661,1.0105621565992815,0.9564706407652523,0.9052669227670772,1.001368675960715,0.9507285920071571,0.902642181054138
2018-01-11,0.997210385768756,0.947153533696587,0.899601456904399,1.010923276521351,0.9568076806951326,0.9055814223875476,1.001258228751874,0.950619408281865,0.90253441552412
2018-01-12,0.9967584940504074,0.9467192551159856,0.8991841645677386,1.0102055144031497,0.9561234401067096,0.9049291757279461,1.0008045027298045,0.9501835405659843,0.9021157626948255
2018-01-16,0.9972127081971879,0.9469456425239792,0.8992044939705404,1.0107759978915638,0.9564558341470747,0.9050474154124072,1.0012605606074296,0.9504107563828216,0.9021361583773079
2018-01-17,0.9976412240564254,0.947347299548597,0.8995809067961998,1.011548553083514,0.9571723176389987,0.9057116089357682,1.0016908158838842,0.9508138831721862,0.9025137984166776
2018-01-18,0.9971256535493337,0.9467580926763421,0.8989268040581073,1.0110292084775552,0.956667140210076,0.9052205803424583,1.001173152590266,0.9502225202428072,0.9018575631161606
2018-01-19,0.9973969892278427,0.9469122199666463,0.8989748908999996,1.011956620215611,0.9574353056581129,0.9058439174313422,1.0014455896654693,0.9503772115238893,0.9019058067349415
2018-01-22,0.9973497579067764,0.9468313366091882,0.8988638704982767,1.011437169674657,0.9567985112599483,0.9051038824336765,1.0013981666246072,0.9502960321937478,0.9017944243748849
2018-01-23,0.9977457430065131,0.9471933499011853,0.8991943266832527,1.0114458901769536,0.9567931626254006,0.9050859542691174,1.001795759093792,0.9506593701840368,0.902125957941749
2018-01-24,0.9975002891229738,0.946947555344225,0.8989488655235185,1.0108091159855823,0.9561776306294459,0.9044912355306851,1.0015493088720735,0.950412676202561,0.9018796965082727
2018-01-25,0.9974890114088952,0.9469212346126873,0.898909052869341,1.0111040307868753,0.9563461295362791,0.904546163260282,1.0015379853798758,0.9503862591568026,0.9018397540534301
2018-01-26,0.9982585127263047,0.9476377175004832,0.899575912030109,1.0107516988836454,0.9559929621717534,0.9041932759324468,1.0023106102312482,0.951105363836888,0.9025087873662171
2018-01-29,0.9968084898723205,0.9461300393493721,0.8980202180204607,1.008777039708068,0.9539814050803024,0.9021547133351774,1.0008547014930829,0.9495921687097,0.9009480213481585
2018-01-30,0.997291005616797,0.9465793587400702,0.898438465634784,1.0091753150325635,0.9542488981517792,0.9023044763118216,1.001339175849301,0.9500431322738098,0.901367632569595
2018-01-31,0.9973045259632839,0.946392747433925,0.8980720440880785,1.008745315679033,0.9536423564197941,0.901541889671993,1.0013527510771254,0.9498558381096482,0.9010000163836126
2018-02-01,0.9973045259632839,0.946392747433925,0.8980720440880785,1.008745315679033,0.9536423564197941,0.901541889671993,1.0013527510771254,0.9498558381096482,0.9010000163836126
2018-02-02,0.9973045259632839,0.9462981176221628,0.8978924655949595,1.008745315679033,0.9536423564197941,0.901541889671993,1.0013527510771254,0.9497608620234459,0.90081985241313
2018-02-05,0.9974259280074385,0.9463058899095955,0.8977979551800735,1.008745315679033,0.9535470017196221,0.9013616173485233,1.0014746459123898,0.9498636301211844,0.9009051428521766
2018-02-06,0.9972611548441072,0.9461404231045992,0.8976323018457442,1.009004403012469,0.9537877482567307,0.9015852526613622,1.0010519839812944,0.9494577486261467,0.9005154388462089
2018-02-07,0.9970436151716242,0.9459250507483226,0.8974194515175677,1.0089582572875033,0.9537395671378968,0.9015353983882747,1.0008793994179583,0.9492895619145111,0.9003516572746699
2018-02-08,0.9973749437637508,0.9460410977004836,0.8973414968359728,1.0093410499273405,0.9539047441650602,0.9015057445009298,1.0008322751133152,0.9490517551302988,0.8999429903925535
2018-02-09,0.9975002805448868,0.9461481610836091,0.8974318305446232,1.0094254965832992,0.9538707950970666,0.9013661084603668,1.0006833027184523,0.9489043990075678,0.899797482077125
2018-02-12,0.9975248062459761,0.9461472228044746,0.8974079807148161,1.0096328622934048,0.9540175541886611,0.9014582752438088,1.0010512925658768,0.9491462099696688,0.8999251857588987
2018-02-13,0.9968436821714174,0.9453977103314377,0.8965989384987101,1.008275115559856,0.9526214454748949,0.9000321198224651,1.0009934547937147,0.948987390116745,0.8996760329995642
2018-02-14,0.995840015669394,0.9443465701977467,0.8955079264948665,1.0075303710379573,0.9518062705996474,0.8991565871140116,1.0012240725929025,0.9490117082978543,0.8995149035641326
2018-02-15,0.9958028481741455,0.9441111879022509,0.8950949311975154,1.0089519719864777,0.9529355312043943,0.9000214080356834,1.0013101554963604,0.948992631666956,0.8994014020428446
2018-02-16,0.9960091947182157,0.9442024117994389,0.8950824086601651,1.0091252810058142,0.9528888647022282,0.899778580206473,1.0015176432440684,0.9491792546474783,0.8995687690009498
2018-02-20,0.9960544154285712,0.9441951206565095,0.8950279750554765,1.0087554971021606,0.9523768123132107,0.8991413928429237,1.001638949700909,0.9492596265183276,0.899612166163733
2018-02-21,0.9952169602776503,0.9433863269984126,0.8942471382198188,1.0085976594430355,0.9521099947771983,0.8987783176622628,1.0013686169122247,0.9489932779483979,0.8993501303285595
2018-02-22,0.99547554482788,0.943616997698804,0.8944521048727576,1.009214853518115,0.9526737275547216,0.8992926442624105,1.0018438421810127,0.9494351571811757,0.8997608500100257
2018-02-23,0.9962306195115661,0.9443159009188846,0.89509862464437,1.0098865196358047,0.9531891246945792,0.8996671036774747,1.002408957370831,0.9498644101926612,0.9000668862597143
2018-02-26,0.9965093015563192,0.9444489050457597,0.8951004018021766,1.0094487882230472,0.9527135869219897,0.8991593769291605,1.0017451710568805,0.949103806137586,0.8992214452005013
2018-02-27,0.9982616837553661,0.9460855576594335,0.8966286389649079,1.0102689691457332,0.9533653583235739,0.8996591665222174,1.0030088205881384,0.9501832196086382,0.9001325557347504
2018-02-28,0.9981022235259076,0.9455432499877899,0.8957439478080856,1.010101154121645,0.9528129909823813,0.8987661068735848,1.0022269087771745,0.9491478121604501,0.8988725334444454
2018-03-01,0.9981022235259076,0.9455432499877899,0.8957439478080856,1.010101154121645,0.9528129909823813,0.8987661068735848,1.0022269087771745,0.9491478121604501,0.8988725334444454
2018-03-02,0.9981022235259076,0.9455432499877899,0.8957439478080856,1.010101154121645,0.9528129909823813,0.8987661068735848,1.0022269087771745,0.9491478121604501,0.8988725334444454
2018-03-05,0.9981022235259076,0.9455432499877899,0.8957439478080856,1.010101154121645,0.9528129909823813,0.8987661068735848,1.0022269087771745,0.9491478121604501,0.8988725334444454
2018-03-06,0.9981022235259076,0.9455432499877899,0.8957439478080856,1.010101154121645,0.9527177192104602,0.8985863895956657,1.0022269087771745,0.9491478121604501,0.8988725334444454
2018-03-07,0.9981022235259076,0.9453541791519595,0.8953857934906894,1.012006383024209,0.9542273414554138,0.8997393032232572,1.0022269087771745,0.9489580205563388,0.8985131281931681
2018-03-08,0.998369966613835,0.9455991066389039,0.8956095671213382,1.012277855933102,0.954379129936369,0.8997842080356805,1.0024957583208736,0.9492038817460562,0.8987376834031603
2018-03-09,0.9986589075246943,0.9458632456426185,0.8958507131029056,1.0115048350444351,0.9536349105302057,0.899068021798219,1.0027858932880984,0.9494690276899199,0.8989796716408837
2018-03-12,0.9993536285572729,0.9464968309359854,0.8964276799227829,1.0118860716555242,0.9539576660472548,0.8993377376318055,1.0034834852747028,0.9501050283118099,0.8995586536461381
2018-03-13,0.998984770128406,0.9459493146470388,0.8957215552662686,1.011459330217408,0.9534469014940222,0.8987539943488708,1.0031131025281002,0.9495554248031575,0.8988500626916787
2018-03-14,0.9987482669954142,0.9457060025920525,0.8954728260308484,1.011250653345878,0.9531355436906567,0.8983524889327089,1.002875622039321,0.9493111852036834,0.898600464713896
2018-03-15,0.9980497932909463,0.9450277997588935,0.8948147104659786,1.0109118478001684,0.9527945163013362,0.8980106128769771,1.0021742618728062,0.9486303969527999,0.8979400505335475
2018-03-16,0.999201385187101,0.9460991927534086,0.8958111559839851,1.0117318992792337,0.9535438878911348,0.8986946973449866,1.0033306127545614,0.949705874268852,0.8989399763598973
2018-03-19,0.9997841071901002,0.9464132960309848,0.8958836803003128,1.0118632914388535,0.9534146728907952,0.8983346110643348,1.0039157428724759,0.9500211749583843,0.8990127539835847
2018-03-20,0.9997923406525568,0.946309187549087,0.8956792658755386,1.011876754098456,0.9532154370013334,0.8979473270958559,1.0039240103599456,0.9499166695982945,0.8988076255958137
2018-03-21,0.999868913851039,0.9463587797160183,0.8957045529872907,1.0120205730746896,0.9533279165406603,0.8980316254690195,1.0040008999993042,0.9499664508185018,0.8988330010284469
2018-03-22,1.0011450724641848,0.9474488061689642,0.896624706762793,1.013353213721148,0.9544646050494934,0.89899058113173,1.0052823323734796,0.9510606326267098,0.8997563686463561
2018-03-23,1.0001135658722229,0.9464511449639725,0.8956602442363106,1.0123697636624323,0.9535167131608182,0.898077451680075,1.0042465630517832,0.9500591681775613,0.8987885375192659
2018-03-26,1.000353817824455,0.9466282556289164,0.8957802586674737,1.0123882556540744,0.9534836317910813,0.8979986933637392,1.0044878078519026,0.9502369540167007,0.8989089711276128
2018-03-27,1.0005549475649338,0.946797366390986,0.8959202003114153,1.0124361315686325,0.9535074687747078,0.8980011186629145,1.0046897687666383,0.9504067094560561,0.899049401548976
2018-03-28,1.0001742818773303,0.9464133709606094,0.8955343261746216,1.0119574512444967,0.9530327435523362,0.8975315092847918,1.0043075299674733,0.9500212501736528,0.8986621796606459
2018-03-29,1.0008725419917233,0.9466773595256959,0.8954087123924848,1.0122877454395904,0.9529446456682725,0.8970726279776554,1.0050086756612462,0.9502862451053923,0.8985361271443422
2018-04-02,1.0008725419917233,0.9466773595256959,0.8954087123924848,1.0122877454395904,0.9529446456682725,0.8970726279776554,1.0050086756612462,0.9502862451053923,0.8985361271443422
2018-04-03,1.0008725419917233,0.9464880619133132,0.8950506921156385,1.0122877454395904,0.9527540948493026,0.8967139424006951,1.0050086756612462,0.9500962258602202,0.8981768564017815
2018-04-04,1.0013892818671966,0.9469674475971924,0.8954952498839664,1.0132653481767102,0.953664738859977,0.8975621131381947,1.0055275509786539,0.9505774390390367,0.8986229668873251
2018-04-05,1.0015279983388954,0.9470902100935716,0.8956033786334323,1.0130431091363126,0.9534466876266005,0.8973485244619833,1.0056668407000373,0.950605589950786,0.8985516910494686
2018-04-06,1.0012151851315998,0.9467833741058903,0.8953028011239804,1.0126988076306995,0.9531115729070475,0.8970227141858216,1.0058153095878206,0.9507276304645548,0.8986497616624518
2018-04-09,1.0014578979599764,0.9467987907131391,0.8951149200735262,1.0132279725286544,0.9534892051559041,0.8972648346796331,1.006195120980343,0.9508597971716904,0.8985602655808259
2018-04-10,1.0016097717731214,0.9469307494725593,0.8952286798481066,1.01350231187206,0.9537305822201532,0.8974761776760569,1.0061235030295184,0.9507744072699581,0.8984628258461212
2018-04-11,1.001553900775105,0.9466789936502811,0.8948027470245634,1.0135583209249226,0.9536740829655769,0.8973203292492173,1.0060196187030974,0.9503765323375788,0.8978039657077947
2018-04-12,1.0019887551067896,0.9469749500164534,0.8949737406379001,1.0136833304015964,0.953676103222874,0.8972134797503447,1.0060925585434919,0.9504153158396778,0.8978121480521511
2018-04-13,1.001552059587886,0.9465364952741935,0.8945350352918963,1.0133079359653951,0.9532976433694242,0.8968336313889428,1.0049757255159242,0.9493316561842953,0.8967614133715088
2018-04-16,1.0021422097473687,0.9469360317994052,0.8947630266556954,1.0140214962571594,0.9538097967325716,0.8971656379649386,1.0059158781721262,0.9500481157124371,0.8972759348143109
2018-04-17,1.0029526580908945,0.9476807309242165,0.8954467549577043,1.0146210307248786,0.9543524806867362,0.8976561047343604,1.0061505868483485,0.950245343902979,0.8974391158681084
2018-04-18,1.0021971025478005,0.9468547373766376,0.8945603683873976,1.0141134625344999,0.9537625159054484,0.896995307525705,1.0049986792744279,0.9490407972552972,0.8961913461709696
2018-04-19,1.0011475789452136,0.9457538552661185,0.8934170312493627,1.013286724623655,0.9528748543445362,0.8960569096891504,1.0041425872380771,0.9481179062532888,0.8952118433054909
2018-04-20,1.0011200261916082,0.9457103415267671,0.8933594109471336,1.0135526187889374,0.9531071641142049,0.8962586960987764,1.0044433492885732,0.9483775817355828,0.895434097260577
2018-04-23,1.0015076256187374,0.9460273176077278,0.8936123731363651,1.0136362865739552,0.9531363533055591,0.8962395885710644,1.0045784791110335,0.9484429016015758,0.8954369911589073
2018-04-24,0.9970999059628397,0.941841044184117,0.8896365777393532,1.0087726901389344,0.9485403828301529,0.8918966653937385,1.0010200308940504,0.94505133036521,0.892204790164857
2018-04-25,0.9953691000797098,0.9399994604113246,0.8877017888848933,1.006929111736462,0.946598961664731,0.8898756366519057,0.9986194678008764,0.9426667615642141,0.8898419281464752
2018-04-26,0.995738073381479,0.9402432996265672,0.88783325303453,1.0074714854818343,0.9470037288214882,0.8901573173457508,1.001961391158225,0.9456183178687054,0.892436311217688
2018-04-27,0.995417935812471,0.9399361574000981,0.8875386537860991,1.0074573834859935,0.9469853982593421,0.8901353158492797,1.0025346819516556,0.9461498494240276,0.892928961387694
2018-04-30,0.9954374178996517,0.9398494722324513,0.8873575774217051,1.007252325679772,0.9466864356308642,0.8897544637355853,1.0031054279473979,0.9464778377617411,0.893039692272653
2018-05-01,0.9954374178996517,0.9398494722324513,0.8873575774217051,1.007252325679772,0.9466864356308642,0.8897544637355853,1.0031054279473979,0.9464778377617411,0.893039692272653
2018-05-02,0.9954374178996517,0.9398494722324513,0.8873575774217051,1.007252325679772,0.9465917764532189,0.8895765484259002,1.0031054279473979,0.9464778377617411,0.893039692272653
2018-05-03,0.9954374178996517,0.9396615399244664,0.8870027763111806,1.005974241240849,0.945291042778122,0.8882605594380217,1.0031054279473979,0.9462885800457319,0.8926826192249631
2018-05-04,0.9956238020989698,0.9397354806229529,0.8869763086062847,1.006092830040433,0.945299535686819,0.8881718083040891,1.003293247893341,0.9463630422170622,0.892655982036487
2018-05-07,0.9953308918354014,0.9394225427841675,0.8866465245030024,1.0052997755054274,0.9445174448578421,0.887402272520414,1.0029980812962214,0.9460478973584885,0.8923240861902068
2018-05-08,0.9952609647237494,0.9393391046059398,0.8865513244745301,1.0046463748951784,0.9437948242428263,0.8866212386035108,1.0029276155250966,0.9459638707256617,0.8922282765568701
2018-05-09,0.9953389353760899,0.9392110197423168,0.8862402106521361,1.0043501730371618,0.943507641421437,0.8863430747427992,1.0030061867975613,0.9458348825330269,0.8919151705449512
2018-05-10,0.9949361402066538,0.9388076196800679,0.8858375363772436,1.0046455194263408,0.9437751783362348,0.8865850817948482,1.0026002888339656,0.9454286374587351,0.8915099177813687
2018-05-11,0.9958782074632914,0.9396759982449016,0.8866375427581303,1.004721025267883,0.943837918173374,0.8866363218692321,1.0035496129819554,0.9463031403346586,0.8923150469315352
2018-05-14,0.9955603479742724,0.9393156181259138,0.8862405142206298,1.0049742333063119,0.9440519131875553,0.8868149338540678,1.0032293049716012,0.945940218605308,0.8919154760573188
2018-05-15,0.9952295155571459,0.9389797016605288,0.8859011605879993,1.0052798097498736,0.9443291793023502,0.8870662005326644,1.0028959241006463,0.9456019330614848,0.8915739494040654
2018-05-16,0.9959076084423646,0.9395972681427008,0.8864628922658193,1.0051526319548183,0.9442007343461908,0.8869371140953005,1.0035792404413668,0.9462238549819514,0.8921392780804236
2018-05-17,0.9957235004283594,0.9394025131542959,0.886259292649318,1.0048673603289524,0.9439232117714476,0.8866674557215843,1.003393714214548,0.9460277264680087,0.8919343747319949
2018-05-18,0.9953202117543987,0.9390002219890533,0.8858591799854404,1.0047791601036982,0.9437378275931676,0.8863970218657169,1.0029873189448852,0.9456225981113103,0.8915316999824741
2018-05-21,0.9959516295364225,0.9395354585652113,0.8863071058510732,1.000999334913426,0.9400543661752452,0.8828121724536568,1.003623600636794,0.9461616094873445,0.8919824941013096
2018-05-22,0.9967628138466608,0.9402792263250558,0.8869884770993087,1.0021215081657329,0.9410042400837124,0.8836065412928222,1.0044410336265872,0.9469106227303509,0.8926682284493676
2018-05-23,0.9970889086547436,0.9405622613720335,0.8872322692849305,1.0020251943427072,0.9409086146003237,0.8835118782958915,1.0047696403939554,0.947195653905224,0.8929135817364366
2018-05-24,0.9977617081733797,0.9408926490742765,0.8872569064121415,1.002003409465124,0.9408832914971366,0.8834835289620445,1.005447622592463,0.9475283716938494,0.8929383766252873
2018-05-25,0.9976674320795083,0.9407951787543415,0.8871569099250854,1.0016321543747408,0.9405303944718975,0.8831481339128148,1.005352620275102,0.9474302139564843,0.8928377398196736
2018-05-29,0.9977794597861742,0.9408695858796945,0.8871976094088835,1.0016184555077976,0.9405019556410348,0.8831068018768258,1.0054655109487056,0.947505145844195,0.8928786999189745
2018-05-30,0.9969653833029546,0.9400921990806007,0.8864553783685376,1.0014441130552145,0.9403337847546419,0.8829446991133417,1.0046451635070703,0.9467222764609063,0.8921317160685728
2018-05-31,0.9972479345606219,0.9401631915350895,0.8863380308763863,1.001805291398634,0.9405748718288218,0.8830790052700034,1.004929891301247,0.9467937695955063,0.8920136171522552
2018-06-01,0.9972479345606219,0.9401631915350895,0.8863380308763863,1.001805291398634,0.9405748718288218,0.8830790052700034,1.004929891301247,0.9467937695955063,0.8920136171522552
2018-06-04,0.9972479345606219,0.9400691846166279,0.886160798716643,1.001805291398634,0.9404808237464471,0.8829024247850463,1.004929891301247,0.9466990996855378,0.8918352501022347
2018-06-05,0.9975037651595654,0.940305628524694,0.8863792351493172,1.0014993866764323,0.940189399998419,0.8826248570752845,1.004663782327421,0.9464442691968763,0.891591286512663
2018-06-06,0.9974411288870823,0.9402422189799147,0.8863153467211358,1.0016495031474926,0.9403257822478263,0.8827486221317793,1.0046562404114572,0.9464331969159588,0.8915771192199243
2018-06-07,0.9972262946700522,0.9399416438827932,0.8859395928698015,1.0035701698006938,0.9420289782085873,0.8842537632372361,1.0059193335709784,0.9475232581154865,0.8925099730039953
2018-06-08,0.9971119677135961,0.9397315432222152,0.8856451016874057,1.0036165395052903,0.9418756188753107,0.8839249990942496,1.0060457452240412,0.9475388373350461,0.8924271431303512
2018-06-11,0.996619069156899,0.9392305677969787,0.8851386158893186,1.0031977739481883,0.9414577752165335,0.8835095524470561,1.005610946177099,0.9470922499677219,0.8919716057857006
2018-06-12,0.9962976488480177,0.9389136967274307,0.8848268308549729,1.0028622037785684,0.9411330392492117,0.8831955872537829,1.0055118594099433,0.9469849808986028,0.8918574379220047
2018-06-13,0.9954864097024231,0.9381336130371419,0.884077017625241,1.0022440318406678,0.9405415406486154,0.8826298276515155,1.0049536357025453,0.9463496291650134,0.8911558544027075
2018-06-14,0.9958815958544085,0.938397622109448,0.8842236515319006,1.0024732296710883,0.9406524129738715,0.8826360554169064,1.0051834531777895,0.9464611861557004,0.8911621423270605
2018-06-15,0.9957940791508666,0.9383070391289566,0.8841306471620693,1.0023575034014403,0.9404458044812481,0.882350234867262,1.005067414037885,0.9463479271321055,0.8910517355205103
2018-06-18,0.9958486707883824,0.9383346184509679,0.8841341555265259,1.0021925428277707,0.9401726397561373,0.8819829097261106,1.0048423339768504,0.9461241177872062,0.8908298184954436
2018-06-19,0.9959450406739838,0.938415150531307,0.8842003571427729,1.0022576314637444,0.9402196416670596,0.882013816571655,1.005016067767315,0.9462830817191876,0.8909751434245649
2018-06-20,0.9954990404935994,0.937986129374724,0.883787843727068,1.0033271578853917,0.9412094035724308,0.8829295774813503,1.0048139385894148,0.9460880535468529,0.8907870772624699
2018-06-21,0.9949430937716586,0.9374533056949905,0.8832773315662862,1.0038181310679255,0.941656680339143,0.8833366829050779,1.0045631013455372,0.9458474330294743,0.8905563371022899
2018-06-22,0.9952083170100346,0.9376007299437414,0.8833196649276874,1.004994810179239,0.9426523919135031,0.8841693201145335,1.0044957260810665,0.9456848263498007,0.8903098635541982
2018-06-25,0.9962182265835667,0.9385135701590165,0.8841432820801256,1.0056488727681798,0.9432149959719062,0.8846493008471296,1.0052971992681454,0.9464130162132434,0.8909705935314388
2018-06-26,0.9966900973803602,0.9389448223825446,0.8845370294714556,1.0077873820680063,0.9452017761686571,0.886494932583147,1.0059428721617294,0.9470115533025504,0.8915252933675452
2018-06-27,0.9966905663591663,0.9389317849042094,0.884512049239065,1.0075428712382108,0.944861983528358,0.8860726185594315,1.0058657652664231,0.9469303470692961,0.8914407318026809
2018-06-28,0.9971371432789281,0.9393392983922211,0.8848835211764903,1.0077754526706586,0.9450657186145798,0.8862501920072612,1.0064813972459625,0.9475008822791327,0.8919693370356638
2018-06-29,0.9968653182111745,0.9387887679950014,0.8840875156597715,1.0082587089315642,0.9452235881670157,0.8861212997719807,1.0067029870256987,0.9475121723191808,0.891794215250598
2018-07-02,0.9968653182111745,0.9387887679950014,0.8840875156597715,1.0082587089315642,0.9452235881670157,0.8861212997719807,1.0067029870256987,0.9475121723191808,0.891794215250598
2018-07-03,0.9968653182111745,0.9385072158302523,0.8835573812310329,1.0082587089315642,0.9449401061351751,0.885589945804498,1.0067029870256987,0.9473227077776253,0.8914376401945202
2018-07-05,0.997422143084058,0.9390049683056232,0.8840010503536067,1.0094392280099396,0.9460206786502864,0.8865784458535046,1.0072374119219425,0.9478081853639135,0.8918780752124069
2018-07-06,0.9974837626345867,0.9390502906627173,0.8840317656873788,1.0095219690338724,0.9460847073485305,0.8866257788367428,1.007403943157865,0.9478614073656586,0.8918307601402751
2018-07-09,0.9981226844980974,0.9396127875452698,0.884524616550849,1.0105225118184396,0.9469841204297337,0.8874328209948952,1.0080070230776297,0.9483913169884676,0.8922940524108058
2018-07-10,0.999481267123648,0.9408778224225935,0.8857023840394802,1.0108572601714378,0.9472845056422686,0.8877018310144356,1.008280908972517,0.9486356698111761,0.8925113981388453
2018-07-11,0.9985525517785225,0.9399905715114093,0.8848549357688148,1.0107175045725796,0.9471404439248547,0.8875545613374073,1.0080676893422182,0.9484223280967826,0.8922986990683032
2018-07-12,0.998593718387374,0.9400168671585523,0.8848679606688171,1.0111095703547768,0.9474950217677068,0.8878748084277419,1.0087594198190613,0.9490599181454354,0.8928861239817368
2018-07-13,0.9981387787240579,0.9395757779419744,0.884440668737426,1.0108739201051653,0.9472617679272004,0.8876445889788559,1.0083569796019716,0.9486677714983168,0.8925044677394827
2018-07-16,0.9982278593480785,0.9395300671158189,0.884275751479754,1.0111968430597569,0.9474332856680217,0.8876825758228483,1.00799427037888,0.9481955745456639,0.891937119305476
2018-07-17,0.9988777179868226,0.9401240172231177,0.8848181195024619,1.0110897652370885,0.9473150775318471,0.8875550746784491,1.0082621042471285,0.9484298615904349,0.8921408988655016
2018-07-18,1.0008428349636251,0.9419548448434528,0.8865236446177214,1.011079170374821,0.9472864913283813,0.8875108022990885,1.0089161038399237,0.9490279143065317,0.892687340423544
2018-07-19,1.0001901756462248,0.9412264478987025,0.8857306678287863,1.0114369042619658,0.9476013422416356,0.8877867511847285,1.0089493028601415,0.9490383124381274,0.8926775198029154
2018-07-20,1.000376881710883,0.941387566471346,0.8858685684060346,1.0116795828258913,0.9477151955099037,0.8877871375419473,1.009318920402727,0.9493670654285573,0.8929689556533706
2018-07-23,0.9998942637332565,0.9408961329660305,0.8853710276641934,1.0119098525244516,0.9478686535189481,0.887872587238429,1.008966123934702,0.9489858266056138,0.8925638827710187
2018-07-24,0.9994267578517568,0.9404431154245088,0.8849324228288099,1.0119766922736508,0.9479082764653903,0.8878881791041712,1.0088829492993125,0.9488899826227516,0.8924571771930414
2018-07-25,0.9997189041158557,0.9406090956752285,0.8849860699945575,1.0129778123028848,0.9487271706938402,0.8885438357181661,1.0091643236847483,0.9489449784349521,0.8923116448520855
2018-07-26,0.9993520605260005,0.9401533772471977,0.8844532738112139,1.0131442715517411,0.9487622854366397,0.8884636213249248,1.008794014129002,0.9484852213309133,0.8917744383865269
2018-07-27,1.0002784200973869,0.9409068110759911,0.8850511017496278,1.014066550154406,0.9494028210682821,0.8888547025839679,1.0097291260154515,0.9492453322544667,0.8923772149150523
2018-07-30,1.0016742272845194,0.9421476365961534,0.8861504159676777,1.0151964710905483,0.9503744061441646,0.8896835431838185,1.0111381208941095,0.9504971542407581,0.8934856288340686
2018-07-31,1.0029859949717554,0.9427841166509952,0.8861872362066292,1.016397600241357,0.9507957721362399,0.8894198297461529,1.0124622822613407,0.9511392749205315,0.8935227538568195
2018-08-01,1.0029859949717554,0.9427841166509952,0.8861872362066292,1.016397600241357,0.9507957721362399,0.8894198297461529,1.0124622822613407,0.9511392749205315,0.8935227538568195
2018-08-02,1.0029859949717554,0.9425955975314888,0.8858329030454111,1.016397600241357,0.9506056510060387,0.889064204064527,1.0124622822613407,0.9509490851035108,0.8931654876617547
2018-08-03,1.0034670931768366,0.9430388610723328,0.8862411366605198,1.016885131536486,0.9508624708059129,0.889118137244944,1.0129479259185303,0.9513962769424386,0.8935771004779698
2018-08-06,1.0035196843299352,0.9429702512123829,0.8860657562399347,1.0167569759618003,0.950694388785273,0.8889158464282648,1.013001013956808,0.9513270590469599,0.8934002683256081
2018-08-07,1.0030160631476608,0.9424843377519522,0.885597249179,1.0159176927561278,0.9498918885781424,0.8881488929868754,1.0124926345236385,0.9508368393155648,0.8929278831431272
2018-08-08,1.0033071968978307,0.9427455986550355,0.8858311803075183,1.0159097039791147,0.9498671228938722,0.8881095684456496,1.0127865189274268,0.9511004155696988,0.8931637506636991
2018-08-09,1.003138267880422,0.9425737641061118,0.8856574081536986,1.0158760153700388,0.9498188694719757,0.888048796210763,1.012615993855927,0.9509270581855608,0.8929885400907178
2018-08-10,1.0030897831793517,0.942515004737341,0.8855897996001509,1.0152558738993611,0.9492202864193637,0.8874716094180072,1.012567051067746,0.9508677780784605,0.8929203718995251
2018-08-13,1.0030638056296057,0.9424542515313205,0.8854985800715924,1.0150603980356905,0.9489885407027855,0.887209159811274,1.0125408280801518,0.9508064864642904,0.892828397290737
2018-08-14,1.0037432768365144,0.9430789383793853,0.8860726091641591,1.0157431483113044,0.9496082918476687,0.8877712048579474,1.0132267189822446,0.9514367094233189,0.8934071779757079
2018-08-15,1.00326949473998,0.9426200073356001,0.8856284662825503,1.0160894942858074,0.9499122298990044,0.8880367791706375,1.0127484605567465,0.9509737112326252,0.8929593586498736
2018-08-16,1.0026559489997486,0.94202850227688,0.8850585790271367,1.0161589486317142,0.949957206500635,0.8880601567007472,1.01212911799011,0.9503769641271888,0.8923847540865935
2018-08-17,1.0028951142462446,0.9422403923479956,0.8852456089567561,1.0160295609691503,0.9498175343032919,0.8879120765694823,1.012370542887884,0.9505907320142843,0.8925733321781517
2018-08-20,1.0029601769026109,0.9422659461413313,0.8852362149953361,1.015409170427509,0.9491896027403877,0.8872802543084015,1.0124362202611323,0.9506165122709046,0.8925638604571263
2018-08-21,1.003473226575147,0.9427345222513643,0.8856638147700966,1.0161322232523877,0.9498471888818776,0.8878778318646009,1.0129541172656502,0.9510892410045249,0.8929949997386262
2018-08-22,1.0034711839193038,0.942718838714553,0.8856361571766864,1.016269828796366,0.9499586287070052,0.8879659429517924,1.0129520553106408,0.951073418476793,0.8929671132062782
2018-08-23,1.0030099514848363,0.9422721482471539,0.8852039400453938,1.0166304471342014,0.9502783653784567,0.8882486047401313,1.012486465117363,0.9506227693411403,0.8925313183475418
2018-08-24,1.0035619218307508,0.942777288965996,0.8856658917525305,1.016506077476451,0.9501443731031362,0.8881067737033204,1.0130436505207154,0.9511323867271003,0.8929970939135233
2018-08-27,1.0033157447017476,0.9425094230023869,0.8853798701346381,1.0162938067755496,0.9498978700233566,0.8878314151684507,1.0127951474916395,0.9508621468769552,0.8927087047185088
2018-08-28,1.002453007248041,0.9416864153097813,0.8845949551973762,1.0166454801882088,0.9502079642514349,0.8881038560433764,1.011924258829434,0.9500318455108486,0.8919172925567993
2018-08-29,1.0021354791616304,0.9413753385461474,0.884290712474153,1.0166422383157536,0.9501882034782894,0.8880697464153012,1.0116037307137262,0.9497180119171535,0.891610531429141
2018-08-30,1.001369910977572,0.940364357772004,0.8830669040984412,1.016242832650238,0.9496104596728225,0.8873387688065169,1.0108309293837532,0.9486980716111022,0.8903765928376309
2018-08-31,1.001369910977572,0.940364357772004,0.8830669040984412,1.016561411446599,0.9497095288164282,0.8872457449066418,1.0108309293837532,0.9486980716111022,0.8903765928376309
2018-09-04,1.001369910977572,0.940364357772004,0.8830669040984412,1.016561411446599,0.9497095288164282,0.8872457449066418,1.0108309293837532,0.9486980716111022,0.8903765928376309
2018-09-05,1.001369910977572,0.940364357772004,0.8830669040984412,1.016561411446599,0.9497095288164282,0.8872457449066418,1.0108309293837532,0.9486980716111022,0.8903765928376309
2018-09-06,1.001369910977572,0.9400823330720823,0.8825373816694396,1.016561411446599,0.9496145673596923,0.8870683312403936,1.0108309293837532,0.9484135475468382,0.8898426872252958
2018-09-07,1.0016128311731036,0.9402968756549817,0.8827261110567132,1.0166005615167273,0.9496462695587256,0.8870933974259966,1.0110761447076044,0.9486299914528548,0.8900329788419661
2018-09-10,1.0009084573685945,0.9395980095839326,0.8820347105088095,1.0164446543578327,0.9494882767925452,0.886934269218168,1.0103651159262916,0.9479249318784047,0.8893358551458209
2018-09-11,1.0014679760736647,0.9400169961871886,0.882328319227905,1.016504988805643,0.9494456310752467,0.8868019869873853,1.010929921006266,0.9483476316322338,0.8896318942451489
2018-09-12,1.0007233590075995,0.9392066416357407,0.8814631691550042,1.0166122071621637,0.9494421196436748,0.8867019479282506,1.0101782687420284,0.9475300955421789,0.8887595827921577
2018-09-13,1.001986720671006,0.9403698353961694,0.8825337048107861,1.0175044699117888,0.9502614426480483,0.8874540597905536,1.011453566741668,0.9487035977791666,0.8898389799310182
2018-09-14,1.001985499353876,0.9403466310655818,0.882491226165747,1.0180383751517668,0.9506511449174032,0.8877163252276796,1.0114523338854415,0.9486801878067453,0.8897961496640671
2018-09-17,1.001749272449434,0.940065165752597,0.8821709852701413,1.017468829865537,0.9500706043223878,0.8871287507717805,1.0112138750913986,0.948396228086827,0.8894732579372983
2018-09-18,1.0023748123739171,0.9406306917649271,0.8826815115837386,1.018020270297767,0.950567984666726,0.887576815795268,1.011845325164244,0.9489667659139035,0.8899880101916804
2018-09-19,1.0022845559802602,0.9405189863950026,0.8825513433513126,1.0183906483501837,0.9508915564834843,0.8878581553740813,1.0117542160213762,0.9488540705866506,0.8898567644766103
2018-09-20,1.0039406001051774,0.9419571538057632,0.883792121233879,1.020341553772324,0.9525986938164782,0.8893452117156758,1.0134259065760247,0.9503049833503745,0.8911078130420366
2018-09-21,1.0035068358429173,0.9415242427161001,0.8833616106612252,1.0201486493829737,0.9523969037782725,0.8891365640972307,1.012988044076316,0.9498682357083058,0.8906737388681759
2018-09-24,1.0039022945084437,0.9418202299402259,0.8835689880645482,1.0206348958846028,0.9526926151670518,0.8892650797759636,1.0133872390651255,0.9501668460357057,0.8908828328620118
2018-09-25,1.0037126407498,0.9416155499329188,0.8833518926995493,1.0208503367872466,0.9528662178559637,0.8894014892990458,1.0131957934434734,0.9499603521095752,0.8906639404649448
2018-09-26,1.0036020528022607,0.9414824773512136,0.8831995753140893,1.0217651593832051,0.9536887322234008,0.8901399612927523,1.013084160652669,0.949826100209655,0.890510362254657
2018-09-27,1.0020533115967978,0.9400024444264873,0.881785686794747,1.020961567256611,0.9529102173434122,0.889386756037094,1.0115207868235467,0.9483329509106582,0.889084770109077
2018-09-28,1.0019662057655054,0.9393332955034138,0.8806069244463245,1.0216531005803446,0.9529596973380442,0.8888767060396937,1.011432858009794,0.9476578718440244,0.8878962504185728
2018-10-01,1.0019662057655054,0.9393332955034138,0.8806069244463245,1.0216531005803446,0.9529596973380442,0.8888767060396937,1.011432858009794,0.9476578718440244,0.8878962504185728
2018-10-02,1.0019662057655054,0.939051580029405,0.8800788771200525,1.0216531005803446,0.9527691435093423,0.8885212975206854,1.011432858009794,0.9473736597461005,0.8873638321193013
2018-10-03,1.002858824813593,0.9398721192085167,0.8808328586929097,1.021822198282025,0.9529163443746749,0.8886487843831296,1.012333910589937,0.9482014707222087,0.8881240548620936
2018-10-04,1.0035511316329704,0.9404134876910507,0.8812394937811979,1.0222982177870332,0.953351172057666,0.8890458056686981,1.0130327583763326,0.9487476369301965,0.8885340559194969
2018-10-05,1.0039940035191466,0.9408106065141697,0.8815948634847375,1.022165041368737,0.9532184932151775,0.8889141658651487,1.0134798145494748,0.9491482751068562,0.8888923672369823
2018-10-08,1.0040240193391512,0.9407883947312357,0.8815268417000355,1.0219469342569898,0.9528941544921554,0.8884989001408757,1.0135101139612095,0.9491258664782618,0.8888237823940665
2018-10-09,1.0033910139834745,0.9400834239872148,0.8807615310250664,1.0214170568139003,0.9523866605716472,0.8880131911649568,1.0128711279232139,0.9485094801115129,0.888229711683577
2018-10-10,1.0015968250748135,0.9383752000762501,0.8791356081288147,1.0213707583662315,0.9523272035523258,0.8879425754016226,1.0122357561007296,0.9478931687169155,0.8876326251516274
2018-10-11,1.0015922622287206,0.9382501995232972,0.878905484959914,1.0212064607655884,0.9521554098189366,0.8877650618414377,1.0125076050604298,0.948027476314343,0.8876458909561831
2018-10-12,1.0014144169913448,0.9380648104750207,0.8787142229167552,1.020862632170666,0.9518213956430321,0.8874411098894782,1.0123275595203272,0.94783570119277,0.8874446208586193
2018-10-15,1.000566371859447,0.9372216648907379,0.8778787588001989,1.020315468275042,0.9510839581868449,0.8865416888476904,1.011601393404314,0.9470945917642245,0.8866934143663154
2018-10-16,1.0005907758911396,0.93712999318885,0.8776855482553481,1.0207599567592305,0.9513874013687746,0.8867211586303813,1.0120053707877523,0.9473514242713239,0.8868201332101813
2018-10-17,0.9992291120396024,0.9358310832433208,0.8764468993518044,1.020918524140162,0.951516174764699,0.886823440194245,1.0111183433729116,0.946493076809981,0.8859904027465672
2018-10-18,0.9988778328704866,0.9353885983777013,0.8759262617476212,1.0195949279504508,0.950263760989114,0.8856386657893542,1.0110681999388862,0.9463251832530072,0.8857201087400656
2018-10-19,0.9993189572255634,0.935782464301763,0.8762770804518968,1.0195893104704352,0.9502392497982561,0.8855978459587175,1.010651240040761,0.9459105369152341,0.8853091792953689
2018-10-22,0.9980441202573991,0.934444611360481,0.8748895262899679,1.018195548206114,0.9487918529268641,0.8841107110376489,1.0102739007516122,0.9453976298898796,0.8846798062096148
2018-10-23,0.9974901922705917,0.9338127966104799,0.8741920073814639,1.0168269595039192,0.9474011619778355,0.8827072813511497,1.0092917296352366,0.9443593843118139,0.8835967253221035
2018-10-24,0.9997662365414506,0.9359223356671625,0.8761469936665988,1.017143352307276,0.9475847760386894,0.8827747164753301,1.0117359515297177,0.9466171166498009,0.8856818179365274
2018-10-25,0.9987751187024216,0.9349731442532797,0.8752384244121603,1.0165013829566305,0.9468760049577574,0.8820112897833047,1.0087608596231243,0.9437998687918514,0.8830144371360517
2018-10-26,0.997768756954442,0.9340086343387578,0.8743145516510761,1.015797764941925,0.946197817528903,0.8813583733996498,1.0072643307511162,0.9423713238464297,0.8816513540973585
2018-10-29,0.997972613507015,0.9339607220516106,0.8740461286346581,1.0162933129521374,0.946416830143341,0.8813363290219007,1.008243826335857,0.9430334750433687,0.8820329343445759
2018-10-30,0.9974108865740609,0.933230376597673,0.8731710505085065,1.0157307117260586,0.9457802683199318,0.8806386014757859,1.0077089953571745,0.9423188634113838,0.8811639382816485
2018-10-31,0.9979671180816093,0.9335547683518043,0.8732911346523993,1.0164055128059384,0.9461127016900993,0.8806726221949525,1.0076698582582564,0.9419868079895748,0.8805771495059814
2018-11-01,0.9979671180816093,0.9335547683518043,0.8732911346523993,1.0164055128059384,0.9461127016900993,0.8806726221949525,1.0076698582582564,0.9419868079895748,0.8805771495059814
2018-11-02,0.9979671180816093,0.9329949713689829,0.8722444413228119,1.0164055128059384,0.9457344079269285,0.8799686472771308,1.0076698582582564,0.9415160499645925,0.8796974520539275
2018-11-05,0.9999219211844921,0.9347478471386869,0.8738133678903264,1.0180110905675395,0.9471777188371977,0.881264481728716,1.0089702854675635,0.9426690820283568,0.8807167818072615
2018-11-06,0.9977682951412924,0.9327053107364097,0.8718765911464026,1.0157624339957636,0.9449708813542855,0.879104529823087,1.00834341152644,0.9420609625624525,0.8801276515758922
2018-11-07,0.9995671214007211,0.9342570921821894,0.8732057635426174,1.017543548946145,0.946501362403555,0.8804105539380161,1.009217773387339,0.9428492153098891,0.8808373045952268
2018-11-08,0.9986379164205118,0.9333669274477002,0.8723535045064388,1.0164497726722257,0.9454668856586986,0.8794324312222324,1.00927913995792,0.942790255715089,0.8806735373079996
2018-11-09,0.9967942311920414,0.9316195236120784,0.8706976975286485,1.0151127127383444,0.9442023026862985,0.8782367425199973,1.0074805235022213,0.9410895833995521,0.879065732432365
2018-11-12,0.9958515319786261,0.9306731910441334,0.8697522705215824,1.014745326163488,0.9437126802040054,0.8776438426503147,1.006791599135683,0.940391920484058,0.878363500921326
2018-11-13,0.996298616083029,0.9309758514317749,0.8699275168583416,1.0153015061219344,0.9441136437643808,0.8779085923678854,1.0069837142189497,0.9404594045907347,0.8783219915750965
2018-11-14,0.9966538807690979,0.9311873951149489,0.870012770168556,1.01485146734509,0.9435721504421271,0.8772907562015514,1.0076079275371657,0.9409250227349214,0.8786473295009407
2018-11-15,0.9928908851217142,0.9275419813275289,0.8664856644276833,1.0112543147114852,0.9400946003020542,0.8739336614767031,1.0041705539974777,0.9375885303655408,0.8754133546480907
2018-11-16,0.9949776839315667,0.9292704603969549,0.8678939372090835,1.0125305223894303,0.941160866484787,0.8748131821242472,1.0062580022148204,0.9394128931747753,0.8770003284366369
2018-11-19,0.9960202965276822,0.9300738870055226,0.8684851843751263,1.0115533266283852,0.9401870951228242,0.8738472169694436,1.0073124351784881,0.9402250887055422,0.8775977792731692
2018-11-20,0.9951633508702789,0.9290678911413133,0.867353681768804,1.0114756835238803,0.9399070777234494,0.8733938103115482,1.0064457741074397,0.9392081129965383,0.8764544043573786
2018-11-21,0.9960780744422022,0.9298130765672697,0.8679478084821912,1.0111697621903644,0.9394205546668438,0.8727538185562972,1.007370868136107,0.9399614316769258,0.8770547649549525
2018-11-23,0.9968102448492137,0.9303888429825885,0.8683847561449247,1.0112816750721842,0.9395164882620836,0.8728354777615068,1.008111339347611,0.9405434822392308,0.8774962972981315
2018-11-26,0.9970007614826062,0.9305548745648223,0.8685287162096651,1.0114749575761932,0.9396841487088501,0.8729801756629809,1.0083040159171486,0.9407113259571492,0.8776417678661885
2018-11-27,0.9969220780835694,0.9304771096802766,0.8684520968461031,1.0113951318721643,0.9396056209064269,0.8729031636031456,1.00822444046415,0.9406327123152743,0.8775643445727104
2018-11-28,0.9972066897488217,0.930738662425295,0.8686923977354084,1.0116838754550765,0.9398697396330737,0.8731446961036173,1.00851227884516,0.9408971197524919,0.8778071668229982
2018-11-29,0.9970517028311353,0.9304968172261846,0.8683759649059429,1.0115266384778865,0.9396255217946021,0.8728266414648972,1.0083555348008673,0.9406526349572906,0.877487413816932
2018-11-30,0.9971259451094715,0.9303693171883926,0.8680733280283961,1.0116019585861868,0.9394967709087084,0.8725224534863167,1.0084306187830359,0.9405237433326381,0.8771816015170338
2018-12-03,0.9971259451094715,0.9303693171883926,0.8680733280283961,1.0116019585861868,0.9394967709087084,0.8725224534863167,1.0084306187830359,0.9405237433326381,0.8771816015170338
2018-12-04,0.9971259451094715,0.930183280532286,0.8677262375333827,1.0116019585861868,0.9394028306256459,0.8723479838895388,1.0084306187830359,0.9402416708313887,0.8766556081521426
2018-12-06,0.9973580523158831,0.9301976617432751,0.8675511230633047,1.0116046896124409,0.939209179371985,0.8719860084953324,1.0088061499423133,0.9403779574090728,0.8765833683848681
2018-12-07,0.997022783942709,0.9297731464437057,0.8670509263865043,1.0114034817394546,0.9389147487078119,0.8716127322199789,1.0094676793064035,0.94087599594212,0.8769371370046958
2018-12-10,0.9976727419669618,0.9301309604029572,0.8671530950423861,1.0116067162408091,0.9388665384548945,0.8713480786767156,1.0086573407670014,0.9398594410049504,0.8757461418102297
2018-12-11,0.99664252735424,0.9289728654139564,0.8658892055917257,1.01090475374381,0.93820574678483,0.870726172659731,1.0087173408714336,0.9398041611223836,0.875591030106485
2018-12-12,0.9969756942223843,0.9291762771446644,0.8659789854236921,1.0113955860233714,0.9385576863517046,0.8709566748614198,1.0077524164394767,0.9388806317801989,0.8747077468508908
2018-12-13,0.9960877101425067,0.9283302100085831,0.8651732452926565,1.0104692638395645,0.9375904318373226,0.8699592179655957,1.0073133644614112,0.9383572236040317,0.8741135260151622
2018-12-14,0.9967474638432292,0.9288314018282591,0.8655344965819812,1.0096180735797153,0.9365922365229196,0.868839854796077,1.0074084593705188,0.9383331080453988,0.8739861816277551
2018-12-17,0.9961861464586166,0.9282387040391157,0.864917358732923,1.0096017396561223,0.9364057430282745,0.8685080428455242,1.0070677598040447,0.9379444173237875,0.8735577530607367
2018-12-18,0.994828355991888,0.9267650622140426,0.8633500015249841,1.0084239688212624,0.9351964593881408,0.8672779748996712,1.0074150137653404,0.9382454221557448,0.8738172151944553
2018-12-19,0.995379912698941,0.9272558786375314,0.863785820091752,1.0079412411237714,0.9347314243531731,0.86683062567082,1.008105388329078,0.9388658316261677,0.8743740202491084
2018-12-20,0.9957095242281574,0.9275393405191429,0.8640279074154495,1.0086594843434913,0.9353785857696766,0.8674132362568564,1.0085623067178167,0.9391743940895382,0.8745524705538297
2018-12-21,0.994951965015648,0.9268087481164441,0.8633241656505386,1.0083287806745007,0.9350516145749839,0.8670912151586707,1.0070045435566244,0.9377052540685545,0.8731671519554489
2018-12-24,0.9965766668422494,0.9282452691776545,0.8645907207155055,1.009631764380894,0.9361966901338226,0.8680944893301248,1.0073014336228443,0.9379169507624431,0.8733040217920971
2018-12-26,0.9961125044183373,0.9276641283834373,0.8639107208434142,1.0096939636765163,0.9362105395211199,0.8680666609019938,1.0068123729053577,0.9373267611054151,0.8726288860955966
2018-12-27,0.9958945590333179,0.9274433320823776,0.8636884900717607,1.0095581491741197,0.9360656976431779,0.8679148159404534,1.0054021557707455,0.9359061952256837,0.8712061297581266
2018-12-28,0.9958818161012354,0.9272310304275606,0.863304163704597,1.0097663344526828,0.9361499238268929,0.8678920074368919,1.0057844647630316,0.9360594460262142,0.8711602377282052
2018-12-31,0.996047800221196,0.9269675450541869,0.8626696370077004,1.0100105194314233,0.9360597683202255,0.8675149670531808,1.0059797197557296,0.9358179139140134,0.8705415453688782
2019-01-02,0.996047800221196,0.9269675450541869,0.8626696370077004,1.0100105194314233,0.9360597683202255,0.8675149670531808,1.0059797197557296,0.9358179139140134,0.8705415453688782
2019-01-03,0.996047800221196,0.9265969062916702,0.8619800529653281,1.0100105194314233,0.9355919723340586,0.8666483187344464,1.0059797197557296,0.9355372527381919,0.870019533648689
2019-01-04,0.9961507202020505,0.9266690042747792,0.8620251087370797,1.0103704031602518,0.9358969222649829,0.8669044474369904,1.0060546547307962,0.9355907200837016,0.8700541630512125
2019-01-07,0.9962943641500646,0.926754933467864,0.8620607018187683,1.01048492442346,0.935942592520615,0.866890850409895,1.0057925005062975,0.9353109828677969,0.8697606079171489
2019-01-08,0.9972533289732551,0.9276279679174181,0.8628551182010007,1.0111924807264092,0.9365732740071991,0.8674521340741931,1.0059712598233648,0.9354625484885993,0.8698879093737885
2019-01-09,0.9978707699809923,0.9281837221773337,0.8633547881376269,1.011543898738772,0.9368756633808543,0.8677108232180792,1.0060177812465911,0.9354915069508035,0.8699015408502997
2019-01-10,0.9989092842873207,0.9291303934644443,0.8642173564784242,1.012870176073996,0.938079085222681,0.8688022667462577,1.0068562725459898,0.9362558772660773,0.870598046839924
2019-01-11,0.9983210842774606,0.9285664021776994,0.8636770704576027,1.0131569264312128,0.9383234577268937,0.8690089700380699,1.0064935398935788,0.9359058187768569,0.8702606716340534
2019-01-14,0.9984767673940003,0.9284811548443322,0.8633837814271476,1.0134794531474374,0.9384686951698737,0.8690014053163662,1.0061249766924114,0.9353432233315797,0.8695330383090308
2019-01-15,0.9975496254287415,0.9276094722893353,0.8625643453120061,1.0124678495320352,0.9375111522363602,0.8680954592649416,1.0060232714548512,0.9352437629209938,0.8694360102166296
2019-01-16,0.9978446143894921,0.92787554994416,0.8628041117187452,1.0135224132392995,0.938470733083403,0.8689683264382664,1.006027802534628,0.9351502430505152,0.8692582154947066
2019-01-17,0.9982915446939891,0.9282823239346767,0.8631741581103493,1.014459694065308,0.9393207847900457,0.869738914192251,1.0067225498764185,0.935787406507682,0.8698424535341146
2019-01-18,0.9986874535026367,0.9286404606540406,0.863497866511016,1.0144513557220058,0.9392007285636803,0.8695236748659164,1.0071317401981372,0.9361576874720123,0.8701772699771008
2019-01-22,0.9983037299583082,0.92825061273959,0.8631046572782622,1.0144529933101922,0.939152959995431,0.8694338400076818,1.006816099323471,0.9358309049105762,0.8698424991053196
2019-01-23,0.9987281646316136,0.9286366102360545,0.863455518562273,1.014665797255492,0.9393364466932878,0.8695911852280493,1.0064270424581498,0.9354606315022923,0.8694902944980437
2019-01-24,0.9990956737294678,0.928969965298173,0.8637576972671731,1.015404568633022,0.9400076282901567,0.8702007280202846,1.0070686863180254,0.9360485567237913,0.870028879974252
2019-01-25,0.9988512818853083,0.9287326775312134,0.8635277207476999,1.0154330899722812,0.9400186599542976,0.8701967101204059,1.0076843441456371,0.9366115526121065,0.8705435732304994
2019-01-28,0.9986127906421044,0.9284869942486467,0.8632770374001099,1.0151096951761938,0.9396831987940187,0.8698527753462102,1.007403497053235,0.9363264180499903,0.870256160219279
2019-01-29,0.9986750868990112,0.9285351251899535,0.8633126849363032,1.0148490004591906,0.9393338709054473,0.8694294492368038,1.0087160031916187,0.9375371265984717,0.8713728936040788
2019-01-30,0.9989289725530404,0.9286690615035245,0.863342249092969,1.0152513974484914,0.9395944463850416,0.8695670176231184,1.0081812259156644,0.9369361680526395,0.8707177432932478
2019-01-31,0.9985687305230873,0.9280416760299954,0.8624870900746003,1.0155433836292163,0.9393688654416077,0.8688993931993548,1.0077865385925047,0.9362742583040661,0.8698283578909299
2019-02-01,0.9985687305230873,0.9280416760299954,0.8624870900746003,1.0155433836292163,0.9393688654416077,0.8688993931993548,1.0077865385925047,0.9362742583040661,0.8698283578909299
2019-02-04,0.9985687305230873,0.9278561048090336,0.8621422331813278,1.0155433836292163,0.9391810292357605,0.8685519724103907,1.0077865385925047,0.9361806402400421,0.8696544270055289
2019-02-05,0.9986779289961563,0.9279484062933047,0.8622194823955373,1.0154223307153256,0.9389666457068868,0.8682589813592361,1.0079305928168463,0.9363100769909285,0.8697705943518947
2019-02-06,0.998635028714431,0.9278996422519729,0.8621659008988568,1.0151465450067112,0.9386989862142971,0.8679997951255084,1.007693603851871,0.9360856392848759,0.8695581235519755
2019-02-07,1.0005812329525814,0.9296972865987615,0.8638262497696982,1.0152657181908709,0.9387942643523034,0.8680740977936645,1.0075347840899918,0.9359335479472749,0.8694126085729543
2019-02-08,0.9997417580777948,0.9289080174790055,0.8630842935237885,1.0145275487900718,0.9380982428117264,0.8674180617951475,1.006995775528805,0.9354283066728526,0.8689390609361017
2019-02-11,0.9994099182404381,0.9283899962211661,0.8624081851243887,1.0147141706900653,0.9381414101828766,0.8673383066147069,1.0070255051961747,0.9352570700180799,0.8685953133993342
2019-02-12,1.0003233256921542,0.9292189140738598,0.8631599866955183,1.0139904268632391,0.9374537998861598,0.8666854975303949,1.0075948048056342,0.9357709608625141,0.8690587890772824
2019-02-13,1.0000041133857758,0.9289059107432294,0.8628539255888693,1.014038324100797,0.937480549268743,0.866694018592753,1.0078505559987754,0.9359955779496149,0.8692554069379484
2019-02-14,0.9991936927006373,0.928134920028907,0.8621208654577901,1.0134352056389542,0.9369061022211884,0.8661473569239218,1.0071969175534499,0.935375187607008,0.8686668542604301
2019-02-15,0.9996698300176644,0.9284628486588915,0.862319191616879,1.0141870860536597,0.9375832746193453,0.8667568040750502,1.0077965936927316,0.9358230056842601,0.8689813790509904
2019-02-19,1.0000700749582667,0.9287557134039169,0.862517926221895,1.0139110596603165,0.9372647050007065,0.866403684591139,1.0084591418121074,0.9363747332372049,0.8694347314445878
2019-02-20,0.9985780302012774,0.9273478239827834,0.8611897782566063,1.0142512833508806,0.9375615968037887,0.86666184574483,1.0073213937390602,0.9353009864197696,0.8684216493145871
2019-02-21,0.9997768489570721,0.928438151824588,0.8621809828845891,1.014535540266238,0.9378064492496557,0.8668716187410245,1.0072441977916673,0.9352111608201681,0.8683213955804032
2019-02-22,1.00075119247576,0.9293200321805125,0.862978613626733,1.013527548020158,0.9368562873382914,0.8659763007607678,1.0077009824540595,0.9356163176759192,0.8686799623582578
2019-02-25,1.0009701349211848,0.9294631328328667,0.8630555830414238,1.0143695847892604,0.9374931793703549,0.8664343407312944,1.0073478194599457,0.9352399850354717,0.8682855857739648
2019-02-26,1.0012210493386768,0.9295812858272755,0.8630586837414229,1.0148498092845506,0.9379160074223878,0.8668057140682313,1.0075620035522803,0.9354217122907102,0.8684384007426851
2019-02-27,1.0002963336010493,0.928704906365066,0.8622284529566954,1.0149558267440568,0.9379923796986331,0.8668563220790206,1.006977770780406,0.9348621623812517,0.8679029864739732
2019-02-28,1.000229535358188,0.9282553434016657,0.8614512645109331,1.0147458383419918,0.9373079282075722,0.8657705823085268,1.007053047537648,0.9345417542748146,0.8672431882953234
2019-03-01,1.000229535358188,0.9282553434016657,0.8614512645109331,1.0147458383419918,0.9373079282075722,0.8657705823085268,1.007053047537648,0.9345417542748146,0.8672431882953234
2019-03-04,1.000229535358188,0.9280697294557746,0.8611068217822202,1.0147458383419918,0.9371205041067509,0.8654244125435093,1.007053047537648,0.934354883298155,0.8668964297234341
2019-03-05,1.0007165901937785,0.9285134895580585,0.8615109978754222,1.0149133586705563,0.937266821532177,0.8655517909350323,1.0075434250351727,0.9348016486708658,0.8673033232740521
2019-03-06,1.0011843141545733,0.9289393504561145,0.8618985962478926,1.0152889543870551,0.9376052809970092,0.8658565917743755,1.008014339783712,0.9352303936208145,0.867693527644476
2019-03-07,1.0009173988921864,0.9285904600220093,0.8614809365914929,1.0149413105484533,0.9372756730989418,0.8655442950968502,1.007745603639738,0.9348791404008292,0.8672730598746087
2019-03-08,1.0006407466673815,0.9282282941350154,0.8610470842476617,1.0150229640420338,0.937342353287997,0.8655978148794812,1.0074670641083112,0.9345145218227886,0.8668362905465988
2019-03-11,0.9998069580241853,0.927405724201372,0.8602384476780416,1.0150298355881915,0.9373240840387421,0.8655582039941345,1.0066275874037642,0.9336863812101166,0.8660222171501104
2019-03-12,0.9990854140698895,0.9267189589262267,0.8595852016745742,1.0144633595297399,0.936698693564669,0.8648862274655033,1.005901121115358,0.9329949649639604,0.8653645790803468
2019-03-13,0.9991569879539646,0.9266759823144557,0.8594438340353721,1.014223156328622,0.9363709160462842,0.8644856782568241,1.0059731832726269,0.9329516973022737,0.865222260963009
2019-03-14,0.998954025418425,0.9264672271756006,0.8592312008211238,1.0145595507638374,0.9366649773846752,0.8647419177132657,1.0057688361375687,0.9327415284138677,0.8650081981201542
2019-03-15,0.9992449160666546,0.9267151509729441,0.8594408594970315,1.0144326432116952,0.9365302600472973,0.8646013393476223,1.00606171122618,0.9329911312221284,0.8652192664255112
2019-03-18,0.9992022663893959,0.9266152875192416,0.8592923253939909,1.0142884230896243,0.9363483984867487,0.8643884883308147,1.0060187705951134,0.9328905914645342,0.8650697336609797
2019-03-19,0.9990283858754301,0.926432735074188,0.8591033003076672,1.0139364359069143,0.9360057799376021,0.8640558934778089,1.0058437038776185,0.9327068027220722,0.8648794376740973
2019-03-20,0.9992245347106679,0.9265932749107544,0.8592323731514796,1.0137807505871668,0.9358456515317666,0.8638929263522801,1.0060411908296774,0.9328684297803619,0.8650093783326134
2019-03-21,0.9992944945597447,0.9266329434086824,0.8592457607407159,1.0132069937765382,0.9352960027256857,0.8633670604018377,1.0061116279410878,0.9329083669247119,0.8650228559326254
2019-03-22,0.9988908097814578,0.9262355056182204,0.8588557999227591,1.0124348096495237,0.9344715791320202,0.8625029854949725,1.0057051892469206,0.9325082375717771,0.8646302732329328
2019-03-25,0.9996915258799314,0.9269196063161244,0.8594359855064416,1.0131139286973732,0.9350630150634465,0.8630162035411085,1.0065113677876207,0.9331969711954123,0.8652143596648932
2019-03-26,0.9996640848556873,0.9268708052181943,0.8593690585604868,1.0127803521322214,0.9347408549881513,0.8627056760710446,1.0064837395621828,0.933147839602479,0.8651469827390197
2019-03-27,0.9999182076881754,0.9269936438208806,0.8593784477116171,1.0128337416386342,0.9346835589713867,0.8625545154172642,1.0067395960069883,0.9332715101033419,0.8651564350176303
2019-03-28,1.0003151747151462,0.9273430272832573,0.8596850666411167,1.01334065407624,0.9351337765592148,0.8629537619389086,1.0071392711217004,0.9336232596905274,0.8654651154839151
2019-03-29,1.0009626123594308,0.9275559161291698,0.8595233629397736,1.0137745104884972,0.9351439341244301,0.8626030399446374,1.007791125550828,0.9338375902806378,0.8653023245759563
2019-04-01,1.0009626123594308,0.9275559161291698,0.8595233629397736,1.0137745104884972,0.9351439341244301,0.8626030399446374,1.007791125550828,0.9338375902806378,0.8653023245759563
2019-04-02,1.0009626123594308,0.9275559161291698,0.8595233629397736,1.0137745104884972,0.9351439341244301,0.8626030399446374,1.007791125550828,0.9338375902806378,0.8653023245759563
2019-04-03,1.0009626123594308,0.9275559161291698,0.8595233629397736,1.0137745104884972,0.9351439341244301,0.8626030399446374,1.007791125550828,0.933744215859052,0.8651292987162131
2019-04-04,1.0009626123594308,0.9275559161291698,0.8595233629397736,1.0137745104884972,0.9351439341244301,0.8626030399446374,1.0079866236445236,0.9339211150854514,0.8652892759639483
2019-04-05,1.0009626123594308,0.9275559161291698,0.8595233629397736,1.0137745104884972,0.9351439341244301,0.8626030399446374,1.0082383902348608,0.9341498446374019,0.8654969917254958
2019-04-08,1.0009626123594308,0.9275559161291698,0.8595233629397736,1.0137745104884972,0.9351439341244301,0.8626030399446374,1.008195031395962,0.9340975958707064,0.8654373965062563
2019-04-09,1.0009626123594308,0.9274631698121886,0.8593514926412453,1.0137745104884972,0.9351439341244301,0.8626030399446374,1.0084108280831112,0.9342000738486979,0.8654420648998726
2019-04-10,1.0008786627485744,0.9273810245227035,0.8592713409996187,1.0137745104884972,0.9351439341244301,0.8626030399446374,1.007950716354743,0.9337652790257814,0.8650313582437055
2019-04-11,1.0010318520191794,0.9275187667868637,0.8593950767359673,1.0137745104884972,0.9351439341244301,0.8626030399446374,1.0080891368336207,0.9338850578479452,0.8651344854938986
2019-04-12,1.001386701258081,0.9278434163416066,0.8596920452762099,1.0137745104884972,0.9351439341244301,0.8626030399446374,1.0085846115918484,0.9343359266076969,0.8655446263760537
2019-04-15,1.0013927679325312,0.9278374263522258,0.8596757391450565,1.0137745104884972,0.9351439341244301,0.8626030399446374,1.0081648856548362,0.9339233606595313,0.8651404448954105
2019-04-16,1.0013481163332243,0.927698069812161,0.8594558699622504,1.0137745104884972,0.9349569427358829,0.8622581366899614,1.0086655663170023,0.9342832328578117,0.8653775872292119
2019-04-17,1.0014644007506008,0.9277963737769165,0.8595382119760884,1.0139888565188326,0.9351449113275638,0.8624225355924698,1.0091435908999633,0.9347122719718703,0.865762267344687
2019-04-18,1.0002760464233613,0.9266854721480319,0.8584998077241371,1.014182511758323,0.9353145084025674,0.8625706434494441,1.0072401028716842,0.9328414051870724,0.8639295429201381
2019-04-22,1.0000105925142584,0.9264076151884336,0.8582128125619759,1.0140870018975836,0.9351007526153465,0.8622576597570456,1.0069728008367425,0.9325617024352509,0.8636407326058719
2019-04-23,1.0004602223867736,0.9266298299934638,0.8582386887447379,1.0148791730674962,0.935630455739479,0.8625609725634454,1.0074255610929395,0.9328786719433266,0.8638395058016577
2019-04-24,1.0003647291080833,0.9264317161457821,0.8579535625039167,1.0151796759049772,0.9357922775565288,0.8626038538621572,1.0073146302299414,0.9326695283207854,0.8635472552752512
2019-04-25,1.0004674700478606,0.9264128731250543,0.8578305050048258,1.0153139780430953,0.9357967021635133,0.8624978276365763,1.0076703449340674,0.932888942528817,0.8636485541107604
2019-04-26,1.0003594496796613,0.9262029410669247,0.8575343025849061,1.0151785006724454,0.9356505231259329,0.862343444032248,1.0074354480151229,0.9325654894486801,0.8632509668068787
2019-04-29,1.0003237223657324,0.9260163922077631,0.8572196062833776,1.0146139065989137,0.9350683269693356,0.8617499204650851,1.0068908470504792,0.9319196464488089,0.8625220499384733
2019-04-30,1.0005819546513666,0.9256703228314491,0.8563575986403784,1.0151590322594357,0.9350768308404902,0.8613025988188215,1.006923488133123,0.9314578138439032,0.8616392066603749
2019-05-01,1.0005819546513666,0.9256703228314491,0.8563575986403784,1.0151590322594357,0.9350768308404902,0.8613025988188215,1.006923488133123,0.9314578138439032,0.8616392066603749
2019-05-02,1.0005819546513666,0.9254852257862919,0.8560151925633531,1.0151590322594357,0.9348898528699162,0.8609582155326085,1.006923488133123,0.9312715595319968,0.8612946887848609
2019-05-03,1.0004222617568308,0.92532839360475,0.8558616895620699,1.0149970128631014,0.934731426985805,0.8608038261348363,1.0067627831297512,0.9311137468017446,0.8611402390497787
2019-05-06,1.0002333396980216,0.9251297140083913,0.8556557928705493,1.0148053384745102,0.9344373033950708,0.8604247243632951,1.006572663712189,0.9309138250175898,0.8609330724849961
2019-05-07,1.0002872850983409,0.9251685545324139,0.855681496512592,1.0150358758436313,0.9345398763318851,0.8604182361933438,1.0066269510101018,0.9309529083809669,0.8609589346549272
2019-05-08,1.0003562320355248,0.9252236706629371,0.8557244714346683,1.015440028819016,0.9348939121540337,0.8607275687048586,1.0066963349222968,0.9310083691094557,0.8610021746259662
2019-05-09,0.9999498990511008,0.9248396033925556,0.8553616198999546,1.0152207994977598,0.9345820890058217,0.8603392043583147,1.006287426662341,0.9306219005674544,0.8606370851948657
2019-05-10,1.000145041668721,0.9250104980430769,0.8555108030805223,1.0152785709025136,0.9346095231135838,0.8603407323074468,1.0064838060636525,0.9307938636882829,0.8607871884666245
2019-05-13,0.9998791237243296,0.9247376038495693,0.855233489599509,1.0153185298235923,0.9344843699014701,0.860076485362454,1.0062162027725088,0.9305192633012705,0.860508164647421
2019-05-14,1.0000088008708974,0.9248487287304784,0.8553281172224273,1.015015650878741,0.9341770718091255,0.8597674001665746,1.00634670179275,0.9306310829589634,0.8606033758886933
2019-05-15,1.0002972956433855,0.9251058092129193,0.8555568733373372,1.0161283892231836,0.9351739227592462,0.8606597602083551,1.006637025000431,0.9308897707641681,0.8608335428629604
2019-05-16,1.000042530126524,0.9247680417206523,0.8551500074035745,1.015710923926454,0.9347607560256831,0.8602528292332426,1.0063806448191759,0.9305498914765054,0.8604241675728468
2019-05-17,0.9999266965656,0.9245557530744134,0.8548564438344134,1.0152290726264375,0.9342911480363005,0.859796568944944,1.0062640771230802,0.9303362755557479,0.8601287934426493
2019-05-20,0.9998758568703332,0.9244614241301797,0.8547254633370169,1.0149878490483055,0.9339963390516931,0.8594582286658571,1.0062129152136978,0.9302413568465585,0.8599970051195892
2019-05-21,0.9991632570818407,0.9236928037974438,0.8539133156179284,1.0145950424517363,0.9336075468721856,0.859075305474729,1.0054957990780968,0.9294679309333066,0.8591798484580759
2019-05-22,0.9991596389126948,0.9235762966588319,0.8537009126134552,1.0146625984033704,0.9335517073958245,0.8589152761437686,1.005492157977555,0.9293506953668723,0.8589661354524845
2019-05-23,0.9989516704131448,0.9233659396284887,0.8534897074989615,1.0145047365473918,0.9333810671257491,0.8587348971663337,1.0052828714058604,0.9291390231388907,0.8587536277248905
2019-05-24,0.9986838380465128,0.9231024797360649,0.8532314917835313,1.014717229970553,0.9335547348360321,0.8588745841830555,1.0050133415591644,0.9288739160382525,0.8584938194572419
2019-05-28,0.9990186046824724,0.9233461145365057,0.8533959179722832,1.0154101501452295,0.9341086566014152,0.859307382188005,1.0053502298942218,0.929119074096146,0.8586592597488388
2019-05-29,0.9990679310123924,0.9233716983641723,0.8534010878445916,1.0147658673170605,0.9334018503814033,0.8585522663684839,1.0053998688467825,0.9291448178794351,0.8586644615064707
2019-05-30,0.9986069401280331,0.9229295107499342,0.8529775053292609,1.0134707670403316,0.9321929747104939,0.857424120101448,1.0049359562735856,0.9286998656126204,0.8582382665348323
2019-05-31,0.9982613911813774,0.9222226449583861,0.851966081979934,1.0144487458144607,0.9327054980252636,0.857539553399451,1.0045882172912164,0.9279885803433007,0.8572206052053882
2019-06-03,0.9982613911813774,0.9222226449583861,0.851966081979934,1.0144487458144607,0.9327054980252636,0.857539553399451,1.0045882172912164,0.9279885803433007,0.8572206052053882
2019-06-04,0.9982613911813774,0.9221304319151946,0.8517957228353669,1.0144487458144607,0.9327054980252636,0.857539553399451,1.0045882172912164,0.9278957907642242,0.857049195366315
2019-06-05,0.9977307481114134,0.9216345161451178,0.8513323280520522,1.0144487458144607,0.9327054980252636,0.857539553399451,1.0040542110876487,0.927396774421523,0.8565829425834823
2019-06-06,0.9975768044396142,0.9214880136564231,0.8511930279730492,1.0144487458144607,0.9327054980252636,0.857539553399451,1.003899291744697,0.9272493559675914,0.8564427833675771
2019-06-07,0.9977943437967524,0.9215925453230001,0.8512005609124486,1.0144487458144607,0.9327054980252636,0.857539553399451,1.0041182098325934,0.927447267370251,0.8566216185879675
2019-06-10,0.9975734047903052,0.9213652357397577,0.8509691493449849,1.0144487458144607,0.9326122368015834,0.8573680797834943,1.0040913690221513,0.9274106802590937,0.856576932702727
2019-06-11,0.9974113791347798,0.9212072266156269,0.850815491956598,1.0144628059746845,0.932527436265198,0.8572003151922073,1.004006345357745,0.9273276094367753,0.8564960140108344
2019-06-12,0.99821044751669,0.9218435572550823,0.8513092817977111,1.0153624239685695,0.9331585639870944,0.857600450152381,1.0039628602323494,0.92718967643591,0.8562783155586009
2019-06-13,0.9978853881436562,0.921531081490142,0.8510093656633142,1.015162863071754,0.9329671480703131,0.85741716896337,1.0036973090955779,0.926936402462866,0.8560369949976092
2019-06-14,0.997810225431538,0.9214487791154312,0.8509214549058146,1.015035421886305,0.9328411114625836,0.8572931430570223,1.0037178365055963,0.9269463952344954,0.856037941084157
2019-06-17,0.9989187484724731,0.922434167705746,0.8517960676125167,1.015219891902565,0.9329852175972992,0.8574022209068011,1.0049495977955374,0.9280582419273125,0.857041005032308
2019-06-18,0.9989832171169509,0.922386278395493,0.8516526499424921,1.01547800794058,0.9331194529613676,0.8574309508269934,1.004760474233296,0.9277810569464963,0.856690364055216
2019-06-19,1.0001987283176847,0.9233045649644389,0.8523121752948686,1.015334947313093,0.9328801018884918,0.8571118727900979,1.0050898368987173,0.9278846864218725,0.85660095396545
2019-06-20,1.0005086340383758,0.9234704685130863,0.8523543193836198,1.0156036201686542,0.9330164034912588,0.8571354899462702,1.0048160739050613,0.9276092760182508,0.8563257548904344
2019-06-21,1.0000508620845217,0.9230269387082416,0.8519255613542097,1.0151650127489273,0.9325924723494926,0.8567267492474845,1.004356331128471,0.927163758402699,0.8558949991180399
2019-06-24,0.9996639703029739,0.9226116544427326,0.8514885475589766,1.0142934338131266,0.9317326592974701,0.8558825747023955,1.0039677736810535,0.9267466129172665,0.8554559491131414
2019-06-25,1.0007282895346699,0.9235724813040347,0.8523555186935917,1.014015163505097,0.9314553117873936,0.8556078584797749,1.005036675073196,0.9276190211976613,0.856155865490777
2019-06-26,1.000134190141285,0.9229982863238998,0.8518017063703652,1.013412625122051,0.9308737044118636,0.8550477897194815,1.004878800806325,0.9274413837188096,0.8559624659582544
2019-06-27,1.0001054410725296,0.922950758996262,0.8517384690900895,1.0131665766110023,0.9306264568956538,0.8548011773200831,1.0045307226151858,0.9270945426243966,0.8556187372127784
2019-06-28,0.9995396607165077,0.9219438444905778,0.8503618675604727,1.0129799864314712,0.9299669899522783,0.8537471318592769,1.0044630962407,0.9264484109125184,0.8544837042782039
2019-07-01,0.9995396607165077,0.9219438444905778,0.8503618675604727,1.0129799864314712,0.9299669899522783,0.8537471318592769,1.0044630962407,0.9264484109125184,0.8544837042782039
2019-07-02,0.9995396607165077,0.9218516593246453,0.8501918291946338,1.0129799864314712,0.9298740025520231,0.8535764165759617,1.0044630962407,0.9263557753349849,0.8543128417098619
2019-07-03,0.9995787573215054,0.921790951850944,0.8500465974748558,1.0124385218282634,0.9292792735484688,0.8529408145977183,1.004502385423963,0.9262947712479385,0.8541669060292667
2019-07-05,0.999481895383444,0.9215012427252179,0.8495947219490414,1.0126259457187554,0.929342088249447,0.8528982263175116,1.004405046372761,0.9260036466195138,0.8537128401922387
2019-07-08,0.9998277925153705,0.921772194766457,0.8498003430776554,1.0125644218249013,0.9292500610799809,0.8527811374102303,1.0047526472912345,0.9262759225173784,0.8539194579985616
2019-07-09,1.0000705597353876,0.9219789099525744,0.8499751473525616,1.0123626204796918,0.928959191504682,0.8524171883238452,1.0049966103104802,0.9264836477024148,0.854095109577076
2019-07-10,0.9999647253196688,0.921863972046004,0.8498531840219973,1.0126313947642704,0.9290957130412821,0.8524414238574627,1.0048902545858602,0.9263681482156163,0.8539725550712095
2019-07-11,0.999491605593568,0.9214086735473296,0.8494158036015943,1.0117756875149753,0.9282872365225917,0.851678204742967,1.0044148044124963,0.9259106251537634,0.8535330545996316
2019-07-12,0.9994741858269243,0.9212832792444378,0.8491993939722196,1.0115454018628585,0.9280540315841965,0.8514441450644108,1.0043972988412555,0.9257846181812717,0.8533155959990005
2019-07-15,0.9995192101896027,0.9211731270249391,0.8489580999694303,1.0109736264326743,0.9273791048687996,0.8506869989090002,1.004442544980573,0.9256739277641461,0.8530731324065126
2019-07-16,0.9993017872471281,0.9207715988673699,0.848402744835789,1.0107200538903878,0.9271294358024976,0.8504423336989837,1.0042240510772544,0.925270437762299,0.8525150853798449
2019-07-17,0.9977089323983078,0.9191949814039567,0.8468496477411915,1.0107273867224,0.92711895420921,0.8504169281488079,1.0026233502984967,0.9236861170335207,0.8509544601811837
2019-07-18,0.9974195680692397,0.9187313688537909,0.8462409744670293,1.0099832448080905,0.9263256222320084,0.8495875847511295,1.0023325606466793,0.9232202392981825,0.8503428365726446
2019-07-19,0.9969272119834177,0.9181706883435548,0.8456259005927692,1.0089962305937816,0.9253935698159577,0.8487081956444643,1.001837779360999,0.9226568193341119,0.8497247813393
2019-07-22,0.9971997041071748,0.9182840531513945,0.8456036556317227,1.0086045685640634,0.924791972824028,0.8479341952377883,1.0021116137000325,0.9227707380361068,0.8497024285534547
2019-07-23,0.9971781202621133,0.9182426043978589,0.8455456417779283,1.010210138719483,0.9262417654228653,0.8492430060222307,1.0020899235393603,0.9227290867662634,0.8496441334974546
2019-07-24,0.9965560146832093,0.91755702402489,0.8448105010616537,1.0099392303120112,0.9259716257211003,0.8489753820046804,1.0014647536531283,0.9220401566856676,0.8489054294393691
2019-07-25,0.9973948016498622,0.9183125965185588,0.8454907763328233,1.009794832667901,0.9256350899638671,0.8484796986364391,1.0023076722352748,0.922799420864578,0.8495890021109722
2019-07-26,0.9977519822321728,0.9185318954109546,0.8455917714297939,1.0097432521133014,0.9255733937457519,0.8484099240613705,1.002666612183058,0.9230197912391828,0.8496904867469436
2019-07-29,0.9973013930328036,0.9179643045851159,0.8449286350428111,1.0088541810657305,0.924629701470662,0.8474268586241496,1.0022138035151094,0.9224494271960914,0.8490241360343743
2019-07-30,0.9972970658076511,0.9179430750192628,0.8448932201617723,1.0066564716445496,0.9226051621050163,0.8455619124176055,1.0022094549753309,0.9224280939037586,0.8489885494918785
2019-07-31,0.9966664242646247,0.9169817927302425,0.8436579220151672,1.006615397676911,0.9223781792679258,0.8451803566192446,1.0015757070793523,0.9214621148428612,0.8477472636623207
2019-08-01,0.9966664242646247,0.9169817927302425,0.8436579220151672,1.006615397676911,0.9223781792679258,0.8451803566192446,1.0015757070793523,0.9214621148428612,0.8477472636623207
2019-08-02,0.9966664242646247,0.9167067806960337,0.8431520307966892,1.006615397676911,0.9221015488032848,0.844673552487752,1.0015757070793523,0.9211857591151267,0.8472389203101346
2019-08-05,0.997215674630314,0.9168099529274907,0.8428773897975856,1.0063335887741856,0.921440698343926,0.8436995269163086,1.002127662889226,0.9212894354403766,0.8469629480832355
2019-08-06,0.9947635615604905,0.9145405469691996,0.8407771858441991,1.005640009059976,0.9207913108659507,0.8430918105917797,0.9998274164741452,0.9191587024293966,0.8449893608661775
2019-08-07,0.996184862567488,0.9157417900956992,0.8417846087651528,1.006776139672619,0.9217252042175852,0.8438494967440252,1.000190661542065,0.919388541908321,0.8451049176217719
2019-08-08,0.9950114811347133,0.9146520734876137,0.8407727041628642,1.005472880547267,0.9203251384463277,0.8423782225416518,1.0006713912848197,0.9198200152471454,0.8454919475378253
2019-08-09,0.9955918126933341,0.9151761461173509,0.841245815938318,1.0057606413518811,0.9205709641434859,0.8425871559504383,1.0005850420735496,0.9197321824934589,0.8454034340893132
2019-08-12,0.9960371272812363,0.9155595108380667,0.8415743340027448,1.0058578455739542,0.9206098847486148,0.8425769874416034,1.0004399140823055,0.9195737181544141,0.8452347427773818
2019-08-13,0.9961726543649122,0.9156750563857239,0.8416722410229543,1.006948976335908,0.9215910025400443,0.8434588889000163,1.0006410304940703,0.9197492377523383,0.84538748789165
2019-08-14,0.9965489100091703,0.9160079775725304,0.8419663756066064,1.0082818157189377,0.9227884133564088,0.8445342578110593,1.000709678723315,0.9198007374874119,0.8454241669386118
2019-08-15,0.9962442461993212,0.9155365976625545,0.8413572247714319,1.0079350977365353,0.9223600376766748,0.8440405096147905,1.0005858016808,0.9195849142334198,0.8451320596904957
2019-08-16,0.9967187796415635,0.9158698517075149,0.841568954294362,1.007639539380097,0.9218920864732392,0.8434315397910208,1.000699359705332,0.9195813195962421,0.8450294974420197
2019-08-19,0.9966708006305556,0.915789609010441,0.841461979070128,1.0072330714961533,0.9214838803144726,0.8430248195199,1.0009767536517258,0.9197872119474562,0.8451736198376804
2019-08-20,0.9966175839968542,0.9157276579046559,0.8413930695968594,1.0073679371601363,0.9215950234199635,0.8431153074089598,1.001108568890746,0.9198907434716445,0.8452526006992593
2019-08-21,0.9956958499195595,0.9148676045826094,0.8405907612934429,1.0067755549437896,0.9210395191576273,0.8425946944632408,1.0000148639226332,0.9188681276289036,0.8442967386759153
2019-08-22,0.9953511625995728,0.9144468606140168,0.8401085478097825,1.0067003687754417,0.9208667637850776,0.8423415169134384,1.0001843216887734,0.9189151861263487,0.8442401070787935
2019-08-23,0.9949942995777958,0.9141081330354982,0.8397873730676817,1.0067707124755745,0.9209213766717727,0.8423825731747134,0.9991059276700986,0.917908215516743,0.843300092184661
2019-08-26,0.995140552979856,0.9142178800573322,0.839865572628535,1.0069479099637617,0.9210584693582009,0.8424851018658127,0.9992573410064476,0.9180102177135095,0.8433596933701837
2019-08-27,0.9947823550172358,0.9138798601480939,0.839546821547528,1.0068764730828088,0.9209851014866087,0.8424106501090207,0.9983656725771588,0.9171778002885537,0.8425827952481785
2019-08-28,0.9949579114683866,0.9140325656480595,0.8396792285809908,1.0071840265479175,0.9212585681141445,0.8426536045108274,0.9985935097319978,0.9173745647097329,0.8427520274521959
2019-08-29,0.9947557543153916,0.9138365945083533,0.8394897730380267,1.0071411606488048,0.9212105921596001,0.8426016998015516,0.999281281150821,0.9179916778534178,0.8433054147989368
2019-08-30,0.9947230302411099,0.9136157196725434,0.839111579058923,1.0069469260537907,0.920840480865352,0.8420871439550005,0.9989065014945127,0.9173597552444628,0.842460674938619
2019-09-03,0.9947230302411099,0.9136157196725434,0.839111579058923,1.0069469260537907,0.920840480865352,0.8420871439550005,0.9989065014945127,0.9173597552444628,0.842460674938619
2019-09-04,0.9947230302411099,0.9133417171573962,0.8386084140105167,1.0069469260537907,0.9207484060247495,0.8419187602029599,0.9989065014945127,0.9170846298555061,0.8419555016376364
2019-09-05,0.9933530365961677,0.9117938907341278,0.8369212557589891,1.0068963715118,0.9203287173036082,0.8411938561749971,0.9975307461160459,0.9155304603745786,0.8402616095322454
2019-09-06,0.9934536670806156,0.9115979004603563,0.8364767854726529,1.0076008329256365,0.9207688907381811,0.8414099761470001,0.9976317998185414,0.9154251911387089,0.8399832947453819
2019-09-09,0.9940967634438351,0.9120566416810014,0.8367772060948796,1.0075194580289515,0.9205378849755143,0.8410557946967312,0.9991236736548387,0.9166763330879011,0.8410232801292926
2019-09-10,0.9937181675841364,0.9116867962542738,0.8364172578203287,1.00636169919735,0.919185897147518,0.8395518148390531,0.9990610919907246,0.9166030467428202,0.8409414915746626
2019-09-11,0.994323905546507,0.9120423664991821,0.8365598335302264,1.006455148061849,0.9190728269741547,0.8392673432913688,0.999334620369197,0.9167492600159602,0.8409795420596365
2019-09-12,0.995134144898784,0.9127673429006892,0.8372080955277267,1.0073391891652048,0.9198658093476978,0.8399784011985584,1.0001489427756074,0.9174779778957687,0.8416312289515253
2019-09-13,0.9944220020103758,0.9120965621125344,0.8365767192391049,1.0069900793181177,0.9194432483615542,0.8394977836036607,0.999433211172388,0.9168037353235358,0.8409965169790037
2019-09-16,0.9949808659983473,0.9124704709118137,0.8367924384052867,1.008304877482117,0.920596276192777,0.8405072197806135,0.9999948914539766,0.917179573801707,0.8412133758315541
2019-09-17,0.9943782126069297,0.9119041928005175,0.8362606457894781,1.0081328470140452,0.9204202892479325,0.8403292546255691,0.9993892011001924,0.9166103732266432,0.8406787736517838
2019-09-18,0.9944217236684585,0.9119311247497148,0.8362734469309558,1.0082049820433836,0.9204678599939667,0.8403559891498655,0.9994329314278171,0.9166374441669901,0.8406916424241851
2019-09-19,0.9942572738147143,0.9117681592861844,0.8361128464263154,1.0086938018223157,0.9208969140806218,0.8407319669686714,0.9992676528588875,0.91647363766678,0.8405301934358
2019-09-20,0.994226236286037,0.911726416369287,0.8360623862829976,1.0087956006317789,0.9208807877622908,0.8406176740917162,0.9992364589222187,0.9164316793218804,0.8404794667017172
2019-09-23,0.9943663327475288,0.9118202914757704,0.8361167455490717,1.0089110095777931,0.9209512153911651,0.8406500772226687,0.9993772613743965,0.9165260389016145,0.840534113158381
2019-09-24,0.9942290356097214,0.9116804897368757,0.8359758003226155,1.0090319979373015,0.9210485740612386,0.8407270058887177,0.9992392723525866,0.9163855156700319,0.8403924232908428
2019-09-25,0.9946384598757507,0.91204334264612,0.8362969867600516,1.0095809437219463,0.9215371032160319,0.841161473448142,0.9996507598378819,0.9167502412006245,0.8407153066187824
2019-09-26,0.9941440614415464,0.911577774911863,0.8358588692169355,1.0091613846517349,0.9211419774721749,0.8407897102748731,0.9991538699725164,0.9162822707515041,0.8402748744153579
2019-09-27,0.9946778991975144,0.9120540307775186,0.8362834277938298,1.0093118454257084,0.9211738890851058,0.8407226664079083,0.9996903979069482,0.9167609844916278,0.8407016760179011
2019-09-30,0.9938474313298782,0.9109859152162205,0.8350228906128745,1.007021157473549,0.9186690343644295,0.8380585483361178,0.9988557450472477,0.9156873565699446,0.8394344791735159
2019-10-01,0.9938474313298782,0.9109859152162205,0.8350228906128745,1.007021157473549,0.9186690343644295,0.8380585483361178,0.9988557450472477,0.9156873565699446,0.8394344791735159
2019-10-02,0.9938474313298782,0.9108037544653275,0.8346890150068718,1.007021157473549,0.9186690343644295,0.8380585483361178,0.9988557450472477,0.9155042557188008,0.8390988396376609
2019-10-03,0.9944610042729568,0.9112666709529268,0.8350221641745915,1.007021157473549,0.9186690343644295,0.8380585483361178,0.9994724099797914,0.9159695612386363,0.839433748897318
2019-10-04,0.9941343622897496,0.9108712583665102,0.8345717788136419,1.007021157473549,0.9184853372969701,0.8377234589525367,0.999144121943605,0.9155721079959871,0.8389809840627892
2019-10-07,0.9939801043935712,0.9107065867954001,0.8343995306542431,1.0073111438883342,0.9187259291496317,0.8379211021390861,0.9989890866927612,0.91540658658327,0.8388078258828171
2019-10-08,0.9931567584366344,0.9099425433213811,0.8336906440886463,1.0073259980832776,0.9187296707047239,0.8379155743576845,0.9981615916333362,0.9146386000125194,0.8380951941314311
2019-10-09,0.9920928727093685,0.9089587741068015,0.8327810439687221,1.0070028762975005,0.9184267691567156,0.8376318391363405,0.9970923446470745,0.913649753734518,0.8371807884169191
2019-10-10,0.9922977222200084,0.9090476861601917,0.8327719924913748,1.007651987944449,0.9190104999592599,0.8381566639951514,0.9972982264596371,0.913739124647697,0.8371716891188541
2019-10-11,0.9925896456567771,0.90930995474628,0.8330075235807451,1.0072853686172372,0.9184841860671916,0.8375016665392799,0.9975916209915725,0.9140027467567715,0.8374084645648417
2019-10-14,0.9927506447516835,0.909446087625141,0.8331218281449835,1.0089615122957094,0.9199870280849677,0.8388487200818409,0.9977534314121915,0.914139582193966,0.8375233730223551
2019-10-15,0.9928032395790023,0.9093982091231962,0.8329899695722085,1.0090354264860864,0.9200453985375642,0.8388937128962299,0.997806291281595,0.9140914565993218,0.8373908178150594
2019-10-16,0.9925722600646438,0.9090876211514174,0.8326147835814981,1.0092179670506431,0.9202033568768548,0.8390300035522116,0.9975741477879037,0.913779265736532,0.8370136496436887
2019-10-17,0.993255461283139,0.9097005088710083,0.8331643436403525,1.009395148783937,0.9202639711642226,0.838993216895217,0.9982607918749181,0.9143953164640487,0.8375661131353667
2019-10-18,0.9931410310149139,0.9095834230511961,0.8330458580033905,1.0093632677284092,0.9202306722012666,0.8389589986494972,0.9981457849561287,0.9142776263844934,0.8374470015157082
2019-10-21,0.992254658092287,0.9087356177765,0.8322364051657752,1.0095725030944807,0.9203178630236339,0.8389440868620005,0.9972549453180612,0.9134254457328439,0.8366332721811024
2019-10-22,0.991833213979182,0.9083369361565387,0.8318596422055234,1.0096123606025793,0.9203459713016338,0.8389622116264157,0.996831377413853,0.9130247065857312,0.836254518708753
2019-10-23,0.9918086396310276,0.9083024911695429,0.831817158769184,1.0103428103994088,0.9208194430434067,0.8392185043108668,0.996806679227732,0.9129900838340922,0.8362118108241453
2019-10-24,0.9920867683564364,0.9085445801204907,0.8320273025660561,1.0083289925339802,0.9188738853103533,0.8373449029870452,0.9970862095323638,0.913233422164406,0.836423064851624
2019-10-25,0.9921514693180353,0.9085903847325738,0.8320569366017811,1.008152113235432,0.9186080742426282,0.837007392863481,0.9971512365427135,0.9132794631662003,0.8364528554497315
2019-10-28,0.992137036909838,0.9085414796517893,0.8319794754159411,1.0085711817878455,0.9189394855530345,0.8372634460267476,0.997136731405015,0.91323030569472,0.8363749850213601
2019-10-29,0.9915609449635692,0.90791035422853,0.8313067075565208,1.00744681755303,0.9178061950547496,0.8361317092994098,0.9965577363479607,0.9125959231418883,0.8356986627983097
2019-10-30,0.9905960820839863,0.9069190513696572,0.8303002654026665,1.0068206191304339,0.9171193478516815,0.8353998875948159,0.9955880112170475,0.9115995043397536,0.8346869034145413
2019-10-31,0.9907934315843749,0.906815398089427,0.8299450577274591,1.0066604393317309,0.9165900119807534,0.8345684559416172,0.9957863552244186,0.9114953161228025,0.8343298191080054
2019-11-01,0.9907934315843749,0.906815398089427,0.8299450577274591,1.0066604393317309,0.9165900119807534,0.8345684559416172,0.9957863552244186,0.9114953161228025,0.8343298191080054
2019-11-04,0.9907934315843749,0.9066340712751719,0.8296132124424821,1.0066604393317309,0.9161319460077495,0.8337347212203968,0.9957863552244186,0.911404175705232,0.8341629865107033
2019-11-05,0.9931626183588634,0.9086996874391455,0.8314097511811713,1.0099356811871885,0.919086407415369,0.8363995873740158,0.9956488272475315,0.9111819452052404,0.8338714348749116
2019-11-06,0.9930538289683224,0.9085862857906265,0.8312933100084573,1.0092770058264917,0.9183724353704719,0.8356455852299366,0.9954602119665605,0.9110005677257618,0.8336974250070832
2019-11-07,0.9938448143023857,0.9092946402007194,0.8319273571609925,1.0092432456439142,0.9182230669556868,0.8354017323911984,0.9960073252723636,0.9114916504143411,0.8341380414193885
2019-11-08,0.9928261781192361,0.9083493483415994,0.8310503133612143,1.0075403911943852,0.9166511129990991,0.833950939770437,0.9960308397194463,0.9115050904591742,0.8341429488902059
2019-11-11,0.992084426894076,0.9074550170743764,0.8300347892440805,1.0076714301539713,0.9164405075871936,0.8334591938847717,0.9966203300404399,0.9118388561708999,0.8342602967287335
2019-11-12,0.9920418577923897,0.9074042183847616,0.829977471137088,1.0076135894059048,0.9163801599693994,0.8333972667764848,0.997022155731044,0.9121910172395181,0.8345683316525959
2019-11-13,0.9925075867053589,0.9077248108768928,0.8301742998999333,1.0080031276442818,0.9167235219978693,0.833699613398902,0.9977316040413488,0.9127293713331502,0.8349595458476516
2019-11-14,0.9921810932206959,0.9072291994512603,0.82954081770687,1.0073146791663115,0.9159972008642198,0.8329479150138435,0.9972349023072693,0.9120725407778806,0.834173447976464
2019-11-15,0.9922531920943373,0.9072874135262795,0.8295869955289057,1.0073083745823743,0.9158960017215867,0.8327690805141591,0.9968774849189922,0.9117329673419161,0.8338512764265575
2019-11-18,0.9919906048640142,0.9069332836879341,0.829158951995298,1.0073083745823743,0.9158044212794587,0.8326025600021587,0.9968364986404528,0.9116605275042562,0.8337530497217391
2019-11-19,0.9915356004974898,0.9064145041034408,0.8285906860726479,1.006970417246739,0.9154015530161234,0.8321493855286897,0.9955558958230641,0.9102963924506307,0.8323290234221714
2019-11-20,0.9900340573822808,0.9050244675044448,0.8273040959301982,1.0065131246137389,0.914977019350323,0.8317554391796533,0.9950138518128344,0.9097881661686992,0.8318528034690515
2019-11-21,0.9905507818142867,0.9053895490352795,0.8275397636652747,1.0063179797035187,0.9146999502214912,0.8314129468664091,0.9953747966164639,0.9100146417476936,0.8319652102676781
2019-11-22,0.9893303779748208,0.9041609382667608,0.826313372085325,1.0063228274291223,0.9145988373555872,0.8312251294200643,0.9948899331571746,0.9094623717821142,0.831360667620556
2019-11-25,0.9897651928842968,0.9043969392098724,0.8263815077093796,1.0062960162892816,0.9144348531252015,0.8309492042292292,0.9949645991519007,0.9094706906751263,0.8313134505093813
2019-11-26,0.9905219450608501,0.9050583776641511,0.8269584154396201,1.0066473348501845,0.9147324481370626,0.831199941662117,0.9947317277070175,0.909145514386137,0.8309135151372052
2019-11-27,0.9914128865974752,0.9058429546533174,0.8276483088709015,1.0073273331195043,0.9153286011020921,0.8317218693465372,0.995295392992334,0.9096435816505349,0.8313530852720642
2019-11-29,0.9909055796293144,0.9046943378226542,0.8259728866757838,1.0071387752332432,0.9146625353239289,0.830667102532518,0.9953871453327885,0.9093343034410588,0.8307111271375501
2019-12-02,0.9909055796293144,0.9046943378226542,0.8259728866757838,1.0071387752332432,0.9146625353239289,0.830667102532518,0.9953871453327885,0.9093343034410588,0.8307111271375501
2019-12-03,0.9909055796293144,0.9046038774349107,0.8258077251307577,1.0071387752332432,0.9146625353239289,0.830667102532518,0.9953871453327885,0.9092433791031485,0.8305450181339233
2019-12-04,0.9915154699146376,0.9050654838182379,0.8261422462330994,1.0071387752332432,0.9145710782161073,0.8305010023320516,0.9959997939670824,0.9097983327909087,0.8310476677691565
2019-12-05,0.9912612738610651,0.9047352763678846,0.8257512555720415,1.007095958016219,0.9144369048126325,0.8302926650435152,0.9957867919192592,0.9095088812213661,0.8306966166705863
2019-12-06,0.9916238622773567,0.9049629153241046,0.8258647211959789,1.0072817988577427,0.9145051474147203,0.8302633578803061,0.995949474066328,0.9095587206560425,0.8306519467129879
2019-12-09,0.9914813559115794,0.9047862499881338,0.8256609499498229,1.0073188827009656,0.9144117182390676,0.8300631456498124,0.9964842965608846,0.9100126934802967,0.8310350674098763
2019-12-10,0.9912505619997447,0.904558479970011,0.8254374425262835,1.007056245424025,0.9141562369306031,0.8298157375929884,0.9964770368845781,0.9099937207289601,0.8310064716830575
2019-12-11,0.9901127048430277,0.9035022884755535,0.8244573579963028,1.005645233692318,0.912766200711275,0.8284548514260538,0.9958834979265007,0.9094381884079699,0.8304868306384897
2019-12-12,0.989202405413314,0.9025611577121452,0.8234977881181291,1.0044680728187274,0.9115800894480335,0.8272714562798646,0.9948999474425329,0.9084333217697034,0.8294717710883551
2019-12-13,0.9898700500765997,0.9031484444427228,0.8240136569773705,1.0046524078939265,0.9117206951806601,0.8273748427309184,0.9954347990298716,0.9089035247390886,0.8298845145790047
2019-12-16,0.9903447004919622,0.903433570498803,0.8241387680250076,1.0055765192211055,0.9124895059711428,0.8280091434808043,0.9956522690984717,0.9089646049054122,0.8298147014761993
2019-12-17,0.989620897031751,0.9027465394645638,0.8234876430996089,1.0047787561696482,0.9117398843856411,0.8273055909306148,0.9955706598936581,0.9088674557803195,0.8297053425012221
2019-12-18,0.9900047085366476,0.9030708004012232,0.8237598380319674,1.0044235948282523,0.9113908694272275,0.8269646432969897,0.9957200114050736,0.9089829107096262,0.8297916672951118
2019-12-19,0.991081846167119,0.9039378243298111,0.8244453279080494,1.0056710731273995,0.9124969773278241,0.8279448498597678,0.9961586423789168,0.9092715847014571,0.82995317948763
2019-12-20,0.9903335924877228,0.9032261831839137,0.8237696387176034,1.0045333809043981,0.911439609514304,0.8269626870314354,0.9958051453545069,0.9089237208721072,0.8296126549008603
2019-12-23,0.9903021686361435,0.9029364257966216,0.8232674802620377,1.0046489900471887,0.9113845691184905,0.8267676651198094,0.9959514692684642,0.9088059628953995,0.8292760610454329
2019-12-24,0.9901215970339521,0.9027440002817899,0.8230666902357601,1.0045522156540652,0.9112771971755996,0.826652495131108,0.9958668566428388,0.9087049077670742,0.8291620899761061
2019-12-26,0.9902389298126636,0.9027962699877424,0.8230644262761742,1.0046325294495186,0.9113094425142549,0.8266448767207613,0.9961288742489142,0.9088975062225156,0.8292953867532731
2019-12-27,0.9901056221382933,0.9026467199546285,0.8229025235989517,1.0041903395028524,0.9108879316307977,0.8262440201147528,0.9958063900150977,0.9085789631977936,0.828982549105007
2019-12-30,0.9899731157295025,0.9023554511821792,0.8224816419100639,1.0044766037870148,0.9110891321681502,0.8263735334443383,0.9957219933662333,0.9083418387612914,0.8286201341857757
2019-12-31,0.9904595966536136,0.9020434031396061,0.8215086147087219,1.004787510863248,0.9108942757394781,0.825764276819314,0.9958725513717577,0.9078141477498666,0.8275320876324402
2020-01-02,0.9904595966536136,0.9020434031396061,0.8215086147087219,1.004787510863248,0.9108942757394781,0.825764276819314,0.9958725513717577,0.9078141477498666,0.8275320876324402
2020-01-03,0.9904595966536136,0.9019532078188242,0.8213443458395541,1.004787510863248,0.9108031954199362,0.8255991569879164,0.9958725513717577,0.9077233754123254,0.8273666143095784
2020-01-06,0.9906337122924397,0.9021004861462373,0.8214681911403839,1.0049641452458413,0.9109519188460088,0.8257236438447139,0.9951513368479141,0.907054150355646,0.8267458332137875
2020-01-07,0.9901650602538435,0.9016693883708127,0.8210716845511615,1.0044887137220184,0.9104255576759273,0.8251600842148687,0.9958459333915168,0.9075026388664355,0.826986375037345
2020-01-08,0.9897828425920522,0.9012262634552451,0.8205815993495059,1.0047997336005645,0.9105160353257142,0.8250686325746964,0.9965386877645106,0.9080387731065181,0.8273882378783252
2020-01-09,0.9909743289340648,0.9022119072875974,0.8213886854470953,1.0054366884394559,0.91107558692308,0.825559686008061,0.9975835657268786,0.9089818956775164,0.8282394256415214
2020-01-10,0.9910296694979646,0.9022496111806901,0.8214114632053728,1.0060528985019843,0.9116157710710067,0.8260326840513301,0.9982197210016444,0.9094610039483573,0.8285843794926344
2020-01-13,0.9906179554796458,0.9017480681360287,0.820839451387538,1.005903217461167,0.911341354723678,0.8256581981767095,0.9979879115151888,0.9090318134946167,0.8279947092992874
2020-01-14,0.9897422796046733,0.9009337485080724,0.8200825373599312,1.0051316130110834,0.9106295758493145,0.8250018242990592,0.9982435658351428,0.9092517761026172,0.8281833094710109
2020-01-15,0.9891774698987362,0.9003101875087283,0.8194153052227923,1.0041754327929624,0.9097490039376305,0.8241911036780699,0.9990431725763705,0.9098739493693688,0.8286533244934091
2020-01-16,0.9898071162457316,0.9007701917325128,0.819730979715711,1.0045652186176481,0.909997479165808,0.8243213579889025,0.9992412299723562,0.9100355808948187,0.8287834394337008
2020-01-17,0.9875695228951417,0.8987161508673264,0.8178455915131947,1.0044596970510964,0.9098942213570195,0.8242208754152145,0.9978620543765916,0.9087610580464504,0.8276058799587378
2020-01-21,0.9872004050431177,0.8982284176532523,0.8172635831536125,1.003760903116451,0.9091382523154877,0.8234247232263001,0.9981323125691257,0.9089434320504617,0.8277139199667969
2020-01-22,0.9853814401987214,0.8965587080783431,0.8157310190605469,1.0039027402525842,0.9092528121317043,0.8235158944127707,0.9960711010122641,0.9069564173777962,0.8258043034206377
2020-01-23,0.9857708704444654,0.8968118932737975,0.8158693369943655,1.0038681326370724,0.9092074848736935,0.8234621695801017,0.9964647558933298,0.9072125388517536,0.8259443294124397
2020-01-24,0.9850491342690834,0.8961458663760603,0.8152548544008066,1.003334500064492,0.9086205619032834,0.8228368157087667,0.9957351901459699,0.9064481611131057,0.8251572932349562
2020-01-27,0.9844910626075333,0.8954379385065449,0.8144287140216854,1.0039183491067865,0.9090996645073356,0.8232257669123305,0.9949687852105132,0.905536101393587,0.8241319533172559
2020-01-28,0.9842763690280576,0.8951447223923378,0.8140729249255257,1.00380162220159,0.9088849054046862,0.8229324794114276,0.9944016506783532,0.9050069315040664,0.8236385041674139
2020-01-29,0.9834192283403771,0.8941741867529678,0.8130166098946158,1.002264070844956,0.9073811140281167,0.8214698300186636,0.993686965878637,0.904163458703092,0.8226951863494893
2020-01-30,0.9886082154177828,0.8988668395750324,0.8172601957143921,1.0072126273018815,0.9117391695278829,0.8253047663308712,0.99541699975511,0.9056215875356266,0.8239162616102529
2020-01-31,0.9880521937590546,0.897895545029629,0.8159536217065572,1.0076397870745113,0.9116584092740894,0.8248085457517211,0.99562935151154,0.9054383366900931,0.8234070601618723
2020-02-03,0.9880521937590546,0.897895545029629,0.8159536217065572,1.0076397870745113,0.9116584092740894,0.8248085457517211,0.99562935151154,0.9054383366900931,0.8234070601618723
2020-02-04,0.9880521937590546,0.8978057644531837,0.8157904636138344,1.0076397870745113,0.9115672525488345,0.8246436170283155,0.99562935151154,0.9052572852330465,0.8230778290302602
2020-02-05,0.9878939531189052,0.8976567047392499,0.8156502288969991,1.0083412068110036,0.9121945518470028,0.8252045446980586,0.9957753428926722,0.9052898073694126,0.8230162605803468
2020-02-06,0.9881290884220698,0.8977759053772592,0.8156727466509248,1.0080192175766656,0.9118074291898879,0.8247676777387696,0.9960123540985772,0.9054100216139583,0.8230389816891949
2020-02-07,0.9885227657226546,0.898035916681325,0.8158202959729527,1.0076862248175416,0.9114979921685938,0.8244803402217844,0.9964091721454347,0.905672243889054,0.823187863510059
2020-02-10,0.988300531663964,0.8977097066407985,0.815411013337514,1.0065024451364848,0.9104036635658906,0.823469185284619,0.9961851651097641,0.9053432599654772,0.8227748846960953
2020-02-11,0.9875970984264181,0.8970537841990655,0.814799804670512,1.0065283779062641,0.9103270695223791,0.8233093901552394,0.9954761199019176,0.9046817599757919,0.8221581562827035
2020-02-12,0.9876162159362083,0.8970532144362474,0.8147829938044109,1.0069177003004997,0.9105840299313244,0.8234557489676033,0.9954953899306556,0.9046811853680725,0.8221411935998456
2020-02-13,0.986255226357067,0.8957089768727513,0.8134638597395761,1.0059574853344142,0.9097067518844297,0.8226543364488728,0.9941235424154804,0.9034158769215139,0.8209744071916214
2020-02-14,0.9865559925225507,0.8958697823714724,0.8135078270836501,1.0062042831086524,0.909921117791065,0.822840211631224,0.9946709057776743,0.9038042858204571,0.8212282888134668
2020-02-18,0.9859953400858721,0.8952103916654802,0.8127725985370516,1.0072264706698009,0.9108146518634007,0.8236203381156264,0.9946450838474601,0.9036445168891161,0.8209592895764738
2020-02-19,0.9863685420070192,0.8953570300375455,0.8127311965750939,1.0068850981199329,0.9103165315598821,0.8229986824756998,0.9949409767130797,0.9038137507848513,0.8210225450147041
2020-02-20,0.984687132715079,0.8938173422682294,0.8113214103064827,1.0064595765076925,0.9099237118697527,0.8226362123657361,0.9932449544537186,0.9022595205379912,0.8195983763411505
2020-02-21,0.9831207836331333,0.8922918463236099,0.8098426259166012,1.0063897309925183,0.9097615238761133,0.8224000240081306,0.9916649923816379,0.9007196161587786,0.8181045056389737
2020-02-24,0.9852589903012775,0.8941204710299292,0.8114006188995294,1.0066580830378147,0.9099912127900569,0.8225960000637785,0.9938217819995318,0.9025655123757625,0.8196783930070841
2020-02-25,0.9857579616605839,0.8945646773190166,0.8117959181643774,1.0059364174078347,0.9091507669364028,0.8216663554138878,0.9943250898712224,0.9030139142297642,0.8200777250492595
2020-02-26,0.9859583833433869,0.8947417755146532,0.8119522915504512,1.0050895518175014,0.9083709846341647,0.820948604619697,0.9945272533997112,0.9031926851324161,0.8202356937305996
2020-02-27,0.9870680622078446,0.8956519856026524,0.812690467291063,1.0047144470636544,0.9079164803060022,0.8204335455260355,0.9956465763770993,0.9040211081955033,0.8208173023959436
2020-02-28,0.9877069451623197,0.8960497889704905,0.8128863628960649,1.0048794122261313,0.9077018646604087,0.8199109652396075,0.997198567358752,0.9051566970730106,0.8215999755904022
2020-03-02,0.9877069451623197,0.8960497889704905,0.8128863628960649,1.0048794122261313,0.9077018646604087,0.8199109652396075,0.997198567358752,0.9051566970730106,0.8215999755904022
2020-03-03,0.9877069451623197,0.8957810546540943,0.8123989235419397,1.0048794122261313,0.907520360588291,0.8195831319868128,0.997198567358752,0.9048852315035596,0.82110731120368
2020-03-04,0.9859152776090414,0.8939589691628992,0.8105675923711975,1.0047823909341054,0.9074170005041117,0.8194755678766967,0.9953896823184442,0.9030446274374734,0.8192563493548193
2020-03-05,0.9832272745306412,0.8913346070294463,0.8080185222453016,1.004107967462411,0.9066220822013635,0.8185899188779456,0.9926758481878194,0.9003935928745738,0.8166799548563891
2020-03-06,0.9836852921310665,0.8914727695292884,0.8078926684676511,1.0047141775039652,0.9069808775948948,0.8187436590669529,0.9931382672253753,0.9005331595745002,0.8165527520081617
2020-03-09,0.9786788625881045,0.8868092083340811,0.8035518194504132,0.9996007222345553,0.9019656802877319,0.813856486038039,0.9880837271188423,0.8958222007639394,0.8121653719149613
2020-03-10,0.9788487162709133,0.8866747558744767,0.8031687007844633,0.999312104931938,0.9013022677670822,0.8128941142791365,0.9882552130540047,0.8956863818108557,0.8117781464662883
2020-03-11,0.9800124538224986,0.8877023801731057,0.8040755331376288,1.0011569285377087,0.902765541124494,0.8140330640026051,0.9894301338388652,0.8967244502613237,0.8126946994720134
2020-03-12,0.9801089618648374,0.8877458308659785,0.8040750973124117,0.9961687740977977,0.8982299926539846,0.8099094191355695,0.9895275692998897,0.8967683425607589,0.8126942589750337
2020-03-13,0.9749187713478324,0.8828277156164476,0.7994238594732621,0.9967734000143662,0.8983770005702516,0.8096829496089664,0.9842875023212924,0.8918002425624267,0.8079931628937859
2020-03-16,0.9791867668988136,0.886454845568957,0.8024932412387737,0.9967638760106564,0.8982385210466707,0.8094411404793762,0.9885965122657678,0.8954642364699977,0.8110954464339323
2020-03-17,0.9821331039108607,0.8888117436936873,0.8043458358826029,1.001759697880689,0.9025253063080527,0.8131101601371817,0.9915711628559656,0.8978450886817588,0.8129678996864707
2020-03-18,0.978155601343489,0.8852049274497342,0.8010752210013262,0.9977027103355757,0.8988628401463855,0.8098039079366667,0.9875554374616311,0.8942016149389918,0.8096622259425428
2020-03-19,0.9791374098044172,0.8860123486925782,0.8017325223818146,0.9987041389029254,0.8996827191699108,0.810468371413575,0.9885466808617648,0.8950172423230002,0.810326573165986
2020-03-20,0.9791374098044172,0.8860123486925782,0.8017325223818146,0.9987041389029254,0.8996827191699108,0.810468371413575,0.9885466808617648,0.8950172423230002,0.810326573165986
2020-03-23,0.9791374098044172,0.8860123486925782,0.8017325223818146,0.9987041389029254,0.8996827191699108,0.810468371413575,0.9885466808617648,0.8950172423230002,0.810326573165986
2020-03-24,0.9791374098044172,0.8859237563169464,0.8015722079402265,0.9987041389029254,0.8995927598939214,0.8103063101515446,0.9885466808617648,0.8949277495480453,0.8101645402579344
2020-03-25,0.9809555584309695,0.8874777227730433,0.8028957950088962,1.0005586207563368,0.9011707026492148,0.8116443193079924,0.9903823014519848,0.8964975095793254,0.8115023153184441
2020-03-26,0.9809555584309695,0.8874777227730433,0.8028957950088962,1.0005586207563368,0.9011707026492148,0.8116443193079924,0.9903823014519848,0.8964975095793254,0.8115023153184441
2020-03-27,0.9809555584309695,0.8874777227730433,0.8028957950088962,1.0005586207563368,0.9011707026492148,0.8116443193079924,0.9903823014519848,0.8964975095793254,0.8115023153184441
2020-03-30,0.9809555584309695,0.8874777227730433,0.8028957950088962,1.0005586207563368,0.9011707026492148,0.8116443193079924,0.9903823014519848,0.8964975095793254,0.8115023153184441
2020-03-31,0.9809555584309695,0.8874777227730433,0.8028957950088962,1.0005586207563368,0.9011707026492148,0.8116443193079924,0.9903823014519848,0.8964975095793254,0.8115023153184441
2020-04-01,0.9809555584309695,0.8874777227730433,0.8028957950088962,1.0005586207563368,0.9011707026492148,0.8116443193079924,0.9903823014519848,0.8964975095793254,0.8115023153184441
2020-04-02,0.9809555584309695,0.8867683081265421,0.8016132138667095,1.0005586207563368,0.9008103784978158,0.8109955228896807,0.9903823014519848,0.8957808848714283,0.810205985741258
2020-04-03,0.9803508976861777,0.8860904248815424,0.8008819197778144,1.0029611284291624,0.9027644538528872,0.812566828563107,0.9897718300653071,0.8950961120311267,0.8094668526557368
2020-04-06,0.9842689227840145,0.8893240939758246,0.8035262977572692,1.0078732724034942,0.9069917150632621,0.8161968010084402,0.9937275064261698,0.8983626461822818,0.8121395766458791
2020-04-07,0.9852112904405761,0.8901474868537378,0.8042448848953998,1.0064036707734505,0.9055394543801596,0.8147731991270052,0.9946789300054523,0.8991944075273981,0.8128658665703947
2020-04-08,0.9843638485152344,0.8893371287658501,0.8034723149387188,1.0074340820114835,0.9064209306888874,0.8155251843243401,0.9938233443704524,0.8983758134500294,0.8120850151666518
2020-04-09,0.9812731860090609,0.8864144022881622,0.8007138724060077,1.0108245746651352,0.9094304181496482,0.8181959120778677,0.9907029813534249,0.8954233821481578,0.809297003925488
2020-04-13,0.9840663445117085,0.8888680824244846,0.8028676127520713,1.011858896696195,0.9101683099979899,0.8186866020504092,0.993522981426208,0.8979020000053407,0.8114738309661701
2020-04-14,0.9828642733379935,0.8876633694672078,0.8016720146733329,1.0090699174559377,0.9076266481814204,0.8163707291945254,0.9923093586424836,0.8966850430742057,0.8102654168542545
2020-04-15,0.984032246915121,0.8886851350214087,0.802564942812673,1.0080288931859562,0.9065649276118005,0.8153031441506401,0.9934885561600559,0.897717193235511,0.8111679166020324
2020-04-16,0.9850974189334636,0.8895263762711257,0.8032155950601699,1.006492973596842,0.9050574334618751,0.8138339337617142,0.9945639642210038,0.8985669843524872,0.8118255434181063
2020-04-17,0.9881415750588962,0.8922460085218966,0.8056449735330662,1.0114959393781944,0.9095040776453295,0.8177854575781345,0.9976373739423448,0.9013142573005555,0.814280963246925
2020-04-20,0.9867958210412197,0.8908899501143667,0.8042933302706622,1.0080334586931479,0.9062930833570743,0.81481054716536,0.9962786875576662,0.8999444167355484,0.8129148312485462
2020-04-21,0.9872092606616261,0.8911559376796994,0.804436658652992,1.0098662143527035,0.9078087651333048,0.8160546153389273,0.996696100231717,0.9002131076376193,0.8130596960178408
2020-04-22,0.9869379014996004,0.8908976511355937,0.8041914709435759,1.0114252810827287,0.9091784949169132,0.8172573211757858,0.9964221333745058,0.8999521960252974,0.8128118800557749
2020-04-23,0.9870942405763323,0.8910278221262646,0.8042990807715263,1.0174772301166648,0.9145828412546165,0.8220831009521977,0.9965799748315319,0.900083689995187,0.8129206433910365
2020-04-24,0.9866048169908302,0.8905760250435184,0.8038822245089626,1.017038021770731,0.9140650697180117,0.8215071551066636,0.9960858480050632,0.8996273011201495,0.8124993187006742
2020-04-27,0.987647616587234,0.8914879331529201,0.8046788197955328,1.0237150295144777,0.9197845252362541,0.8263942958827688,0.9971386686505687,0.9005484773120311,0.8133044529702045
2020-04-28,0.9882567926687444,0.8919377021916159,0.8049944610906423,1.0191564011933723,0.9155687521366304,0.8224987353971049,0.9977536987652467,0.901002817531205,0.8136234777345435
2020-04-29,0.9889685909838594,0.8925608606716611,0.805539478170269,1.0198185037705974,0.916038112675531,0.8228076679649415,0.9984723372880975,0.90163230941714,0.8141743370425066
2020-04-30,0.9900892355779235,0.8932996299413076,0.8059601693142939,1.0195012635178664,0.9154735888721325,0.8220494850650303,0.9996037510026538,0.9023785870908176,0.8145995377217633
2020-05-01,0.9900892355779235,0.8932996299413076,0.8059601693142939,1.0195012635178664,0.9154735888721325,0.8220494850650303,0.9996037510026538,0.9023785870908176,0.8145995377217633
2020-05-04,0.9900892355779235,0.8932103089104166,0.8057990095123915,1.0195012635178664,0.9154735888721325,0.8220494850650303,0.9996037510026538,0.9022883582549921,0.814436650391685
2020-05-05,0.9894807278668685,0.8923880927164858,0.8048108461921242,1.0195012635178664,0.9153820506670658,0.8218851080434216,1.000358608923553,0.9027847814010043,0.8147178668504699
2020-05-06,0.9888811510764132,0.8918364114427255,0.8043034453610575,1.0190184402405629,0.9149432137634749,0.8214863153151098,0.9985983986016482,0.901179588101157,0.8132542241179546
2020-05-07,0.9889185080058,0.8918563994980023,0.8043091087623653,1.0190945301206116,0.9150048030082361,0.8215355703257045,1.0009448578339888,0.9032779194955889,0.8151304780171583
2020-05-08,0.9908432504790445,0.8934012806265665,0.8055301698906546,1.0205331465200107,0.9162914279882698,0.8226862285623684,1.0045761919697382,0.9063536563049521,0.8177244358448931
2020-05-11,0.9913750126828001,0.8936487157846847,0.805544308596987,1.0207406697933648,0.916282002378472,0.8225021169903765,1.0055086971849345,0.9069467645915401,0.8180359107481094
2020-05-12,0.9904134092553409,0.8927399616458727,0.804687386251767,1.0216711254901636,0.9170042933579131,0.8230491780831372,1.006373140231921,0.907591403976748,0.8184956721234584
2020-05-13,0.9892080121195349,0.8915289448314904,0.8034836884918802,1.0197531413707837,0.9152599310995215,0.8214630230923463,1.005148319071937,0.9063602409303684,0.8172713191339066
2020-05-14,0.9897696422468271,0.8920067610802807,0.8038887561321342,1.0207602786177636,0.9161442280298345,0.8222390761555683,1.0057189994257874,0.9067553214335059,0.8175198009919906
2020-05-15,0.9870017297336202,0.889399636416388,0.8014377157849725,1.0202325758125113,0.9155588423772872,0.8216133625425415,1.0030102900249735,0.9041939382689709,0.8151030501405969
2020-05-18,0.9856270775155148,0.8880586571402723,0.8001371000086972,1.0193322664057773,0.9146710474236633,0.8207449453908859,1.0025851843594806,0.9036892790468446,0.8145384920809279
2020-05-19,0.984072431352399,0.8866226406110713,0.7988115117969175,1.0183242549435887,0.9137374168850412,0.8198810809141824,1.0006790977358815,0.9019295103082309,0.8129147867556333
2020-05-20,0.9873336833371185,0.8894414812287594,0.8012435033414289,1.01984711126127,0.9150808217031827,0.8210658157861608,1.0052485716480735,0.9059217935080549,0.8163991867082769
2020-05-21,0.9856978471590283,0.8879349659648338,0.7998567838019738,1.0190101176403012,0.9143067147848535,0.8203505300107172,1.0035800140853348,0.9042892310557541,0.8148118659723819
2020-05-22,0.9858624666206832,0.8879631548061194,0.7997739862047019,1.0198943093822894,0.9149832347560944,0.8208526921335874,1.0037476200125695,0.9043179390879722,0.8147275202918833
2020-05-26,0.9855520110012839,0.8875711558705178,0.7993196462323338,1.018091183278723,0.9132027552736375,0.8191092736957875,1.0034315322217848,0.9039187201928534,0.8142646854342336
2020-05-27,0.9854369689968032,0.8874283041372495,0.7991556112772518,1.0184356215774508,0.9134966810045398,0.8193594275466259,1.0033144031676737,0.903773237371494,0.8140975834848075
2020-05-28,0.9854314439087646,0.8873036678360265,0.7989355929777315,1.0187001387608454,0.9136313969871228,0.8193882459842199,1.003308777845525,0.9036463054797288,0.8138734514591617
2020-05-29,0.9866052418334822,0.8879025297171254,0.799062380248837,1.0194660562768847,0.9141272928629415,0.819661668826889,1.0045038703794253,0.9042561973870477,0.8140026092972187
2020-06-01,0.9866052418334822,0.8879025297171254,0.799062380248837,1.0194660562768847,0.9141272928629415,0.819661668826889,1.0045038703794253,0.9042561973870477,0.8140026092972187
2020-06-02,0.9866052418334822,0.8877249847201814,0.7987428830955988,1.0194660562768847,0.9138531369218649,0.8191701667268528,1.0045038703794253,0.9040753823105855,0.813677138441842
2020-06-03,0.9861293428541553,0.8872825961136106,0.7983320690811374,1.019041087521772,0.9134501521058866,0.8187891651161537,1.0040193378162747,0.9036248456517109,0.8132586433556345
2020-06-04,0.9863296179818867,0.8874531658379423,0.7984768741525317,1.0201700301536223,0.9144464727484111,0.8196682175265506,1.004223246261534,0.9037985569827991,0.8134061558763936
2020-06-05,0.9879565685086797,0.8889058640232295,0.7997738832299355,1.0233150773777147,0.917245199466306,0.8221585821137857,1.0058797123249437,0.9052780114195347,0.8147274153917773
2020-06-08,0.9863516895692964,0.8874331684059156,0.7984230075699736,1.022106300344849,0.9160271617862311,0.8209461589456902,1.0042457182635447,0.9037781912317884,0.8133512821395742
2020-06-09,0.9872450626102676,0.8881345923429494,0.7989620445562416,1.0228676299238384,0.9165936272884888,0.8213501059179384,1.0051552985488474,0.9044925342152019,0.8139003976081228
2020-06-10,0.9881667473137162,0.8889474878625909,0.7996787028593312,1.0222416062313808,0.9160053280231547,0.8207984769778407,1.0060937041163702,0.9053204018998431,0.8146304554147584
2020-06-11,0.9871709171748201,0.8880259086144188,0.798826529968563,1.0208551230431115,0.9147199947062759,0.8196082987176068,1.0050798079942467,0.9043818487156232,0.8137623492771103
2020-06-12,0.9860382069020159,0.8869904151022703,0.7978801651352408,1.0187506672199416,0.9128054266124837,0.817866894816186,1.003926548509292,0.9033272831587341,0.8127982900713304
2020-06-15,0.9864498464463731,0.8873261218557025,0.7981510302461983,1.018755039724492,0.9127492582409351,0.8177627208515811,1.0043456558664956,0.9036691730645918,0.8130742196014108
2020-06-16,0.986124325433171,0.8869301852925419,0.7977020860165618,1.0181442436293209,0.9120843325701093,0.8170614687972332,1.004014229371088,0.9032659440174527,0.8126168813717731
2020-06-17,0.9862685450609127,0.8870483977880772,0.7977980669332803,1.0172684721388423,0.9112771859909571,0.8163181714258879,1.0041610653781439,0.9033863337878596,0.812714656862877
2020-06-18,0.9865604386473248,0.8873021269805403,0.7980183546679975,1.0171454430136766,0.9110585890972372,0.8160253000009509,1.0044582543903824,0.9036447362442823,0.8129390633614036
2020-06-19,0.9865091808326779,0.8872436851861274,0.797954698702685,1.0179114124729824,0.9117268992243004,0.8166079914768434,1.0044060666753605,0.9035852180505443,0.8128742172077833
2020-06-22,0.9868668671070308,0.88745280030066,0.7980415191430149,1.0184844510491877,0.9121129884209809,0.8168399188377022,1.0047702419622273,0.9037981847129365,0.8129626609472406
2020-06-23,0.9845858306682411,0.8852988617210518,0.7960122865178862,1.0160290186485277,0.9098043546853742,0.8146742922404298,1.0024478238013603,0.9016045742160473,0.8108954873540959
2020-06-24,0.9853890096392837,0.8859112092330254,0.7964642144081864,1.0167580142100459,0.910338002606589,0.8150455938208311,1.0032655737491716,0.9022282001368261,0.8113558650304971
2020-06-25,0.985190269940279,0.8857077382361908,0.7962590003265442,1.0167299604968136,0.9102828026965883,0.8149692386367515,1.003063228587821,0.9020209815472646,0.8111468140201501
2020-06-26,0.9867199695372069,0.8869724622087969,0.7972967086799893,1.0182489773532366,0.9114333185197149,0.8158119401225183,1.0046206794308514,0.9033089996032301,0.8122039246141073
2020-06-29,0.9858493580295538,0.886047991293389,0.7963381021193295,1.0183710518502642,0.9113725322985422,0.8156051648756202,1.0037342736102122,0.9023675014921388,0.8112273947949666
2020-06-30,0.9852138410000499,0.8852009377933212,0.7953288693970993,1.0168141820545178,0.9095030923907166,0.8135060524201814,1.0030872272650677,0.9015048466946595,0.810199292246793
2020-07-01,0.9852138410000499,0.8852009377933212,0.7953288693970993,1.0168141820545178,0.9095030923907166,0.8135060524201814,1.0030872272650677,0.9015048466946595,0.810199292246793
2020-07-02,0.9852138410000499,0.8852009377933212,0.7953288693970993,1.0168141820545178,0.9095030923907166,0.8135060524201814,1.0030872272650677,0.9015048466946595,0.810199292246793
2020-07-06,0.9852138410000499,0.8852009377933212,0.7953288693970993,1.0168141820545178,0.9093212281450875,0.8131807801081381,1.0030872272650677,0.9015048466946595,0.810199292246793
2020-07-07,0.9852138410000499,0.8852009377933212,0.7953288693970993,1.0186266436628,0.9109329898558762,0.8146140007849686,1.0030872272650677,0.9015048466946595,0.810199292246793
2020-07-08,0.9852138410000499,0.8852009377933212,0.7953288693970993,1.0188517578087406,0.9111257703697139,0.8147787630122685,1.0030872272650677,0.9015048466946595,0.810199292246793
2020-07-09,0.9852138410000499,0.8851124265506661,0.7951698354300133,1.0174093556508794,0.909735157983738,0.8134451861718598,1.0030872272650677,0.901414705224137,0.810037284789835
2020-07-10,0.9850337105125824,0.8849461951968196,0.7950165398407827,1.0177341888129747,0.9100101052666074,0.8136771568500663,1.002903828916709,0.9012454121690044,0.8098811230023304
2020-07-13,0.9845608849663557,0.8844216353678426,0.7944556668311421,1.0176658046529161,0.9099144130759742,0.813560711491107,1.0024224255437486,0.9007111908323405,0.8093097632379155
2020-07-14,0.9839201463195817,0.8838376552111755,0.7939235356665145,1.0170518567197397,0.9093519832457279,0.8130457728266699,1.0017700628526787,0.9001164547457281,0.808767682710535
2020-07-15,0.9847988836103586,0.8846166289627754,0.7946139391886428,1.0171611807049494,0.9094352152681101,0.8131072198885795,1.0026647418714032,0.9009097758805495,0.8094709948453216
2020-07-16,0.9868299949914043,0.8864313613266531,0.7962352711148862,1.0174259728770763,0.9096587847117049,0.8132953185597903,1.0047327009262736,0.9027579325550869,0.8111226411386786
2020-07-17,0.9877582318304506,0.8870802878911042,0.7966521064990323,1.0168946522448823,0.9089842676904809,0.8125138763614833,1.0056777774958223,0.9035091621690376,0.8117096120997435
2020-07-20,0.9866388446574034,0.8859628585573858,0.7955479016795943,1.0175659755229993,0.9094321056894996,0.8127782330912734,1.0061652854178975,0.9039351343610796,0.812081517474784
2020-07-21,0.9868671438853275,0.8861634635689287,0.7957240837945332,1.018712437860874,0.9104266409438991,0.8136401564140949,1.0063981028860813,0.9041398087628462,0.8122613611258694
2020-07-22,0.9867306945709018,0.8860349051310237,0.7956032273629643,1.01702747578421,0.9088888999375735,0.8122373672550721,1.0062589531210608,0.9040086424416867,0.812137992974011
2020-07-23,0.986684732714879,0.8859010348123257,0.7953998723782341,1.0161742142860015,0.9080985402532997,0.8115061846508018,1.006212081639937,0.9038720564851194,0.8119304117281337
2020-07-24,0.987714347039861,0.8867294314220056,0.7960574226319449,1.0161957939874549,0.9080904391626563,0.8114745018646963,1.0072620729278086,0.9047172576055077,0.812601627636971
2020-07-27,0.9880129283451453,0.8869860226316408,0.7962774875982247,1.0159278403243153,0.9077788779144869,0.8111316741325988,1.0075665634167839,0.9049790539182055,0.8128262661425621
2020-07-28,0.9878671952552941,0.8867615382244463,0.7959918849227494,1.0181798450683281,0.909758266761669,0.8128709329242431,1.0074179461423485,0.9047500157132522,0.812534727878675
2020-07-29,0.9875548282871468,0.8864730861958834,0.7957257256966489,1.0188488379716492,0.910326321191426,0.8133519269071061,1.0070993971602533,0.9044557122662429,0.8122630371511081
2020-07-30,0.9882307046803092,0.8870716902361198,0.7962557841338167,1.0183864672347378,0.9098866794542726,0.8129354237063868,1.0077886497350084,0.9050664593402471,0.8128041116220442
2020-07-31,0.9889367304758115,0.887520472954356,0.7964925869938411,1.0161491162608964,0.9073182858698636,0.8101319611144784,1.008508648394995,0.9055243458789316,0.8130458358796344
2020-08-03,0.9889367304758115,0.887520472954356,0.7964925869938411,1.0161491162608964,0.9073182858698636,0.8101319611144784,1.008508648394995,0.9055243458789316,0.8130458358796344
2020-08-04,0.9889367304758115,0.8873430043534853,0.7961741173469024,1.0161491162608964,0.9069555036683963,0.8094843736155859,1.008508648394995,0.905343277223487,0.8127207475806022
2020-08-05,0.9872341324264349,0.8856264267618185,0.7944644264124661,1.0135027395592862,0.9045707008571136,0.8073355083717816,1.0067723544495668,0.9035918778493742,0.8109755246901658
2020-08-06,0.9870542607031583,0.8854480199973351,0.7942890818595228,1.014066001333354,0.9049665495028869,0.8075934017291714,1.0065889229084621,0.9034098519991183,0.8107965360078571
2020-08-07,0.9869309244120331,0.8853189186241724,0.7941567045890263,1.0146931917429978,0.9055116027250674,0.8080667225891355,1.006463145684877,0.9032781317289412,0.8106614075831863
2020-08-10,0.9877396811164957,0.8859971013599607,0.7947225935006285,1.0137325936261257,0.9046166935048481,0.8072344925416601,1.0072879083878514,0.9039700717989735,0.8112390571817658
2020-08-11,0.988886911014576,0.8869183198612973,0.79545215883023,1.015234505046618,0.9058535572046401,0.8082459147638927,1.0084578429632967,0.904909977757489,0.81198378483262
2020-08-12,0.9875148537656123,0.8856647685640008,0.7943072758234462,1.0154471015735465,0.905944637479702,0.8082391953214336,1.0070586315081744,0.9036309974374841,0.8108151080910723
2020-08-13,0.9878141885678556,0.8859122763804169,0.794510475102779,1.0154502171962179,0.9059432987928581,0.8082343275734698,1.007363890406469,0.9038835260950078,0.811022530395577
2020-08-14,0.9874713337073476,0.8855843881244648,0.794198115209294,1.015113695750241,0.9056390447884219,0.8079592990056047,1.0070142501501098,0.9035489864336251,0.8107036788270368
2020-08-17,0.9880157188456464,0.8860138117362755,0.7945304790134958,1.0153011316983467,0.9057939990929923,0.8080865936645908,1.0075694091437168,0.9039871211550647,0.8110429500411273
2020-08-18,0.9877961254772858,0.8857964310225929,0.7943172014803251,1.0150758477181616,0.9055890900956722,0.8079002878574072,1.0073454698316282,0.9037653307462092,0.8108252400296813
2020-08-19,0.9876904133448555,0.8856811550179823,0.7941954657385791,1.0153661294520333,0.9058437237137992,0.8081235823896119,1.0072376655641653,0.9036477163002878,0.8107009742932255
2020-08-20,0.9894444356672644,0.8871428497399232,0.795406527998586,1.0154128619181384,0.9058803139135597,0.8081516732824926,1.0090264015137098,0.9051390623562884,0.8119372056700999
2020-08-21,0.9909277350830544,0.8884465787379173,0.7965519500065353,1.0154410099431683,0.9059016667060903,0.8081673697668854,1.010539056714881,0.9064692382610563,0.8131064326147008
2020-08-24,0.9905796160565709,0.8880622247183994,0.7961425334489224,1.0150230789722745,0.9055162276137946,0.8078122786119802,1.0101840481101236,0.9060770873950021,0.8126885072846438
2020-08-25,0.9898372033583648,0.8873699888263505,0.7954980404680134,1.0148449171828031,0.9053526489972379,0.807662211505913,1.0094269424189852,0.9053708090921987,0.8120306200137035
2020-08-26,0.9903647321755816,0.8878165857711654,0.7958748121529474,1.0148811890733251,0.905380382276434,0.8076828253119609,1.0099649114902571,0.9058264655177669,0.8124152220232076
2020-08-27,0.9915465393124758,0.8888455243105876,0.7967698389023121,1.0143471186565454,0.9048993586290215,0.8072496240407981,1.011170107618142,0.9068762766784698,0.8133288498252168
2020-08-28,0.9920470386921919,0.8892670351817957,0.7971233248481812,1.0140301293809049,0.904610535195205,0.8069865813987795,1.0116805123158392,0.9073063381447265,0.8136896821556412
2020-08-31,0.9914137617977782,0.8881053744980612,0.7955495870712921,1.014253936029661,0.9047103377318209,0.8069865353936436,1.0110347023209594,0.906121112493232,0.8120832378934351
2020-09-01,0.9914137617977782,0.8881053744980612,0.7955495870712921,1.014253936029661,0.9047103377318209,0.8069865353936436,1.0110347023209594,0.906121112493232,0.8120832378934351
2020-09-02,0.9914137617977782,0.8880165728407771,0.7953905089694981,1.014253936029661,0.9043485982925038,0.8063414622238645,1.0110347023209594,0.9060305094422878,0.8119208537226905
2020-09-03,0.992000189246465,0.888536472329,0.7958513724572236,1.0149452470978984,0.9049415981757218,0.8068493492676755,1.011632735678839,0.906560955396316,0.8123912951878376
2020-09-04,0.9916633454973791,0.8881419421124807,0.7954148932356897,1.015572986771467,0.9054831221133071,0.8073159753928371,1.0112892254990244,0.9061584219031404,0.8119457447592323
2020-09-08,0.9919491953907191,0.8882790242575879,0.7954311738227756,1.015684050590228,0.9055184555521592,0.8072907150123869,1.0115807326103414,0.9062982848398979,0.8119623637005158
2020-09-09,0.9918943728572772,0.8881260326154812,0.7952011164745016,1.015297290408892,0.9050619914549161,0.8067841850343771,1.0115248250912867,0.9061421896726704,0.8117275251444738
2020-09-10,0.9909942797711258,0.8873013054082022,0.7944458591863209,1.0143850515032649,0.9042233002343661,0.8060138534458167,1.0106069183801996,0.9053007323906609,0.8109565715873406
2020-09-11,0.9919817759093484,0.8880781323824539,0.795045282841648,1.0138806119561856,0.9037512494342569,0.8055731080135857,1.011613957925768,0.9060933177553442,0.8115684528714222
2020-09-14,0.9932257385193446,0.8890409974396476,0.7957721694039186,1.0130350754793087,0.9029357370412494,0.8047910290933834,1.0128825396376209,0.9070757150945093,0.8123104460829867
2020-09-15,0.993705147468105,0.8894542403543868,0.796127841039521,1.0124409575206743,0.9022954990142669,0.8041217229362027,1.0133714365063924,0.9074973408839547,0.8126735095276302
2020-09-16,0.994164519513126,0.8898495497730453,0.7964674682238032,1.0133952743982255,0.9031289311519853,0.8048492646812985,1.0138398999236746,0.9079006693858416,0.8130201950742898
2020-09-17,0.9929817094491858,0.8886855503512464,0.7953313723358849,1.0130078643929488,0.9027661374812824,0.8045103218304649,1.0126336810199452,0.9067130575536104,0.8118604880714687
2020-09-18,0.9928030238813943,0.8885000194682875,0.7951424312597019,1.013319454771967,0.9030222626221243,0.804719376090824,1.0124514591093743,0.9065237630679606,0.811667620293757
2020-09-21,0.9945321218833892,0.8899861535219529,0.7964175695304201,1.0132046831946955,0.9028690099615517,0.8045374090492295,1.0142147774645287,0.9080400442218522,0.8129692593524345
2020-09-22,0.9937032192743862,0.8891330218503026,0.795554396264695,1.0132693856570958,0.9028156249603786,0.8043908308469245,1.0133694701520433,0.9071696062742655,0.8120881470347553
2020-09-23,0.9936941324299284,0.8891036609244602,0.7955091447865271,1.0135699210064946,0.9029783084989712,0.8044421818613805,1.0133602034710314,0.9071396497448354,0.812041955109692
2020-09-24,0.9946390376890646,0.8898417455307763,0.7960734691806238,1.01401683902959,0.903367118030187,0.8047802347296122,1.0143238092269773,0.9078927068299445,0.8126180076759028
2020-09-25,0.9951416892155371,0.8902665620100906,0.796431248818606,1.013982547208083,0.9033270513245962,0.8047360589997589,1.0148364086642867,0.908326140960505,0.8129832229328605
2020-09-28,0.9950686738080975,0.8900544890156601,0.796110165229701,1.0140008495170147,0.9033192657086598,0.8047076575258725,1.0147619482184365,0.9081097659410973,0.8126554663671481
2020-09-29,0.9969575681343126,0.8917256338521707,0.7975884692882947,1.0142718321090678,0.9035520224152781,0.8049073049835009,1.0166882254060334,0.9098148109299897,0.814164493542831
2020-09-30,0.9962781594753297,0.8907424151106218,0.7963731657173939,1.0134174114354406,0.9026003806135403,0.8038898635488725,1.0159953706588456,0.9088116470200539,0.8129239327092648
2020-10-01,0.9962781594753297,0.8907424151106218,0.7963731657173939,1.0134174114354406,0.9026003806135403,0.8038898635488725,1.0159953706588456,0.9088116470200539,0.8129239327092648
2020-10-02,0.9962781594753297,0.8905643022501718,0.796054743819866,1.0134174114354406,0.9026003806135403,0.8038898635488725,1.0159953706588456,0.9086299210358467,0.812598893152004
2020-10-05,0.9969712810378343,0.8911591642313536,0.7965643776429043,1.0134174114354406,0.9025101296005803,0.8037291177253274,1.0167022096998413,0.9092368501409352,0.8131191185306338
2020-10-06,0.9988622856993106,0.8927500963754738,0.7978976458409307,1.0133558092141897,0.9023603220367805,0.8035111518759527,1.0186306389880693,0.9108600552759636,0.8144800956121749
2020-10-07,0.996936882096467,0.8910144328377436,0.7963331554221057,1.0142862578139857,0.9031783351677348,0.8042301852895145,1.0166671299735095,0.9090891827861863,0.8128830908928967
2020-10-08,0.9974943472245855,0.8914952607070353,0.7967473220862868,1.0150340276125613,0.9038335560054337,0.8048041522795032,1.0172356278213097,0.9095797645305954,0.8133058650494566
2020-10-09,0.9979245759649306,0.8918669328979221,0.7970680170291959,1.0148579906720279,0.9036683068842474,0.8046494407436328,1.017674371162572,0.9099589763096924,0.8136332248920685
2020-10-12,0.9982029738362024,0.8920816610415029,0.7972294617239414,1.0163217433954792,0.9049479235793066,0.8057676751754302,1.0179582787698234,0.9101780603395071,0.8137980248399035
2020-10-13,0.9975438338936942,0.8914793176323069,0.7966793043235724,1.0186303561734056,0.9069037412579467,0.8074202905503575,1.0172860938746358,0.9095634980412527,0.8132364336954879
2020-10-14,0.9961553677267045,0.89022506596032,0.7955464413819796,1.01899948988121,0.9072275553469691,0.8077042809359744,1.01587014875473,0.9082838031390462,0.8120800268282743
2020-10-15,0.9967966025536055,0.8906079433120578,0.7957186679396039,1.018358985350079,0.9066523189713364,0.807187707035197,1.0165240741765014,0.9087653148269872,0.8124183047584507
2020-10-16,0.996263051176729,0.8901101979760486,0.795255158635295,1.017527268997388,0.9059073694772964,0.8065205060298949,1.0157537577874167,0.9080592138180519,0.8117714638620864
2020-10-19,0.996023525876434,0.8897472503851523,0.7947979765606343,1.0178699212121598,0.9061997320039934,0.8067694876033015,1.015464831262998,0.9076613582976747,0.8112911568534535
2020-10-20,0.9980333290280239,0.8915176189806346,0.7963570951236363,1.018288066795754,0.9065674498419575,0.8070928042676034,1.0173894313771537,0.9093602287883717,0.8127905059742406
2020-10-21,0.9987190474089082,0.8919260506487112,0.7965397594982118,1.0191895975270915,0.9072731485346417,0.8076348169844276,1.0183898918280854,0.9100504911653593,0.813225268920946
2020-10-22,0.9970381532719584,0.8902921330416275,0.7949619690417401,1.0235912847958384,0.9111788695150742,0.8111003705113871,1.0161554844161653,0.9079226531826986,0.8112066181744211
2020-10-23,0.999165632677202,0.8920732758006271,0.7964465461027209,1.023668643506492,0.9112391971412628,0.8111464741604312,1.0175776432118915,0.9090768889950304,0.8121338788103963
2020-10-26,1.0007709314381512,0.893341498597516,0.7974316396216924,1.0236787022252112,0.9112208241413232,0.8111058037119021,1.0181038986922755,0.9093918228577182,0.8122766817682177
2020-10-27,1.0005479143355611,0.8930298332806684,0.7970529743447033,1.0245777628761226,0.9120099022891868,0.8117982079492241,1.0180528907446065,0.9093257571299792,0.8121993639400579
2020-10-28,1.0011662695862158,0.8935576164972147,0.7975025121904665,1.0255574202477884,0.9128691908153401,0.8125517409927019,1.0186820643617982,0.9098631712846926,0.8126574443489492
2020-10-29,1.0034178826796674,0.8955467303666995,0.7992595082395955,1.0278311452668323,0.9148818274138695,0.8143331848794353,1.0209730703054256,0.9118885823157468,0.814447828576197
2020-10-30,1.003156443519667,0.8949433346230166,0.7983907143027782,1.0278231797410777,0.9146849581292252,0.813989030476808,1.0207070571652461,0.9112741758636601,0.8135625249570014
2020-11-02,1.003156443519667,0.8949433346230166,0.7983907143027782,1.0278231797410777,0.9146849581292252,0.813989030476808,1.0207070571652461,0.9112741758636601,0.8135625249570014
2020-11-03,1.003156443519667,0.8947643817466673,0.7980714857084948,1.0278231797410777,0.9145934987793473,0.8138262652237633,1.0207070571652461,0.9110919574721656,0.8132372300649754
2020-11-04,1.00007724555733,0.8918274042173894,0.7952819885969586,1.025661980336923,0.912482208784065,0.8117802126904302,1.017573987432335,0.9081013862549945,0.8103947241680932
2020-11-05,1.0026312302377784,0.8937402613706669,0.7966626963533437,1.0285876187089795,0.9147928882508753,0.8135760544430357,1.0201726550719301,0.9100491490445036,0.8118016694999829
2020-11-06,1.0019992285619408,0.8930779974656003,0.7959842440910555,1.026483461714155,0.9127195687402676,0.8115525672825721,1.0195295962800188,0.9093748002103978,0.8111103246162289
2020-11-09,1.000154902040372,0.8913897274248739,0.7944399208018387,1.0288627846014127,0.9147675255286603,0.813313333649256,1.0176530025458677,0.9076557227778067,0.8095366545671949
2020-11-10,0.9993076126652402,0.8903567443343994,0.7932716705928918,1.0282765782550274,0.9140449635586624,0.8124918787603811,1.0167908895123074,0.9066038899096958,0.8083462041113648
2020-11-11,0.9993076126652402,0.8902677175626431,0.7931130479832952,1.0262655201281972,0.9120622376578471,0.8105561055526985,1.0167908895123074,0.9065132385858372,0.8081845671979252
2020-11-12,0.999805323618288,0.8907058614365373,0.7934986930745277,1.0273218143069873,0.9129887278523506,0.8113685934932663,1.017297308112802,0.9069593776676607,0.8085775406989189
2020-11-13,1.000222383008027,0.8910733046939668,0.7938223765121879,1.0281500835237103,0.9137146062456342,0.812004600156883,1.0177216641193987,0.9073335259948637,0.8089073750896651
2020-11-16,1.0013546945906175,0.892069777517692,0.7946991572748678,1.0295540438491773,0.9148442416688578,0.8129035504437143,1.0188737859352193,0.9083481823603343,0.8098008173082942
2020-11-17,1.000657066163338,0.8912696104855224,0.793827188352099,1.0291744825881453,0.9144071450452443,0.8124264755575262,1.018163952226227,0.9075334139559181,0.8089122783689212
2020-11-18,0.9998620429774263,0.8905571248919638,0.7931887057409048,1.029522757978567,0.9147074560606421,0.8126851833797208,1.0173550197992738,0.9068079269927034,0.808261662679136
2020-11-19,0.9995011539890616,0.8901428169492018,0.7927369785395919,1.0292536907617895,0.9144602144000162,0.812458248871801,1.0169878169171542,0.9063860587978267,0.8078013513103937
2020-11-20,0.9995011539890616,0.8901428169492018,0.7927369785395919,1.0284558439083566,0.9137430770091269,0.8118137528633153,1.0169878169171542,0.9063860587978267,0.8078013513103937
2020-11-23,0.9995011539890616,0.8901428169492018,0.7927369785395919,1.0286913028014082,0.9139242020153149,0.8119497234324884,1.0169878169171542,0.9063860587978267,0.8078013513103937
2020-11-24,0.9995011539890616,0.8901428169492018,0.7927369785395919,1.0299428540576514,0.9150226067002972,0.8129135617771227,1.0169878169171542,0.9063860587978267,0.8078013513103937
2020-11-25,0.9995011539890616,0.8901428169492018,0.7927369785395919,1.0292996381607653,0.91434931265208,0.8122249376093307,1.0169878169171542,0.9063860587978267,0.8078013513103937
2020-11-27,0.9995011539890616,0.8901428169492018,0.7927369785395919,1.029823704432255,0.9147893848142569,0.8125932349065619,1.0169878169171542,0.9063860587978267,0.8078013513103937
2020-11-30,0.9995011539890616,0.8901428169492018,0.7927369785395919,1.0290357161804629,0.9137862944609922,0.8114329460980386,1.0169878169171542,0.9063860587978267,0.8078013513103937
2020-12-01,0.9995011539890616,0.8901428169492018,0.7927369785395919,1.0290357161804629,0.9137862944609922,0.8114329460980386,1.0169878169171542,0.9063860587978267,0.8078013513103937
2020-12-02,0.9995011539890616,0.8901428169492018,0.7927369785395919,1.0290357161804629,0.9137862944609922,0.8114329460980386,1.0169878169171542,0.9063860587978267,0.8078013513103937
2020-12-03,0.9995011539890616,0.890053811568045,0.7925784628470225,1.0290357161804629,0.913603573746243,0.8111085026969599,1.0169878169171542,0.9063860587978267,0.8078013513103937
2020-12-04,0.9988932825877938,0.8894170243281634,0.7919263916960251,1.0289391691812122,0.9134156272513335,0.8108508807325565,1.0169878169171542,0.9062954292549013,0.8076398233457245
2020-12-07,0.9994391474862614,0.8898786054948465,0.7923156094523611,1.0300832589707622,0.9143028561157499,0.8115245633814179,1.0165870708245173,0.9058355422145663,0.8071384608116163
2020-12-08,0.9996743183628367,0.890079634731359,0.7924871536043507,1.030010650376354,0.9142209499788506,0.8114363714251268,1.0157829987933054,0.9051096280856069,0.8064832274788591
2020-12-09,1.0009851509837409,0.8912382774145644,0.7935112045521355,1.032704868490781,0.9165940106764288,0.81352641025378,1.0164133238400503,0.9056630271009364,0.8069689709310711
2020-12-10,1.0006447515486334,0.8908381533376555,0.793068568323886,1.0320542159633188,0.9159079357053359,0.8128211133023207,1.0154143107058986,0.9047640986475978,0.8061601886472848
2020-12-11,1.0009664836232168,0.8911104368301258,0.7932983828670279,1.031923445963039,0.9157776274015853,0.8126928283851509,1.0143846877861893,0.9038376260758052,0.8053266237548785
2020-12-14,1.0020201304133947,0.8919219644557923,0.7939083254762457,1.033439799575019,0.9170841358717208,0.8138175245733221,1.01543810346154,0.9046591229744612,0.8059542934911175
2020-12-15,1.0021732421155272,0.8920373421396028,0.7939923965580457,1.0331409913047853,0.9168033865140652,0.8135545509041404,1.0159445513043757,0.9050936242523783,0.8063265044891519
2020-12-16,1.0030048627061365,0.8926716425828505,0.7944626599301526,1.032994230746504,0.916568256552704,0.8132528371577694,1.017085973744514,0.9060975081902084,0.8072092649593987
2020-12-17,1.0028775865881419,0.892448142987527,0.7941656710217361,1.0322536102441493,0.9158937673183143,0.8126389858945413,1.0186133867989948,0.9073536502343548,0.8082351561326199
2020-12-18,1.0012453326269013,0.8909666446935931,0.7928215404196985,1.0308669650553135,0.9146419541202462,0.8115092541799559,1.0178720209926453,0.9066757694906851,0.8076157391813676
2020-12-21,1.002488384136737,0.8919097105741001,0.7935156696901373,1.0310381948484568,0.9147430492394117,0.8115538610955388,1.0202291553774852,0.9086348221624829,0.8092356330016378
2020-12-22,1.0019137177817572,0.8913678909493211,0.7930064604218835,1.0301349036111902,0.9139232666600214,0.810810254504347,1.0217022738855168,0.9099248416963455,0.8103649761529618
2020-12-23,1.0043508253214921,0.8932324149028228,0.7943951696136916,1.0323056613416404,0.9155515779126343,0.8119909708876794,1.0217046503806195,0.9097204237693376,0.8099990251297522
2020-12-24,1.0042882333859993,0.8931506747656298,0.7942992627511514,1.0317255607896207,0.9150234568606717,0.811510493936639,1.02256911588095,0.910468923679096,0.810646574910079
2020-12-28,1.0042990314937692,0.8930682606046901,0.7941441041131557,1.0327920279919116,0.9159223777085352,0.8122660912158594,1.0216181092220569,0.9095451522606965,0.8097554813515344
2020-12-29,1.0050793694296605,0.8937348562391346,0.7947125760951785,1.0323257474271432,0.9154950550435638,0.8118748882568088,1.0229695894071396,0.9107266250983566,0.8107879683032361
2020-12-30,1.0043964479397043,0.893102826533146,0.7941285353473247,1.032264074352835,0.9154271740876327,0.8118029907831298,1.0222578907308781,0.9100719402946793,0.8101863474858412
2020-12-31,1.0060071739020717,0.8939705454337495,0.7943981262303246,1.033372482345322,0.9161201719923058,0.8121604103370922,1.0230609708972378,0.9103067334195475,0.8099679160324009
2021-01-04,1.0060071739020717,0.8939705454337495,0.7943981262303246,1.033372482345322,0.9161201719923058,0.8121604103370922,1.0230609708972378,0.9103067334195475,0.8099679160324009
2021-01-05,1.0060071739020717,0.8938811573180178,0.7942392783746497,1.033372482345322,0.9160285691353922,0.8119980107349452,1.0230609708972378,0.9102157118483627,0.8098059548414326
2021-01-06,1.0041704258669122,0.8922431344782807,0.7927785223030107,1.0332438054143505,0.9158183887364271,0.811726500109194,1.0211930863762406,0.9085477562002444,0.8083165687110907
2021-01-07,1.004468835390918,0.8923257860317189,0.7926898401847033,1.0344179370216027,0.9166669574753855,0.8123083657033957,1.0214965545276358,0.9086319181069277,0.8082261484694222
2021-01-08,1.0042609374001568,0.8918696714185574,0.7920436311497346,1.0343207366938665,0.9164795185444954,0.8120525135590715,1.0212851322577023,0.9081674685725525,0.80756727407371
2021-01-11,1.0033810901432643,0.891040944805643,0.7912656492061076,1.032928392999208,0.9152095585705573,0.8108951401808173,1.0203903698621357,0.9073235980225066,0.8067740440889156
2021-01-12,1.0035358287788254,0.8911595511644269,0.7913542763234476,1.0330843460172712,0.9153330326402755,0.8109915061549408,1.0205477316214147,0.9074443717634075,0.8068644082516262
2021-01-13,1.0038422044303486,0.8913230149706445,0.7914029730021186,1.0338431246418804,0.9158987556053061,0.8113983568358492,1.020859300941831,0.9077016019033218,0.8070755067506817
2021-01-14,1.0047088484361317,0.8919800439481969,0.7918864815358535,1.0347368051909143,0.9166711334128886,0.8120654649825431,1.0219032492879871,0.9085196752797774,0.8077049635848635
2021-01-15,1.005119771994002,0.8923266331942559,0.7921779985125458,1.035036664495444,0.9169176895750525,0.8122669785668841,1.0224847733533022,0.9090227230749617,0.8081397893934488
2021-01-19,1.0052545254292138,0.8923848536582224,0.7921751659461782,1.0375231170357861,0.9190556169861834,0.8141034972416247,1.0230959657151868,0.9095190253732311,0.8085391595970937
2021-01-20,1.007461683769665,0.8941468643413989,0.7935641782631347,1.0390046549794452,0.9202578753266595,0.8150709632342441,1.025270526267284,0.9112555843402775,0.8099081463062509
2021-01-21,1.0058708424801328,0.8926319163233248,0.7921282001290402,1.0392603949678019,0.9203727844484674,0.8150739115765196,1.0243436919331586,0.9103311794819579,0.8089971230960662
2021-01-22,1.007552910697415,0.8940213640027662,0.7932695939221125,1.0406206581748756,0.9213747147356279,0.8157817176371002,1.0253828039885882,0.9111537305838231,0.8096384569500472
2021-01-25,1.0061028620875165,0.8927081623804359,0.7920808252160859,1.0412118915346817,0.9218721966030934,0.8161991600989189,1.0237021200797904,0.9096475503492394,0.8082887773609533
2021-01-26,1.004705955954483,0.8914580590665298,0.7909621926021607,1.0404135644189267,0.9211539823195465,0.8155531908904639,1.0232728187501066,0.9092619593743086,0.8079424907092579
2021-01-27,1.0045824214419836,0.8911628065566046,0.7905355098635479,1.0382149292016472,0.9191920681378255,0.8138026420127891,1.024875158982398,0.9105035212876121,0.8088837962794713
2021-01-28,1.012005543494634,0.8974795501356121,0.7959010375573482,1.0420222572696218,0.922372923078908,0.8164505874947523,1.0294807380146895,0.9144118662492441,0.8121931534102086
2021-01-29,1.010069332321869,0.8956729029773064,0.7942194540737935,1.039843848706065,0.9202578030682786,0.8144129723876158,1.0275110925716346,0.9125711339457275,0.8104771478670791
2021-02-01,1.010069332321869,0.8956729029773064,0.7942194540737935,1.039843848706065,0.9202578030682786,0.8144129723876158,1.0275110925716346,0.9125711339457275,0.8104771478670791
2021-02-02,1.010069332321869,0.8954938042164631,0.7939018933164669,1.039843848706065,0.9200737883106165,0.8140873374526347,1.0275110925716346,0.9123886562144846,0.8101530866324261
2021-02-03,1.0105334653767255,0.8958076323162909,0.7940935577464208,1.0378717052571067,0.9183194009925716,0.8125267278668421,1.027983240222329,0.9127084051585154,0.8103486744384661
2021-02-04,1.0114286267967199,0.8965865480491733,0.7947710658230943,1.0389365752683832,0.9192528731187322,0.8133449308611251,1.028893859186051,0.9135020163208514,0.8110400511238681
2021-02-05,1.0107856477191788,0.8960040934766583,0.7942436894978275,1.0397229620022688,0.9198483093332218,0.8137829865506563,1.0282397772202652,0.912817291128232,0.8103398114286156
2021-02-08,1.0124694498003337,0.8974616137626238,0.7955045735901671,1.038546315754095,0.9187719355545265,0.8127994122336963,1.0294459012254336,0.9138401208625272,0.8112052616909344
2021-02-09,1.0141544066110084,0.8987623231991838,0.7964865728645978,1.0369637917488301,0.9172660939404446,0.8113736347055517,1.0314630806518608,0.9154301673647108,0.8124386940477675
2021-02-10,1.0145866870836289,0.8991330231908679,0.7968041041675261,1.0359996475310178,0.9163964447894709,0.8105895200781784,1.0319135201720477,0.9158129296676099,0.8127632977934874
2021-02-11,1.0146568867632495,0.8990882173439527,0.7966695977488433,1.0352150258031645,0.9155013589058962,0.8096200535304995,1.0326453151276376,0.9163470084621551,0.8131349432273131
2021-02-12,1.0147149491377419,0.8991225436993284,0.7966848446520537,1.034773955473143,0.9150023052691398,0.8090823716914226,1.0328306486211254,0.9164900295073104,0.813242830198094
2021-02-16,1.0157491488503425,0.8998856994582349,0.7972252522554599,1.0346929493348405,0.9147913737463469,0.8087727305461516,1.0343854197496045,0.9176965549316088,0.8141598240538975
2021-02-17,1.0147629408607635,0.8989974839537463,0.7964255163114822,1.034337110686278,0.9144673761861934,0.8084779737101356,1.0339797363484058,0.9173175985459344,0.8138067289119343
2021-02-18,1.0146714365056362,0.8989020954518645,0.7963283198371802,1.0353773271623972,0.9153784875831238,0.8092759206079524,1.034404152750754,0.9176743305529235,0.8141056357770576
2021-02-19,1.0162844659562749,0.9003161438269385,0.7975677742369763,1.0363074450059007,0.9161913461277376,0.8099861997483963,1.035118333460992,0.9181987041141271,0.8144739407005045
2021-02-22,1.0163124893086568,0.9003045009133784,0.7975251470483482,1.036384291953601,0.9162351012610186,0.810003501611546,1.0351468761444504,0.9181868299427971,0.8144304099368196
2021-02-23,1.0170392143838434,0.9008456893766105,0.7979136984293148,1.0386115993858325,0.9181028436071517,0.8115650913178426,1.0358870689486408,0.9187387677804426,0.8148271975010154
2021-02-24,1.0154994683269776,0.8994599120792413,0.7966668113752531,1.0371595711817507,0.9168025142702296,0.8104008196538237,1.034318788190914,0.9173254654339729,0.8135538799907867
2021-02-25,1.0133077842965952,0.8974078031608881,0.7947511071849273,1.0349871809920297,0.9147768337294377,0.8085170985208806,1.0320864876914,0.9153240922427425,0.8117597905052116
2021-02-26,1.01301582310681,0.8966897619798824,0.7937082909734154,1.0349651375273368,0.914384932520703,0.8078415619941794,1.031600813387756,0.9145184828557548,0.8107128670287075
2021-03-01,1.01301582310681,0.8966897619798824,0.7937082909734154,1.0349651375273368,0.914384932520703,0.8078415619941794,1.031600813387756,0.9145184828557548,0.8107128670287075
2021-03-02,1.01301582310681,0.8965104598879048,0.7933909345995757,1.0349651375273368,0.9142020921022825,0.8075185545723506,1.031600813387756,0.9143356157326082,0.8103887115440899
2021-03-03,1.0119788173381048,0.8954912518260814,0.7923991993659937,1.0338418510540106,0.9132004787612457,0.8066255278426963,1.0312055611569417,0.9138813333053077,0.8098939888112742
2021-03-04,1.0120072860939946,0.8954123185455083,0.7922372337812034,1.035078621162661,0.9141929098377597,0.8074138100693764,1.0313610147381338,0.9140041049754163,0.8099895016352323
2021-03-05,1.0107457817417425,0.8941826087326546,0.7910486966538859,1.0353410469552793,0.9142241423242422,0.8072642381837349,1.0315476854571657,0.9140607526692173,0.809943261632794
2021-03-08,1.0063202684753791,0.8900272382470232,0.7871599562943346,1.0335350828653826,0.912561972638545,0.8057369325601313,1.0280326057318632,0.9107132265290038,0.8067706822536016
2021-03-09,1.006653583355533,0.890307940002275,0.7873957572861121,1.0340191244774262,0.9129620295028854,0.8060660289522167,1.028231719094831,0.910880187900234,0.8069102348597641
2021-03-10,1.0064842316860143,0.8899643188128352,0.7869203855246791,1.0332214365630226,0.9122336127464002,0.8054015895329739,1.0274160838763693,0.9100571588918682,0.8060921178888097
2021-03-11,1.0069377410103455,0.8903521212088266,0.7872516178514685,1.0332531161300196,0.9122385188856883,0.8053855623731566,1.0274486897850401,0.9100730387483571,0.8060946719654498
2021-03-12,1.0062262871338497,0.8897083927271612,0.7866694715492278,1.0334025474634243,0.9122529554629827,0.8052945354006391,1.0266022439243458,0.9092165071776765,0.8052413803625258
2021-03-15,1.0060976347973445,0.8895593839544061,0.7865065299238115,1.0328984872289322,0.9117588361030791,0.8048149259699693,1.0265811564736058,0.9091735660159479,0.8051818511449519
2021-03-16,1.0067545219925274,0.8901284519058889,0.7869993012672627,1.0333799977799982,0.9120766472443511,0.8050008157260956,1.0269245775529927,0.9094697472779527,0.805437102345011
2021-03-17,1.0076849316811711,0.8909358609311038,0.7876997175379161,1.0340826791037898,0.9126731302609626,0.8055063512347523,1.0274935005692218,0.9099622580752911,0.8058632355795691
2021-03-18,1.0076612974479442,0.8909008335298653,0.7876562499555921,1.0339560929980571,0.9125357385624009,0.8053624282905172,1.0271253057151368,0.9096259362802775,0.8055563153676504
2021-03-19,1.0071592095757165,0.8903549426258816,0.78708347627768,1.0326958697875248,0.9114017354130223,0.804342390471799,1.0274777287422465,0.9098385820568113,0.8056565856691086
2021-03-22,1.007514210450109,0.8906210627323053,0.7872765195117749,1.0341047378141615,0.9125830141530322,0.8053300482698931,1.027229750562651,0.9095828233102499,0.8053980631968389
2021-03-23,1.0084045044974936,0.8913007714387605,0.7877825337503361,1.032827649938049,0.9114339816886986,0.8042966178915428,1.0279924107436342,0.9101528814580868,0.8058096264800454
2021-03-24,1.0077835058416487,0.8905496108518841,0.7869398310617584,1.0314054570563629,0.9099721276847091,0.8028241673166657,1.0280302706172826,0.9099867983105066,0.8054858284761214
2021-03-25,1.0070656828323912,0.8899004835937885,0.7863531330424017,1.0317476797415206,0.9102499457329205,0.8030479906264436,1.0278652046773107,0.9098313776343839,0.8053400132292652
2021-03-26,1.0067605845416332,0.8896141347178992,0.7860852962980076,1.0323592268127155,0.9107612223986145,0.8034741057841233,1.0271518201368424,0.9091883353682249,0.8047605695696057
2021-03-29,1.0069225358301077,0.889721305169224,0.7861482215828843,1.0319653335572876,0.9103526014828224,0.803059665061876,1.0262901387691616,0.908310414410591,0.8038814967019744
2021-03-30,1.0076223635674872,0.8901507473836159,0.786360770096174,1.0325207713478122,0.9107294755344415,0.8032924239752208,1.0271123362133323,0.9089343702910166,0.8043419541179178
2021-03-31,1.0076900770034127,0.890118514216878,0.7862509760308533,1.0320615991997895,0.9099423067413654,0.8022610400934375,1.027259970389233,0.9088769139999183,0.8041246508944481
2021-04-01,1.0076900770034127,0.890118514216878,0.7862509760308533,1.0320615991997895,0.9099423067413654,0.8022610400934375,1.027259970389233,0.9088769139999183,0.8041246508944481
2021-04-05,1.0076900770034127,0.8899405261116557,0.7859366013902971,1.0320615991997895,0.9098513216092046,0.8021006199694436,1.027259970389233,0.9086951749649254,0.803803129642591
2021-04-06,1.0080595394234484,0.8902587930049902,0.7862105864243935,1.0320919434921259,0.9098738853924655,0.8021168194232263,1.0276366079718857,0.9090201490298638,0.8040833431197245
2021-04-07,1.008221699005298,0.8903938038377659,0.7863225772756706,1.0321807419421045,0.9099477984297428,0.8021781255700717,1.027801916781658,0.9091580050873324,0.8041978798350125
2021-04-08,1.00767216449249,0.8899006649677829,0.7858801641848305,1.0319979967650057,0.9097827936927035,0.8020292245238464,1.027241710007534,0.9086544737854159,0.8037454094622329
2021-04-09,1.0073127128731927,0.8895744392989468,0.7855843099088378,1.031888282502584,0.9095901919247587,0.801774909739731,1.0268752776408545,0.9083213732213632,0.8034428295944163
2021-04-12,1.00705009778121,0.8893202015444921,0.7853400831346676,1.0318753771020472,0.909554900130983,0.8017227200132436,1.0266075624199047,0.9080617776484137,0.8031930508653519
2021-04-13,1.0070094896721586,0.8891877706670285,0.7851378571683681,1.031877538793343,0.9095485935590268,0.8017099241255826,1.0265661656791272,0.9079265559163577,0.8029862277395183
2021-04-14,1.0074994935305506,0.8895192512402024,0.7853412694866204,1.0319754612340115,0.9095360695198661,0.8016118179142234,1.027065685680911,0.9082650221268513,0.8031942641863893
2021-04-15,1.007597611740505,0.8895852115929553,0.7853812427040803,1.0325679031971027,0.910043721961847,0.8020464520366908,1.0271657094002595,0.9083323725312064,0.8032351461064312
2021-04-16,1.006890466648297,0.8889451339702685,0.7848022270963015,1.0320390409902895,0.9095648341379302,0.8016131270017335,1.0264448311629322,0.907678805882343,0.8026429678609834
2021-04-19,1.0074461589049566,0.8893893656569786,0.785153504455884,1.0317709873713226,0.9092936172481649,0.8013432827647777,1.0270113152676672,0.9081323993286868,0.8030022307334663
2021-04-20,1.007756552814948,0.8896467391335686,0.7853660148589903,1.0312311074278602,0.908804275116373,0.8009000917854452,1.0273277371974483,0.9083951967061288,0.8032195720900035
2021-04-21,1.007583369264936,0.889477029837291,0.7852013411788666,1.0303102274477496,0.9079797018119123,0.8001619436048036,1.027151190328012,0.9082219109480929,0.803051154918416
2021-04-22,1.007025864019157,0.8888776169030254,0.7845775538222294,1.0293659325437003,0.9071332660598861,0.7994034546181912,1.0265828580249152,0.907609865957223,0.8024131871375422
2021-04-23,1.0051222318937292,0.8869976385202866,0.7827418783760804,1.0284361612321997,0.9062086615124921,0.7984959133514612,1.024642256320655,0.9056902688208873,0.8005357816750501
2021-04-26,1.004919898776145,0.8867836898836243,0.7825218614476946,1.0283533644076832,0.9061111915101643,0.798388437631366,1.0244359937830736,0.9054718114205095,0.8003107631490035
2021-04-27,1.0049802866015072,0.8868244367172642,0.7825467480023013,1.028231065612822,0.9059953031841079,0.79827916260809,1.0244975543730894,0.9055134169548539,0.8003362154443201
2021-04-28,1.0042693257605095,0.8861851308589497,0.7819720896776373,1.0272182893014663,0.9050040860560563,0.7973187232207302,1.0237727862830404,0.9048606383345619,0.7997484935351699
2021-04-29,1.00492941948917,0.8865763667344729,0.782148530528813,1.0266310299090686,0.9043801577942089,0.7966751362073211,1.0244456993935616,0.9052601191334806,0.7999289453783858
2021-04-30,1.0053198073926917,0.8864579962266478,0.7816358311521877,1.0263778803364236,0.9037806544292986,0.7958153687560059,1.0248436688440543,0.9051392540799597,0.799404590916756
2021-05-03,1.0053198073926917,0.8864579962266478,0.7816358311521877,1.0263778803364236,0.9037806544292986,0.7958153687560059,1.0248436688440543,0.9051392540799597,0.799404590916756
2021-05-04,1.0053198073926917,0.8863693592907187,0.7814795352451387,1.0263778803364236,0.9037806544292986,0.7958153687560059,1.0248436688440543,0.9050487492050392,0.7992447419683623
2021-05-05,1.005650623539188,0.886568346344214,0.7815732891568238,1.0263778803364236,0.9037806544292986,0.7958153687560059,1.0251809096213622,0.9052519297211369,0.7993406271676206
2021-05-06,1.0041302981598894,0.8852178584339023,0.7803737516597636,1.0263778803364236,0.9037806544292986,0.7958153687560059,1.023631058690246,0.9038729815645556,0.798113820841824
2021-05-07,1.003363075498847,0.8845335406957546,0.7797634733784266,1.0263778803364236,0.9037806544292986,0.7958153687560059,1.0228489361447821,0.90317424248194,0.7974896692351628
2021-05-10,1.0030986754593572,0.8842769645890743,0.7795165766559564,1.0263778803364236,0.9037806544292986,0.7958153687560059,1.0225794013116667,0.9029122592782193,0.7972371598624362
2021-05-11,1.0032696915387656,0.8844183171071794,0.7796328948503516,1.0263778803364236,0.9037806544292986,0.7958153687560059,1.022753738617033,0.9030565906659946,0.7973561222934055
2021-05-12,1.0029564642117212,0.8841315086792791,0.7793706500518975,1.0263778803364236,0.9037806544292986,0.7958153687560059,1.0224344282436875,0.9027637380236828,0.7970879159401741
2021-05-13,1.0027646578326928,0.8839518565516643,0.7792029636849686,1.0263778803364236,0.9037806544292986,0.7958153687560059,1.0222388968796918,0.9025802998986105,0.7969164175950183
2021-05-14,1.0028277735939686,0.8839990388254148,0.7792371000815532,1.0263778803364236,0.9037806544292986,0.7958153687560059,1.0223032383836312,0.9026284764938356,0.7969513300069876
2021-05-17,1.0021516052743302,0.8833801807904101,0.7786714823814859,1.0263778803364236,0.9037806544292986,0.7958153687560059,1.0216139385047682,0.9019965766152517,0.7963728542410147
2021-05-18,1.002573496456009,0.8837427229092943,0.7789828100699322,1.0263778803364236,0.9036902854007585,0.7956562375085042,1.0220440230443397,0.9022765222880466,0.796531921023198
2021-05-19,1.0030018549078739,0.8840241190138338,0.7791460778352733,1.0262239233116417,0.9035508822066471,0.7955301104694789,1.0220914398272611,0.9022159010980206,0.7963879516856063
2021-05-20,1.0026607422146545,0.8837191941126245,0.7788735592615216,1.0265926159468828,0.903781015077895,0.7956495397917837,1.0215690906921333,0.9017463340144793,0.7959659742166361
2021-05-21,1.0027987053257275,0.8838366104514803,0.7789733611451694,1.0267000411693805,0.9038675270803409,0.7957186024280967,1.021761498467908,0.9019078119481537,0.7961011289051141
2021-05-24,1.0024426957679224,0.88351158521425,0.7786769822458807,1.0266075272106427,0.9037628793466158,0.7956060501025992,1.021247485438492,0.9014310692686801,0.7956599839478378
2021-05-25,1.0023954839997034,0.8834659362078564,0.7786331897813913,1.0263084751591531,0.9034912317642213,0.7953595356981572,1.021586244548727,0.9017217940019124,0.7959092787278137
2021-05-26,1.0023044160628771,0.8833819621118029,0.7785559095145739,1.026174788650557,0.9033658065693426,0.795242310798244,1.02140276723336,0.9015519513169554,0.7957523979714235
2021-05-27,1.0018908890795601,0.8830135049076787,0.7782276543309012,1.0267877915734434,0.9038961719337669,0.7957010348622923,1.0211607006977754,0.901330149229707,0.7955494392122219
2021-05-28,1.0032043319132697,0.884080119315117,0.779087507775986,1.0258188272009519,0.9028543037076001,0.7946176100529609,1.0225245785113617,0.9023472837568599,0.7962824171175983
2021-06-01,1.0032043319132697,0.884080119315117,0.779087507775986,1.0258188272009519,0.9028543037076001,0.7946176100529609,1.0225245785113617,0.9023472837568599,0.7962824171175983
2021-06-02,1.0032043319132697,0.884080119315117,0.779087507775986,1.0258188272009519,0.9028543037076001,0.7946176100529609,1.0225245785113617,0.9023472837568599,0.7962824171175983
2021-06-03,1.0032043319132697,0.884080119315117,0.779087507775986,1.0258188272009519,0.9027640273048696,0.794458718309299,1.0225245785113617,0.9023472837568599,0.7962824171175983
2021-06-04,1.0032043319132697,0.884080119315117,0.779087507775986,1.025820055708675,0.9027612041807498,0.7944527973248152,1.0225245785113617,0.9023472837568599,0.7962824171175983
2021-06-07,1.0032043319132697,0.8839917201431027,0.7789317214316996,1.0261822386841004,0.9030682234445669,0.7947126740080065,1.0225245785113617,0.9022570580510548,0.7961231924791025
2021-06-08,1.0033907518635652,0.8841520681489096,0.7790695583053749,1.0257069287608809,0.9026451952962732,0.7943362306730026,1.0227145886369544,0.9024207192219539,0.7962640714918483
2021-06-09,1.003532469461383,0.8842725708738186,0.7791718844382477,1.0274641488681373,0.9041863326675887,0.7956878207659371,1.0228590355082114,0.902453457444013,0.7962093822901158
2021-06-10,1.003926032974626,0.884615267221737,0.7794702395061683,1.028811376968479,0.9053667533736832,0.7967220512273119,1.0235111020595171,0.9030202079946357,0.7967018567634412
2021-06-11,1.0041905132436793,0.8847568567214412,0.7795144116650015,1.0284545052277048,0.9048677108189888,0.7961201347710327,1.0239180256533762,0.9032819193030597,0.7968468866609263
2021-06-14,1.0041905132436793,0.8847568567214412,0.7795144116650015,1.0281869554570628,0.9045304674831789,0.7957338348403156,1.0242162875633312,0.9035332134705061,0.7970581349013489
2021-06-15,1.0041905132436793,0.884668389882453,0.7793585399570101,1.0287473675421361,0.9048341052946421,0.7958343870738026,1.0238704999199622,0.90313343842164,0.7966219359518449
2021-06-16,1.00383757789397,0.8843531546581594,0.7790770360361637,1.0287850628556119,0.9048466631187532,0.7958273307509056,1.0234805577582036,0.9027805200642102,0.7963027399155468
2021-06-17,1.0040276487778041,0.8845168000770095,0.779217851400984,1.029902160963807,0.9058131520026214,0.7966632789172812,1.0228873762469601,0.9022490078004375,0.7958266084521121
2021-06-18,1.0042222300720196,0.8846824998343794,0.7793587868606486,1.0292087987632559,0.9051789986327072,0.7960841579125284,1.0227561648975907,0.9021212929503761,0.7957033965371322
2021-06-21,1.0038303421849786,0.8843243309883501,0.7790318658545583,1.0300982669383336,0.9059121334935223,0.7966856778947567,1.0224870713145389,0.901858411145289,0.7954489997011888
2021-06-22,1.0036101972685714,0.8841251343070279,0.7788517519540308,1.0303643945704404,0.9061273928227562,0.7968584701302285,1.021765256789212,0.9012120003736966,0.7948702562040653
2021-06-23,1.0034473569587001,0.8838884344042942,0.7785610924180104,1.0300508758986182,0.9058329888966777,0.7965831401780615,1.0218150818355607,0.9011570043170332,0.7947344821964716
2021-06-24,1.0023908030129827,0.8829491513795293,0.7777261503782654,1.028680813725456,0.9046114208646806,0.7954941863361854,1.0206023518300427,0.9000731356851362,0.7937659666828928
2021-06-25,1.0020286955341986,0.8825332132163286,0.7772743422661879,1.028633491087966,0.9044612430962168,0.795266598666962,1.0199245293863817,0.8993725031997679,0.7930573576582753
2021-06-28,1.002156583504319,0.8826348569082652,0.7773541809775142,1.0292467650198494,0.9049659481292694,0.795680003738135,1.0203864558254037,0.8996657494163742,0.7932153428967769
2021-06-29,1.0021291416652447,0.8826049221379498,0.7773227398134638,1.0295704411256306,0.905234445637275,0.7959019340304838,1.0203585148016403,0.899635237039304,0.7931832602061147
2021-06-30,1.002192691561056,0.8825689171643601,0.7772100258006187,1.0307908292341754,0.9060254118506078,0.7963493914951139,1.0204232207108985,0.8995985373312722,0.7930682463726061
2021-07-01,1.002192691561056,0.8825689171643601,0.7772100258006187,1.0307908292341754,0.9060254118506078,0.7963493914951139,1.0204232207108985,0.8995985373312722,0.7930682463726061
2021-07-02,1.002192691561056,0.8825689171643601,0.7772100258006187,1.0307908292341754,0.9060254118506078,0.7963493914951139,1.0204232207108985,0.8995985373312722,0.7930682463726061
2021-07-06,1.002192691561056,0.8825689171643601,0.7772100258006187,1.0307908292341754,0.9060254118506078,0.7963493914951139,1.0204232207108985,0.8995985373312722,0.7930682463726061
2021-07-07,1.002192691561056,0.8825689171643601,0.7772100258006187,1.0307908292341754,0.9060254118506078,0.7963493914951139,1.0204232207108985,0.8995985373312722,0.7930682463726061
2021-07-08,1.002192691561056,0.8824806690974504,0.7770546148776432,1.0307908292341754,0.9059348183687709,0.796190153464421,1.0204232207108985,0.8995085864726249,0.7929096644397181
2021-07-09,1.0021445267634121,0.8823428378424574,0.77684922933861,1.0307412900266746,0.9057933239005856,0.7959797101561755,1.020374179764631,0.8993680956928355,0.7927000882069573
2021-07-12,1.002110835248019,0.882290107229423,0.7767824943589489,1.030706637104754,0.9057391918385308,0.7959113317787995,1.0203398753789201,0.8993143476155627,0.7926319915644351
2021-07-13,1.0027760677417816,0.88286622296402,0.7772812884712721,1.0313908523855608,0.9063306193016561,0.7964224090611861,1.0210172088792766,0.8999015797989055,0.7931409630892859
2021-07-14,1.002539458856537,0.8825617639319634,0.7769286293278869,1.031147491731388,0.9061086612505961,0.796220245805308,1.0207762959263453,0.8995912460735854,0.7927811082763947
2021-07-15,1.0031438734814362,0.88308157752798,0.7773754224742554,1.0315651216548651,0.9064673012858266,0.7965280552703448,1.0213917052417174,0.9001210897396914,0.7932370178057613
2021-07-16,1.0034164409080557,0.883305667635327,0.777558734493742,1.0315344288777342,0.9064284180287325,0.7964834242905389,1.021669230845001,0.9003495037806566,0.7934240701301103
2021-07-19,1.0031067663233875,0.882994833493125,0.7772514744211316,1.0312351518305891,0.9061373951713533,0.7962030696716524,1.0213539230806157,0.900032671934169,0.793110540712223
2021-07-20,1.003016749782881,0.8828123678135859,0.7769999761650886,1.0314245905184696,0.9062019168817097,0.7961701762655691,1.0212622690813855,0.8998466854857068,0.7928539108769603
2021-07-21,1.0023105871287257,0.8820845339324558,0.776265801642412,1.030687376482233,0.9055396379599094,0.7955755047686004,1.0205432608747138,0.8991048076763358,0.792104756231624
2021-07-22,1.0023599446437113,0.8820173189097308,0.7761093084188906,1.0309727678932161,0.9056846588269934,0.7956100721602904,1.020593516234618,0.8990362957052543,0.7919450699148921
2021-07-23,1.0031501352829362,0.8825981758474096,0.776519598544059,1.0314087875449536,0.9058692665664425,0.7955978644745979,1.021398080949411,0.8996283605756256,0.7923637316141363
2021-07-26,1.0035780803096663,0.8829192150483676,0.7767532322583158,1.0308731622402267,0.9053531368591862,0.7951044111918257,1.0218338105712095,0.8999555943927146,0.7926021323988769
2021-07-27,1.0028262416088651,0.8822350141878512,0.7761312720113305,1.0301447552291627,0.904695113944711,0.7945104340946343,1.021068295441248,0.8992581915254815,0.7919674816532408
2021-07-28,1.0018430069396909,0.8813490564715204,0.7753334464123167,1.0296199635335876,0.9042168558786912,0.7940751775756391,1.020067175101535,0.8983551388003648,0.7911533771927776
2021-07-29,1.0011698307371124,0.8806481092208022,0.7746211204146374,1.0285350969613343,0.9030670027642872,0.7928922791712664,1.0193817533911942,0.897640666412737,0.790426516870507
2021-07-30,1.0026052383619726,0.8815449656151887,0.7750882785316445,1.0295177445415553,0.9035551181604381,0.7929918913785103,1.0208432720032599,0.8985548281114953,0.790903206898086
2021-08-02,1.0026052383619726,0.8815449656151887,0.7750882785316445,1.0295177445415553,0.9035551181604381,0.7929918913785103,1.0208432720032599,0.8985548281114953,0.790903206898086
2021-08-03,1.0026052383619726,0.8812805814407565,0.7746235044289871,1.0295177445415553,0.9031938406241884,0.7923580049745307,1.0208432720032599,0.8983751530808791,0.7905869721092423
2021-08-04,1.0017755022960737,0.8805371499860256,0.7739576571560576,1.028546512842245,0.9022349227039063,0.7914230534339205,1.0201517964359794,0.8977572887384837,0.7900350191493115
2021-08-05,1.0011989208840713,0.8798415829901627,0.7731803303749184,1.027384468507347,0.9011018919095052,0.7903294120379617,1.0198586141906545,0.8973109662424599,0.7894765317998603
2021-08-06,1.0021547608062376,0.8805729771288432,0.7737276745713904,1.0290355763249481,0.9025248005641938,0.7915552780303737,1.020873540728186,0.898096982259599,0.7900740425637691
2021-08-09,1.0010623709476387,0.8795460781110976,0.772766489953982,1.0283375866159583,0.9018438071320366,0.790897673708951,1.0199500977495313,0.8972274292828039,0.789258806684065
2021-08-10,0.9998164125531348,0.8784223871642576,0.771753750011955,1.0306263948093584,0.9037333110067376,0.7924514941528552,1.01834553985749,0.8957906818959585,0.7879727324897043
2021-08-11,0.99914229637525,0.8776272665125717,0.7708768908815486,1.0294271323112993,0.9025682700224242,0.7913304048738465,1.0170033137174783,0.8944072681947072,0.7865774350880862
2021-08-12,0.9993451279847514,0.8776144546880713,0.7706978579899271,1.029466155094272,0.9024058715779573,0.7910156062127137,1.0173436837137846,0.89451578681924,0.7865050215183683
2021-08-13,0.998791274456406,0.8771194177347739,0.7702555331349319,1.0292706788390862,0.9021353325648537,0.7906914988193251,1.0173435562681077,0.8945110813573459,0.7864968446623337
2021-08-16,0.9992477643475998,0.8774979246703815,0.7705682728724662,1.0300800355522397,0.9028094656690688,0.79125144441277,1.0175894409764819,0.8947160339135903,0.7866671621066149
2021-08-17,0.9982972809943834,0.8766538655680117,0.769818828109967,1.0292410849641203,0.9020597918215967,0.7905817961860655,1.017141083401654,0.8943166522062699,0.7863114705784096
2021-08-18,0.9985073845834941,0.8767409871605552,0.7698098705364943,1.029646057943731,0.9023100247147564,0.7907094186656471,1.0174373807322266,0.8944827864145501,0.7863745889278992
2021-08-19,0.9988007679006223,0.8769849333281984,0.7700120656329233,1.0315689679157731,0.9039767067784796,0.7921538100032,1.0183581827699515,0.8952826598281712,0.7870693014588084
2021-08-20,0.9991761322594427,0.8773024698278294,0.770280287343687,1.0315309398882506,0.9039258849751658,0.792093929709222,1.01847034307377,0.8953728360961433,0.7871411651842285
2021-08-23,1.0003069263865618,0.8781732940384035,0.7709377681818597,1.0319573779251636,0.904252146499914,0.7923382864436516,1.0193067910012998,0.8959950007569075,0.7875886589320347
2021-08-24,1.0009378460066685,0.8786228144017492,0.7712408296376048,1.0319943101064268,0.9041773628169785,0.7921789298505866,1.0195430678644255,0.8961003332566929,0.7875913073232383
2021-08-25,1.000892661904782,0.8785713680918535,0.7711853273408206,1.0321732336302223,0.9043214097060829,0.7922939951416275,1.019658959022633,0.8961939995052244,0.7876664304084089
2021-08-26,1.0013003745259508,0.8789174535929068,0.7714787520093594,1.0317161269116377,0.903909203138951,0.7919225845300448,1.0193353111548324,0.8959017720396313,0.7874027622026293
2021-08-27,1.001599600410065,0.8791681484500253,0.7716883032262835,1.0315252584942565,0.903729737426835,0.7917546280341077,1.0198113364558106,0.8963118127550309,0.7877558116727397
2021-08-30,1.0018914210555334,0.879389284000523,0.7718516586798875,1.0312812731997334,0.9034799448991854,0.7915041969364288,1.0203013027937824,0.8967184772179203,0.7880921550612667
2021-08-31,1.0012981977069608,0.8785941990482662,0.7709129614425582,1.030353379476631,0.9023846715428481,0.7902972974810217,1.020187096034422,0.8964314347764151,0.787675828022072
2021-09-01,1.0012981977069608,0.8785941990482662,0.7709129614425582,1.030353379476631,0.9023846715428481,0.7902972974810217,1.020187096034422,0.8964314347764151,0.787675828022072
2021-09-02,1.0012981977069608,0.8784185153451971,0.7706047195547363,1.030353379476631,0.9022042306967087,0.7899813049590381,1.020187096034422,0.8962521843395471,0.7873608836686046
2021-09-03,1.0018565265760457,0.8788117776136284,0.7708650667717007,1.0309279096599855,0.9026081416755349,0.7902481985154632,1.0207559574474239,0.8966534306258476,0.7876268919210951
2021-09-07,1.0008739253857049,0.8779002336074082,0.7700219887559445,1.0299167958284976,0.9016719149857378,0.7893839215986878,1.0197548200667421,0.8957233804363028,0.7867654818691675
2021-09-08,1.0017086111589244,0.8785307487579064,0.7704858957812494,1.0307757021055761,0.9021390753377688,0.7895436759330677,1.0206052516934365,0.8963666963170833,0.7872394761701564
2021-09-09,1.001125515322113,0.8780012653204853,0.7700056684163934,1.0305691526075773,0.901930914448775,0.7893375353946306,1.0203565875228764,0.8961314019642437,0.7870179937311242
2021-09-10,1.0018602894909312,0.8785382829351938,0.7703825078274756,1.0321895645583343,0.9032274556311274,0.7903659020195913,1.0215072596616352,0.8970330418936497,0.7877142301588008
2021-09-13,1.00187081898476,0.878489619923907,0.7702890465013179,1.032111876015366,0.903074186765476,0.7901571099858705,1.0221144359101768,0.8975059436742353,0.7880765387754235
2021-09-14,1.0015278250362376,0.8781668626172223,0.7699867604183718,1.0313172907986263,0.9023482159523897,0.7894950483785385,1.0212757777761015,0.8967480226372587,0.7873921519814235
2021-09-15,1.000787252611936,0.8772330755106748,0.7689186632391536,1.0295259584917702,0.9006597272497466,0.7879116764342754,1.0195143269695102,0.894910290328775,0.7855230097075737
2021-09-16,1.0014118118496682,0.8777464243534384,0.7693387640787813,1.0302568057055204,0.9012633411274146,0.7884084691804552,1.0201593623797638,0.8954421032038904,0.7859596640900912
2021-09-17,1.0027642262841663,0.8788946423140769,0.7703126286117917,1.0319240899791262,0.9026825952277823,0.7896157019504455,1.021357151259419,0.8964544221692956,0.7868140011877732
2021-09-20,1.0046656248028758,0.8803773608703247,0.77145116708511,1.0329417096217164,0.9033876374731155,0.7900705387748955,1.0225792956523951,0.8973389983287291,0.7874254174552402
2021-09-21,1.0037156648110008,0.879515348431797,0.770669910102303,1.033232797332832,0.9036121666108973,0.7902406393498748,1.0216671985052617,0.8965090999754566,0.7866712867872713
2021-09-22,1.0032473639177426,0.8790712094145908,0.770251101676264,1.0338637709418543,0.9041299144655022,0.7906636095414716,1.021161139864903,0.8960315366854318,0.7862228092310648
2021-09-23,1.0036861846764853,0.8792418972535395,0.7702131979176118,1.0347513276527958,0.9047792250340637,0.7911204392200142,1.0219171487439456,0.8965698733476698,0.7865853742518116
2021-09-24,1.0041313206877074,0.8796035977540504,0.7705053045045402,1.0350032083676333,0.9049740910045645,0.7912686415709372,1.0217476910370598,0.8963881693509074,0.7863969806459182
2021-09-27,1.0043592771617231,0.8797171383509816,0.7705293166078762,1.0355771884084415,0.9054006138988224,0.7915757070540981,1.021716816982214,0.8962620359127484,0.786199448002055
2021-09-28,1.0055305148752183,0.8806247327041266,0.7712207364807883,1.0363265146406893,0.9060294114176383,0.7921024476422375,1.0226353289269015,0.8969430023038645,0.7866874578501084
2021-09-29,1.0049371253361474,0.8799899645010406,0.7705639569154761,1.0363237302882544,0.9059077092426472,0.7918916735220688,1.0219519292944443,0.8962220153575554,0.785948351993914
2021-09-30,1.0054916121102913,0.8800248673682678,0.7701999139529114,1.0352054642045099,0.9044664609732719,0.7902264699261635,1.0218307755645766,0.8955658306171506,0.7848906353234653
2021-10-01,1.0054916121102913,0.8800248673682678,0.7701999139529114,1.0352054642045099,0.9044664609732719,0.7902264699261635,1.0218307755645766,0.8955658306171506,0.7848906353234653
2021-10-04,1.0054916121102913,0.8799368736808997,0.770045904771957,1.0352054642045099,0.9043760233709348,0.7900684562349165,1.0218307755645766,0.8954762829888516,0.7847336885857481
2021-10-05,1.0060010047529033,0.8802896820203161,0.7702732871027298,1.0357299101976005,0.9048291134334921,0.7904598428758424,1.0223484457995125,0.8958353218129285,0.7849654079859044
2021-10-06,1.006006993224122,0.8802870037310072,0.7702640147325192,1.035891338866695,0.9049658700612974,0.7905755842207071,1.0223545315829403,0.89583259622587,0.7849559587553686
2021-10-07,1.006287072095395,0.8805231268067802,0.7704627873957379,1.0366620771053197,0.9056341989421937,0.7911550687191387,1.0226391617149126,0.8960728891611309,0.7851585227898384
2021-10-08,1.0066965874114004,0.8806986405975075,0.7704564254991697,1.036320038209552,0.9050613152743642,0.7904152666190742,1.0230553316241586,0.8962515024703747,0.7851520395470482
2021-10-11,1.0075117738845913,0.881387690813485,0.7710381417111377,1.037744555478501,0.906281379989479,0.791459805312638,1.0238837648165373,0.8969527210971326,0.7857448513598231
2021-10-12,1.0072675912968476,0.8810778737785268,0.7706830065184567,1.0374200896809191,0.9058991389826578,0.7910396926623657,1.0236356142800154,0.8966374327904721,0.7853829423515779
2021-10-13,1.007730427001983,0.8814701882951305,0.771015192711577,1.0376289707735369,0.9060681125586486,0.7911755157479953,1.0241059710307243,0.8970366754584391,0.7857214646331838
2021-10-14,1.0069751403250242,0.8807041412007036,0.7702529151403551,1.036871339690146,0.9053909840865265,0.7905706567510618,1.0233384110017842,0.8962571002124988,0.7849446474506181
2021-10-15,1.0072757441491007,0.8809581570203541,0.7704672961809583,1.0369766962756275,0.9053794012617592,0.7904701170676001,1.0236438996155073,0.8964259592759567,0.7850061163519376
2021-10-18,1.0074420413051226,0.881080905844429,0.7705548101085437,1.0381740516860807,0.9063772079993294,0.7912997595908081,1.0238938173991334,0.8966105397821306,0.785137755576004
2021-10-19,1.0069451535201153,0.8805496765509242,0.7700056643213615,1.0369614139416679,0.9052097933899776,0.7901855896623916,1.0237884745579704,0.8964155165269814,0.7848769448491225
2021-10-20,1.0063283919445059,0.8798217635341113,0.7692042037149568,1.0358865430808204,0.9040683461000598,0.789011782862117,1.0231789172027597,0.8956848812275752,0.7840647381288368
2021-10-21,1.0061561412112494,0.8795713139895933,0.7688979615153195,1.0351877958429614,0.9034376306966649,0.7884431014377337,1.0228850024674156,0.8953217047152342,0.7836541678396156
2021-10-22,1.005871776247185,0.8791301916804527,0.7683440028047648,1.0343366612253486,0.902581285840849,0.7875966132059676,1.0224756799897539,0.8947623915956536,0.7829885807579458
2021-10-25,1.0041697370171814,0.8774860361941896,0.766770250407254,1.0331952566140283,0.9014244867882373,0.7864468803799872,1.0205600378546735,0.8929155052983135,0.7812232493856707
2021-10-26,1.0051237299517666,0.8782990718465113,0.7674626909094158,1.033518013563691,0.901595211543684,0.7864990630325487,1.0211835891520755,0.8934358791961463,0.7816564807027052
2021-10-27,1.0006298446281836,0.874348288836666,0.7639895744680122,1.0313339050089052,0.8996685165665337,0.7847996835707078,1.0165338708041471,0.8892522947301764,0.7778952722274488
2021-10-28,0.9972024095961607,0.871151757296357,0.7610202032727911,1.0277711404853507,0.8963582007607913,0.7817354395855681,1.0130519600668888,0.8860012756069169,0.774871854249711
2021-10-29,0.9978154230048839,0.8714156901666917,0.7610135115240618,1.0288363742294113,0.8971006871289771,0.7822202898899239,1.0136747167201803,0.8862697074361966,0.7748650407016295
2021-11-01,0.9978154230048839,0.8714156901666917,0.7610135115240618,1.0288363742294113,0.8971006871289771,0.7822202898899239,1.0136747167201803,0.8862697074361966,0.7748650407016295
2021-11-02,0.9978154230048839,0.8712414418783161,0.7607092278329286,1.0288363742294113,0.8969213028684033,0.7819075268791722,1.0136747167201803,0.8860924889384089,0.7745552186141839
2021-11-03,0.9969424081789348,0.8702953801769956,0.759722781949559,1.027936218361432,0.8959473559772718,0.780893592207625,1.0127878261831293,0.8851303008154413,0.7735508180115764
2021-11-04,0.9965225906384488,0.8699108925603765,0.759371429551237,1.027313404005674,0.8952986470986569,0.7802359359529561,1.0123613360561832,0.884739259282291,0.773193070499471
2021-11-05,0.9962790994110524,0.8696809698834267,0.7591555561184251,1.027112926378587,0.8950205963024989,0.7799035289162619,1.0121139747754648,0.8845054173789002,0.7729732678628959
2021-11-08,0.9970170061429503,0.8702783573576905,0.7596362039939515,1.0278912908808022,0.8956489181418684,0.7804075276532163,1.0128636098083348,0.8851129878277874,0.7734626642139372
2021-11-09,0.997110298332024,0.8702567822476984,0.7595274774660229,1.0275736896103354,0.895266731180211,0.7799826371381727,1.0129583847848997,0.8850910449518025,0.7733519587084331
2021-11-10,0.9987205835858075,0.8714685087644605,0.7604159759674003,1.0281964214413994,0.8956997743086184,0.7802644724020233,1.0145942639373307,0.8863234263716253,0.7742566291472726
2021-11-11,0.9992627812024782,0.871831960567369,0.7606375208499644,1.029022680080991,0.8963116909872708,0.7807035985564988,1.015145079251279,0.8866930735178333,0.7744822064620581
2021-11-12,0.9994431887652497,0.8719647827071657,0.7607319585554436,1.0288869871368014,0.8961729564101867,0.7805648768021088,1.0153283542146343,0.8868281597233113,0.7745783630682049
2021-11-15,0.9987162681181703,0.8712607097569226,0.7600567070695504,1.028436770377199,0.8957199694748011,0.7801172897605938,1.0145898798795843,0.8861120852542984,0.7738908210440789
2021-11-16,1.0002823420602132,0.8725133347412375,0.7610504220305968,1.0295547764777404,0.8966713524390193,0.7809264421025194,1.0161808450250043,0.8873860622906353,0.774902623031924
2021-11-17,1.0005296552037255,0.8726140640264114,0.7610380599554795,1.0299132916987093,0.8968736060770056,0.7810067974396412,1.0164320889674323,0.8874885085916472,0.7748900359494426
2021-11-18,1.0011672677205263,0.8731454316185434,0.7614799275792719,1.0298687921789655,0.8968180252681717,0.7809437417583788,1.0170798357074045,0.8880289337936881,0.7753399461929664
2021-11-19,1.0009219030004501,0.8729056060094855,0.7612482588524672,1.0286448821952014,0.8957339937059374,0.7799838990473522,1.016830571156685,0.8877850201543379,0.775104060765564
2021-11-22,1.0011645428149298,0.8729613990516356,0.761160978066463,1.0291807028161113,0.8961532429493118,0.780307742144515,1.0170770674921163,0.8878417642360676,0.7750151913450143
2021-11-23,0.999530139062717,0.8715124745009397,0.7598768380217595,1.0279801747985269,0.8950885140779222,0.7793637691661778,1.0154166865014704,0.8863681415412585,0.7737076781235829
2021-11-24,0.999168369435688,0.8710895576782988,0.7594143427908516,1.0275834250881508,0.8945469683643302,0.7787214368216137,1.0150491669024124,0.885938015743776,0.7732367648211318
2021-11-26,0.9996317232174907,0.8714532114879776,0.7596962659972428,1.0279352991538633,0.8948306454187386,0.7789486814848798,1.015519885236366,0.8863078683401303,0.7735238194311841
2021-11-29,1.000122919554746,0.8718358478648521,0.7599900852060458,1.0283777781637857,0.8951916588041049,0.7792418945551124,1.016018888655778,0.8866970270775892,0.7738229865678256
2021-11-30,1.001151367433187,0.8723783279969469,0.7601543443519612,1.0297299710117374,0.8961859830255131,0.7799483539802721,1.017063682700653,0.8872487542422328,0.7739902354640119
2021-12-01,1.001151367433187,0.8723783279969469,0.7601543443519612,1.0297299710117374,0.8961859830255131,0.7799483539802721,1.017063682700653,0.8872487542422328,0.7739902354640119
2021-12-02,1.001151367433187,0.8722910988870582,0.7600023438831846,1.0297299710117374,0.8960067816691792,0.7796364993805198,1.017063682700653,0.8871600382384089,0.7738354683703379
2021-12-03,1.0009049525585667,0.8720711220462461,0.7598060843812497,1.029639214283681,0.8959180594430068,0.7795508117898541,1.0168133513042168,0.8869363117063426,0.7736356366661015
2021-12-06,1.0012258091686865,0.8723387411665396,0.7600288488968115,1.0307431695329334,0.8968538728411171,0.7803435154984205,1.017139307614244,0.8872084926208283,0.7738624558129416
2021-12-07,1.0013459252621155,0.872438550616785,0.7601115869439639,1.0308726398153163,0.8968676802380986,0.780269507734073,1.0172613328347138,0.8873100034075476,0.7739466998103258
2021-12-08,1.000976485451154,0.8721127630661922,0.7598243405430456,1.030218337217059,0.8962865511196676,0.7797535929425706,1.0168860211417015,0.8869786625326834,0.7736542251160289
2021-12-09,1.0017345321822166,0.8726817077152784,0.7602403169749642,1.0307040430823695,0.8966967973375577,0.7800997892986876,1.0176561162791935,0.8875573053243877,0.7740777729111318
2021-12-10,1.00121199194016,0.8721315310509284,0.7596783078726106,1.031156655435607,0.8969874355074262,0.7802628999569907,1.0171252707744745,0.8869977504335886,0.7735055344431213
2021-12-13,0.9999746441700685,0.870930829144663,0.7585254124606275,1.0304348791250377,0.8962205093052454,0.7794747574039366,1.0158682565798505,0.8857765815480705,0.7723316546935464
2021-12-14,1.0000369871101351,0.8708804380358058,0.7583903476493877,1.0318557569106483,0.8973451250770377,0.7803562256634344,1.0159315903995676,0.8857253314801542,0.7721941315104834
2021-12-15,1.0000893282792382,0.870824266912316,0.7582528051576743,1.0333255461955322,0.8985145736684746,0.7812786077724727,1.0159847634800194,0.8856682028723686,0.7720540855496355
2021-12-16,0.9997595934905046,0.8705189699776482,0.7579711300853232,1.035072366565093,0.899919717685527,0.7824013981061193,1.016192104855911,0.8858299133920426,0.7721784444390957
2021-12-17,0.9992670351599954,0.8697287188529074,0.7569686544297793,1.0364070167951382,0.9007948086333715,0.7829143272833972,1.0157963769943148,0.8852018579308436,0.7713844418546012
2021-12-20,1.0002616171697642,0.8704641493563071,0.7574953991177188,1.0374677437060185,0.9016787188316753,0.7836495265903966,1.0177107508378513,0.8867241302853107,0.7725837966164584
2021-12-21,1.0009349609964253,0.8709485216232465,0.757828533986617,1.0362282850485347,0.9005847218722158,0.7826841598469829,1.0169230799599085,0.8859283569277975,0.7717950866146682
2021-12-22,1.000879814705581,0.870885508919539,0.757760621477331,1.035824263297334,0.9002214448248889,0.7823578845644978,1.0166147561177117,0.8856401603899094,0.7715269388016457
2021-12-23,1.0008351917433453,0.8708310592812164,0.7576996489050247,1.0354531260543791,0.8998865415599353,0.7820560917399696,1.0161139666636567,0.8851835629458541,0.7711114548675
2021-12-27,1.0006309939917297,0.8705055993625568,0.7572878056224426,1.0355379776867906,0.8998241460432292,0.7818835067409776,1.0159251841787806,0.8848538095032222,0.7706800860192061
2021-12-28,1.0003665048940575,0.8702544890325744,0.7570510607738139,1.0356562080909275,0.8999102098818784,0.7819437977847737,1.0157034699449614,0.8846354625274524,0.7704679138529329
2021-12-29,0.9999896357670939,0.8699066026533697,0.7567309854044916,1.035461292004348,0.8997249214902775,0.7817689592582993,1.015285896049215,0.8842477279308633,0.7701092600396937
2021-12-30,1.0002743776465315,0.8701346201536924,0.7569122214590318,1.035901617799861,0.9000911676729523,0.7820729817689456,1.0157588047445862,0.8846356834802038,0.7704263210355982
2021-12-31,1.0006639678693734,0.8700193171070788,0.756416817245169,1.0361823031361552,0.8999593924760533,0.781632079027262,1.0162950980991106,0.8845490678868535,0.7698686901667067
2022-01-03,1.0006639678693734,0.8700193171070788,0.756416817245169,1.0361823031361552,0.8999593924760533,0.781632079027262,1.0162950980991106,0.8845490678868535,0.7698686901667067
2022-01-04,1.0006639678693734,0.8699323238746913,0.7562655641323425,1.0361823031361552,0.8998694055354998,0.7814757838704879,1.0162950980991106,0.884460621824671,0.7697147472172632
2022-01-05,0.9999700829823478,0.8693246401833808,0.7557334124369699,1.0362083260441721,0.8998866893628115,0.7814861783132063,1.0155903742038046,0.8838427895166412,0.7691731319076267
2022-01-06,0.9998292128339377,0.8691984795959281,0.7556205245395066,1.0354347469266219,0.8992105108996443,0.7808951714644573,1.0154473035568194,0.8837145219852875,0.7690582364481732
2022-01-07,0.999252639643644,0.868693049056247,0.755177498117047,1.0357269693953528,0.8993691774806084,0.7809503981352983,1.014861723855935,0.8832006505068437,0.7686073313865825
2022-01-10,0.9991181313404189,0.868479461189671,0.7549077967395279,1.035034668378283,0.8986540914299737,0.7802305776689743,1.0147251144309826,0.8829834956177774,0.7683328337266773
2022-01-11,0.9991181313404189,0.868479461189671,0.7549077967395279,1.03468486573967,0.8983368371352999,0.7799433699533457,1.0147251144309826,0.8829834956177774,0.7683328337266773
2022-01-12,0.9991181313404189,0.8683926219274782,0.7547568453704538,1.0338335252711575,0.8974951363001388,0.7791235478133547,1.0147251144309826,0.8828952060971678,0.7681791978870999
2022-01-13,0.9986587713706743,0.8679893970330923,0.7544029367674658,1.0332596567688017,0.896979423508038,0.7786606370742216,1.014258578910064,0.8824852471485964,0.7678189954875637
2022-01-14,0.9984596719322146,0.8678120190500118,0.7542450084043192,1.0295489428281988,0.8937363588436307,0.7758264642841525,1.0140563693873492,0.8823049068659011,0.7676582585772994
2022-01-18,0.9985984958050408,0.8678311939692351,0.7541735060779745,1.0287336980888437,0.8927048830345903,0.7746501240155969,1.0141973617943736,0.8823244020157125,0.7675854846766248
2022-01-19,0.9966307177890239,0.8661114367221094,0.7526705867622432,1.027363199670294,0.8915013714213128,0.773593420846879,1.0121988455930924,0.8805759239761732,0.7660558379281003
2022-01-20,0.9958314944934992,0.8652370809644185,0.7517545645744969,1.0277304705808852,0.8916298116697283,0.7735398748720792,1.0113871378234425,0.8796869660470107,0.7651235254969564
2022-01-21,0.9960212952619817,0.8653042600212787,0.7517280706413914,1.0270976897013109,0.8908873171912357,0.7727279366014731,1.0115799034239017,0.8797552670271829,0.7650965604042823
2022-01-24,0.9964981130845398,0.8656830254564986,0.7520262835458997,1.0275893844936688,0.8912772809739397,0.7730344802192631,1.0120641695025374,0.8801403580315821,0.7654000766309851
2022-01-25,0.9955480649388284,0.864845186436813,0.751287579563827,1.0266096943402483,0.8904146709176023,0.772275140205075,1.0110992808841328,0.8792885266879212,0.7646482357753436
2022-01-26,0.9956717448233039,0.8649407925909665,0.7513603543670052,1.026737233102935,0.8905131037049072,0.7723499480055188,1.011224892742221,0.8793857295119021,0.7647223047821697
2022-01-27,0.9956604122420051,0.8649164941550551,0.7513266984307982,1.026725546939069,0.8904880868762826,0.7723153518754082,1.011213383137406,0.8793610252801524,0.7646880503196389
2022-01-28,0.9953616040837201,0.8645541126110837,0.7509225640450766,1.0264174158072366,0.8901149913809475,0.771899927811595,1.0109099073690282,0.8789925917860488,0.7642767289382345
2022-01-31,0.9954176100230326,0.8644071136916648,0.7506249553253616,1.026475169161659,0.889963646381273,0.7715940052567757,1.010966788163596,0.8788431379123294,0.763973827640953
2022-02-01,0.9954176100230326,0.8644071136916648,0.7506249553253616,1.026475169161659,0.889963646381273,0.7715940052567757,1.010966788163596,0.8788431379123294,0.763973827640953
2022-02-02,0.9954176100230326,0.8642342668382971,0.7503248253952035,1.026475169161659,0.8898746589153814,0.7714397173133131,1.010966788163596,0.8787552623860908,0.7638210634282674
2022-02-03,0.9949686408866654,0.8637502212194016,0.7498227885453497,1.0264162998082613,0.889641572886252,0.7710799263494807,1.0109088082309938,0.8786129238168846,0.7636174576328405
2022-02-04,0.99476678032661,0.8634741108788414,0.749495565047577,1.02636155435085,0.8895790077860322,0.7710126014536338,1.011154096722732,0.8787283660110365,0.763632854842227
2022-02-07,0.9939722249588072,0.8626530064502496,0.748668753454861,1.0259407731567938,0.88900184055368,0.7703282526626929,1.0108772562006627,0.8783654215879129,0.7632111151475645
2022-02-08,0.9939206824088543,0.8625850560223262,0.748589623725863,1.0254423287998173,0.8885469675972922,0.7699142027496119,1.0112776509273727,0.8786937698560185,0.763479417381573
2022-02-09,0.9946717165298803,0.8631303318684235,0.7489703607833335,1.0253544907400767,0.8884490505093887,0.7698104648766999,1.011290128824966,0.8786867650281422,0.7634578149844143
2022-02-10,0.9945766844960011,0.8630275356792634,0.748863532171461,1.0256836843103905,0.8887064181876974,0.7700093391531855,1.01119350904963,0.8785821161152547,0.763348919969513
2022-02-11,0.9954063170026143,0.8637306953381894,0.7494591527324185,1.025853108041368,0.888743157364952,0.7699458506285083,1.0120370025867915,0.8792979490123127,0.7639560617148191
2022-02-14,0.9953056541526581,0.8635968461045628,0.7493026938712802,1.0261513770771264,0.8889308131019249,0.7700471924257449,1.0119346579188893,0.8791616873774768,0.7637965764447551
2022-02-15,0.9954774244990656,0.8636415862316222,0.7492509985776251,1.0262881104825894,0.8889335917673881,0.7699494587773651,1.0121092981070638,0.8792072338680373,0.7637438812007169
2022-02-16,0.9960428219206792,0.8641132360289442,0.7496438076042785,1.0272134908958823,0.889707957800739,0.7705966419628967,1.012684141868919,0.8795994243957335,0.763991490097558
2022-02-17,0.9965454169581748,0.8644343864755022,0.7498228580803592,1.0270199506726478,0.8895037013713082,0.7703880098374875,1.0124504839258013,0.8792751036417912,0.7636044621795373
2022-02-18,0.9977809397691815,0.8654833468675622,0.7507130019332597,1.028999641632849,0.8910122798182418,0.7715162688522001,1.0133174745640443,0.8799132213997116,0.7640589692159445
2022-02-22,0.998978937491271,0.866348875070509,0.7513131832448038,1.028502332841724,0.8903879871296398,0.770807968381114,1.0145341264140606,0.8807931802250588,0.7646698203841807
2022-02-23,0.9992717416946032,0.8664922452608174,0.7513417520212153,1.0282236466007446,0.8900289208792268,0.770395244253587,1.014831489897403,0.8809389407719987,0.7646988970483661
2022-02-24,1.0018929815618585,0.8687355236921345,0.7532612113891491,1.0293988790142694,0.8909339568174816,0.7710815507147295,1.0174935453212397,0.8832196205310499,0.766652480031928
2022-02-25,1.0006824319455807,0.8674727105408461,0.7519812863330707,1.0284676235898216,0.8899983692167005,0.7701595482775919,1.0162641461303865,0.8819357529765813,0.7653498008236254
2022-02-28,0.999899412668751,0.8662183890523892,0.7503950471157699,1.0279223307588379,0.8888326858525909,0.7685504395612685,1.0154689343915098,0.8806605186632077,0.7637353618860023
2022-03-01,0.999899412668751,0.8662183890523892,0.7503950471157699,1.0279223307588379,0.8888326858525909,0.7685504395612685,1.0154689343915098,0.8806605186632077,0.7637353618860023
2022-03-02,0.999899412668751,0.8661317758748017,0.7502449981161466,1.0279223307588379,0.8883884916067875,0.7677826569043641,1.0154689343915098,0.880572461417066,0.763582645356931
2022-03-03,0.9993156941846381,0.8656204418953588,0.7497971361165425,1.0288601950491505,0.8891709647013734,0.7684346089526064,1.0148761267755269,0.8800526021607428,0.7631268213910649
2022-03-04,0.9993417014611562,0.8656372270186289,0.7498067000067377,1.0290724165171177,0.8893250642944744,0.7685424299942514,1.0149025390136357,0.8800696671359866,0.7631365553054442
2022-03-07,0.9995428748293783,0.8657132389575783,0.7497874411348174,1.031409530347092,0.8911084647126023,0.769879341776616,1.015106844870073,0.8800589404990222,0.7629643611824104
2022-03-08,1.0003619228320881,0.8662398628546206,0.750085321311503,1.0320401686383422,0.8916187200945843,0.770290313041902,1.016403691333799,0.8810773597824476,0.7637555061009991
2022-03-09,1.0025456861296889,0.8681091808914264,0.7516852181003592,1.0329303706240844,0.892352837755966,0.7708943484101219,1.0185753036278489,0.8829386976239461,0.7653506673737939
2022-03-10,1.0016566536188032,0.8673221898254294,0.7509889047269893,1.0324210096173403,0.8918809205230805,0.7704591027680721,1.0193910486406375,0.8836277303779941,0.7659322594977764
2022-03-11,1.0011842793220913,0.8667247632681787,0.7503085427392538,1.0323114185427649,0.8914928443077775,0.7698703554644812,1.0187576068420268,0.8828870043161088,0.765124141389477
2022-03-14,1.0001928757966374,0.865821160817118,0.7494870555490087,1.034710410982233,0.8934943552891738,0.7715381821604866,1.0194925455934745,0.8834781900890971,0.7655968378497092
2022-03-15,1.00075243933269,0.8661120005693316,0.749571207202924,1.0347075097227068,0.8931985063977992,0.7710292585482453,1.0201963421179734,0.8839808489674823,0.7659394394140171
2022-03-16,1.0006140947518867,0.8659719292272897,0.7494323770958371,1.0351204370435443,0.8935306895990608,0.7712950593609109,1.0192005383080658,0.8830909729297896,0.7651449612999813
2022-03-17,1.0016127211458943,0.8668204961451453,0.7501531700821965,1.0353400708393723,0.8936987791577037,0.7714215829621413,1.0194298051193704,0.8832689188629752,0.7652811953218821
2022-03-18,1.0026384677670306,0.8676909073342061,0.7508914690921245,1.0355848463567041,0.893887528222194,0.7715650669858078,1.0205414690470322,0.88421077952243,0.7660787742029769
2022-03-21,1.0024731596790306,0.8675023253236112,0.7506888609524381,1.0352683379611278,0.8935542012783513,0.771225424383134,1.0202166999483937,0.8838708368660262,0.7657334831099464
2022-03-22,1.0032040368330604,0.8681167196997069,0.7512048763536326,1.0366599151664786,0.8947327571314038,0.7722231935912253,1.0212179344643737,0.8847160087564874,0.7664464070352194
2022-03-23,1.002627697250376,0.8675997874103347,0.7507418117225512,1.0347558983331429,0.8930663333526531,0.7707650158949033,1.0208578483452517,0.8843811614621506,0.7661364942765029
2022-03-24,1.00308664653911,0.8679797128703579,0.7510556561404572,1.035733938175851,0.8938884275950134,0.7714555027434095,1.021345516840425,0.8847817746881952,0.7664645882319627
2022-03-25,1.0031976783047145,0.8680565358680168,0.7511054569798258,1.0349712512387939,0.893204036973097,0.7708422556418406,1.0218204290936868,0.8851691940030793,0.7667793950169837
2022-03-28,1.0035399548261519,0.8683081216790671,0.751284578959695,1.0356123522374807,0.8937004186969858,0.7712215193046006,1.0215521070240237,0.8848794786378562,0.7664788123966397
2022-03-29,1.0041591229974856,0.8688260301641846,0.7517172539313572,1.0372481310389996,0.8950902168498163,0.7724019993334482,1.022164887186816,0.8853881797227549,0.7669002887230237
2022-03-30,1.0038461278571278,0.8684517166579862,0.7513038076004595,1.0360905467021877,0.8938008032014119,0.7710385585226683,1.0223079352679405,0.8854023720359554,0.766817492924065
2022-03-31,1.0033002993390836,0.8677129997144428,0.7504341808053915,1.0355535482992486,0.8931562669376818,0.770326162070194,1.0215306060221747,0.8843662648230647,0.7656058797934282
2022-04-01,1.0033002993390836,0.8677129997144428,0.7504341808053915,1.0355535482992486,0.8931562669376818,0.770326162070194,1.0215306060221747,0.8843662648230647,0.7656058797934282
2022-04-04,1.0033002993390836,0.8677129997144428,0.7504341808053915,1.0355535482992486,0.8930669602416577,0.770172127644665,1.0215306060221747,0.8843662648230647,0.7656058797934282
2022-04-05,1.0033002993390836,0.8677129997144428,0.7504341808053915,1.034946093166422,0.892538386257061,0.769712235403868,1.0215306060221747,0.8843662648230647,0.7656058797934282
2022-04-06,1.0033002993390836,0.8677129997144428,0.7504341808053915,1.0348024601754628,0.8924083669611287,0.7695948038338298,1.0215306060221747,0.8843662648230647,0.7656058797934282
2022-04-07,1.0033002993390836,0.8677129997144428,0.7504341808053915,1.0350198693873136,0.892591486528601,0.7697489519632597,1.0215306060221747,0.8843662648230647,0.7656058797934282
2022-04-08,1.0033002993390836,0.8677129997144428,0.7504341808053915,1.0346947142753136,0.8923067995214,0.7694997564001524,1.0215306060221747,0.8843662648230647,0.7656058797934282
2022-04-11,1.0033002993390836,0.8677129997144428,0.7504341808053915,1.0357361093837076,0.8931923483787354,0.7702526195422003,1.0215306060221747,0.8843662648230647,0.7656058797934282
2022-04-12,1.0033002993390836,0.8677129997144428,0.7504341808053915,1.035256760854328,0.8927744001752194,0.7698882560586057,1.0215306060221747,0.8843662648230647,0.7656058797934282
2022-04-13,1.0033002993390836,0.8677129997144428,0.7504341808053915,1.0351307473683125,0.8925725024964043,0.7696337856644307,1.0215306060221747,0.8843662648230647,0.7656058797934282
2022-04-14,1.0033002993390836,0.8677129997144428,0.7504341808053915,1.0345973186590274,0.8921044688399857,0.7692232565524497,1.0215306060221747,0.8843662648230647,0.7656058797934282
2022-04-18,1.0033002993390836,0.8676262370907337,0.7502841239805954,1.034271448527953,0.891704551338657,0.7687759187743259,1.0215306060221747,0.8842778370393608,0.7654527892355811
2022-04-19,1.0034167660087956,0.8677218801587134,0.7503624430932293,1.0343946666321933,0.8917973485852227,0.7688443323724962,1.021649188930772,0.8843753157020217,0.7655326917435777
2022-04-20,1.003960368356815,0.8681004307527282,0.750610636462594,1.0346566083721256,0.8920101288927624,0.7690165191892279,1.022202668717804,0.8847611314901748,0.7657859028948975
2022-04-21,1.0033367205062584,0.8675515665269601,0.7501277477182349,1.0339989260223497,0.8914310751084319,0.7685069252806741,1.0215676889743084,0.8842017333880402,0.765293251478659
2022-04-22,1.0049094352583634,0.8688969620636025,0.751278529396329,1.03304551886262,0.8905944733546268,0.7677730643263948,1.0231689804868058,0.8855729499375694,0.7664672987724028
2022-04-25,1.0038785622258692,0.8678949156308385,0.7503164292788796,1.0331586044598002,0.8905673323129586,0.7676423074349269,1.0221193761417167,0.8845516720943029,0.7654857476574488
2022-04-26,1.003247616282904,0.8671662083582916,0.7495281337195936,1.0334653784344503,0.8908138996348023,0.7678394523202065,1.0214769656969984,0.883808979373341,0.7646815149470506
2022-04-27,1.003237458578837,0.8670601733924458,0.7493524216200914,1.0333557007920326,0.8906154132040878,0.7675787862044835,1.0214666234240037,0.8837009093701065,0.7645022504359575
2022-04-28,1.0033834918695061,0.8670912239729675,0.7492969985196167,1.0331998437714964,0.8903773472763054,0.7672841660985086,1.021615310189088,0.883732555877564,0.7644457068340201
2022-04-29,1.00476765565561,0.8680236378686538,0.7498748372920131,1.035219904054707,0.8917567208384121,0.7681613656936537,1.0230246247005896,0.8846828647866949,0.7650352279046683
2022-05-02,1.00476765565561,0.8680236378686538,0.7498748372920131,1.035219904054707,0.8917567208384121,0.7681613656936537,1.0230246247005896,0.8846828647866949,0.7650352279046683
2022-05-03,1.00476765565561,0.8678500678550828,0.7495750072890974,1.035219904054707,0.8916675540830038,0.7680077641408255,1.0230246247005896,0.884505963593976,0.7647293361702002
2022-05-04,1.0043568424927116,0.8673960250560395,0.7490971372313137,1.0353327561679375,0.8917582855439317,0.7680803373939082,1.0226063469232045,0.8840432067441975,0.7642418049044685
2022-05-05,1.0029924570287898,0.866202515794353,0.7480532985613163,1.0355272839676062,0.8919203485836262,0.7682151974079598,1.0212171701127062,0.8828267914915312,0.7631768627100071
2022-05-06,1.002543422710053,0.8656303110658111,0.7473999167656051,1.0353387107306327,0.8915751978092818,0.767760626553195,1.0207599766881192,0.8822436049325407,0.7625102713455124
2022-05-09,1.0031038445403124,0.8660739121628723,0.747748166474556,1.0366820080174062,0.8926904163228778,0.7686852115787188,1.0213305815730875,0.8826957196817823,0.762865561698256
2022-05-10,1.002936126653427,0.8659158443688278,0.7476002427272915,1.0357805007854102,0.8919008384705779,0.7679938764795706,1.0211598161953201,0.8825346182292814,0.7627146473428554
2022-05-11,1.0035058409059558,0.8663935224503259,0.7480003957667042,1.0365811307206407,0.8925754056004107,0.7685619497067907,1.0217398823490218,0.8830214639730485,0.7631228903675307
2022-05-12,0.999062490450202,0.8624580313366441,0.7445169695732999,1.0353461349188657,0.8914080149662668,0.7674671989628635,1.0172157947086362,0.8790104423822731,0.7595690389522947
2022-05-13,0.9995119828503259,0.8627482877662186,0.7446831117084393,1.0358119518458269,0.8917972030237435,0.7677920516676717,1.0176734545381043,0.8793062694524543,0.7597385400208728
2022-05-16,0.9998764011328969,0.8630259062769633,0.7448908635173163,1.0363856962294156,0.8922650635873061,0.7681723829202719,1.0180444944244529,0.8795892160551603,0.7599504919954527
2022-05-17,0.9991970706750626,0.8624228541282454,0.7443559373953836,1.0357661980336352,0.8917196393633797,0.7676924152199628,1.0173528203018218,0.8789745900481387,0.7594047511501101
2022-05-18,0.9978476426399517,0.8611586163744581,0.7431789100556035,1.0354935358485569,0.891387764984002,0.767323095070613,1.0159788727016885,0.8776860888725967,0.758203927580152
2022-05-19,0.9981361810760019,0.8612292490829431,0.743085954514488,1.0356731502750076,0.8914494203434727,0.7672961610497463,1.0162726539789722,0.8777580771735645,0.7581090927356611
2022-05-20,0.9985265776929865,0.8615583807029384,0.7433632773625029,1.036783422257791,0.8923075668610255,0.7679508766404609,1.0166701442348807,0.8780935255320726,0.7583920222829444
2022-05-23,0.9983983239879919,0.8614239218560445,0.7432267233945213,1.0371122977974871,0.8925504531607571,0.7681253288332398,1.0165395601165723,0.8779564861328252,0.7582527075722478
2022-05-24,0.9970909341690527,0.8602857569660396,0.742235977929068,1.0372126846724314,0.8926218073581098,0.7681737901267697,1.0152084145812545,0.8767964774284982,0.7572419319797561
2022-05-25,0.997008066781712,0.8602065541260516,0.7421609968642857,1.0378827117916394,0.8930955282990579,0.7684929098800888,1.0151240414653835,0.8767157545169055,0.7571654350056857
2022-05-26,0.9966381010260504,0.8598778732853939,0.7418692409679211,1.0377236825584577,0.8928492026689313,0.7681866876943949,1.014747353306477,0.876380765589153,0.7568677806138222
2022-05-27,0.9977118599669398,0.860620867772157,0.742352018739976,1.0392700780627728,0.8940633612611827,0.7691311384202053,1.0158406228114607,0.8771380197264763,0.7573603188142038
2022-05-31,0.9984967270801679,0.8611004282852776,0.7425953508358644,1.0426917414444126,0.8963883651752442,0.770599110368285,1.0166397512263041,0.8776267840297478,0.7576085704105726
2022-06-01,0.9984967270801679,0.8611004282852776,0.7425953508358644,1.0426917414444126,0.8963883651752442,0.770599110368285,1.0166397512263041,0.8776267840297478,0.7576085704105726
2022-06-02,0.9984967270801679,0.8609282426367502,0.742298431463279,1.0426917414444126,0.8963883651752442,0.770599110368285,1.0166397512263041,0.8774512937709936,0.7573056481513121
2022-06-03,0.9982821338330664,0.8607349967820235,0.7421247304568148,1.0426917414444126,0.8963883651752442,0.770599110368285,1.0164212587471289,0.8772543391157177,0.7571284353919834
2022-06-06,0.9985083110603505,0.8609083849569735,0.7422555800725464,1.0426917414444126,0.8963883651752442,0.770599110368285,1.016651545691335,0.877431054979944,0.7572619304242395
2022-06-07,0.9978563402149905,0.8603373912291505,0.7417556334149752,1.0426917414444126,0.8963883651752442,0.770599110368285,1.0159877283146153,0.8768491026633618,0.7567518762310672
2022-06-08,0.9979511444270043,0.8604090430258448,0.7418087160813284,1.0426917414444126,0.8963883651752442,0.770599110368285,1.0160842551513118,0.8769221296110177,0.7568060320817929
2022-06-09,0.9970358298238328,0.8596095736529082,0.7411105638313567,1.0426917414444126,0.8963883651752442,0.770599110368285,1.0151523089713947,0.8761073167138765,0.756093765128553
2022-06-10,0.9983094336073903,0.8606973815089158,0.7420395806919264,1.0426917414444126,0.8963883651752442,0.770599110368285,1.0164490545676101,0.8772160019252071,0.7570415641348777
2022-06-13,0.9987549034724456,0.8609676035113294,0.7421744606005194,1.0426917414444126,0.8962987353017141,0.7704450213640122,1.0169026187711834,0.8774914100647949,0.7571791709413452
2022-06-14,0.9970273257782363,0.8594631239587662,0.7408644316823286,1.041536224942346,0.8953002712240297,0.769582303850637,1.0151436504044058,0.875958056337421,0.7558426568697316
2022-06-15,0.9962277273005613,0.8587601087642879,0.7402465772544967,1.0410240560675654,0.8948542435462088,0.7691939470675768,1.0143295229512277,0.8752415487803606,0.7552123111380156
2022-06-16,0.9942262051020764,0.8570167530343663,0.7387282903099075,1.0397811931360654,0.8937804343561889,0.768266238931798,1.0122916324156304,0.8734647343317631,0.7536633286399853
2022-06-17,0.9954553330003147,0.857978706662603,0.7394733717556234,1.0401332929998253,0.8939895598748396,0.7683655976118805,1.0135430939846075,0.8744451499039819,0.7544234735672232
2022-06-21,0.9944746142161062,0.8571027805678432,0.7386920038427296,1.0401332929998253,0.8939895598748396,0.7683655976118805,1.0125445552075039,0.8735524129172838,0.7536263085610245
2022-06-22,0.99412260766418,0.856706042668104,0.7382696338335929,1.0401332929998253,0.8938107977152966,0.7680583742621756,1.0121861525771552,0.873148060770178,0.7531953994010814
2022-06-23,0.9945115912165386,0.8570271431911438,0.7385341755557062,1.040345692752071,0.8939834115172918,0.7681981866773855,1.012582204092574,0.873475323897833,0.7534652894235258
2022-06-24,0.9939671512520712,0.8564539131411852,0.7379504961953655,1.0405847167887423,0.8940877790216158,0.7682010379531234,1.0120278714693192,0.8728910923393186,0.7528698096844347
2022-06-27,0.9936393372524325,0.8560410346594283,0.7374823515513962,1.0410825134753718,0.8944793100280962,0.768506346013043,1.011694100978137,0.8724702898379646,0.7523922004534266
2022-06-28,0.9943545698445244,0.8566428686857861,0.7379884727829401,1.0418853167249964,0.8950667238443358,0.768923139958908,1.0124223295889805,0.8730836743442572,0.7529085540533419
2022-06-29,0.9943474813245156,0.8565385004229799,0.7378139094928756,1.0418382612194943,0.895017286158484,0.768872923692093,1.0124151122681593,0.8729773030316523,0.7527304615774287
2022-06-30,0.994658264578746,0.8566271384345111,0.7377360096304448,1.042098989026682,0.8950543979878245,0.7687442700239162,1.0127315425595134,0.8730676421958748,0.7526509867957123
2022-07-01,0.994658264578746,0.8566271384345111,0.7377360096304448,1.042098989026682,0.8950543979878245,0.7687442700239162,1.0127315425595134,0.8730676421958748,0.7526509867957123
2022-07-05,0.994658264578746,0.8566271384345111,0.7377360096304448,1.042098989026682,0.8950543979878245,0.7687442700239162,1.0127315425595134,0.8730676421958748,0.7526509867957123
2022-07-06,0.994658264578746,0.8566271384345111,0.7377360096304448,1.042098989026682,0.8950543979878245,0.7687442700239162,1.0127315425595134,0.8730676421958748,0.7526509867957123
2022-07-07,0.994658264578746,0.8566271384345111,0.7377360096304448,1.042098989026682,0.8950543979878245,0.7687442700239162,1.0127315425595134,0.8730676421958748,0.7526509867957123
2022-07-08,0.994658264578746,0.8566271384345111,0.7377360096304448,1.042098989026682,0.8949649014976747,0.7685905519135335,1.0127315425595134,0.8730676421958748,0.7526509867957123
2022-07-11,0.994658264578746,0.8566271384345111,0.7377360096304448,1.0426703945999551,0.895444097708456,0.7689921767224461,1.0127315425595134,0.8730676421958748,0.7526509867957123
2022-07-12,0.994658264578746,0.8566271384345111,0.7377360096304448,1.04257872246157,0.8953614037713564,0.7689177553104157,1.0127315425595134,0.8730676421958748,0.7526509867957123
2022-07-13,0.994658264578746,0.8566271384345111,0.7377360096304448,1.042810361799077,0.8954666802595399,0.768927768432098,1.0127315425595134,0.8730676421958748,0.7526509867957123
2022-07-14,0.994658264578746,0.8566271384345111,0.7377360096304448,1.0426672720010066,0.8953357279925729,0.7688083812377712,1.0127315425595134,0.8730676421958748,0.7526509867957123
2022-07-15,0.994658264578746,0.8566271384345111,0.7377360096304448,1.0424817272260118,0.8951677913741248,0.7686567811111232,1.0127315425595134,0.8730676421958748,0.7526509867957123
2022-07-18,0.994658264578746,0.8566271384345111,0.7377360096304448,1.041186063319817,0.8940313551639892,0.7676604665967512,1.0127315425595134,0.8730676421958748,0.7526509867957123
2022-07-19,0.994658264578746,0.8566271384345111,0.7377360096304448,1.0408491945830818,0.8937336496521955,0.7673975850959347,1.0127315425595134,0.8730676421958748,0.7526509867957123
2022-07-20,0.994658264578746,0.8566271384345111,0.7377360096304448,1.0409127819299449,0.8937785462377287,0.7674278069521872,1.0127315425595134,0.8730676421958748,0.7526509867957123
2022-07-21,0.994658264578746,0.8566271384345111,0.7377360096304448,1.04025919892087,0.8932091950221641,0.7669319428037922,1.0127315425595134,0.8730676421958748,0.7526509867957123
2022-07-22,0.994658264578746,0.8566271384345111,0.7377360096304448,1.040515176595776,0.8934195156441671,0.767104392980887,1.0127315425595134,0.8730676421958748,0.7526509867957123
2022-07-25,0.994658264578746,0.8566271384345111,0.7377360096304448,1.040998830289481,0.8938103788348624,0.7674190209418593,1.0127315425595134,0.8730676421958748,0.7526509867957123
2022-07-26,0.994658264578746,0.8566271384345111,0.7377360096304448,1.0406072869608145,0.8934649562396496,0.7671145069071554,1.0127315425595134,0.8730676421958748,0.7526509867957123
2022-07-27,0.994658264578746,0.8566271384345111,0.7377360096304448,1.0409024507111513,0.8937106268275135,0.7673187744242416,1.0127315425595134,0.8730676421958748,0.7526509867957123
2022-07-28,0.994658264578746,0.8566271384345111,0.7377360096304448,1.0405152164465243,0.8933652818544825,0.7670112162367152,1.0127315425595134,0.8730676421958748,0.7526509867957123
2022-07-29,0.994658264578746,0.8566271384345111,0.7377360096304448,1.0406774214577206,0.8933160683311854,0.7668071416130678,1.0127315425595134,0.8730676421958748,0.7526509867957123
2022-08-01,0.994658264578746,0.8566271384345111,0.7377360096304448,1.0406774214577206,0.8933160683311854,0.7668071416130678,1.0127315425595134,0.8730676421958748,0.7526509867957123
2022-08-02,0.994658264578746,0.8564558472650581,0.7374410332171579,1.0406774214577206,0.8931374408430168,0.7665005413965092,1.0127315425595134,0.8728930635831582,0.7523500467770015
2022-08-03,0.9943762620358028,0.8561184665251009,0.7370690987330556,1.0410089901784103,0.8933237240274148,0.7665760515258631,1.0124444159347308,0.8725492077864635,0.7519705928086053
2022-08-04,0.9931553579399268,0.8550525433199012,0.7361386757060704,1.0413544244924255,0.8936041963296566,0.7668030290598333,1.011201327597394,0.8714628272391155,0.7510213592070778
2022-08-05,0.9933961575504643,0.8550779922755698,0.7360040428890602,1.0424845459160803,0.8942941911755073,0.767155081425697,1.011446502618516,0.8714887646145791,0.7508840044876999
2022-08-08,0.9933077235849801,0.8549690420721024,0.7358820010095909,1.0429961637198983,0.8945984772632862,0.7673005704270116,1.0113564617778887,0.8713777234240889,0.7507594952597187
2022-08-09,0.9925633304890341,0.8543136768548205,0.7353053083135457,1.043184032975168,0.8946545832259196,0.7672585692796376,1.0105985428069473,0.8707097803490247,0.7501711434359087
2022-08-10,0.9934608372773919,0.8550728791849846,0.7359473041862555,1.0439621009653601,0.895214723321016,0.7676470217499267,1.0115123575980163,0.871483553392869,0.7508261186856
2022-08-11,0.9933504166653997,0.8549659687669962,0.7358450686768097,1.043642020011222,0.8949279775409154,0.7673906125535773,1.011399930606058,0.871374591135696,0.7507218162575424
2022-08-12,0.9937548861173032,0.8552136629147006,0.7359717816124025,1.0440199513675483,0.8952364261669166,0.7676416937632026,1.0118117494050682,0.8716270390629439,0.7508510909774541
2022-08-15,0.9937202097978619,0.8551401387629891,0.7358709098123296,1.043949614157754,0.8951419675113383,0.7675314193235816,1.011776443005143,0.8715521038257805,0.7507481798291928
2022-08-16,0.9938518708015541,0.8552373042572472,0.7359406279294863,1.0440954733726464,0.8952540157392429,0.7676163236673192,1.0119104963339218,0.871563942862536,0.7506690534395261
2022-08-17,0.9931379822644576,0.8546074096478461,0.7353851931370108,1.0429353398222132,0.894247196583841,0.766742697906639,1.0120733339102557,0.8716835291600756,0.7507542555324045
2022-08-18,0.9930381522171696,0.854504579965573,0.7352821392891707,1.0430376529648135,0.894321222022871,0.766794418557553,1.0118570544571084,0.8714760115736611,0.750557223226651
2022-08-19,0.9927827590920988,0.854268042991722,0.7350641722109097,1.0428753589766322,0.894168828023097,0.7666524056851987,1.011757223978743,0.8713680500816012,0.7504453141778865
2022-08-22,0.9926329971408945,0.8540915294967109,0.7348713240212554,1.0425332514861174,0.8938379223596284,0.7663364884656808,1.0117137851934614,0.871268215046791,0.7503056263361789
2022-08-23,0.9920253960771015,0.85355175875633,0.7343923038610619,1.0423381859344114,0.8936570078054509,0.7661696642550753,1.0107533817612149,0.8704200355586367,0.7495570453032047
2022-08-24,0.9917111515960902,0.8532656027023425,0.7341325174168114,1.0422557196724112,0.8935736519697443,0.7660873520866497,1.0105156499606924,0.8701955882067397,0.7493467732472026
2022-08-25,0.9917089295870816,0.8532472864246468,0.7341026359146203,1.0422265597190876,0.893535506341983,0.7660433741954825,1.0098182644449567,0.8695729623638117,0.748791586708125
2022-08-26,0.9910672894378231,0.8526753344153579,0.7335934442983643,1.0416993351419892,0.8930672384452333,0.7656279878248372,1.0097123893454554,0.8694538010525825,0.7486648981192298
2022-08-29,0.9913643139804287,0.8528005325396313,0.7335890342424182,1.041731795861331,0.8930595170921941,0.7655908968886269,1.0097998422937462,0.8693844063754738,0.7484805967298582
2022-08-30,0.9910525642436642,0.8525182448970928,0.733334075570562,1.0417237965177002,0.8930379929975713,0.7655598795025762,1.0100700415186268,0.8695982290457316,0.748648506900104
2022-08-31,0.9912932113420441,0.8524605462686545,0.7330567431678402,1.0417664825346606,0.8927970091374172,0.765115341189421,1.0108364111781425,0.8698985131709149,0.748597522472906
2022-09-01,0.9912932113420441,0.8524605462686545,0.7330567431678402,1.0417664825346606,0.8927970091374172,0.765115341189421,1.0108364111781425,0.8698985131709149,0.748597522472906
2022-09-02,0.9912932113420441,0.8523753087377808,0.732910161135613,1.0417664825346606,0.8927077383635809,0.764962348719677,1.0108364111781425,0.8698115320177131,0.7484478329063248
2022-09-06,0.9914403287543839,0.8524876435020452,0.7329945686500863,1.0417686952227267,0.8926945060456042,0.7649380489706272,1.0109864289886248,0.8699261647063914,0.7485340298573817
2022-09-07,0.9916241369798431,0.8526393867825446,0.7331196208218508,1.0417552315234384,0.8926765540552246,0.7649171681991901,1.0111738609662095,0.8700810120534831,0.7486617331311531
2022-09-08,0.9916983719709243,0.8526993864765978,0.7331679169884807,1.0414536497741673,0.8924142027104432,0.7646889995030127,1.0112495594892195,0.8701422391036687,0.7487110531749575
2022-09-09,0.9916390051762077,0.8526443628233884,0.7331171856275046,1.0420730319198124,0.8929407486525746,0.7651365871492942,1.0111890222868785,0.8700860898844168,0.7486592463107653
2022-09-12,0.9917367690665726,0.852632267188388,0.7330241088955445,1.0424876636569353,0.893283859286275,0.7654201482095953,1.0112887135779602,0.8700737468206249,0.7485641963550906
2022-09-13,0.9909971043983884,0.8519850292087112,0.7324579369098396,1.042117680676572,0.8928766822453369,0.7649940105407474,1.010534466529652,0.8694132689150454,0.7479860215415548
2022-09-14,0.9910495479321445,0.8520213367579107,0.7324815999860874,1.042117680676572,0.8927874035049864,0.764841042332281,1.0105879439799614,0.8694503191729182,0.7480101862742555
2022-09-15,0.9902353229587604,0.851310097980786,0.7318604929175406,1.0422220313775996,0.892871705832692,0.7649088971215156,1.0097576666810046,0.868724531267028,0.7473759117558938
2022-09-16,0.9901696219348288,0.8512459350627964,0.7317987309623772,1.0425712900873811,0.8931669177331069,0.7651583760357288,1.0096906703710513,0.8686590558298313,0.7473128404492736
2022-09-19,0.9898416933074353,0.8508563733497889,0.7313712762131837,1.0424086229474914,0.8930158501017859,0.7650189245463993,1.0093562766790092,0.8682615252268998,0.7468763236731878
2022-09-20,0.9903534310556186,0.8512917073097667,0.7317415664378645,1.0421263244510093,0.8927683612292671,0.7648020710397007,1.009878103261618,0.8687057643957093,0.7472544640386856
2022-09-21,0.9905233381053483,0.8514330139725529,0.73185895303951,1.0424011591225584,0.8929977757636038,0.764993436831999,1.0100513600038388,0.8688499616332199,0.7473743392324989
2022-09-22,0.9904370679332227,0.8513552847525072,0.7317890686211593,1.0419264306847102,0.8925860368438238,0.7646363909684598,1.0099633890279607,0.8687706423811519,0.7473029732667338
2022-09-23,0.9904055110103286,0.8513240177132366,0.7317586336588711,1.0417943867653547,0.8924674880906807,0.7645301844368236,1.009931209964974,0.86873873574208,0.7472718930842269
2022-09-26,0.9901294972877712,0.8510742608864912,0.7315332090915277,1.041605079049929,0.8922922456957076,0.7643688698709962,1.0096497546724799,0.8684838698797348,0.7470416895233286
2022-09-27,0.989277212933477,0.8503366098449764,0.7308948170173297,1.0419366771842369,0.8925721133287051,0.7646050203266144,1.008780667657517,0.8677311294191218,0.7463897635577534
2022-09-28,0.9892124898831964,0.8501914842297581,0.7306931541631753,1.0414684910778047,0.8920767142288172,0.7640998410799085,1.0087146686018214,0.8675830351085358,0.7461838254575971
2022-09-29,0.9892803078786381,0.8500747974759915,0.7304425479650748,1.042302669279997,0.8926919505824179,0.7645418257408573,1.0087838236190667,0.8674639614058844,0.745927906416182
2022-09-30,0.9894036731895117,0.8500048392051227,0.730231234375447,1.0427229539783271,0.8927753315820177,0.7643763642766301,1.0089096210588964,0.8673925720658392,0.7457121129852716
2022-10-03,0.9894036731895117,0.8500048392051227,0.730231234375447,1.0427229539783271,0.8927753315820177,0.7643763642766301,1.0089096210588964,0.8673925720658392,0.7457121129852716
2022-10-04,0.9894036731895117,0.8499198472204007,0.7300852173319806,1.0427229539783271,0.8926860629757202,0.7642235195727156,1.0089096210588964,0.867305841481691,0.7455630003851946
2022-10-05,0.989202231637668,0.8496579805028313,0.7297840028977173,1.0425106566767461,0.8924110196644057,0.7639082205505822,1.0087042081164914,0.8670386180081123,0.7452554002146428
2022-10-06,0.9892604902496209,0.8496979830477622,0.7298097436241531,1.0425720548639537,0.8924530350549867,0.7639351648963737,1.0087636152884087,0.8670794388466964,0.7452816866436485
2022-10-07,0.988163634310351,0.8485772499467323,0.7286938157783569,1.041416089006866,0.8914541463312428,0.7630721028156757,1.0076451349956506,0.8659357799846942,0.7441421011635239
2022-10-10,0.9870270739094653,0.8475570717752607,0.7277798297216131,1.0402799648044516,0.890458229244888,0.762199588171203,1.0064861674736567,0.8648947330078961,0.7432087386318644
2022-10-11,0.9868721387674511,0.8471559140517416,0.7272052307055561,1.0400852082640342,0.89010702907628,0.7617410548237846,1.0063281778081097,0.8644853691859999,0.7426219581352048
2022-10-12,0.9897810045291147,0.8495421627488932,0.729158554919106,1.0428283440420623,0.8924419583231367,0.7637284292142259,1.0092943914303518,0.8669204310815847,0.7446166927590632
2022-10-13,0.9899433951398466,0.8496573325898128,0.7292366068734695,1.043881901058328,0.8933315437155862,0.7644794070949038,1.0094599835480857,0.8670379568413594,0.744696399412341
2022-10-14,0.9888297867017922,0.8486023660472428,0.7282460964540332,1.0433775569100079,0.8928040558854324,0.7639459679746756,1.008324420483494,0.8659614098611578,0.7436848902039688
2022-10-17,0.9894327090680188,0.8489992157602732,0.7284831491899679,1.0436267107929191,0.8929150432224319,0.76395347825168,1.008939229375477,0.866366377547731,0.7439269684502576
2022-10-18,0.9900146668147818,0.8494760874872852,0.7288730183833056,1.0438674005228492,0.8931088189143984,0.7641088631617128,1.009532660333608,0.8668530041817927,0.7443251028579161
2022-10-19,0.989742451389811,0.849223560690511,0.7286400936573636,1.0439822737978104,0.8931966860729095,0.7641751311022562,1.0092550782215783,0.8665953116868013,0.7440872401352987
2022-10-20,0.9889561283391989,0.8484419321265048,0.7278777835873356,1.0443291355523205,0.893391583483528,0.7642547764346204,1.0084532529276966,0.8657976940977443,0.74330876911638
2022-10-21,0.9879927325923505,0.847502857104075,0.7269755077519797,1.0440288232377817,0.8931161581127468,0.7640033126242286,1.0074708639754206,0.8648394093192366,0.742387365062424
2022-10-24,0.9884964187976256,0.8478905140625062,0.7272699201383005,1.0443840965466873,0.8932950448368769,0.7640493387217628,1.0079844802801372,0.8652349962038564,0.7426880189818363
2022-10-25,0.9890958752219678,0.8483831194140202,0.7276739275523593,1.0452924993163002,0.8939593520709556,0.764521136076004,1.0085957548997015,0.8657376783100699,0.743100591340039
2022-10-26,0.9899549179548867,0.8490197429370367,0.7281340379873332,1.0455323190001329,0.8940548717045399,0.7645091115876228,1.009471733533729,0.8663873246292406,0.7435704561013902
2022-10-27,0.9905730680602376,0.8495295194139147,0.7285537540079315,1.0466259501336495,0.8949642310356356,0.7652646106393193,1.0101020703774732,0.8669075291140426,0.7439990700880842
2022-10-28,0.9918059001955287,0.8504744618861025,0.7292677424529036,1.0466957281335405,0.894898887375964,0.7651017787687353,1.0113592076169542,0.8678718013670943,0.7447281950650547
2022-10-31,0.9912662343889905,0.8496301060913691,0.7282165126638552,1.045535108183348,0.893405685177849,0.7633969025316986,1.0108089023784284,0.8670101733965789,0.7436546792383937
2022-11-01,0.9912662343889905,0.8496301060913691,0.7282165126638552,1.045535108183348,0.893405685177849,0.7633969025316986,1.0108089023784284,0.8670101733965789,0.7436546792383937
2022-11-02,0.9912662343889905,0.8494602140485594,0.7279253425268445,1.045535108183348,0.8929592055750615,0.7626342682634352,1.0108089023784284,0.8668368060353718,0.7433573363038721
2022-11-03,0.9917991999552794,0.8497391952803864,0.7280121591534964,1.0443725382205584,0.8918554183332728,0.7615968471432653,1.011352375282454,0.8671214941183937,0.7434459934402082
2022-11-04,0.9915199387816929,0.8493974783448486,0.7276315625948392,1.0445735489090036,0.8919102227470413,0.7615437825620837,1.0110676085159114,0.8667727870076062,0.7430573282467863
2022-11-07,0.9915548977816014,0.849198699788518,0.7272654602006132,1.0436182336396895,0.890831153384119,0.7603976492760522,1.0111032567273606,0.8665699422292068,0.7426834644936141
2022-11-08,0.9926739426174864,0.8500525344968184,0.7279071217949905,1.0439244138448063,0.8908833715267486,0.7602635990569331,1.0122443633675664,0.8674412430143227,0.7433387292930907
2022-11-09,0.9938479235703209,0.8510298694930515,0.7287200854936603,1.045364933533029,0.8919918412222553,0.7611064832459008,1.013441489182186,0.8684385704141823,0.7441689277959442
2022-11-10,0.9953014973868388,0.8520612043870929,0.7294203573107066,1.046496102592873,0.8927337436209003,0.7615488326446695,1.0149237199926666,0.8694910023359115,0.7448840453529195
2022-11-11,0.9958068662290162,0.8522210215474489,0.7293239453109627,1.0478336742197538,0.8936767112521229,0.762184468843959,1.0154390521072245,0.869654088722468,0.7447855894218915
2022-11-14,0.9962719480721716,0.8524569772105934,0.7293872905177478,1.0470658599994092,0.892863705184878,0.7613562838452465,1.0159133029705014,0.8698948711040598,0.7448502775450169
2022-11-15,0.9950011198526468,0.851258880540467,0.7282673556035963,1.045939024296444,0.8917907631738595,0.7603457442127685,1.0146174205595757,0.8686722661207089,0.7437066000468171
2022-11-16,0.9966053693279487,0.8526108951778166,0.7294064953176341,1.0461878303780003,0.8919857594260531,0.7604973755388775,1.016253297577288,0.8700519376233535,0.7448698894860412
2022-11-17,0.9954807083559478,0.8516269723935895,0.7285461450200295,1.045699477283176,0.8915508656473946,0.7601108052303405,1.0151064640796688,0.8690478876754463,0.7439912997898841
2022-11-18,0.9964142680485716,0.8524013211422143,0.7291877681915627,1.0450555945644402,0.890981274420413,0.7596075900600763,1.0160584287643,0.8698380765329283,0.7446465253519537
2022-11-21,0.9970288903244553,0.8528714598884075,0.729542313293767,1.0443435130708916,0.8902408411319335,0.7588626117900874,1.0166851682279379,0.8703178324560472,0.7450085867988863
2022-11-22,0.9971259299217199,0.8529332399460126,0.7295769860502843,1.0438749428762917,0.8898269166071913,0.7584974082407275,1.0167841209465873,0.8703808762889723,0.7450439946167233
2022-11-23,0.9978775286699142,0.853556205810323,0.7300927838287894,1.0437722415709512,0.889726746341814,0.7584012540247096,1.0175505373535374,0.8710165855678262,0.745570727291492
2022-11-25,0.998542927803564,0.8540874090310474,0.7305146551153523,1.04379285044679,0.8897203448628238,0.7583753542066713,1.0182290547332227,0.8715586551028005,0.7460015422357195
2022-11-28,0.9983511178952994,0.8538665732135152,0.7302772592075312,1.0442354031857122,0.89006119670842,0.7586349000245043,1.018033463320833,0.8713333018589853,0.7457591135423115
2022-11-29,0.9982463287921957,0.8537565675799775,0.7301657510011349,1.0439353004365421,0.8897924568411942,0.758394810707529,1.0179266083159766,0.8712210459458247,0.7456452413655371
2022-11-30,0.9991227253162102,0.8540517945813243,0.7300296912822477,1.0436387629775117,0.8892566698225535,0.757696906003781,1.0188202828685387,0.8715223121224749,0.7455062971849993
2022-12-01,0.9991227253162102,0.8540517945813243,0.7300296912822477,1.0436387629775117,0.8892566698225535,0.757696906003781,1.0188202828685387,0.8715223121224749,0.7455062971849993
2022-12-02,0.9991227253162102,0.8539663979415302,0.7298837145393399,1.0436387629775117,0.8891677530472487,0.7575453969243962,1.0188202828685387,0.8714351686056143,0.7453572257398513
2022-12-05,0.9991348757349992,0.8539650974557965,0.7298726173106813,1.0426448072626715,0.8881314791810425,0.7565011922871618,1.0188326728310466,0.8714338415170927,0.7453458932503032
2022-12-06,0.9992167762458455,0.8540315187465162,0.7299263273997335,1.0435351148774874,0.8887875760751147,0.7569729339162661,1.0189161879984163,0.8715016215243822,0.7454007419915105
2022-12-07,0.9993580514824372,0.8540630986106957,0.7298771076094076,1.044020139595644,0.8891035043296899,0.7571592473393287,1.019060248455515,0.8715338473875217,0.7453504787432175
2022-12-08,0.9995713848638902,0.8540666247092384,0.729727327202369,1.0439835743040848,0.8888804380685286,0.7568058072434166,1.0192777876732007,0.8715374456160767,0.745197522996382
2022-12-09,1.0006646776726889,0.8548986042822442,0.7303509085580997,1.045326719904351,0.8900030727315038,0.7577437876937687,1.0203926345888945,0.8723864441963796,0.745834324256736
2022-12-12,0.9999448749003712,0.8542249439557941,0.7297251943957012,1.0449727647451077,0.8896405219569448,0.757382975964563,1.0196586410108082,0.8716990034474483,0.7451953449742817
2022-12-13,0.999905886441989,0.8540018862191303,0.7293725508347537,1.0456702341800073,0.8900352766553057,0.7575495628355511,1.0196188839007043,0.8714713828328353,0.7448352253812193
2022-12-14,1.000099508904721,0.8541560344526268,0.7294946196492385,1.0452351518520724,0.8896528699686109,0.7572138026224392,1.019816323601806,0.8716286843287384,0.744959882050633
2022-12-15,0.999473083018788,0.8535218199151541,0.7288683104199691,1.0449844564842188,0.8893340839009899,0.7568528296451704,1.019177547821683,0.8709814962734157,0.7443202950859095
2022-12-16,0.9992054914377937,0.8531900711606104,0.728496944031434,1.0449862786704172,0.889138051400185,0.7565180510928554,1.0189046807120337,0.8706429612531299,0.7439410557419185
2022-12-19,0.9994834310955363,0.8532856117052433,0.7284575563364597,1.0446961848494671,0.8888198847261659,0.7561866924904029,1.019188099909242,0.8707404561789508,0.7439008330290816
2022-12-20,0.999171155493373,0.8529963242200699,0.7281912149277832,1.0458043917409994,0.8897379072957944,0.7569465978607737,1.0188696678395197,0.8704452510174535,0.7436288451911339
2022-12-21,0.9992503466370258,0.8530368113936446,0.7282025996673324,1.0455521450632814,0.8894959202086382,0.7567174069327761,1.0189504202249202,0.8704865663982642,0.7436404712867942
2022-12-22,0.9990596614021833,0.852850035535915,0.7280226878005013,1.044823231280434,0.8888506225322763,0.7561470272918552,1.0187559756587237,0.8702959698461464,0.7434567452941907
2022-12-23,0.9985656534663513,0.8524022508369951,0.7276181591220918,1.044662265334061,0.8886868208429304,0.7559847993332879,1.0182522284291085,0.8698390252455825,0.74304364062085
2022-12-27,0.9991330701046984,0.8527998137879065,0.7278833558240083,1.0453980279082427,0.8891335699756034,0.7562123099748238,1.01883083160301,0.8702447207600594,0.7433144594842913
2022-12-28,0.9984796554007832,0.8522156245300203,0.7273621685687764,1.045502054651424,0.8891990536225916,0.7562484677169695,1.0181645349243285,0.8696485813034359,0.7427822230760632
2022-12-29,0.997866365214883,0.8516657768186566,0.7268703242774021,1.0457593227209536,0.8893945240350682,0.7563948492017555,1.0175391538126322,0.8690874858853788,0.7422799517015796
2022-12-30,0.9973844543665071,0.8507279086939183,0.7256204772450113,1.0453503661179178,0.8885867466542394,0.7553166809937873,1.0170477421627726,0.8681304326929098,0.7410036079524249
2023-01-03,0.9973844543665071,0.8507279086939183,0.7256204772450113,1.0453503661179178,0.8885867466542394,0.7553166809937873,1.0170477421627726,0.8681304326929098,0.7410036079524249
2023-01-04,0.9973844543665071,0.8507279086939183,0.7256204772450113,1.0453503661179178,0.8885867466542394,0.7553166809937873,1.0170477421627726,0.8681304326929098,0.7410036079524249
2023-01-05,0.9973844543665071,0.8506428444094773,0.7254753821685777,1.0453503661179178,0.8884978968645529,0.7551656478642145,1.0170477421627726,0.8680436283300768,0.740855436865052
2023-01-06,0.9978826638477033,0.8509767524680766,0.725682546228496,1.0458725353389156,0.888935557955115,0.7555323966456364,1.017555773770601,0.8683843668252277,0.741066992796357
2023-01-09,0.9974540167938531,0.8505872555414157,0.7253299698298825,1.0458137468313895,0.8888725096765692,0.7554676941923658,1.0171186760031408,0.867986902333915,0.7407069417894677
2023-01-10,0.9977321402205631,0.8508161473244936,0.7255180941201865,1.0460996195410033,0.8890221983587365,0.7555156333001061,1.0174022825922946,0.8682204763364281,0.7408990543086569
2023-01-11,0.9981859775127682,0.8511103893652368,0.7256898976895141,1.0463075908817703,0.8891021368046641,0.7555012997281089,1.0178650672199532,0.8685207374040813,0.7410745001081115
2023-01-12,0.9982042139363007,0.8510264151482678,0.7255334402687234,1.0457830686720297,0.888642987924719,0.7550997308981441,1.0178836631718928,0.8684350454071841,0.7409147257950476
2023-01-13,0.9990361493607915,0.8517271610384264,0.7261235841989242,1.0460088210071365,0.8888217070857652,0.7552404536650392,1.0187320000808946,0.8691501257831943,0.7415173807575294
2023-01-17,0.9974548520945606,0.8502679970971245,0.7247849260598709,1.0442490040378338,0.8871953181754778,0.7537471617057214,1.017119527771679,0.8676611131261662,0.7401503431091164
2023-01-18,0.9990391259415656,0.8514433582380198,0.7256375992544393,1.0458492721930603,0.8883658873315533,0.7545811660517366,1.0187350353445208,0.8688605175013938,0.7410210929479004
2023-01-19,0.9990779886773955,0.8513790241443283,0.7254997317702905,1.045310483223483,0.8878020590881246,0.7540120853396435,1.0187746642534705,0.8687948673869182,0.7408803026775357
2023-01-20,0.9999159746405812,0.8520759470098949,0.7260789642139934,1.0463451242299753,0.8885694906496073,0.7545692750517456,1.0196291709866474,0.869506046534393,0.7414718148303576
2023-01-23,0.9990778939411569,0.8513176083209861,0.7253951152039962,1.0451742668673802,0.8875058226636656,0.753607088175647,1.0187745676495208,0.8687321952390465,0.7407734682434111
2023-01-24,1.0002069358618653,0.852177438098177,0.7260406542228398,1.0467614843399933,0.8888268540633424,0.7547060971019974,1.0199258684656067,0.869609613728421,0.7414326926686275
2023-01-25,0.9998835163518485,0.8518823971009134,0.7257726815507409,1.0466717229380667,0.8887265064225707,0.7546003950185729,1.019596072787527,0.869308537360761,0.7411590389845257
2023-01-26,1.0009525276281046,0.8527732705424612,0.72651470166153,1.0470832895337299,0.8890513427960678,0.7548552828881447,1.0206861594638361,0.8702176345449275,0.7419167898977241
2023-01-27,1.001449766772839,0.8531754768274314,0.7268391080011694,1.047660942418362,0.8895151060947286,0.7552263642169668,1.021193201605162,0.8706280683776898,0.7422480736412979
2023-01-30,1.0013498995832268,0.8529506198201616,0.7265285165686042,1.0470868991740836,0.8889587081265966,0.7546953988329969,1.0210913655485976,0.8703986116865194,0.7419308976803827
2023-01-31,1.002675748267516,0.8535412582098146,0.726572739285465,1.0492642333100202,0.8902451793791545,0.7553104094063443,1.0224433531446566,0.871001332198606,0.7419760579174142
2023-02-01,1.002675748267516,0.8535412582098146,0.726572739285465,1.0492642333100202,0.8902451793791545,0.7553104094063443,1.0224433531446566,0.871001332198606,0.7419760579174142
2023-02-02,1.002675748267516,0.8532852726280262,0.7261370570512342,1.0492642333100202,0.8902451793791545,0.7553104094063443,1.0224433531446566,0.8707401101655563,0.7415311392338738
2023-02-03,1.004932984270657,0.8550237010413297,0.7274611690820822,1.0492642333100202,0.8902451793791545,0.7553104094063443,1.0247450902235458,0.8725140999397532,0.742883322397057
2023-02-06,1.0075073492248454,0.8571795139199488,0.7292659779578847,1.0492642333100202,0.8902451793791545,0.7553104094063443,1.0273702084041008,0.8747140122125194,0.7447263931627992
2023-02-07,1.0062195558133213,0.8559843884949382,0.7281645269732574,1.0492642333100202,0.8902451793791545,0.7553104094063443,1.026057026334911,0.8734944392541929,0.7436015914528331
2023-02-08,1.0053529707474411,0.8552389951140704,0.7275234652632091,1.0492642333100202,0.8902451793791545,0.7553104094063443,1.025173356671937,0.8727337980766247,0.7429469392552139
2023-02-09,1.0050602350399938,0.8548129621428678,0.7270105092504474,1.0492642333100202,0.8901561637627782,0.7551593775308382,1.0248748497230806,0.8722990501579871,0.7424231085915308
2023-02-10,1.0048639632022889,0.854552510673232,0.7267094752988842,1.0493564648968512,0.8901414423669972,0.7550680520089472,1.0246747084149683,0.8720332708827103,0.7421156927299066
2023-02-13,1.0047628114661558,0.8544304726315136,0.7265750472905977,1.0499159063633965,0.8905904871715994,0.7554273054519779,1.0245715624872374,0.8719087364259478,0.7419784148521814
2023-02-14,1.0054785337264498,0.8549418574745894,0.7269272437530866,1.0505928217413267,0.8911550648082442,0.7558980454182731,1.025301395106606,0.8724305821777507,0.7423380778683124
2023-02-15,0.999426149316629,0.8496984715609852,0.7223863947866769,1.044268876075564,0.8856895821291587,0.7511762264360496,1.0191296888284895,0.867079937352966,0.737700963050313
2023-02-16,0.9983615805631809,0.8486987566217133,0.7214560151615963,1.0430445357262945,0.8845509773626167,0.7501255905997877,1.018044132258672,0.866059772205061,0.7367508594071968
2023-02-17,0.9988582179507007,0.8491121552104105,0.721799963189577,1.042581597258712,0.8841501729231789,0.7497787348985752,1.0185505607792282,0.866481627291761,0.737102099122274
2023-02-21,0.9988036707099844,0.8490340367673338,0.7217065797774573,1.0430297163402034,0.8844973313622241,0.7500452744866201,1.0184949381476855,0.8664019108547,0.7370067359848301
2023-02-22,0.9989691544427881,0.8491674930298544,0.7218138915933471,1.0434721711552641,0.884863725446928,0.7503485044679864,1.0186636843679377,0.8665380971038446,0.7371163228077546
2023-02-23,0.9989730013915477,0.8490774655911308,0.7216580765953859,1.0426896996947552,0.884190472671299,0.7497693546895641,1.0186676071587262,0.8664462280602473,0.7369572045368638
2023-02-24,0.997920699024562,0.8481715519441061,0.720878333788139,1.0425835345006635,0.8840925063545783,0.7496795496293576,1.0175945588053759,0.8655217830075613,0.7361609312072596
2023-02-27,0.9986314165919523,0.8486587973065531,0.7211932046414199,1.0425676888039292,0.8840567962934573,0.7496303818596463,1.0183192880650562,0.8660189954805578,0.7364824773124714
2023-02-28,0.998156016566422,0.8480798141796967,0.7205524860189664,1.0427588638575613,0.8840354203544234,0.749456671370813,1.0178345155979571,0.8654281686517876,0.7358281754758927
2023-03-01,0.998156016566422,0.8480798141796967,0.7205524860189664,1.0427588638575613,0.8840354203544234,0.749456671370813,1.0178345155979571,0.8654281686517876,0.7358281754758927
2023-03-02,0.998156016566422,0.8480798141796967,0.7205524860189664,1.0427588638575613,0.8838586486246984,0.749157008567386,1.0178345155979571,0.8653416344883388,0.7356810392680392
2023-03-03,0.998156016566422,0.8480798141796967,0.7205524860189664,1.0429913534222146,0.8840467378621506,0.7493088275617686,1.017997059249595,0.8654760346014173,0.735792078800117
2023-03-06,0.998156016566422,0.8480798141796967,0.7205524860189664,1.042787381358059,0.8838498542451844,0.7491216127395136,1.0176633076875035,0.8651796680566592,0.7355293940044935
2023-03-07,0.998156016566422,0.8480798141796967,0.7205524860189664,1.0422457112176322,0.88337925161032,0.7487130095673082,1.0174232080367536,0.8649693975936804,0.7353454088343419
2023-03-08,0.998156016566422,0.8479950146782289,0.7204084043380987,1.0413724988392798,0.8826295000344204,0.7480693793935667,1.016696569924889,0.8642605175715158,0.7346652934618269
2023-03-09,0.9982081219313033,0.8480350175639502,0.7204387669335566,1.0416007374568623,0.8827279473985423,0.7480723178055279,1.0168776020141426,0.8643214289685539,0.73463805097189
2023-03-10,0.9983969858328137,0.8481917714115225,0.7205687954298183,1.0415508408395475,0.8826804287059941,0.7480276142688767,1.0170699982359879,0.8644811932550798,0.7347706422280089
2023-03-13,0.9980241345319629,0.8477791951500673,0.7201368956658014,1.0416137003185983,0.8825440231363368,0.7477513077636422,1.0166901734996558,0.864060693515713,0.7343302300577935
2023-03-14,0.999017983083466,0.8485305253195651,0.7206961903363912,1.0427368194486684,0.8833932769126069,0.7483841192677915,1.0177026099942241,0.8649129441859567,0.7350475574999483
2023-03-15,0.9986046487691824,0.848164736403859,0.7203730062581823,1.0408439217252978,0.8817671849863463,0.7469875215795277,1.0176771852849196,0.8648807261642516,0.735011159724484
2023-03-16,0.9982533185214589,0.8478525577272118,0.7200961553500049,1.0412820073460862,0.88203106211253,0.7471201682696674,1.0171057205318406,0.864384893044558,0.7345811345139714
2023-03-17,0.99886206299118,0.848354507295096,0.7205096707426045,1.0420948415780098,0.882703585590852,0.7476762831324282,1.0175980895975525,0.864792558844518,0.7349184301016007
2023-03-20,0.9986578690043652,0.8481456616837247,0.7203021978005978,1.041468368564649,0.8821363866225526,0.7471648739332317,1.0173519371665756,0.864559444223441,0.7346999842901576
2023-03-21,0.9992345044257686,0.8486221028116175,0.7206955393738392,1.0430989087777858,0.8834183074745722,0.7481666437894533,1.0174441796646823,0.8646282628279298,0.7347503333030582
2023-03-22,1.0002386613769167,0.849460956053139,0.7213960992287394,1.0440938471931323,0.884250492816913,0.7488625789074033,1.0178998986965975,0.8650057754528581,0.7350628488253699
2023-03-23,1.00054361150458,0.8497070018096703,0.721594070004415,1.0445162608661858,0.8845987024259173,0.7491494000899698,1.017565190854622,0.8647123819372939,0.734805917988184
2023-03-24,1.0003409517658015,0.8494356064433192,0.7212792423675936,1.0440028181017085,0.8840658452065621,0.7486151028276845,1.0176809620281084,0.8647151176844695,0.7347269503588567
2023-03-27,0.9999913830833318,0.8490945495395941,0.7209520688413664,1.0435046899884501,0.8836096842141422,0.7481997354575731,1.0178789845895637,0.864849630058928,0.7348125577717075
2023-03-28,1.0008082830668221,0.8496884901916871,0.7213717113718601,1.0441703938034712,0.8840734684228385,0.748507843391473,1.018642687949228,0.8654006221174723,0.7351975280000327
2023-03-29,0.9998702038709298,0.8488691254794456,0.7206565945168191,1.0435867198672188,0.8835595773460503,0.7480560535584092,1.0176666985789484,0.8645523670824207,0.7344606647080746
2023-03-30,1.0004759078507617,0.8493637695409698,0.7210598934478383,1.0436639340480156,0.8836085724970668,0.7480836623335125,1.0185037850651413,0.8652474252965785,0.7350374640393815
2023-03-31,1.0012865702381122,0.84960639299712,0.7208875814597674,1.0447307917049153,0.8841403179116188,0.7482193299197053,1.0190425689840334,0.8653414386283843,0.7348083633038868
2023-04-03,1.0012865702381122,0.84960639299712,0.7208875814597674,1.0447307917049153,0.8841403179116188,0.7482193299197053,1.0190425689840334,0.8653414386283843,0.7348083633038868
2023-04-04,1.0012865702381122,0.8494365056959808,0.7205993417230782,1.0447307917049153,0.8839635252065775,0.7479201618549634,1.0190425689840334,0.8651684049473948,0.7345145574808944
2023-04-05,1.000673107427197,0.8489056790597311,0.7201402026695067,1.0450205179605287,0.8841987903442474,0.7481108591419289,1.0184182275243627,0.8646277471923911,0.7340465521702738
2023-04-06,1.0008191598562912,0.8490214938815638,0.7202315875615899,1.0451234311052853,0.8841889561617726,0.7480205279360688,1.0185668699280206,0.8647457069504216,0.7341397017607361
2023-04-10,1.0008662723105712,0.8490323064848275,0.7202160282889188,1.0454328904336059,0.8843181550856345,0.7480175990025384,1.0186148178361099,0.8647567198073642,0.7341238420289559
2023-04-11,1.000723827181894,0.8488185253245168,0.7199558229737569,1.045074996246735,0.883918633869851,0.7475977739849607,1.0184698467017899,0.8645389793356121,0.7338586119893845
2023-04-12,1.000171683078687,0.84833902143755,0.7195396380294337,1.0449749664450148,0.8838220010428414,0.7475058730763016,1.0179079113257392,0.8640505948474588,0.7334343902582364
2023-04-13,1.000248317003613,0.8483076008959106,0.7194312061352715,1.0452030827778325,0.8840018449114861,0.7476469006943152,1.0179859042141381,0.8640185923849906,0.7333238644776175
2023-04-14,0.999358210991567,0.847534904817101,0.7187608097965755,1.0444587398978795,0.8833579071994193,0.7470901217614541,1.0170800137886151,0.8632315856699153,0.7326405223739785
2023-04-17,1.0001484327058938,0.848159475679806,0.7192517813376669,1.0452374084363842,0.8839817562891056,0.7475883577436543,1.017884248649813,0.8638677238314373,0.7331409748769993
2023-04-18,1.0004609348188538,0.8484082988598588,0.7194490639579686,1.045555356128634,0.8842382677953818,0.7477948216838107,1.0182022924201672,0.8641211553149638,0.7333420671458363
2023-04-19,1.001106158011316,0.8488537824406261,0.7197405770239609,1.045583007693286,0.8842489642056804,0.7477931345534377,1.0188589574740674,0.8645748894274233,0.7336392095081303
2023-04-20,1.0004938650926154,0.8483123855353696,0.7192626845207445,1.0455836657469098,0.8842361537971453,0.7477709991236084,1.0182358066525248,0.8640234656378601,0.7331520886072368
2023-04-21,1.0006940216412354,0.8484632456929926,0.719374608299664,1.0451813119738498,0.8838836354622127,0.7474625232569474,1.018439512614002,0.8641771197851279,0.7332661737030518
2023-04-24,1.0005703789513056,0.848303918348455,0.7191933279897758,1.0443011894036582,0.8831055142188802,0.7467758962474504,1.0183136773455312,0.864014841635303,0.7330813927590683
2023-04-25,1.0005190908862598,0.8482398720824422,0.7191215994431261,1.0461628757111427,0.8846650533522932,0.748082188627177,1.0182614797798033,0.8639496092071726,0.7330082790901393
2023-04-26,1.0009119144348622,0.8483807151042425,0.7190782939586307,1.0473265511357102,0.8854604890557585,0.7485954298924576,1.018661269340578,0.8641794181888844,0.7331105544770653
2023-04-27,1.0018396051578016,0.8491324534913999,0.7196861089832122,1.0475441535128809,0.8856289421164791,0.7487247175739801,1.0192147532568587,0.8646188891108002,0.7334578262780345
2023-04-28,1.0043974410886618,0.8506781409086853,0.7204687591256835,1.0491782659270978,0.8867322699108431,0.7494222889148643,1.0216198124054845,0.8661163281197868,0.7342676334665792
2023-05-01,1.0043974410886618,0.8506781409086853,0.7204687591256835,1.0491782659270978,0.8867322699108431,0.7494222889148643,1.0216198124054845,0.8661163281197868,0.7342676334665792
2023-05-02,1.0043974410886618,0.8505930816005253,0.7203246941868462,1.0491782659270978,0.8866436055502881,0.7492724344279786,1.0216198124054845,0.8660297251472721,0.7341208093047182
2023-05-03,1.0042105096931486,0.8503457507594537,0.7200398517460166,1.0489830002390657,0.8862085504233829,0.7486766743337797,1.0214296757032146,0.8657779057227472,0.7338305113809157
2023-05-04,1.0039159472029249,0.8500028006121043,0.7196702970421768,1.0500637822274244,0.8869274289617333,0.7491199646517473,1.02113006235924,0.8654287316837467,0.7334538787311473
2023-05-05,1.0047620434940412,0.8503663670918984,0.7196794741015443,1.051036462838299,0.8876429330371739,0.7496346777833418,1.021990666636836,0.8657988962023392,0.7334632315553727
2023-05-08,1.004762797660771,0.8502279652653894,0.7194446232033357,1.0516967782517763,0.8881671053332716,0.7500490694345862,1.0219914337352387,0.8656579826464165,0.7332238826439023
2023-05-09,1.0042386593384478,0.8497686973599865,0.719042676300102,1.0517801267401525,0.8882250005946215,0.7500874088990223,1.0214583080295958,0.8651903799037083,0.7328142373988055
2023-05-10,1.0037217654567971,0.8492302810669343,0.7185015835347354,1.0512532641689167,0.8876783876201209,0.7495399397410525,1.0209325509848217,0.8646421923809396,0.7322627812818271
2023-05-11,1.004074870011623,0.8495099886012251,0.7187221244367769,1.0514348987060584,0.8877268628378369,0.7494923158896322,1.021291710212338,0.864926976073969,0.7324875461230135
2023-05-12,1.0045089336938229,0.8498571758343171,0.7189988867283328,1.0517122256568445,0.887940226160671,0.7496549002995243,1.0217332167708377,0.8652804640937438,0.7327696091414019
2023-05-15,1.0055745495000663,0.850622146782752,0.7195305618238804,1.052100727073829,0.8881214765325288,0.7496841234807667,1.022817104657779,0.8659727378493761,0.7331648928665458
2023-05-16,1.0053305159858996,0.8504000537187577,0.7193294544820498,1.0530124749385925,0.8888632559779092,0.7502867793676994,1.0225651429825786,0.8657386610440307,0.7329491590548192
2023-05-17,1.0048499811275708,0.8499778010363978,0.7189589465991975,1.054062793535236,0.8896349005086865,0.7508411170346779,1.0231231743199172,0.866189558691699,0.7333126550980652
2023-05-18,1.0046111523300496,0.8497589821630703,0.7187596502021942,1.0532305105933084,0.8889105404650021,0.7502112864124504,1.022942478798197,0.8660149684415456,0.7331465591763604
2023-05-19,1.0043610237029488,0.8495318126987673,0.7185542990272905,1.0533630368401485,0.8890027718413978,0.7502725624477875,1.0230485398224671,0.8660851207837799,0.733189309975595
2023-05-22,1.004703026979485,0.8497743999259242,0.7187200218745831,1.0532400654781169,0.8888394999923815,0.7500846045863819,1.0231163454374876,0.8660841035174374,0.7331390328392108
2023-05-23,1.0053277122133766,0.8501980965637365,0.7189899442926009,1.0535792423430195,0.8890152200358151,0.7501397241118374,1.023930679415641,0.8666629976825658,0.7335356615906381
2023-05-24,1.0057431738087537,0.8505284397958052,0.7192515573454233,1.0537574760444581,0.8891397133531127,0.7502229367730837,1.0241024431262056,0.8667832972692758,0.7336162736126439
2023-05-25,1.0057540252319583,0.8505164789595213,0.7192235818761539,1.0523645400000796,0.88784774557714,0.7490345471027801,1.0237167541977599,0.866431024116757,0.7332962795705839
2023-05-26,1.0064075907511139,0.8510501617126032,0.7196588254237023,1.0519933069465643,0.8875066793077648,0.7487233087991554,1.023496165271636,0.8662209794482177,0.733098762067245
2023-05-30,1.0064771997513873,0.8510360066965887,0.7195851103125761,1.0508583877067765,0.8863537069791769,0.7475857971205647,1.023266996587055,0.8659379404274141,0.7327838413414995
2023-05-31,1.0063015788069087,0.8504461292612894,0.7187131411391752,1.0514300713964995,0.886094233184277,0.7467413976109311,1.0230058597417824,0.8651764294072052,0.7316820181256785
2023-06-01,1.0063015788069087,0.8504461292612894,0.7187131411391752,1.0514300713964995,0.886094233184277,0.7467413976109311,1.0230058597417824,0.8651764294072052,0.7316820181256785
2023-06-02,1.0063015788069087,0.8501060868265587,0.7181386302349871,1.0514300713964995,0.8857399372093933,0.7461444820253108,1.0230058597417824,0.8647440573785159,0.7309510670586198
2023-06-05,1.006189614248723,0.8499675087433133,0.7179843939377282,1.0503290577946638,0.8846771349042368,0.745135165212547,1.0237691229638701,0.8653321334239185,0.7313998836286987
2023-06-06,1.005145285482738,0.8490694715026516,0.717212413500222,1.049373368294367,0.8838520332250942,0.7444232502674651,1.0232103695880213,0.864753147161073,0.7308203208308733
2023-06-07,1.0048489971147607,0.8488003224219546,0.7169691120185678,1.0498559138756098,0.8842332736058516,0.74472311066398,1.0229087561447894,0.8644790264649465,0.7305724031100779
2023-06-08,1.0040231877985728,0.8480008428506114,0.7162077346634058,1.0495579053612314,0.8837857207516836,0.7441805256921199,1.0220681048799127,0.8636647792229787,0.7297965798916015
2023-06-09,1.0034308230809519,0.8473964786576028,0.7156094582363786,1.050460703936563,0.8845243227244477,0.7447842790159485,1.0214650938223055,0.8630492514534893,0.7291869521688857
2023-06-12,1.0045267231597745,0.8482569974646504,0.71628128515862,1.0515866433678278,0.8854156532471984,0.7454870388501625,1.0225806900857306,0.8639256654237959,0.7298715258845846
2023-06-13,1.0035089822120122,0.8473736902224495,0.7155152283527525,1.0503571241911946,0.8843592595031418,0.7445797802860006,1.0215446576769385,0.8630260420793695,0.7290909344306434
2023-06-14,1.0026307037532483,0.8466077362234883,0.7148479223056269,1.050937874518709,0.8847406380588363,0.7448102399057189,1.0206505942620547,0.862245939680905,0.7284109673661128
2023-06-15,1.0026494584910437,0.8465106051068899,0.7146704265304714,1.0514737742298685,0.8850855829924058,0.7450111657408206,1.0206696860714362,0.8621470143967148,0.7282301039051581
2023-06-16,1.000789755602431,0.8447522533418486,0.7130269962219985,1.0513261309169122,0.8848616320281747,0.7447387435641234,1.018776559468283,0.8604422272756364,0.7267008324186729
2023-06-20,1.0007132288588079,0.8445318249027649,0.7127095114598854,1.0510847879499388,0.8846271996231003,0.7445150993149852,1.0191537856623387,0.8606168685624899,0.7267268195207383
2023-06-21,1.000792771188593,0.8445834954526054,0.7127400667374806,1.0500474655953065,0.8837450300837698,0.7437649696004958,1.0188340489692633,0.8603349255389182,0.7264786500106878
2023-06-22,1.0021478807822313,0.8457105209245499,0.7136771851608719,1.0506062404451255,0.8842061543083598,0.7441453518860878,1.0202136327509697,0.861400881781683,0.7272952221750532
2023-06-23,1.0014202201543998,0.8450792520335833,0.7131299638399053,1.050762527623776,0.8843279441751798,0.7442396528167201,1.0191574203280018,0.8604905334038065,0.726510944966346
2023-06-26,1.0008948402980993,0.8445911431410221,0.7126802811936855,1.049835496611848,0.8835240572982188,0.7435431684110515,1.0191950622499806,0.8604772243151728,0.7264616152078709
2023-06-27,1.000252978299602,0.8440321025435888,0.712193855862705,1.05004137343027,0.8836887479857759,0.7436745526361556,1.0194277447406006,0.8606546920762874,0.7265954164804641
2023-06-28,1.000650510829527,0.8443491637081953,0.7124458886411372,1.0503415462389751,0.8839319320481546,0.7438712699055634,1.0189839072996072,0.8602612146042413,0.7262473949148065
2023-06-29,1.0017943364964823,0.8452975889201885,0.7132320254503347,1.049880752530038,0.8835361356771935,0.7435314477707634,1.0199804776914472,0.8610854022964234,0.7269287032314711
2023-06-30,1.0019762045582672,0.8450949780761671,0.7127606320176915,1.0501650175516914,0.8835893361348504,0.743419670365508,1.0201170054033306,0.8608378763841144,0.7264134784707821
2023-07-03,1.0019762045582672,0.8450949780761671,0.7127606320176915,1.0501650175516914,0.8835893361348504,0.743419670365508,1.0201170054033306,0.8608378763841144,0.7264134784707821
2023-07-05,1.0019762045582672,0.8449259928775915,0.7124756417609871,1.0501650175516914,0.8833243388332004,0.7429738860338877,1.0201170054033306,0.8606657432354673,0.7261230292590785
2023-07-06,1.0016628937289316,0.8446540098565961,0.7122397337397479,1.0487236656124403,0.8820987747842876,0.7419319492385921,1.0197980220746565,0.860388693563797,0.7258826024473136
2023-07-07,1.00067930095696,0.8438165154183799,0.7115267208430597,1.0474912155767457,0.8810495908306825,0.741038926496955,1.0187966213342843,0.8595355978143479,0.7251559318720721
2023-07-10,1.0001399355254719,0.8433394748974999,0.7111057287736154,1.0473583120892735,0.8809019130600525,0.7408845223604037,1.0182474906799988,0.8590496707178714,0.7247268757488292
2023-07-11,1.0007556516377134,0.8437642790611247,0.711384326499055,1.0479930343462582,0.881332628009471,0.7411600028171972,1.0188743543457635,0.8594823883692368,0.72501080998108
2023-07-12,1.0006416299086887,0.8435790409691728,0.7111530271267379,1.0487899358043993,0.8819935359743173,0.7417080039490831,1.0187582682508696,0.8592936995592947,0.7247750800963677
2023-07-13,1.0011650779226267,0.8440125842132223,0.71151198181755,1.048635960204225,0.88185591396944,0.7415854309876103,1.0192911933024162,0.8597353190875255,0.7251409105222543
2023-07-14,1.0019284539154099,0.8446483784974059,0.7120414273212706,1.0498592255810026,0.882876348565493,0.7424365920811633,1.020068390234052,0.8603829573005223,0.7256804974926088
2023-07-17,1.0013063938043874,0.8440166247600172,0.7114184205654174,1.0497401693671806,0.8827530814769194,0.7423134720092613,1.0194350677112713,0.8597394349038687,0.7250455571152916
2023-07-18,1.0014126975163913,0.8440940087351446,0.7114733481951829,1.050176088651657,0.8831118559696491,0.7426086081086413,1.0195432960542794,0.8598182604306356,0.7251015368773742
2023-07-19,1.0011212185012135,0.843835723353533,0.7112450195807584,1.0504123894965751,0.8833018637802591,0.74276106537688,1.0192465398052304,0.8595551635655783,0.724868834655074
2023-07-20,1.0022857243358712,0.8448025593541393,0.7120475276447557,1.0511622737105757,0.8839228210099326,0.7432751272863113,1.0204321290432,0.8605400103238307,0.7256867146670759
2023-07-21,1.0024203648098498,0.844902217836852,0.712119864512058,1.051518120460592,0.8842129456889721,0.7435114285609588,1.0205692071858707,0.8606415253000733,0.7257604371386019
2023-07-24,1.0033861380931928,0.8456824081942553,0.7127489460091376,1.0514088819009255,0.884009397941626,0.7432463722536691,1.0215524658153874,0.8614362494764863,0.7264015686181023
2023-07-25,1.002656390810054,0.8449706328215278,0.7120675519208075,1.0514629247796232,0.8839620984945311,0.7431286333875732,1.0208095064419114,0.8607112147570561,0.725707122505791
2023-07-26,1.0025190395845698,0.8448398278517907,0.7119446290396826,1.0515228188302659,0.8840047006493208,0.7431579297480229,1.0206696684695205,0.8605779730797415,0.7255818450512703
2023-07-27,1.0015181602329952,0.843974825575366,0.7111975527890152,1.0518363964326685,0.8842570948452338,0.7433606757147425,1.0196506681756476,0.859696857060806,0.7248204586424924
2023-07-28,1.0022941468317208,0.8446125143929277,0.7117212427864693,1.0522791245407488,0.8845323598892828,0.7435106299126123,1.020440704028519,0.8603464250996002,0.7253541798605317
2023-07-31,1.0030093279140777,0.8448358131963635,0.7115897282594416,1.0516108629750063,0.8836731244803823,0.7425383110247407,1.0211688334798334,0.8605738836370848,0.725220146188137
2023-08-01,1.0030093279140777,0.8448358131963635,0.7115897282594416,1.0516108629750063,0.8836731244803823,0.7425383110247407,1.0211688334798334,0.8605738836370848,0.725220146188137
2023-08-02,1.0030093279140777,0.8447513380625572,0.7114474387716873,1.0516108629750063,0.8834964251953432,0.7422414144589571,1.0211688334798334,0.8604878348535994,0.7250751311619046
2023-08-03,1.0029729594560763,0.8447152373732542,0.7114124284904689,1.0511031229830488,0.8830616908559439,0.7418693278808374,1.0211318065701138,0.8604510616606189,0.7250394502628488
2023-08-04,1.0028300970672295,0.8445904871579559,0.7113036347865327,1.05204331531917,0.883843393176062,0.742519173367695,1.0209863576546283,0.8603239875290695,0.7249285726282516
2023-08-07,1.0025986889365242,0.8443005559111821,0.710979434710943,1.0527642908687491,0.8844245189860198,0.7429867201307864,1.0207507598747139,0.860028655282109,0.7245981625381727
2023-08-08,1.00115550061673,0.8430769988327167,0.7099421565110883,1.0544272388267606,0.8858119521602859,0.7441442082326906,1.01928144259919,0.8587823051032702,0.7235410153958489
2023-08-09,1.001061042250047,0.8429055696005069,0.7097204077785244,1.0551100926280295,0.8863764510512445,0.7446107361488256,1.019185274061736,0.8586076823921738,0.7233150190922761
2023-08-10,1.0014275115271651,0.8432103686207072,0.7099738698800536,1.0543132942494795,0.8856989653877156,0.7440347895435732,1.019558378273039,0.8589181593776962,0.7235733362306837
2023-08-11,1.0008033582748017,0.8426790417842427,0.709521627008615,1.0542674451610565,0.8855640962221599,0.7438405345977372,1.0189229247125482,0.8583769346900177,0.7231124306999932
2023-08-14,1.001321587291845,0.8431044622901142,0.7098706231757863,1.0542035340875981,0.8854089026369537,0.7436249477278748,1.0194505362771487,0.8588102801651953,0.7234681118478847
2023-08-15,1.001059114343602,0.84279350813061,0.7095330997865494,1.0541816865870406,0.885292541442098,0.7434449524507276,1.0191833112505033,0.8584935333790178,0.7231241232376459
2023-08-16,1.001289867225937,0.8429797017960503,0.7096830539349359,1.053797555273961,0.8849579603824188,0.7431539145910145,1.0194182419187614,0.8586831955634018,0.7232769497401873
2023-08-17,1.002095675632218,0.8435653797995689,0.7100980567165318,1.0538220378218253,0.884877760858107,0.7430019859631137,1.020238639503659,0.8591938645153895,0.7235551908133115
2023-08-18,1.0014608033658485,0.8429343577745468,0.7094855859155851,1.0539079046364834,0.8849335139614884,0.7430350731755633,1.0197297664925555,0.8586627490074124,0.7230215451226287
2023-08-21,1.0013219537842337,0.8427749785188465,0.7093156524369311,1.0543262670443598,0.8852395543973535,0.7432540651112886,1.0191906584459096,0.8581538538649418,0.7225467782198058
2023-08-22,1.002071530635499,0.8433869347880693,0.7098147715604345,1.0549833636539852,0.8857718562830929,0.7436846968254884,1.0202437473763695,0.8590173278444712,0.7232542636821426
2023-08-23,1.0030436371076534,0.8441872469957576,0.7104733005332575,1.0556371537401923,0.8863018104526463,0.744113701389842,1.0210039715324837,0.8596354672040857,0.7237562223196569
2023-08-24,1.003592757922686,0.8446326471069913,0.7108340573956422,1.0558279674235014,0.8864458199914722,0.7442210157484321,1.0221338578800723,0.8605656069095522,0.7245215223372519
2023-08-25,1.0031561643550122,0.8442479227119916,0.7104957260426529,1.0559657577504782,0.8865440744355723,0.7442888688514337,1.0219523192336482,0.860391021670605,0.7243562205833611
2023-08-28,1.003009441582918,0.8440805484697401,0.7103178993119509,1.0562161449015186,0.8867081795078856,0.7443878999305444,1.0219430894219903,0.860327586829243,0.7242559051748105
2023-08-29,1.0033321098235444,0.8443363456802312,0.7105199112935682,1.0570651027956022,0.8874037807321231,0.7449574841562947,1.0234131310725538,0.8615446052815922,0.7252631429022305
2023-08-30,1.004366894437053,0.8451915711055438,0.7112264843937496,1.0580671776125248,0.8881400205800681,0.7454873974543252,1.023771720811859,0.8618263836208813,0.7254834359127826
2023-08-31,1.0041902214487493,0.844691026509851,0.7105091786460397,1.0581766104839827,0.8879549000317817,0.7450995206686756,1.02451407069815,0.86200291936224,0.7252545934020728
2023-09-01,1.0041902214487493,0.844691026509851,0.7105091786460397,1.0581766104839827,0.8879549000317817,0.7450995206686756,1.02451407069815,0.86200291936224,0.7252545934020728
2023-09-05,1.0041902214487493,0.8445221220854339,0.7102250886105954,1.0581766104839827,0.8878661134204396,0.7449505305625631,1.02451407069815,0.8618305532515897,0.7249646075590491
2023-09-06,1.0038193157596418,0.8442019769382434,0.7099489440667414,1.0583609249649624,0.8880163073172397,0.7450728092309503,1.0241356582327863,0.8615038467484579,0.7246827321028381
2023-09-07,1.003004132745525,0.8435080399674083,0.7093583165749968,1.0577732043742256,0.8875184891204355,0.7446511870144564,1.02330397669445,0.860795687580265,0.7240798471377295
2023-09-08,1.0032712715924887,0.8433877246215451,0.7089671416808367,1.0577736442508427,0.8873371793602979,0.7443466605845404,1.0235765221760715,0.8606729063784726,0.7236805540710957
2023-09-11,1.002444638704922,0.8426713350336661,0.7083468659686795,1.0571846210670282,0.8868316301441644,0.7439129870535923,1.022733159029802,0.8599418344281715,0.7230474055869691
2023-09-12,1.0022149676845682,0.8424708143112807,0.7081720418023546,1.056943429891961,0.8866252859428532,0.7437365266060385,1.022498839687751,0.8597372040453876,0.7228689532411369
2023-09-13,1.002256091898369,0.8424128593357056,0.7080455349127244,1.0570652136187875,0.8867232429220432,0.7438151710894061,1.0225407962162907,0.8596780612860005,0.7227398209152518
2023-09-14,1.0020667752889008,0.8421555093863559,0.7077466411657215,1.0569352709119886,0.886520782510419,0.7435669445868441,1.0223476480197895,0.8594154369645918,0.7224347241347063
2023-09-15,1.0022210685193453,0.8422696815073618,0.7078295739587654,1.0566928740669024,0.8862211287807943,0.7432348385185966,1.022505063997587,0.8595319490364952,0.7225193780574234
2023-09-18,1.0024574247972755,0.842423686000183,0.7079214829344266,1.0570408587988867,0.8864769788534637,0.7434192146526248,1.0227462039004311,0.859689109842329,0.7226131944482267
2023-09-19,1.0028892675936156,0.8426869543993978,0.7080590746141339,1.0575745985413494,0.8867342893280604,0.7434755662433222,1.0231867867817719,0.8599577739118843,0.7227536416102349
2023-09-20,1.0024993423577215,0.842340169235131,0.7077516039573675,1.056969089834263,0.8862063411354962,0.7430159309928764,1.022788969832193,0.8596038814060948,0.7224397899206886
2023-09-21,1.0021136731965883,0.8419914486688743,0.7074378976730145,1.0561151892619225,0.8854636260062555,0.742370799435174,1.0223954950962557,0.8592480138323655,0.7221195731936652
2023-09-22,1.0046815226117665,0.8440450065861956,0.7090759702017271,1.0582094595074114,0.8871104038440029,0.7436600473185867,1.0250153153266186,0.8613436592982876,0.7237916411436365
2023-09-25,1.0050302567492837,0.8442100251172673,0.7091070621332168,1.057843931698149,0.8867583071605224,0.7433266014989214,1.0253711075094023,0.8615120598744371,0.7238233783355101
2023-09-26,1.0056585717963669,0.8447246409391748,0.7095282726794978,1.0591661811814623,0.8877581490145502,0.7440738112461613,1.026012139051852,0.8620372227173138,0.7242533303933595
2023-09-27,1.00519610501805,0.8443210530716727,0.709176573168177,1.0580878448255273,0.8868320200566264,0.7432788949370158,1.025540312388441,0.8616253633402308,0.723894331954284
2023-09-28,1.0046950201368363,0.8438030639248093,0.7086599372970165,1.057815720929418,0.8864050995892575,0.7427543266305406,1.0250290860286813,0.8610967580363019,0.72336697418054
2023-09-29,1.0051212406223482,0.8438093149379449,0.708369803103951,1.0584058532201845,0.8864382942215493,0.7423955904347056,1.0254639328090023,0.8611031371635836,0.7230708187436394
2023-10-02,1.0051212406223482,0.8438093149379449,0.708369803103951,1.0584058532201845,0.8864382942215493,0.7423955904347056,1.0254639328090023,0.8611031371635836,0.7230708187436394
2023-10-03,1.0051212406223482,0.8436405868205807,0.7080865684765604,1.0584058532201845,0.8863496592556237,0.7422471410065044,1.0254639328090023,0.8609309509733889,0.722781706061215
2023-10-04,1.0052719474312737,0.8437588032137078,0.7081788393188873,1.0586690269754855,0.8864764927609271,0.7422750063434344,1.0256176897795406,0.8610515902045324,0.7228758918286137
2023-10-05,1.0048982843324834,0.8433523516942087,0.7077598062939926,1.0591614730091667,0.8867917960526074,0.7424577922936032,1.0252364640971603,0.8606368084850734,0.7224481624829197
2023-10-06,1.0056295173914873,0.8438678351651645,0.708110001702938,1.0599465216732828,0.8873453991680603,0.7428344641187673,1.0259824966136175,0.8611628567594144,0.722805625604522
2023-10-09,1.007505558523964,0.8453978335810536,0.7093566976615179,1.0620050063773203,0.8889333799387374,0.74405049563327,1.0278965070235755,0.8627242124027498,0.7240781946264436
2023-10-10,1.0080603543171838,0.8458467847957073,0.7097194824777919,1.062014959599921,0.8889287316348012,0.7440357343920261,1.0284625313528084,0.8631823648461132,0.7244485084272037
2023-10-11,1.0084475042197822,0.8461539766455688,0.7099624188355604,1.0617648354088989,0.8887053678737727,0.7438370494142912,1.0288575167990015,0.8634958525748498,0.7246964865176653
2023-10-12,1.005473610415698,0.8435550102459205,0.7076948483267055,1.060160538766543,0.8872590024519263,0.7425398501443294,1.0258234342298138,0.8608436205118696,0.722381856423028
2023-10-13,1.0067874122827447,0.8445514950301067,0.7084420742751215,1.0613491143768996,0.8879687963560722,0.7428953617658807,1.027163826189573,0.861860528193034,0.7231445897805767
2023-10-16,1.0074524129689868,0.8450632402576749,0.708832647855312,1.063621338422753,0.8898117586459682,0.7443886109969444,1.0278422858534164,0.8623827616089094,0.7235432690539879
2023-10-17,1.0070667101762627,0.8446400239678944,0.7083940930779307,1.0639393167743671,0.8900572871780067,0.7445768796885271,1.0274487768052172,0.861950871526189,0.7230956128148943
2023-10-18,1.0071100729445648,0.8446562081456258,0.7083907479808103,1.0634949344476898,0.8896626153734007,0.7442275661044782,1.0274930171944592,0.86196738739769,0.7230921982959481
2023-10-19,1.0072384991330035,0.8447432748583837,0.7084464692585143,1.0624744109239055,0.888700550799383,0.7433322073357909,1.0276240426060708,0.8620562385375994,0.7231490759744069
2023-10-20,1.0067699403348704,0.8442448502038161,0.7079400925892472,1.0626737071207704,0.888848533188745,0.7434403401441324,1.0271460006261917,0.8615475986990839,0.7226321903149177
2023-10-23,1.0085388476116777,0.8456828139107218,0.709107867557656,1.0622864141310293,0.8884774293855744,0.7430905230755048,1.0289507088937497,0.8630150333874944,0.7238242004751697
2023-10-24,1.0090099784776048,0.845973483917859,0.7092640164807997,1.0630040243404946,0.889057610564303,0.7435590123107662,1.029431374997614,0.863311660659313,0.7239835900047753
2023-10-25,1.0101427564261691,0.8469112815091218,0.7100402448180144,1.0637433716592393,0.8895731638016146,0.7439041739001194,1.030587079287989,0.8642686783569906,0.7247759276465867
2023-10-26,1.01056392270492,0.8471672327614739,0.7101733428107936,1.0638104622961355,0.8896165725293975,0.7439298502120028,1.0310167695692398,0.8645298753151891,0.7249117878628046
2023-10-27,1.011707866068642,0.8481157655036127,0.7109597350635544,1.0637568674675029,0.8895553656653603,0.7438649708279882,1.032183865252092,0.8654978481800277,0.7257145003550167
2023-10-30,1.0111023181747631,0.847501578990597,0.710355532870931,1.0644501816136953,0.8900120206244992,0.744143837245227,1.0315660616482436,0.8648710739505915,0.7250977589691013
2023-10-31,1.0107333212861183,0.8471035989632871,0.7099476190173275,1.0621815775388752,0.8877412000398668,0.741932499432756,1.0311895966156375,0.8644649373460553,0.724681379554268
2023-11-01,1.0107333212861183,0.8471035989632871,0.7099476190173275,1.0621815775388752,0.8877412000398668,0.741932499432756,1.0311895966156375,0.8644649373460553,0.724681379554268
2023-11-02,1.0107333212861183,0.8467648930060847,0.7093801149253872,1.0621815775388752,0.8872975512642347,0.7411913081246313,1.0311895966156375,0.8640329208856126,0.7239574221321359
2023-11-03,1.0104738484442102,0.8463592569846158,0.7088825477420408,1.0614720822439272,0.8865018940408332,0.7403570110738347,1.0303033027663626,0.8630932084387256,0.7230048520685053
2023-11-06,1.010785023525109,0.8465762977780614,0.7090278345942322,1.062193123510286,0.8870460832095151,0.7407630899092884,1.0309238087869617,0.8635575886805897,0.7233474598209645
2023-11-07,1.0107121984357792,0.8464985165301415,0.7089486313673055,1.061969491479231,0.8868373517607716,0.7405704297135485,1.0309161506868865,0.863529705147808,0.7233061169915471
2023-11-08,1.0108215007738868,0.8465747372327318,0.708999633691642,1.0618892047206463,0.8867491110807401,0.7404790369336752,1.0311094512229066,0.8636710058023297,0.7234072023230402
2023-11-09,1.0116899851276522,0.8471972735399574,0.7094332968151994,1.0635080364837224,0.8879864540781534,0.7414167882966852,1.0320975801003616,0.8643873473695388,0.7239140706233691
2023-11-10,1.0128143763387085,0.8481180554387284,0.7101869238761079,1.0635692384790834,0.8880063939105708,0.7414073877069891,1.0331124315716484,0.8652079047268765,0.7245766373748523
2023-11-13,1.0135145217327761,0.8486476532543694,0.7105829459006322,1.0642824705292324,0.888530408794342,0.7417852825483167,1.0340845048021623,0.8659525976790211,0.7251422177028146
2023-11-14,1.0118469657948836,0.8470487016805806,0.7090743375292794,1.0626040047923577,0.88699582171482,0.7403927457701382,1.0320521959028257,0.8640373130070439,0.7233595224160208
2023-11-15,1.0111695081188794,0.8462936278307679,0.7082849503375565,1.0626661921376301,0.8869395144258317,0.7402553971924425,1.0317970204867992,0.863714341921511,0.7229975816761973
2023-11-16,1.0120852464092827,0.8470406364459285,0.7088938862735412,1.0633782407376935,0.88751756281501,0.7407242788059325,1.0322148994089013,0.8640449759254402,0.7232582975571545
2023-11-17,1.0125944896012107,0.8474473589464875,0.7092179782963505,1.0627558261930399,0.8869800934787007,0.7402606917577002,1.0308234082983423,0.8628588095488257,0.7222475120854359
2023-11-20,1.0125950020526875,0.8473098312192024,0.7089874058497978,1.0626345476360928,0.8866546191599575,0.7398018958522813,1.0307431412243497,0.8625628584628289,0.7218083053822842
2023-11-21,1.012656780016349,0.8473454292847026,0.7090037188975876,1.0632416656335744,0.8871526480717357,0.7402103064455896,1.0309461429460058,0.8627201874181823,0.7219294568034855
2023-11-22,1.013024222776519,0.8476371274441952,0.7092345943821036,1.0636032827735968,0.887445942468191,0.7404479820261544,1.0311602160562356,0.8628871097863862,0.7220589073024745
2023-11-24,1.0133136250139045,0.847850052111157,0.7093882810082567,1.063639165213863,0.8874602552299166,0.7404468805005674,1.030977113990909,0.8627115066351055,0.7218932239323516
2023-11-27,1.0130184852442528,0.8475600854446265,0.7091096956080273,1.0632001985670272,0.8870713705275596,0.7401035453909932,1.0307959794724804,0.8625269419430512,0.7217111885961244
2023-11-28,1.0125484101599023,0.8471514293507194,0.7087549386757137,1.063435545233012,0.8872600809909793,0.7402546091347023,1.0311700972239313,0.8628287371525039,0.721954296916655
2023-11-29,1.0123747741572686,0.8469904098001423,0.7086070529714968,1.0634628472406609,0.8872743486726459,0.7402594117695238,1.0312324135333177,0.862868567833682,0.7219773244033576
2023-11-30,1.0127567044214931,0.8469530940087031,0.7082772845519115,1.0634460214061332,0.8870747062664477,0.7399379977534966,1.0320278113898895,0.863262093628904,0.7220789974093227
2023-12-01,1.0127567044214931,0.8469530940087031,0.7082772845519115,1.0634460214061332,0.8870747062664477,0.7399379977534966,1.0320278113898895,0.863262093628904,0.7220789974093227
2023-12-04,1.0127567044214931,0.8467837372612509,0.7079940869171447,1.0634460214061332,0.8869860076656811,0.7397900397455475,1.0320278113898895,0.8630894757337573,0.721790281296804
2023-12-05,1.0117978256980356,0.8459740740929099,0.7073105022004915,1.063244688616988,0.8868138511137286,0.7396429242323658,1.0310506867694966,0.8622642216237238,0.7210933760344002
2023-12-06,1.011968931533383,0.8460239511183428,0.7072742762119988,1.0625160323901268,0.8862013445818062,0.7391280945315571,1.0312250484695957,0.8623150590853303,0.721056444134957
2023-12-07,1.0120105403482984,0.845970248481446,0.7071554344248767,1.0634224370835295,0.886864255473095,0.7396033686553206,1.0312674490323412,0.8622603223459656,0.7209352865595736
2023-12-08,1.0114725080350495,0.8455124155185303,0.706765978017187,1.0624844989752282,0.8860738634812456,0.7389373998426269,1.0307191788423982,0.8617936733132213,0.7205382410824238
2023-12-11,1.0120650379100695,0.8459009819884521,0.7070015375746025,1.0634220959130327,0.886832526302533,0.7395506824872328,1.031322983593757,0.8621897220515888,0.7207783908271052
2023-12-12,1.0117771386831031,0.8456483097667628,0.7067802908757249,1.0639685311810736,0.8872796419344229,0.7399163879383666,1.0310296061144375,0.8619321843524642,0.7205528328458032
2023-12-13,1.0119811857409746,0.8456301043568791,0.7066072899445669,1.062940905977395,0.8864103846967313,0.7391812515150525,1.0312375358547554,0.8619136283776851,0.7203764607643514
2023-12-14,1.0102264581346165,0.8441374297367557,0.7053379645406637,1.0631016636548585,0.8865348629911258,0.7392770647086692,1.0294494186462797,0.8603922106902244,0.7190824008883291
2023-12-15,1.010472703843187,0.843907573451506,0.7047822041194823,1.0624907234985321,0.886016326298754,0.7388371029156768,1.029700350008739,0.8601579282731201,0.7185158107456279
2023-12-18,1.0103430160597149,0.8437564724223903,0.7046202841371687,1.0619728366621615,0.8855618121417446,0.7384391981400789,1.0295681944784358,0.8600039176299492,0.718350735539858
2023-12-19,1.010069364470694,0.8435130039349762,0.704404485040158,1.0623675736328675,0.8858833691027147,0.7387009894648284,1.0292893357463557,0.8597557608929769,0.7181307313140978
2023-12-20,1.0099600069502601,0.843317052407976,0.7041535642266361,1.0629981039801506,0.8863098971484817,0.7389739371929046,1.0291778973308117,0.8595560361069828,0.7178749209790656
2023-12-21,1.010094448340042,0.843325843191377,0.704074512171185,1.0636110754372063,0.8868085525213414,0.7393793348512627,1.0293148969207933,0.8595649961664442,0.7177943284905186
2023-12-22,1.0090246624968187,0.8424086757330251,0.7032887280689832,1.0638318422126805,0.8869806537763699,0.7395128406336355,1.0282247547991783,0.8586301676547994,0.7169932323533511
2023-12-26,1.0083240530357096,0.8416535836407456,0.7025161254783089,1.0642305662473188,0.8871799075040746,0.7395678911592374,1.0275108138836249,0.8578605354460326,0.7162055745867705
2023-12-27,1.0089465709417353,0.8420704751462851,0.7027783707248385,1.064250117081369,0.8870030522593736,0.7392594457259485,1.02814517728927,0.8582854546492729,0.7164729300262566
2023-12-28,1.0091587087453162,0.8422234573746004,0.7028859356876668,1.0641209670475962,0.8868695978059242,0.739126680049507,1.0283613517289818,0.8584413827161725,0.7165825910336182
2023-12-29,1.0091004927320493,0.8416501869854063,0.7019696265658939,1.0642453377807306,0.8864207794675505,0.7382921934311604,1.0283020279600081,0.857857073384414,0.715648426425494
2024-01-02,1.0091004927320493,0.8416501869854063,0.7019696265658939,1.0642453377807306,0.8864207794675505,0.7382921934311604,1.0283020279600081,0.857857073384414,0.715648426425494
2024-01-03,1.0091004927320493,0.841566030382368,0.7018292607137512,1.0642453377807306,0.8864207794675505,0.7382921934311604,1.0283020279600081,0.8577712962547885,0.7155053253604219
2024-01-04,1.0092500324235771,0.8416871597579213,0.7019272890803013,1.0642453377807306,0.8864207794675505,0.7382921934311604,1.0284544131477729,0.8578947581077292,0.7156052639384056
2024-01-05,1.0089785388271915,0.8414570560538545,0.70173232001753,1.0642453377807306,0.8864207794675505,0.7382921934311604,1.0281777534714054,0.8576602235074903,0.715406495647452
2024-01-08,1.0087377642363664,0.8412453351987231,0.7015466451834488,1.0642453377807306,0.8864207794675505,0.7382921934311604,1.0279323973331318,0.8574444257378635,0.7152172026954374
2024-01-09,1.008874750179297,0.8413557108717921,0.7016354692291137,1.0642453377807306,0.8864207794675505,0.7382921934311604,1.028071989894955,0.8575569268141253,0.7153077575942581
2024-01-10,1.0093659798876076,0.8417615068436568,0.701970651383373,1.0642453377807306,0.8864207794675505,0.7382921934311604,1.0285725669027834,0.8579705368271663,0.7156494712128872
2024-01-11,1.0089007124913785,0.8413678900358094,0.7016377276166973,1.0642453377807306,0.8864207794675505,0.7382921934311604,1.0280984462274574,0.8575693405011435,0.715310059989489
2024-01-12,1.0091560068607888,0.8414927973400452,0.7016685103729414,1.0642453377807306,0.8864207794675505,0.7382921934311604,1.028358598432002,0.8576966530308775,0.7153414425881564
2024-01-16,1.0098439529286871,0.8420380765160833,0.7020995286643765,1.0642453377807306,0.8864207794675505,0.7382921934311604,1.0290596349906422,0.8582524321483384,0.7157808598369269
2024-01-17,1.0103615801953356,0.8424597865485671,0.7024429006232361,1.0642453377807306,0.8864207794675505,0.7382921934311604,1.0295871118592552,0.8585964201909565,0.7159877825488625
2024-01-18,1.0105785799331157,0.8426312034783539,0.7025778887593568,1.0642453377807306,0.8864207794675505,0.7382921934311604,1.029078062865191,0.8581571426472966,0.7156091477226442
2024-01-19,1.0110701436359104,0.843033519192505,0.702907034941742,1.0642453377807306,0.8863321462529252,0.7381445645182567,1.0290988723967498,0.8581614663061877,0.7156018835806451
2024-01-22,1.0113328108318247,0.8430623282870758,0.7027724986101854,1.0641815482224601,0.8862672773755977,0.7380807593912647,1.0289514224989889,0.8578335412573282,0.7151575165397404
2024-01-23,1.012712335147032,0.8442042413508407,0.7037176567322956,1.0649167294496371,0.886875293500896,0.7385835703109366,1.0298564140883368,0.8585750083735042,0.7157648039287186
2024-01-24,1.0112486431941479,0.8429744784243158,0.7026845242289885,1.0649922721284886,0.8868467222259167,0.7384835890182245,1.0325871130088682,0.8607501718833963,0.7174936492578018
2024-01-25,1.0124161202127633,0.8437698160147341,0.7031992621985631,1.0649922721284886,0.886669388348247,0.7381883136927474,1.033779225089581,0.8615622806543967,0.7180192353657453
2024-01-26,1.0123175245795557,0.8435880389926761,0.7029647244897993,1.0654671409770078,0.8869680191416659,0.7383563917348328,1.0336785489789784,0.8613766705238582,0.717779754758521
2024-01-29,1.0126451600860016,0.8438281364479059,0.7031373422386334,1.0653789675114098,0.8868830625326817,0.7382760487690854,1.0340130979585958,0.8616218308829761,0.7179560104383705
2024-01-30,1.014284887775959,0.8451821815887443,0.7042553561863599,1.0650944113604404,0.8866420234147313,0.7380719363314996,1.0356874257244613,0.8630044285980256,0.7190975866074993
2024-01-31,1.0145619755482953,0.8451519796741518,0.7040126319275746,1.065476327319177,0.8868685677298297,0.7381844492504867,1.0359703603566235,0.8629735898195786,0.7188497469181445
2024-02-01,1.0145619755482953,0.8451519796741518,0.7040126319275746,1.065476327319177,0.8868685677298297,0.7381844492504867,1.0359703603566235,0.8629735898195786,0.7188497469181445
2024-02-02,1.0145619755482953,0.8450674729268591,0.7038718575560634,1.065476327319177,0.8867798897408556,0.7380368418821103,1.0359703603566235,0.8629735898195786,0.7188497469181445
2024-02-05,1.0125449487407314,0.8432909863570425,0.7023118896420907,1.063358078886038,0.8849157160328653,0.736401155243546,1.0359703603566235,0.8628873010894696,0.7187060057170012
2024-02-06,1.0133704149912306,0.8438851320041946,0.7027289579501216,1.0638840923937416,0.8852560197562683,0.7366032761455181,1.0362711985706825,0.8631336507435111,0.7189076713956009
2024-02-07,1.0136782849284776,0.8440529575989428,0.7027949703521628,1.0643738219091237,0.8856594772544962,0.7369356185970898,1.0365860259468869,0.8633053043404163,0.7189752035809446
2024-02-08,1.0136287490674742,0.8440038867502153,0.7027475971232457,1.0641320206556693,0.885454434892059,0.7367618119381438,1.0365353706432638,0.863255114214769,0.7189267396926958
2024-02-09,1.012844030054194,0.8431737934045255,0.7019093703258272,1.0650235178734075,0.8861027861449405,0.7372235563502605,1.0357329180549473,0.8624060869327957,0.7180692146565976
2024-02-12,1.0128610909864724,0.8430613191655567,0.7017102439050382,1.0644281086504945,0.8854093222489241,0.7364818045260899,1.0357503645409303,0.8622048094947312,0.7177219019881196
2024-02-13,1.0168237172714154,0.8463426942988571,0.7044273547168997,1.0656152029557606,0.8863865287714926,0.7372861300101051,1.0409506118011873,0.8665116303860576,0.7212886296567944
2024-02-14,1.0166510712033878,0.8461004174629508,0.7041436229363314,1.0662778501901276,0.8868419503009513,0.7375852812813879,1.039593326503231,0.8652761273380796,0.7201721977579643
2024-02-15,1.0169695418056601,0.8462618363290331,0.7041917022266803,1.0664996516056608,0.8869330246516414,0.7375833455709461,1.0406257160855377,0.8660241244039015,0.7207020997383166
2024-02-16,1.016301359907752,0.8456861508374963,0.7036963029998236,1.0659357866478183,0.8864558849049181,0.7371797182953655,1.039341463496745,0.8649311988906404,0.7197724723460083
2024-02-20,1.0164126551653732,0.8457066644059021,0.7036533918696299,1.0658643574638913,0.8863667195764301,0.7370808218506358,1.040518789715747,0.8658220314575895,0.7204398102313018
2024-02-21,1.0164729320457038,0.845650803163453,0.7035186356328685,1.0653126160232191,0.8858097054430112,0.7365359545810329,1.039989598989661,0.8652689041507613,0.7198856381306409
2024-02-22,1.0169788213941764,0.84595946152318,0.7036820437648961,1.066577529219554,0.8867580157205275,0.7372384270249351,1.0402321651798827,0.8653513516623885,0.7198548821570926
2024-02-23,1.0180911793249088,0.8467811497748298,0.7042793200050627,1.0670889395845347,0.8870862791425568,0.7374307418476317,1.0412525403580133,0.8660905259681044,0.7203785174870073
2024-02-26,1.0178357182405056,0.8465224908770923,0.7040257940707307,1.067384246751423,0.887318875613333,0.7376133794866419,1.0408761864392793,0.8657194946273141,0.7200216947743112
2024-02-27,1.018837764691492,0.847339979197084,0.7046924395971831,1.0675020324887547,0.8873233662302177,0.7375394498790125,1.0418062649206692,0.8664725961806702,0.7206310172751569
2024-02-28,1.0196332626745488,0.8479858195793412,0.7052164499910992,1.0675020324887547,0.8872346427659411,0.7373919714847156,1.0422289119995385,0.8668040843216578,0.7208900499089015
2024-02-29,1.0187393463454482,0.8468876286757292,0.7040081233635972,1.0665685495775241,0.8863652105873612,0.7365915956370976,1.041556845463504,0.8657921423324879,0.7196717134954301
2024-03-01,1.0187393463454482,0.8468876286757292,0.7040081233635972,1.0665685495775241,0.8863652105873612,0.7365915956370976,1.041556845463504,0.8657921423324879,0.7196717134954301
2024-03-04,1.0187393463454482,0.8467182850187255,0.703726632710513,1.0665685495775241,0.8862765829290683,0.7364443067757425,1.041556845463504,0.8656190185287822,0.7193839599114655
2024-03-05,1.0192217871924871,0.8471113225930408,0.7040466974140843,1.0662102331019585,0.8859748960287093,0.7361903486096678,1.0420500919141955,0.8660208296214955,0.7197111457861798
2024-03-06,1.0199124321953814,0.8476773940205982,0.7045105619379244,1.0659512580642692,0.88575580150574,0.7360050554698042,1.0427562058314896,0.8665128857993885,0.7200413226419974
2024-03-07,1.0198343535652037,0.8474359052399267,0.7041631185615795,1.0661784262315315,0.8859407388038131,0.7361555447207848,1.0422146913380914,0.8658784709975293,0.7193609263004281
2024-03-08,1.0191503859680064,0.8467744469018177,0.7035361047598736,1.066107444088778,0.8857893708085498,0.7359530024912186,1.0413664048212226,0.8650748752407397,0.718611182581398
2024-03-11,1.019008225303841,0.8465362231274176,0.7032383478288551,1.0653175450916297,0.8850208546955816,0.73522123083873,1.0406853141079875,0.8643751802895382,0.7179186727232678
2024-03-12,1.0188686968766094,0.8464120188196185,0.7031282801273004,1.0655259477844112,0.8851014589062985,0.7352113253242832,1.0407135256721527,0.8643862843792735,0.7179176541840936
2024-03-13,1.0190860089835134,0.8465847807044331,0.703265341204375,1.0657142014626757,0.8852499089175663,0.7353280498550421,1.0413154703044654,0.8648742645166907,0.7183129930906267
2024-03-14,1.0190188880841358,0.8465209072422529,0.7032055404662929,1.0655292767406115,0.8850879095178031,0.735186517503162,1.0413186330878044,0.8648641733976279,0.7182940513100139
2024-03-15,1.0193629585409276,0.8467993927867016,0.7034307802858221,1.0658907300740916,0.8852919465365566,0.7352761016922401,1.0418911261507218,0.8653280599279811,0.7186696933210689
2024-03-18,1.0192258237750789,0.8466635282401395,0.7032996818415912,1.0652528152653653,0.8847275857556502,0.7347786886489066,1.0404861768750395,0.8641268427585912,0.7176435171271426
2024-03-19,1.0196243650278412,0.8469871720152394,0.7035623575430299,1.066007853526053,0.8853415463718916,0.7352776857263477,1.0414447817018,0.864824958920027,0.7181418810896641
2024-03-20,1.0203549408111365,0.8475861080285688,0.704053274839961,1.0664306262291987,0.8856788804682089,0.7355463941333104,1.04219099213306,0.8654365086934324,0.7186429713872019
2024-03-21,1.0212133247420698,0.8482913114149957,0.7046325457483819,1.0668900070119307,0.885958549919738,0.7356940374819182,1.043067745863384,0.8661565638605557,0.7192342461979899
2024-03-22,1.0210598540008593,0.8480724506465922,0.7043748467928606,1.0677618164080536,0.886666697123346,0.7362689489448466,1.0429109907797867,0.865933093823113,0.7189712070932271
2024-03-25,1.0208532380527349,0.8478902121607306,0.7042146602339011,1.0677985990185115,0.8866527384153827,0.7362204230880125,1.0426999531581183,0.8657470173437327,0.7188077010790934
2024-03-26,1.0208424850447588,0.8478777876219887,0.7042014395907965,1.0671122043561325,0.886066599474181,0.7357202922258322,1.0426889700309703,0.8657343311407274,0.718794206472103
2024-03-27,1.0208046471429062,0.8478420233173114,0.7041681325604447,1.0672986576649406,0.8861107928611246,0.7356650763366961,1.0426503223811232,0.8656978136297836,0.7187602092390591
2024-03-28,1.0209789215354905,0.8478986807708672,0.7041420279198485,1.0669217704073575,0.885334023174722,0.734635080031288,1.0428283263235223,0.865755664305169,0.7187335636468071
2024-04-01,1.0209789215354905,0.8478986807708672,0.7041420279198485,1.0669217704073575,0.885334023174722,0.734635080031288,1.0428283263235223,0.865755664305169,0.7187335636468071
2024-04-02,1.0209789215354905,0.8478986807708672,0.7041420279198485,1.0669217704073575,0.885334023174722,0.734635080031288,1.0428283263235223,0.865755664305169,0.7187335636468071
2024-04-03,1.0209789215354905,0.8478986807708672,0.7041420279198485,1.0669217704073575,0.885334023174722,0.734635080031288,1.0428283263235223,0.865755664305169,0.7187335636468071
2024-04-04,1.0209789215354905,0.8478986807708672,0.7041420279198485,1.0669217704073575,0.885334023174722,0.734635080031288,1.0428283263235223,0.865755664305169,0.7187335636468071
2024-04-05,1.0209789215354905,0.8478138993809291,0.7040012276743136,1.0669217704073575,0.8852454986248595,0.734488182394809,1.0428283263235223,0.8656690973954295,0.7185898456776716
2024-04-08,1.020324968261813,0.8472560609473778,0.7035257219919393,1.0662383900066472,0.8846630312194278,0.7339920848162304,1.042160378157798,0.8650995107283349,0.7181044863608349
2024-04-09,1.0206231360066806,0.8474987449780361,0.7037231602905984,1.0665499749488263,0.8849164299262492,0.7341980732313307,1.0424649268255377,0.8653473057526033,0.7183060160613343
2024-04-10,1.0210767858714844,0.8478700260422151,0.7040269567706877,1.0670240385231982,0.8853041033189938,0.7345150256963369,1.042928285000003,0.8657264060999112,0.7186161079435117
2024-04-11,1.0211437208743221,0.8479214494186942,0.7040662047046992,1.0670939855223218,0.8853577970748824,0.7345559732722523,1.042996652441788,0.8657789124670918,0.718656169190191
2024-04-12,1.0212305481012423,0.8479884315978814,0.7041175756912039,1.0671847198721807,0.8854277365659157,0.7346095688925758,1.0430853378101326,0.8658473053097203,0.7187086047085022
2024-04-15,1.0213209652263378,0.8480519814922707,0.70416077271489,1.0672792056614044,0.885494092234285,0.7346546365745128,1.0431776899020764,0.8659121935826724,0.7187526968796009
2024-04-16,1.021005461502213,0.8477849051226344,0.7039347793723539,1.0669495046413218,0.8851267204273481,0.7342720314907066,1.042855434257383,0.8656394925099399,0.718522020405252
2024-04-17,1.0212769663070418,0.8480064191199798,0.7041154451089578,1.066661992696859,0.8848799440672338,0.7340604600220375,1.043132749386262,0.8658656716540686,0.7187064299754091
2024-04-18,1.0212193918708825,0.8479550584787263,0.7040698487863846,1.0662954846195114,0.8845669564855959,0.7337934002185826,1.043073942831462,0.865813229343335,0.7186598887861136
2024-04-19,1.0212817500276183,0.8480024150331226,0.7041054975428224,1.0667687289059646,0.8849507331101502,0.7341044489639338,1.0431376354805948,0.8658615832400214,0.7186962762715047
2024-04-22,1.0209007573970772,0.8476743259518991,0.7038233327799164,1.0668432108363117,0.8849890059060256,0.7341166876338167,1.0427484894376466,0.8655265845109188,0.7184082643683123
2024-04-23,1.02063290896625,0.8474481841327169,0.7036324598789695,1.0665677539294838,0.8846643253766201,0.7337675607885461,1.0424749089308054,0.8652956800817302,0.718213436116537
2024-04-24,1.0208625939608194,0.8476350171822256,0.7037843658702918,1.06654553296071,0.8846335833638361,0.7337318494003076,1.0427095092868128,0.8654864478875538,0.7183684899695287
2024-04-25,1.0207211583485978,0.8474287010047858,0.703539296080832,1.0668186332275966,0.8848479145082043,0.7338995102193258,1.0425650468893386,0.8652757866336716,0.7181183417378701
2024-04-26,1.0213316352307764,0.8478418859004222,0.7038045921975364,1.0668919444103964,0.8848059341523886,0.7337794734953331,1.0431885882493737,0.8657842430861877,0.7185328132625638
2024-04-29,1.0233310389472488,0.8494679991819996,0.7051264978297888,1.0681621936521086,0.8858128594417314,0.734575916041901,1.0441622170979385,0.8665693111188731,0.7191652739483961
2024-04-30,1.0236334842063162,0.8494558726876367,0.7048979659277205,1.0637840359732076,0.8818197097571657,0.7309639988368454,1.0443645351774988,0.8665578985801696,0.7190069851366431
2024-05-01,1.0236334842063162,0.8494558726876367,0.7048979659277205,1.0637840359732076,0.8818197097571657,0.7309639988368454,1.0443645351774988,0.8665578985801696,0.7190069851366431
2024-05-02,1.0236334842063162,0.8493709355940773,0.7047570145248155,1.0637840359732076,0.8817315366035053,0.7308178352697914,1.0443645351774988,0.8664712514550241,0.7188632124941442
2024-05-03,1.023684223161199,0.8491545936706993,0.7043632378133722,1.0638367650906495,0.8816832182999933,0.7307015442867579,1.0444163017187944,0.866250553937325,0.7184615540700924
2024-05-06,1.0226952627861716,0.8482887984254258,0.703607345634601,1.063260069992585,0.8811813151035008,0.7302657301878946,1.043407312507021,0.8653673277069015,0.7176905321877534
2024-05-07,1.0223550821863834,0.8479897373431928,0.703345273612269,1.0628889658653307,0.8807770996396417,0.7298506521088769,1.0430602424282713,0.8650622456522599,0.7174232146130493
2024-05-08,1.022470350253765,0.8480687790477652,0.7033970944683061,1.0624357085683533,0.8803885422412455,0.7295179352278794,1.0431778449524844,0.865142878697032,0.7174760726992795
2024-05-09,1.0218955028183796,0.8475736798113911,0.7029712612621459,1.0620778770807635,0.8800780675380429,0.7292490959779269,1.0425913554678037,0.86463781166806,0.717041716147648
2024-05-10,1.0218610761291103,0.847528407412674,0.7029198492924269,1.0617972992226532,0.8798324981588049,0.7290347809837223,1.042556231554908,0.8645916278038273,0.7169892751318778
2024-05-13,1.0210587905947517,0.8468198324886049,0.7022963767891377,1.061689796231802,0.8797095857500888,0.7289049010178803,1.0417376978003,0.8638687871985288,0.7163533233962027
2024-05-14,1.0187062835711143,0.844851970550798,0.7006504243668755,1.060299631825645,0.8785441598295607,0.7279280318980457,1.0393375468261963,0.8618613064566198,0.7146744261004053
2024-05-15,1.0178516942216638,0.8441265122495586,0.7000349190222154,1.0587229095376864,0.8772236886474571,0.7268223115179255,1.038465649977884,0.8611212425624936,0.7140466009915369
2024-05-16,1.0183058714454758,0.8443197429502424,0.7000430481348082,1.0593510078444406,0.8775576380212056,0.7269445340247009,1.0389290253876893,0.8613183635611343,0.714054892813928
2024-05-17,1.0177808454538202,0.8436242585711847,0.6992507437504417,1.0594106939030337,0.8775153837661317,0.7268336022980381,1.0383933663513336,0.8606088770517237,0.7132467299105719
2024-05-20,1.018332267747318,0.844046753845471,0.6995722979044617,1.0595198214642496,0.8775818777750348,0.726868892781861,1.0389559562784128,0.8610398783889529,0.7135747201928758
2024-05-21,1.0179790838670006,0.8436586042162032,0.6991714907321943,1.0593342171202216,0.8774197696011783,0.7267276847810414,1.0385956195712895,0.8606439141748158,0.7131658905884751
2024-05-22,1.0169209216499941,0.8427636753544722,0.6984149477061483,1.0594064887405672,0.8774696139423921,0.7267606757932544,1.0375160270130572,0.8597309677832079,0.7123942048317038
2024-05-23,1.0169848095446545,0.8427955916567125,0.6984239831733116,1.0590151018956415,0.8771344917392399,0.7264740464541686,1.0375812087919263,0.8597635266537613,0.7124034211499775
2024-05-24,1.0179103797832105,0.843547105917619,0.6990339000335342,1.059677661748421,0.8775871801265811,0.726769418071572,1.0385255240638256,0.8605301710900681,0.7130255459170358
2024-05-28,1.017954865549132,0.8434432598535445,0.6988312856375072,1.0598097204543377,0.8776513649183184,0.7267851555436118,1.0385709107739765,0.8604242343016444,0.7128188760540565
2024-05-29,1.018675863972575,0.844027341503292,0.6993041975754116,1.0592828304018145,0.8771998198402008,0.7263986371356589,1.0393065111572979,0.8610200752196698,0.713301253650735
2024-05-30,1.0196098386507748,0.8447873417302597,0.6999224024401663,1.0609880911551484,0.8785979665808278,0.7275448343375829,1.0402594010790476,0.8617953764693015,0.7139318323124554
2024-05-31,1.0192731177161996,0.8442381273641091,0.6992434791085446,1.06093921462487,0.8782779534478525,0.7270483605185439,1.0399158607320893,0.8612351048150533,0.7132393198618543
2024-06-03,1.0192731177161996,0.8442381273641091,0.6992434791085446,1.06093921462487,0.8782779534478525,0.7270483605185439,1.0399158607320893,0.8612351048150533,0.7132393198618543
2024-06-04,1.0192731177161996,0.8440693135014088,0.6989638935511241,1.06093921462487,0.8781901344344091,0.7269029799225595,1.0399158607320893,0.8609768117715219,0.712811632882125
2024-06-05,1.0192403216101136,0.8439496704559148,0.6987882793152655,1.0608337902426803,0.8780991550014604,0.7268245995658223,1.0400863235137838,0.8610193484973063,0.712765254785159
2024-06-06,1.0187732813441797,0.8435514833285732,0.6984490848490351,1.0605542698121817,0.8778639435518656,0.7266267307126657,1.039828557331188,0.8607905399676087,0.7125630779433247
2024-06-07,1.0194618076447182,0.8441095906511876,0.6989012624109162,1.0605042538817828,0.8778185703771287,0.726585886526614,1.0407223332769788,0.8615144408350512,0.7131490996408176
2024-06-10,1.0182569823756822,0.8430778435390505,0.6980187262145049,1.0591762674553937,0.8767070969021286,0.7256557628289261,1.0401476098766615,0.8609926036486526,0.7126789947945095
2024-06-11,1.017575758606134,0.8423338970493501,0.6972538496551317,1.058944639728055,0.8763367123419687,0.7252013445605727,1.0394311507791054,0.8602120200750997,0.7118776495364539
2024-06-12,1.016715259144784,0.8415256833176681,0.6965054523410866,1.0587165644825403,0.875968555963747,0.7247483009888039,1.0379570945735797,0.8588898674530125,0.7106988498765741
2024-06-13,1.0157930057794458,0.840586536075563,0.6955826675856275,1.0595379579361883,0.8766359747384203,0.7252904169048285,1.0368061511329008,0.8577543638323033,0.7096077693068877
2024-06-14,1.0151219520795798,0.8400159187110354,0.6950978182148435,1.0595120676854601,0.8766030055183412,0.7252535889052062,1.035574931620087,0.8567156342903155,0.7087317917200047
2024-06-17,1.0158985566918768,0.8406141723659559,0.6955561461292972,1.0595313835752618,0.8765848100559854,0.7252102702946964,1.0361396617246497,0.8571265594887941,0.7090251972644727
2024-06-18,1.0156779654992032,0.8404164946256993,0.6953800413117731,1.0598568762949394,0.8768408069154379,0.7254110595094313,1.0364178861238962,0.857252190812081,0.7090426225219498
2024-06-20,1.0172434994772688,0.8416817637867747,0.6964020253884983,1.0574780166311895,0.87467483557443,0.7234553999050655,1.0380153879614047,0.858542806557054,0.7100846861805068
2024-06-21,1.01713981143517,0.8415815965645183,0.6963072545107378,1.0587027411791925,0.8756760286245605,0.724273730231348,1.0379095826322957,0.8584406327286296,0.7099880532780449
2024-06-24,1.0168626060031118,0.8413054042785264,0.6960399594588936,1.057638897221152,0.8747603288269323,0.7234867543324874,1.0376267167262951,0.8581589076033305,0.7097155065075204
2024-06-25,1.0152816787404133,0.8399791606870939,0.6949276214455581,1.0565413622316766,0.8738383410355316,0.7227124428425639,1.0360135072766676,0.8568060959538966,0.7085813136701498
2024-06-26,1.015040936274526,0.8396802380124666,0.6945978118021848,1.057814898393376,0.8747915684941523,0.723418041353698,1.0357678489025859,0.8565011850920247,0.708245024043503
2024-06-27,1.0158780639401435,0.8403599091438987,0.6951494278229572,1.0566838029507921,0.8737605934643758,0.7224864232871971,1.036622070530982,0.8571944717780641,0.7088074780208357
2024-06-28,1.0155942808502196,0.8398584883627259,0.6945140611721524,1.0561615634112922,0.8730553101526316,0.7216771389046742,1.0363324926527893,0.8566830062536154,0.7081596279107006
2024-07-01,1.0155942808502196,0.8398584883627259,0.6945140611721524,1.0561615634112922,0.8730553101526316,0.7216771389046742,1.0363324926527893,0.8566830062536154,0.7081596279107006
2024-07-02,1.0155942808502196,0.8397745109116348,0.6943751861349254,1.0561615634112922,0.8728807340058304,0.7213885834712858,1.0363324926527893,0.8566830062536154,0.7081596279107006
2024-07-03,1.015780268565462,0.8398402507221134,0.6943567681140783,1.0570394476702525,0.8735983748561889,0.721975145869487,1.0363324926527893,0.8565973465189635,0.7080180243058395
2024-07-05,1.016082374183933,0.8400731370876904,0.6945353514599106,1.0567739581282405,0.8733632082567181,0.721767775579529,1.0365612543837168,0.8567781326052825,0.7081605930387856
2024-07-08,1.0160279760830422,0.8399219504334346,0.6943225284096137,1.056652378080727,0.873153312553694,0.7215039243484447,1.0366450402974208,0.8567502799363858,0.7080573093244362
2024-07-09,1.0144281414499559,0.8385026948121659,0.6930693477397647,1.056898364115401,0.8733439594702247,0.7216510327895079,1.036134870899464,0.8562344408350757,0.7075531590554505
2024-07-10,1.015123123537407,0.8390600835232684,0.6935159451117706,1.056990711545725,0.8731457871834737,0.7212605205826258,1.0364713776261583,0.8564996987805122,0.7077617561320959
2024-07-11,1.014955602834912,0.8389012120630491,0.6933677555216375,1.058702981688055,0.8745314184920305,0.7223812934233677,1.0364649458652424,0.8564805320897535,0.7077344670380257
2024-07-12,1.0167916785063662,0.8404025016698448,0.6945951275577835,1.0604620320986402,0.8758706995604361,0.7233936136859761,1.0380419401347638,0.8576850219097173,0.7086482493461403
2024-07-15,1.0171049317586653,0.8406167873370113,0.6947353225738289,1.0582297987977936,0.8738805257924203,0.7216288584561823,1.0370591171514507,0.8568275130285941,0.707902172860207
2024-07-16,1.0156516042269228,0.8393096354116085,0.6935673529305104,1.0578821845582729,0.8734002010321956,0.7210725594140982,1.0330814256203384,0.8534330365683394,0.7050083670997762
2024-07-17,1.0115271449714724,0.8357908139995921,0.6905682172438945,1.0565858040988858,0.872212315386568,0.719994700502546,1.028377886969019,0.8493527339176732,0.7014767955650653
2024-07-18,1.0118446294192358,0.8359465528761538,0.6906088808727768,1.057407941955101,0.8727764204800205,0.7203658207697843,1.0294527314935042,0.8501364782495695,0.702038256652641
2024-07-19,1.0121372239466893,0.8360851717788678,0.6906382151404568,1.057583364753086,0.872809521844239,0.7203009916677109,1.029093799923071,0.8497398031416173,0.7016279031693666
2024-07-22,1.010793400965462,0.8349312628232625,0.689648821188784,1.0562892056916235,0.8715967203758894,0.7191805541402402,1.028392656389306,0.8491274473051631,0.7010946849888601
2024-07-23,1.0110119798849362,0.8349290996754228,0.6894961749937019,1.0564576525418974,0.8715444040300178,0.7189797197703802,1.0292294866326837,0.8496372600848614,0.7013661444099651
2024-07-24,1.0113755348474356,0.8351292748093514,0.6895788504150244,1.0574281591640105,0.8723169184107575,0.7195937953420519,1.0298515011440215,0.8501370008834939,0.7017673349892356
2024-07-25,1.0089970978938603,0.8331523049962895,0.6879356973487373,1.0579880918572182,0.8727525892422878,0.7199315430517865,1.0274296145325508,0.8481245038505077,0.7000951387674204
2024-07-26,1.0090564414574068,0.833188989067367,0.6879558109513229,1.059386228671264,0.873879193211904,0.720838789126875,1.0274900421935884,0.8481618471542414,0.7001156078831349
2024-07-29,1.0098843168866785,0.8338409633739706,0.6884680382880675,1.059761182424303,0.8741201474352943,0.7209811495236509,1.0283330413805565,0.8488255377927901,0.700636888970569
2024-07-30,1.0107954032961772,0.834579939546152,0.6890672057113504,1.0587098195942322,0.8732244397536939,0.7202188295172451,1.02926077165894,0.8495777937676342,0.7012466468330621
2024-07-31,1.010771541982145,0.834299285418784,0.6886200304998282,1.0580556305227469,0.8721428399411748,0.7188796953723992,1.0292364744426947,0.84929209613336,0.7007915676839928
2024-08-01,1.010771541982145,0.834299285418784,0.6886200304998282,1.0580556305227469,0.8721428399411748,0.7188796953723992,1.0292364744426947,0.84929209613336,0.7007915676839928
2024-08-02,1.010771541982145,0.8341324589269985,0.6883446926227791,1.0580556305227469,0.8719684462519244,0.7185922584690115,1.0292364744426947,0.8490373849178846,0.7003713448770665
2024-08-05,1.0120196584217491,0.8348035953738173,0.6886027423245699,1.057800703912342,0.8714706475174958,0.7179451566898545,1.0305284781901103,0.8498107882909024,0.700768417264291
2024-08-06,1.0120750207838387,0.8347382476747521,0.688457211005626,1.0583511232491645,0.8718121916178978,0.7181342547560841,1.0301870228536183,0.8494151634750873,0.7003480378596441
2024-08-07,1.0106381736444325,0.833533401634679,0.6874472065545807,1.057411850305709,0.8710139087910176,0.7174564491001875,1.0291818479644836,0.8485662874866,0.6996315750263796
2024-08-08,1.0102742073123878,0.8331289507432824,0.6870275821935679,1.0571957761144035,0.8707240436412176,0.7171254937009529,1.0293590143634175,0.8486066655238192,0.6995776858165293
2024-08-09,1.0108614594363554,0.8334316549788072,0.6871274680715125,1.0577998650857368,0.8711143100668531,0.7173585322059588,1.029814682108375,0.8488815630618709,0.6997212616443527
2024-08-12,1.0114469550546192,0.8338926068779394,0.6874895530934103,1.0586448165185338,0.8717652282906858,0.7178575827426528,1.0300684310106816,0.8490571570092055,0.6998383389432228
2024-08-13,1.011348388923109,0.8337199616673399,0.6872718650857275,1.0585511651585942,0.8714973273013074,0.7174798163479573,1.0303710699086597,0.8492097816568572,0.699884310018834
2024-08-14,1.0115786464603451,0.8339061431836631,0.6874223470333954,1.059861383586989,0.8724724393790242,0.7181973239156719,1.0306770044880063,0.849453352107551,0.7000779843445313
2024-08-15,1.0119854719709023,0.8342367013216094,0.6876908710393564,1.0595374747723731,0.8721929126423997,0.7179566144496325,1.0318160421973608,0.8503831816576553,0.7008369421100392
2024-08-16,1.0122151934395127,0.8344224559422879,0.6878410129215045,1.0598205952635296,0.8724142611101179,0.7181291759753962,1.0320179796765419,0.8505420097162949,0.7009615734561152
2024-08-19,1.0120284562780402,0.8342579991918452,0.6876967762044883,1.059708778089727,0.872288530450936,0.7179979464095396,1.0322606340921752,0.8507203940931859,0.7010907882919623
2024-08-20,1.0113600529533868,0.8337027378785072,0.6872355448096723,1.059581870231113,0.8721719173394408,0.7178919607842975,1.0312463232298255,0.8498758250552034,0.7003876452178027
2024-08-21,1.0113973764533721,0.8337297486360964,0.6872547131338054,1.0592674913984126,0.8718140011600972,0.7175157197088993,1.0312008071916905,0.8498307112040586,0.700344198487216
2024-08-22,1.0113223481847873,0.8335805785899574,0.6870597986043675,1.0595248660965308,0.8719231856738273,0.7175211365750795,1.030892244395495,0.8494837200174629,0.6999818656138909
2024-08-23,1.0113600584099172,0.8336030335390853,0.6870711954535379,1.0592343974402072,0.8715763673777366,0.7171470035247888,1.0304488611235565,0.849105679641139,0.6996599084297267
2024-08-26,1.0113123271356668,0.8334586956242315,0.6868656725472955,1.059253978894633,0.8714601355655671,0.7169424058705312,1.0301552921519703,0.8487457848736275,0.6992660947325584
2024-08-27,1.0108201280932987,0.8330415359285989,0.6865123962505375,1.0585889836019835,0.8709009042912723,0.7164723562833767,1.0290327097397498,0.8478053110384491,0.6984784294463888
2024-08-28,1.0109196691901963,0.8331125799488005,0.6865618831638902,1.0588220611967,0.8710810735549097,0.7166110463387146,1.0293118952201432,0.8480205280293575,0.6986435439199846
2024-08-29,1.0114846275834253,0.8335670947875288,0.6869273167970681,1.0592549932820226,0.8714257797755859,0.7168851938717196,1.0296484418240615,0.8482828140180787,0.698847283292228
2024-08-30,1.0119537809767283,0.8336918879783433,0.6868143812394624,1.0595489907487199,0.8713940779714363,0.71663406207332,1.0303079154471795,0.8484706486151612,0.6987091730150637
2024-09-03,1.0119537809767283,0.8336918879783433,0.6868143812394624,1.0595489907487199,0.8713940779714363,0.71663406207332,1.0303079154471795,0.8484706486151612,0.6987091730150637
2024-09-04,1.0119537809767283,0.8336918879783433,0.6868143812394624,1.0595489907487199,0.8713069472767087,0.7164907639205359,1.0303079154471795,0.8484706486151612,0.6987091730150637
2024-09-05,1.0119537809767283,0.8336918879783433,0.6868143812394624,1.0603748740755798,0.8719806480582395,0.7170402756061395,1.0303079154471795,0.8484706486151612,0.6987091730150637
2024-09-06,1.0119537809767283,0.8336085271256307,0.6866770458302963,1.0600124878478825,0.8716777633626311,0.7167871955028252,1.0303079154471795,0.8483858100341578,0.6985694591232391
2024-09-09,1.0117153284676572,0.8334006368859117,0.6864963544258946,1.0607182529755688,0.8722468065824277,0.7172458096866158,1.0300651380474874,0.8481742345479637,0.6983856383629449
2024-09-10,1.0118074033404965,0.8334725197370795,0.6865523006404626,1.0601256918042286,0.8717553797219723,0.7168382960729416,1.030158882912207,0.8482473916582033,0.6984425534980699
2024-09-11,1.011539732663308,0.8331647598778055,0.6862269356871347,1.0596371934665108,0.8712615145000001,0.7163564365637838,1.0298863574049906,0.8479341761751438,0.6981115536185135
2024-09-12,1.0114158967638371,0.8330555625761941,0.6861310674646826,1.060021185173697,0.8715693622698198,0.7166030729173551,1.0297602754535815,0.8478230431454703,0.6980140250747648
2024-09-13,1.0113449107861683,0.8328220211028705,0.6857945190295759,1.0604881800674801,0.8719450537098952,0.7169051562612053,1.029688001980175,0.8475853617091905,0.6976716480290942
2024-09-16,1.0116802772744649,0.8329713691306377,0.6858130076673501,1.0605076300163156,0.8718512496301177,0.7167377400666191,1.0300294511194177,0.8477373572123449,0.6976904568676426
2024-09-17,1.0109284653180264,0.8323326411590957,0.6852708853105648,1.0600846802997315,0.8714915428419896,0.7164321693932778,1.0292640033052904,0.8470873065831884,0.6971389456093914
2024-09-18,1.0096048040211472,0.8311411462457801,0.6842061979497889,1.059825914681401,0.8712664234270227,0.7162369233686829,1.0279163343334632,0.8458746901759758,0.6960558191553052
2024-09-19,1.008536919356182,0.8301616623082922,0.6833172689337725,1.0598126839987707,0.8712432271960153,0.7162077291895704,1.0268290810974148,0.8448778430388834,0.6951514949672634
2024-09-20,1.0080262978934953,0.8297291052720003,0.6829511448692561,1.0598152805385241,0.8712326883915635,0.7161886475790753,1.026309198327378,0.8444376181135389,0.6947790300781654
2024-09-23,1.0075493521610073,0.8292214089225847,0.6824384883186425,1.0600204476642585,0.8712809103737145,0.7161292633679385,1.0258236020751985,0.8439209218890706,0.6942574949380981
2024-09-24,1.0088679805402998,0.8302906445187838,0.6833052928369057,1.0607600303433076,0.8718722509055732,0.7166017039694671,1.027166146845778,0.8450091117022513,0.6951393114589293
2024-09-25,1.0084996402517923,0.8298059560923878,0.6827571195462963,1.0604257206726,0.8713198651400124,0.7159197066479572,1.0267911258497984,0.8445158312596197,0.6945816444720218
2024-09-26,1.009040156740872,0.8302258115974707,0.6830820911641563,1.0614005831351752,0.8720905919602536,0.7165280777833902,1.0273414458620334,0.844943129495166,0.6949122442040172
2024-09-27,1.0110468497135683,0.8318530136114818,0.6844012468782874,1.063573345682999,0.8738466682527595,0.7179469430743762,1.029384534877073,0.8465991767329577,0.696254246094594
2024-09-30,1.009671053964822,0.8301575804950148,0.6825427437124124,1.0616894279934759,0.871608811734867,0.7155414316303456,1.0279837858738885,0.8448736888677697,0.694363555908796
2024-10-01,1.009671053964822,0.8301575804950148,0.6825427437124124,1.0616894279934759,0.871608811734867,0.7155414316303456,1.0279837858738885,0.8448736888677697,0.694363555908796
2024-10-02,1.009671053964822,0.8301575804950148,0.6825427437124124,1.0616894279934759,0.871608811734867,0.7155414316303456,1.0279837858738885,0.8448736888677697,0.694363555908796
