signal_date,trade_date,ticker,bucket,beta_glp,beta_mkt,alpha,n_obs,rank_pct,w_LS,w_LS_BN,w_LongHedged
2020-12-31,2021-01-04,ANF,Apparel,-0.636715,1.289365,0.001122,252.000000,0.285714,-0.250000,0.000000,0.000000
2020-12-31,2021-01-04,BDX,CDMO/Pens,0.343081,0.590665,-0.000740,252.000000,0.857143,0.250000,0.000000,0.250000
2020-12-31,2021-01-04,BRBR,Protein/Fitness,0.167304,0.712636,0.000526,252.000000,0.785714,0.250000,0.250000,0.250000
2020-12-31,2021-01-04,GAP,Apparel,-0.922787,1.552421,0.001640,252.000000,0.071429,-0.250000,-0.250000,0.000000
2020-12-31,2021-01-04,HLF,Protein/Fitness,-0.132341,0.863929,-0.000018,252.000000,0.642857,0.000000,0.000000,0.000000
2020-12-31,2021-01-04,LFMD,Telehealth,-0.154371,0.789903,0.013497,252.000000,0.571429,0.000000,-0.250000,0.000000
2020-12-31,2021-01-04,LULU,Apparel,-0.171615,1.050842,0.001329,252.000000,0.428571,0.000000,0.250000,0.000000
2020-12-31,2021-01-04,PLNT,Protein/Fitness,-0.726343,1.623985,0.000611,252.000000,0.214286,-0.250000,-0.250000,0.000000
2020-12-31,2021-01-04,SMPL,Protein/Fitness,-0.166846,0.895201,0.000529,252.000000,0.500000,0.000000,0.000000,0.000000
2020-12-31,2021-01-04,SPY,Hedge,,,,,,0.000000,0.000000,-0.565951
2020-12-31,2021-01-04,TDOC,Telehealth,0.565067,0.234736,0.003932,252.000000,1.000000,0.250000,0.250000,0.250000
2020-12-31,2021-01-04,TJX,Apparel,-0.216931,1.135823,0.000117,252.000000,0.357143,0.000000,0.000000,0.000000
2020-12-31,2021-01-04,TMO,CDMO/Pens,0.158537,0.757547,0.000950,252.000000,0.714286,0.000000,-0.250000,0.000000
2020-12-31,2021-01-04,URBN,Apparel,-0.754212,1.237464,0.000191,252.000000,0.142857,-0.250000,0.000000,0.000000
2020-12-31,2021-01-04,WST,CDMO/Pens,0.359134,0.725769,0.001953,252.000000,0.928571,0.250000,0.250000,0.250000
2021-01-29,2021-02-01,ANF,Apparel,-0.508666,1.284187,0.001966,252.000000,0.285714,-0.250000,0.000000,0.000000
2021-01-29,2021-02-01,BDX,CDMO/Pens,0.314300,0.587232,-0.000689,252.000000,0.928571,0.250000,0.250000,0.250000
2021-01-29,2021-02-01,BRBR,Protein/Fitness,0.143140,0.718196,-0.000059,252.000000,0.714286,0.000000,0.250000,0.000000
2021-01-29,2021-02-01,GAP,Apparel,-0.828668,1.573629,0.001693,252.000000,0.071429,-0.250000,-0.250000,0.000000
2021-01-29,2021-02-01,HLF,Protein/Fitness,-0.115331,0.849355,0.001017,252.000000,0.571429,0.000000,0.000000,0.000000
2021-01-29,2021-02-01,LFMD,Telehealth,-0.071784,0.862304,0.018371,252.000000,0.642857,0.000000,-0.250000,0.000000
2021-01-29,2021-02-01,LULU,Apparel,-0.177240,1.038014,0.001064,252.000000,0.428571,0.000000,0.250000,0.000000
2021-01-29,2021-02-01,PLNT,Protein/Fitness,-0.677573,1.628901,0.000254,252.000000,0.214286,-0.250000,-0.250000,0.000000
2021-01-29,2021-02-01,SMPL,Protein/Fitness,-0.131128,0.902763,0.000872,252.000000,0.500000,0.000000,0.000000,0.000000
2021-01-29,2021-02-01,SPY,Hedge,,,,,,0.000000,0.000000,-0.581137
2021-01-29,2021-02-01,TDOC,Telehealth,0.509731,0.246312,0.004065,252.000000,1.000000,0.250000,0.250000,0.250000
2021-01-29,2021-02-01,TJX,Apparel,-0.238417,1.131168,0.000104,252.000000,0.357143,0.000000,0.000000,0.000000
2021-01-29,2021-02-01,TMO,CDMO/Pens,0.180604,0.762919,0.001392,252.000000,0.785714,0.250000,-0.250000,0.250000
2021-01-29,2021-02-01,URBN,Apparel,-0.685887,1.215157,0.000946,252.000000,0.142857,-0.250000,0.000000,0.000000
2021-01-29,2021-02-01,WST,CDMO/Pens,0.314270,0.728086,0.002022,252.000000,0.857143,0.250000,0.000000,0.250000
2021-02-26,2021-03-01,ANF,Apparel,-0.515303,1.269038,0.002942,252.000000,0.285714,-0.250000,0.000000,0.000000
2021-02-26,2021-03-01,BDX,CDMO/Pens,0.327266,0.586025,-0.000743,252.000000,0.857143,0.250000,0.000000,0.250000
2021-02-26,2021-03-01,BRBR,Protein/Fitness,0.124381,0.709174,-0.000101,252.000000,0.714286,0.000000,0.250000,0.000000
2021-02-26,2021-03-01,GAP,Apparel,-0.832980,1.561054,0.002692,252.000000,0.071429,-0.250000,-0.250000,0.000000
2021-02-26,2021-03-01,HLF,Protein/Fitness,-0.118781,0.846096,0.000939,252.000000,0.571429,0.000000,0.000000,0.000000
2021-02-26,2021-03-01,LFMD,Telehealth,-0.049839,0.911080,0.018603,252.000000,0.642857,0.000000,-0.250000,0.000000
2021-02-26,2021-03-01,LULU,Apparel,-0.168119,1.025011,0.000733,252.000000,0.428571,0.000000,0.250000,0.000000
2021-02-26,2021-03-01,PLNT,Protein/Fitness,-0.657825,1.637104,0.000597,252.000000,0.214286,-0.250000,-0.250000,0.000000
2021-02-26,2021-03-01,SMPL,Protein/Fitness,-0.142551,0.902530,0.000753,252.000000,0.500000,0.000000,0.000000,0.000000
2021-02-26,2021-03-01,SPY,Hedge,,,,,,0.000000,0.000000,-0.606873
2021-02-26,2021-03-01,TDOC,Telehealth,0.512310,0.363685,0.002116,252.000000,1.000000,0.250000,0.250000,0.250000
2021-02-26,2021-03-01,TJX,Apparel,-0.241562,1.127691,-0.000318,252.000000,0.357143,0.000000,0.000000,0.000000
2021-02-26,2021-03-01,TMO,CDMO/Pens,0.191260,0.746996,0.000839,252.000000,0.785714,0.250000,-0.250000,0.250000
2021-02-26,2021-03-01,URBN,Apparel,-0.674814,1.199738,0.001508,252.000000,0.142857,-0.250000,0.000000,0.000000
2021-02-26,2021-03-01,WST,CDMO/Pens,0.344235,0.730785,0.001471,252.000000,0.928571,0.250000,0.250000,0.250000
2021-03-31,2021-04-01,ANF,Apparel,-0.337031,1.447857,0.003444,252.000000,0.214286,-0.250000,0.000000,0.000000
2021-03-31,2021-04-01,BDX,CDMO/Pens,0.202654,0.471001,-0.000422,252.000000,0.714286,0.000000,-0.250000,0.000000
2021-03-31,2021-04-01,BRBR,Protein/Fitness,-0.009261,0.733403,0.000305,252.000000,0.571429,0.000000,0.250000,0.000000
2021-03-31,2021-04-01,GAP,Apparel,-0.483036,1.776290,0.003666,252.000000,0.142857,-0.250000,0.000000,0.000000
2021-03-31,2021-04-01,HLF,Protein/Fitness,-0.020997,0.811656,0.000491,252.000000,0.500000,0.000000,0.000000,0.000000
2021-03-31,2021-04-01,LFMD,Telehealth,0.229796,0.940231,0.013651,252.000000,0.785714,0.250000,-0.250000,0.250000
2021-03-31,2021-04-01,LULU,Apparel,-0.001642,1.048905,0.000261,252.000000,0.642857,0.000000,0.250000,0.000000
2021-03-31,2021-04-01,PLNT,Protein/Fitness,-0.324814,1.708503,-0.000637,252.000000,0.285714,-0.250000,-0.250000,0.000000
2021-03-31,2021-04-01,SMPL,Protein/Fitness,-0.223520,1.013036,0.000393,252.000000,0.428571,0.000000,0.000000,0.000000
2021-03-31,2021-04-01,SPY,Hedge,,,,,,0.000000,0.000000,-0.757373
2021-03-31,2021-04-01,TDOC,Telehealth,0.396951,0.422364,0.000751,252.000000,1.000000,0.250000,0.250000,0.250000
2021-03-31,2021-04-01,TJX,Apparel,-0.279730,1.156980,-0.000576,252.000000,0.357143,0.000000,0.000000,0.000000
2021-03-31,2021-04-01,TMO,CDMO/Pens,0.229882,0.874748,0.000498,252.000000,0.857143,0.250000,0.000000,0.250000
2021-03-31,2021-04-01,URBN,Apparel,-0.486593,1.485157,0.001935,252.000000,0.071429,-0.250000,-0.250000,0.000000
2021-03-31,2021-04-01,WST,CDMO/Pens,0.313214,0.792151,0.001248,252.000000,0.928571,0.250000,0.250000,0.250000
2021-04-30,2021-05-03,ANF,Apparel,-0.222664,1.239282,0.003787,252.000000,0.357143,0.000000,0.000000,0.000000
2021-04-30,2021-05-03,BDX,CDMO/Pens,0.179598,0.372566,-0.000450,252.000000,0.714286,0.000000,-0.250000,0.000000
2021-04-30,2021-05-03,BRBR,Protein/Fitness,-0.076003,1.056085,0.000182,252.000000,0.500000,0.000000,0.000000,0.000000
2021-04-30,2021-05-03,GAP,Apparel,-0.349106,1.596578,0.004074,252.000000,0.142857,-0.250000,0.000000,0.000000
2021-04-30,2021-05-03,HLF,Protein/Fitness,-0.015689,0.791948,-0.000138,252.000000,0.571429,0.000000,0.250000,0.000000
2021-04-30,2021-05-03,LFMD,Telehealth,0.341097,1.089660,0.010761,252.000000,1.000000,0.250000,0.250000,0.250000
2021-04-30,2021-05-03,LULU,Apparel,-0.000458,0.978504,0.000339,252.000000,0.642857,0.000000,0.250000,0.000000
2021-04-30,2021-05-03,PLNT,Protein/Fitness,-0.240659,1.493404,-0.000493,252.000000,0.285714,-0.250000,0.000000,0.000000
2021-04-30,2021-05-03,SMPL,Protein/Fitness,-0.305925,1.386664,0.000614,252.000000,0.214286,-0.250000,-0.250000,0.000000
2021-04-30,2021-05-03,SPY,Hedge,,,,,,0.000000,0.000000,-0.810673
2021-04-30,2021-05-03,TDOC,Telehealth,0.272836,0.672844,-0.000062,252.000000,0.857143,0.250000,-0.250000,0.250000
2021-04-30,2021-05-03,TJX,Apparel,-0.216073,1.005253,0.000121,252.000000,0.428571,0.000000,0.000000,0.000000
2021-04-30,2021-05-03,TMO,CDMO/Pens,0.232397,0.760009,0.000347,252.000000,0.785714,0.250000,0.000000,0.250000
2021-04-30,2021-05-03,URBN,Apparel,-0.369399,1.286673,0.001636,252.000000,0.071429,-0.250000,-0.250000,0.000000
2021-04-30,2021-05-03,WST,CDMO/Pens,0.278830,0.720180,0.001268,252.000000,0.928571,0.250000,0.250000,0.250000
2021-05-28,2021-06-01,ANF,Apparel,-0.152756,1.230447,0.004182,252.000000,0.428571,0.000000,0.000000,0.000000
2021-05-28,2021-06-01,BDX,CDMO/Pens,0.111986,0.388259,-0.000496,252.000000,0.714286,0.000000,-0.250000,0.000000
2021-05-28,2021-06-01,BRBR,Protein/Fitness,-0.041923,1.014258,0.000278,252.000000,0.500000,0.000000,0.000000,0.000000
2021-05-28,2021-06-01,GAP,Apparel,-0.183467,1.609287,0.003943,252.000000,0.357143,0.000000,0.000000,0.000000
2021-05-28,2021-06-01,HLF,Protein/Fitness,0.115624,0.669618,-0.000008,252.000000,0.785714,0.250000,0.250000,0.250000
2021-05-28,2021-06-01,LFMD,Telehealth,0.167766,1.486480,0.011485,252.000000,0.857143,0.250000,0.250000,0.250000
2021-05-28,2021-06-01,LULU,Apparel,-0.019263,0.987122,-0.000846,252.000000,0.571429,0.000000,0.250000,0.000000
2021-05-28,2021-06-01,PLNT,Protein/Fitness,-0.201876,1.383539,-0.000617,252.000000,0.214286,-0.250000,0.000000,0.000000
2021-05-28,2021-06-01,SMPL,Protein/Fitness,-0.231152,1.270344,0.001446,252.000000,0.142857,-0.250000,-0.250000,0.000000
2021-05-28,2021-06-01,SPY,Hedge,,,,,,0.000000,0.000000,-0.921909
2021-05-28,2021-06-01,TDOC,Telehealth,0.058128,0.919918,-0.001110,252.000000,0.642857,0.000000,-0.250000,0.000000
2021-05-28,2021-06-01,TJX,Apparel,-0.198772,1.025295,-0.000166,252.000000,0.285714,-0.250000,0.000000,0.000000
2021-05-28,2021-06-01,TMO,CDMO/Pens,0.169247,0.773982,0.000204,252.000000,0.928571,0.250000,0.000000,0.250000
2021-05-28,2021-06-01,URBN,Apparel,-0.263078,1.291806,0.002332,252.000000,0.071429,-0.250000,-0.250000,0.000000
2021-05-28,2021-06-01,WST,CDMO/Pens,0.186122,0.757554,0.000938,252.000000,1.000000,0.250000,0.250000,0.250000
2021-06-30,2021-07-01,AMWL,Telehealth,0.183396,0.147061,-0.001982,197.000000,1.000000,0.200000,0.250000,0.200000
2021-06-30,2021-07-01,ANF,Apparel,-0.133381,0.984533,0.005133,252.000000,0.400000,0.000000,0.000000,0.000000
2021-06-30,2021-07-01,BDX,CDMO/Pens,0.122295,0.383238,-0.000388,252.000000,0.800000,0.200000,-0.250000,0.200000
2021-06-30,2021-07-01,BRBR,Protein/Fitness,-0.011747,0.925491,0.000725,252.000000,0.533333,0.000000,0.000000,0.000000
2021-06-30,2021-07-01,GAP,Apparel,-0.196586,1.611537,0.002379,252.000000,0.200000,-0.200000,0.000000,0.000000
2021-06-30,2021-07-01,HLF,Protein/Fitness,0.102406,0.543717,0.000032,252.000000,0.733333,0.200000,0.250000,0.200000
2021-06-30,2021-07-01,LFMD,Telehealth,0.015162,1.832693,0.010632,252.000000,0.600000,0.000000,-0.250000,0.000000
2021-06-30,2021-07-01,LULU,Apparel,-0.053039,1.036610,-0.000589,252.000000,0.466667,0.000000,0.250000,0.000000
2021-06-30,2021-07-01,PLNT,Protein/Fitness,-0.190316,1.415556,-0.000605,252.000000,0.266667,-0.200000,-0.250000,0.000000
2021-06-30,2021-07-01,SMPL,Protein/Fitness,-0.188924,1.144812,0.001456,252.000000,0.333333,-0.200000,0.000000,0.000000
2021-06-30,2021-07-01,SPY,Hedge,,,,,,0.000000,0.000000,-0.542522
2021-06-30,2021-07-01,TDOC,Telehealth,0.046582,1.074223,-0.001342,252.000000,0.666667,0.000000,0.000000,0.000000
2021-06-30,2021-07-01,TJX,Apparel,-0.229657,1.033021,0.000030,252.000000,0.133333,-0.200000,0.000000,0.000000
2021-06-30,2021-07-01,TMO,CDMO/Pens,0.141387,0.808557,0.000261,252.000000,0.866667,0.200000,0.000000,0.200000
2021-06-30,2021-07-01,URBN,Apparel,-0.251753,1.139373,0.003159,252.000000,0.066667,-0.200000,-0.250000,0.000000
2021-06-30,2021-07-01,WST,CDMO/Pens,0.154974,0.830034,0.000717,252.000000,0.933333,0.200000,0.250000,0.200000
2021-07-30,2021-08-02,AMWL,Telehealth,0.202855,0.082779,-0.002129,218.000000,0.933333,0.200000,0.000000,0.200000
2021-07-30,2021-08-02,ANF,Apparel,-0.195172,1.031825,0.004757,252.000000,0.333333,-0.200000,0.000000,0.000000
2021-07-30,2021-08-02,BDX,CDMO/Pens,0.133422,0.347693,-0.000711,252.000000,0.733333,0.200000,-0.250000,0.200000
2021-07-30,2021-08-02,BRBR,Protein/Fitness,-0.003508,0.894953,0.001136,252.000000,0.533333,0.000000,0.000000,0.000000
2021-07-30,2021-08-02,GAP,Apparel,-0.245019,1.606793,0.001789,252.000000,0.133333,-0.200000,0.000000,0.000000
2021-07-30,2021-08-02,HLF,Protein/Fitness,0.122880,0.672358,-0.000824,252.000000,0.666667,0.000000,0.250000,0.000000
2021-07-30,2021-08-02,LFMD,Telehealth,0.209277,1.378335,0.004560,252.000000,1.000000,0.200000,0.250000,0.200000
2021-07-30,2021-08-02,LULU,Apparel,-0.060596,1.003532,-0.000191,252.000000,0.466667,0.000000,0.250000,0.000000
2021-07-30,2021-08-02,PLNT,Protein/Fitness,-0.227226,1.343015,0.000245,252.000000,0.266667,-0.200000,-0.250000,0.000000
2021-07-30,2021-08-02,SMPL,Protein/Fitness,-0.189208,1.140739,0.000805,252.000000,0.400000,0.000000,0.000000,0.000000
2021-07-30,2021-08-02,SPY,Hedge,,,,,,0.000000,0.000000,-0.674900
2021-07-30,2021-08-02,TDOC,Telehealth,0.073114,0.989978,-0.002519,252.000000,0.600000,0.000000,-0.250000,0.000000
2021-07-30,2021-08-02,TJX,Apparel,-0.230842,1.048486,0.000217,252.000000,0.200000,-0.200000,0.000000,0.000000
2021-07-30,2021-08-02,TMO,CDMO/Pens,0.147498,0.748681,0.000114,252.000000,0.800000,0.200000,0.000000,0.200000
2021-07-30,2021-08-02,URBN,Apparel,-0.302724,1.084098,0.002785,252.000000,0.066667,-0.200000,-0.250000,0.000000
2021-07-30,2021-08-02,WST,CDMO/Pens,0.166456,0.817012,0.000602,252.000000,0.866667,0.200000,0.250000,0.200000
2021-08-31,2021-09-01,AMWL,Telehealth,0.144803,0.174329,-0.002336,240.000000,0.866667,0.200000,0.250000,0.200000
2021-08-31,2021-09-01,ANF,Apparel,-0.315929,1.157306,0.003798,252.000000,0.133333,-0.200000,0.000000,0.000000
2021-08-31,2021-09-01,BDX,CDMO/Pens,0.078185,0.360095,-0.000245,252.000000,0.800000,0.200000,-0.250000,0.200000
2021-08-31,2021-09-01,BRBR,Protein/Fitness,-0.003025,0.909945,0.001408,252.000000,0.533333,0.000000,0.000000,0.000000
2021-08-31,2021-09-01,GAP,Apparel,-0.323235,1.656693,0.000953,252.000000,0.066667,-0.200000,-0.250000,0.000000
2021-08-31,2021-09-01,HLF,Protein/Fitness,0.073671,0.691606,-0.000527,252.000000,0.733333,0.200000,0.250000,0.200000
2021-08-31,2021-09-01,LFMD,Telehealth,0.021710,1.526960,0.002115,252.000000,0.600000,0.000000,-0.250000,0.000000
2021-08-31,2021-09-01,LULU,Apparel,-0.041627,0.992861,-0.000587,252.000000,0.466667,0.000000,0.250000,0.000000
2021-08-31,2021-09-01,PLNT,Protein/Fitness,-0.234318,1.389789,0.000307,252.000000,0.333333,-0.200000,-0.250000,0.000000
2021-08-31,2021-09-01,SMPL,Protein/Fitness,-0.175127,1.176814,0.000628,252.000000,0.400000,0.000000,0.000000,0.000000
2021-08-31,2021-09-01,SPY,Hedge,,,,,,0.000000,0.000000,-0.557715
2021-08-31,2021-09-01,TDOC,Telehealth,0.058729,1.048654,-0.002295,252.000000,0.666667,0.000000,0.000000,0.000000
2021-08-31,2021-09-01,TJX,Apparel,-0.252885,1.029601,0.000566,252.000000,0.266667,-0.200000,0.000000,0.000000
2021-08-31,2021-09-01,TMO,CDMO/Pens,0.159020,0.752212,0.000089,252.000000,1.000000,0.200000,0.250000,0.200000
2021-08-31,2021-09-01,URBN,Apparel,-0.295751,1.033111,0.001178,252.000000,0.200000,-0.200000,0.000000,0.000000
2021-08-31,2021-09-01,WST,CDMO/Pens,0.148708,0.810332,0.000844,252.000000,0.933333,0.200000,0.000000,0.200000
2021-09-30,2021-10-01,AMWL,Telehealth,0.092897,0.350631,-0.003964,252.000000,0.800000,0.200000,0.250000,0.200000
2021-09-30,2021-10-01,ANF,Apparel,-0.413074,1.477004,0.003420,252.000000,0.066667,-0.200000,-0.250000,0.000000
2021-09-30,2021-10-01,BDX,CDMO/Pens,0.069382,0.349476,-0.000114,252.000000,0.733333,0.200000,-0.250000,0.200000
2021-09-30,2021-10-01,BRBR,Protein/Fitness,0.025616,1.048638,0.000638,252.000000,0.600000,0.000000,0.000000,0.000000
2021-09-30,2021-10-01,GAP,Apparel,-0.366450,1.814539,0.000220,252.000000,0.133333,-0.200000,0.000000,0.000000
2021-09-30,2021-10-01,HLF,Protein/Fitness,0.105570,0.723073,-0.000988,252.000000,0.866667,0.200000,0.250000,0.200000
2021-09-30,2021-10-01,LFMD,Telehealth,0.023917,1.695567,0.000261,252.000000,0.533333,0.000000,-0.250000,0.000000
2021-09-30,2021-10-01,LULU,Apparel,-0.067120,1.021386,-0.000005,252.000000,0.466667,0.000000,0.250000,0.000000
2021-09-30,2021-10-01,PLNT,Protein/Fitness,-0.298295,1.468679,0.000051,252.000000,0.266667,-0.200000,-0.250000,0.000000
2021-09-30,2021-10-01,SMPL,Protein/Fitness,-0.144470,1.185600,0.000912,252.000000,0.400000,0.000000,0.000000,0.000000
2021-09-30,2021-10-01,SPY,Hedge,,,,,,0.000000,0.000000,-0.562351
2021-09-30,2021-10-01,TDOC,Telehealth,0.041161,0.901827,-0.002660,252.000000,0.666667,0.000000,0.000000,0.000000
2021-09-30,2021-10-01,TJX,Apparel,-0.258235,1.137828,-0.000048,252.000000,0.333333,-0.200000,0.000000,0.000000
2021-09-30,2021-10-01,TMO,CDMO/Pens,0.174198,0.656574,0.000270,252.000000,0.933333,0.200000,0.000000,0.200000
2021-09-30,2021-10-01,URBN,Apparel,-0.314513,1.110747,0.001093,252.000000,0.200000,-0.200000,0.000000,0.000000
2021-09-30,2021-10-01,WST,CDMO/Pens,0.186023,0.732000,0.000851,252.000000,1.000000,0.200000,0.250000,0.200000
2021-10-29,2021-11-01,AMWL,Telehealth,0.198183,0.212293,-0.003951,252.000000,0.937500,0.200000,0.250000,0.200000
2021-10-29,2021-11-01,ANF,Apparel,-0.443083,1.382776,0.003437,252.000000,0.062500,-0.200000,-0.250000,0.000000
2021-10-29,2021-11-01,BDX,CDMO/Pens,0.068403,0.326028,-0.000331,252.000000,0.625000,0.000000,-0.250000,0.000000
2021-10-29,2021-11-01,BRBR,Protein/Fitness,0.014361,0.958726,0.000275,252.000000,0.562500,0.000000,0.000000,0.000000
2021-10-29,2021-11-01,GAP,Apparel,-0.359193,1.828574,-0.000779,252.000000,0.125000,-0.200000,0.000000,0.000000
2021-10-29,2021-11-01,HIMS,Telehealth,-0.283909,1.816198,-0.003311,196.000000,0.250000,-0.200000,-0.250000,0.000000
2021-10-29,2021-11-01,HLF,Protein/Fitness,0.103054,0.867737,-0.001182,252.000000,0.750000,0.200000,0.250000,0.200000
2021-10-29,2021-11-01,LFMD,Telehealth,0.085358,1.854469,-0.000294,252.000000,0.687500,0.000000,0.000000,0.000000
2021-10-29,2021-11-01,LULU,Apparel,-0.020366,1.060669,0.000120,252.000000,0.500000,0.000000,0.250000,0.000000
2021-10-29,2021-11-01,PLNT,Protein/Fitness,-0.343613,1.326366,0.000122,252.000000,0.187500,-0.200000,-0.250000,0.000000
2021-10-29,2021-11-01,SMPL,Protein/Fitness,-0.125970,1.145233,0.001832,252.000000,0.437500,0.000000,0.000000,0.000000
2021-10-29,2021-11-01,SPY,Hedge,,,,,,0.000000,0.000000,-0.734122
2021-10-29,2021-11-01,TDOC,Telehealth,0.127684,1.203105,-0.002864,252.000000,0.812500,0.200000,0.000000,0.200000
2021-10-29,2021-11-01,TJX,Apparel,-0.265152,1.101504,0.000043,252.000000,0.375000,0.000000,0.000000,0.000000
2021-10-29,2021-11-01,TMO,CDMO/Pens,0.198038,0.652150,0.000063,252.000000,0.875000,0.200000,0.000000,0.200000
2021-10-29,2021-11-01,URBN,Apparel,-0.278456,1.005801,0.000931,252.000000,0.312500,-0.200000,0.000000,0.000000
2021-10-29,2021-11-01,WST,CDMO/Pens,0.210786,0.735327,0.000499,252.000000,1.000000,0.200000,0.250000,0.200000
2021-11-30,2021-12-01,AMWL,Telehealth,-0.126324,0.416991,-0.004845,252.000000,0.375000,0.000000,0.000000,0.000000
2021-11-30,2021-12-01,ANF,Apparel,-0.164617,1.365636,0.001638,252.000000,0.250000,-0.200000,0.000000,0.000000
2021-11-30,2021-12-01,BDX,CDMO/Pens,0.137692,0.308728,-0.000372,252.000000,0.812500,0.200000,-0.250000,0.200000
2021-11-30,2021-12-01,BRBR,Protein/Fitness,0.010891,0.994377,-0.000527,252.000000,0.625000,0.000000,0.000000,0.000000
2021-11-30,2021-12-01,GAP,Apparel,-0.241308,1.767366,-0.001688,252.000000,0.125000,-0.200000,-0.250000,0.000000
2021-11-30,2021-12-01,HIMS,Telehealth,-0.220108,1.682043,-0.003638,217.000000,0.187500,-0.200000,-0.250000,0.000000
2021-11-30,2021-12-01,HLF,Protein/Fitness,0.028992,0.844838,-0.001608,252.000000,0.687500,0.000000,0.250000,0.000000
2021-11-30,2021-12-01,LFMD,Telehealth,0.156432,2.363509,-0.002695,252.000000,0.875000,0.200000,0.250000,0.200000
2021-11-30,2021-12-01,LULU,Apparel,-0.088340,1.086208,0.000061,252.000000,0.500000,0.000000,0.250000,0.000000
2021-11-30,2021-12-01,PLNT,Protein/Fitness,-0.291104,1.193429,-0.000010,252.000000,0.062500,-0.200000,-0.250000,0.000000
2021-11-30,2021-12-01,SMPL,Protein/Fitness,-0.062861,1.178869,0.001261,252.000000,0.562500,0.000000,0.000000,0.000000
2021-11-30,2021-12-01,SPY,Hedge,,,,,,0.000000,0.000000,-1.096971
2021-11-30,2021-12-01,TDOC,Telehealth,0.051479,1.383550,-0.003650,252.000000,0.750000,0.200000,0.000000,0.200000
2021-11-30,2021-12-01,TJX,Apparel,-0.142898,1.056349,-0.000289,252.000000,0.312500,-0.200000,0.000000,0.000000
2021-11-30,2021-12-01,TMO,CDMO/Pens,0.160130,0.682972,0.000403,252.000000,0.937500,0.200000,0.000000,0.200000
2021-11-30,2021-12-01,URBN,Apparel,-0.103740,1.042911,0.000169,252.000000,0.437500,0.000000,0.000000,0.000000
2021-11-30,2021-12-01,WST,CDMO/Pens,0.175701,0.746095,0.000979,252.000000,1.000000,0.200000,0.250000,0.200000
2021-12-31,2022-01-03,AMWL,Telehealth,-0.093263,0.663474,-0.005319,252.000000,0.500000,0.000000,0.000000,0.000000
2021-12-31,2022-01-03,ANF,Apparel,-0.221940,1.427304,0.001539,252.000000,0.187500,-0.200000,0.000000,0.000000
2021-12-31,2022-01-03,BDX,CDMO/Pens,0.119397,0.208957,-0.000261,252.000000,0.875000,0.200000,-0.250000,0.200000
2021-12-31,2022-01-03,BRBR,Protein/Fitness,-0.088246,1.020109,-0.000007,252.000000,0.562500,0.000000,0.000000,0.000000
2021-12-31,2022-01-03,GAP,Apparel,-0.317155,1.667128,-0.001143,252.000000,0.125000,-0.200000,-0.250000,0.000000
2021-12-31,2022-01-03,HIMS,Telehealth,-0.079645,1.821334,-0.003773,239.000000,0.625000,0.000000,0.000000,0.000000
2021-12-31,2022-01-03,HLF,Protein/Fitness,-0.016300,0.814736,-0.001183,252.000000,0.750000,0.200000,0.250000,0.200000
2021-12-31,2022-01-03,LFMD,Telehealth,0.022890,2.537730,-0.001731,252.000000,0.812500,0.200000,0.250000,0.200000
2021-12-31,2022-01-03,LULU,Apparel,-0.064973,1.115291,-0.000406,252.000000,0.687500,0.000000,0.250000,0.000000
2021-12-31,2022-01-03,PLNT,Protein/Fitness,-0.379857,1.358682,0.000074,252.000000,0.062500,-0.200000,-0.250000,0.000000
2021-12-31,2022-01-03,SMPL,Protein/Fitness,-0.106627,1.178447,0.000264,252.000000,0.437500,0.000000,0.000000,0.000000
2021-12-31,2022-01-03,SPY,Hedge,,,,,,0.000000,0.000000,-0.985627
2021-12-31,2022-01-03,TDOC,Telehealth,-0.110043,1.402673,-0.003832,252.000000,0.375000,0.000000,-0.250000,0.000000
2021-12-31,2022-01-03,TJX,Apparel,-0.213016,1.051124,-0.000153,252.000000,0.312500,-0.200000,0.000000,0.000000
2021-12-31,2022-01-03,TMO,CDMO/Pens,0.247453,0.618997,0.000522,252.000000,1.000000,0.200000,0.250000,0.200000
2021-12-31,2022-01-03,URBN,Apparel,-0.214174,1.100677,0.000208,252.000000,0.250000,-0.200000,0.000000,0.000000
2021-12-31,2022-01-03,WST,CDMO/Pens,0.219528,0.747714,0.001009,252.000000,0.937500,0.200000,0.000000,0.200000
2022-01-31,2022-02-01,AMWL,Telehealth,-0.079842,1.355212,-0.008070,252.000000,0.625000,0.000000,0.000000,0.000000
2022-01-31,2022-02-01,ANF,Apparel,-0.354784,1.558378,0.001726,252.000000,0.187500,-0.200000,0.000000,0.000000
2022-01-31,2022-02-01,BDX,CDMO/Pens,0.128320,0.180756,-0.000247,252.000000,0.875000,0.200000,-0.250000,0.200000
2022-01-31,2022-02-01,BRBR,Protein/Fitness,-0.087158,0.970336,-0.000334,252.000000,0.562500,0.000000,0.000000,0.000000
2022-01-31,2022-02-01,GAP,Apparel,-0.427861,1.547524,-0.000667,252.000000,0.062500,-0.200000,-0.250000,0.000000
2022-01-31,2022-02-01,HIMS,Telehealth,0.001715,1.890805,-0.006273,252.000000,0.750000,0.200000,0.250000,0.200000
2022-01-31,2022-02-01,HLF,Protein/Fitness,-0.068065,0.715996,-0.000981,252.000000,0.687500,0.000000,0.250000,0.000000
2022-01-31,2022-02-01,LFMD,Telehealth,-0.238809,2.432600,-0.006711,252.000000,0.250000,-0.200000,-0.250000,0.000000
2022-01-31,2022-02-01,LULU,Apparel,0.021357,1.295485,-0.000843,252.000000,0.812500,0.200000,0.250000,0.200000
2022-01-31,2022-02-01,PLNT,Protein/Fitness,-0.369368,1.413120,0.000219,252.000000,0.125000,-0.200000,-0.250000,0.000000
2022-01-31,2022-02-01,SMPL,Protein/Fitness,-0.130194,1.333669,0.000028,252.000000,0.500000,0.000000,0.000000,0.000000
2022-01-31,2022-02-01,SPY,Hedge,,,,,,0.000000,0.000000,-0.961373
2022-01-31,2022-02-01,TDOC,Telehealth,-0.135895,1.591839,-0.005524,252.000000,0.437500,0.000000,0.000000,0.000000
2022-01-31,2022-02-01,TJX,Apparel,-0.150204,1.060512,-0.000071,252.000000,0.375000,0.000000,0.000000,0.000000
2022-01-31,2022-02-01,TMO,CDMO/Pens,0.285847,0.609017,-0.000133,252.000000,0.937500,0.200000,0.000000,0.200000
2022-01-31,2022-02-01,URBN,Apparel,-0.200827,1.244751,-0.000160,252.000000,0.312500,-0.200000,0.000000,0.000000
2022-01-31,2022-02-01,WST,CDMO/Pens,0.326220,0.830802,0.000320,252.000000,1.000000,0.200000,0.250000,0.200000
2022-02-28,2022-03-01,AMWL,Telehealth,-0.071674,1.334585,-0.006890,252.000000,0.625000,0.000000,0.000000,0.000000
2022-02-28,2022-03-01,ANF,Apparel,-0.370787,1.576655,0.001363,252.000000,0.187500,-0.200000,0.000000,0.000000
2022-02-28,2022-03-01,BDX,CDMO/Pens,0.108504,0.142853,0.000320,252.000000,0.875000,0.200000,-0.250000,0.200000
2022-02-28,2022-03-01,BRBR,Protein/Fitness,-0.086494,0.839409,0.000315,252.000000,0.500000,0.000000,0.000000,0.000000
2022-02-28,2022-03-01,GAP,Apparel,-0.421772,1.642842,-0.002050,252.000000,0.062500,-0.200000,-0.250000,0.000000
2022-02-28,2022-03-01,HIMS,Telehealth,-0.006065,1.776794,-0.004015,252.000000,0.750000,0.200000,0.250000,0.200000
2022-02-28,2022-03-01,HLF,Protein/Fitness,-0.063472,0.534427,-0.000905,252.000000,0.687500,0.000000,0.250000,0.000000
2022-02-28,2022-03-01,LFMD,Telehealth,-0.348001,2.408824,-0.005585,252.000000,0.250000,-0.200000,-0.250000,0.000000
2022-02-28,2022-03-01,LULU,Apparel,0.027930,1.406923,-0.000509,252.000000,0.812500,0.200000,0.250000,0.200000
2022-02-28,2022-03-01,PLNT,Protein/Fitness,-0.409146,1.434085,-0.000074,252.000000,0.125000,-0.200000,-0.250000,0.000000
2022-02-28,2022-03-01,SMPL,Protein/Fitness,-0.114928,1.220178,0.000680,252.000000,0.437500,0.000000,0.000000,0.000000
2022-02-28,2022-03-01,SPY,Hedge,,,,,,0.000000,0.000000,-0.962575
2022-02-28,2022-03-01,TDOC,Telehealth,-0.072004,1.597974,-0.004506,252.000000,0.562500,0.000000,0.000000,0.000000
2022-02-28,2022-03-01,TJX,Apparel,-0.125427,1.121626,-0.000358,252.000000,0.375000,0.000000,0.000000,0.000000
2022-02-28,2022-03-01,TMO,CDMO/Pens,0.248182,0.609584,0.000197,252.000000,0.937500,0.200000,0.000000,0.200000
2022-02-28,2022-03-01,URBN,Apparel,-0.235422,1.272299,-0.000872,252.000000,0.312500,-0.200000,0.000000,0.000000
2022-02-28,2022-03-01,WST,CDMO/Pens,0.312124,0.876721,0.000601,252.000000,1.000000,0.200000,0.250000,0.200000
2022-03-31,2022-04-01,AMWL,Telehealth,-0.107488,1.529944,-0.005579,252.000000,0.500000,0.000000,0.000000,0.000000
2022-03-31,2022-04-01,ANF,Apparel,-0.355652,1.536723,0.000054,252.000000,0.187500,-0.200000,0.000000,0.000000
2022-03-31,2022-04-01,BDX,CDMO/Pens,0.110663,0.159409,0.000223,252.000000,0.875000,0.200000,-0.250000,0.200000
2022-03-31,2022-04-01,BRBR,Protein/Fitness,-0.061269,0.616727,-0.000089,252.000000,0.687500,0.000000,0.250000,0.000000
2022-03-31,2022-04-01,GAP,Apparel,-0.413580,1.557285,-0.002525,252.000000,0.062500,-0.200000,-0.250000,0.000000
2022-03-31,2022-04-01,HIMS,Telehealth,-0.030442,1.978875,-0.003598,252.000000,0.750000,0.200000,0.250000,0.200000
2022-03-31,2022-04-01,HLF,Protein/Fitness,-0.101894,0.485604,-0.001385,252.000000,0.562500,0.000000,0.000000,0.000000
2022-03-31,2022-04-01,LFMD,Telehealth,-0.342693,1.780321,-0.004672,252.000000,0.250000,-0.200000,-0.250000,0.000000
2022-03-31,2022-04-01,LULU,Apparel,0.073125,1.399830,0.000082,252.000000,0.812500,0.200000,0.250000,0.200000
2022-03-31,2022-04-01,PLNT,Protein/Fitness,-0.395468,1.384172,0.000476,252.000000,0.125000,-0.200000,-0.250000,0.000000
2022-03-31,2022-04-01,SMPL,Protein/Fitness,-0.137287,1.079106,0.000617,252.000000,0.437500,0.000000,0.000000,0.000000
2022-03-31,2022-04-01,SPY,Hedge,,,,,,0.000000,0.000000,-1.022434
2022-03-31,2022-04-01,TDOC,Telehealth,-0.101608,1.792191,-0.003901,252.000000,0.625000,0.000000,0.000000,0.000000
2022-03-31,2022-04-01,TJX,Apparel,-0.149675,1.171071,-0.000536,252.000000,0.375000,0.000000,0.000000,0.000000
2022-03-31,2022-04-01,TMO,CDMO/Pens,0.255620,0.658870,0.000313,252.000000,0.937500,0.200000,0.000000,0.200000
2022-03-31,2022-04-01,URBN,Apparel,-0.271307,1.349663,-0.001339,252.000000,0.312500,-0.200000,0.000000,0.000000
2022-03-31,2022-04-01,WST,CDMO/Pens,0.330886,0.915184,0.000513,252.000000,1.000000,0.200000,0.250000,0.200000
2022-04-29,2022-05-02,AMWL,Telehealth,-0.002762,1.420564,-0.005478,252.000000,0.666667,0.000000,0.000000,0.000000
2022-04-29,2022-05-02,ANF,Apparel,-0.299589,1.462252,0.000813,252.000000,0.222222,-0.166667,0.000000,0.000000
2022-04-29,2022-05-02,BDX,CDMO/Pens,0.134030,0.206384,-0.000077,252.000000,0.833333,0.166667,-0.250000,0.166667
2022-04-29,2022-05-02,BRBR,Protein/Fitness,-0.030528,0.699697,-0.000332,252.000000,0.500000,0.000000,0.000000,0.000000
2022-04-29,2022-05-02,GAP,Apparel,-0.361867,1.568674,-0.002495,252.000000,0.055556,-0.166667,-0.250000,0.000000
2022-04-29,2022-05-02,HIMS,Telehealth,0.017340,1.702506,-0.003274,252.000000,0.722222,0.166667,0.250000,0.166667
2022-04-29,2022-05-02,HLF,Protein/Fitness,-0.072889,0.516138,-0.001714,252.000000,0.444444,0.000000,0.000000,0.000000
2022-04-29,2022-05-02,LFMD,Telehealth,-0.196355,1.473394,-0.003780,252.000000,0.333333,-0.166667,-0.250000,0.000000
2022-04-29,2022-05-02,LULU,Apparel,0.088040,1.400994,0.000231,252.000000,0.777778,0.166667,0.250000,0.166667
2022-04-29,2022-05-02,PLNT,Protein/Fitness,-0.346931,1.249592,0.000729,252.000000,0.111111,-0.166667,-0.250000,0.000000
2022-04-29,2022-05-02,SMPL,Protein/Fitness,-0.026023,1.033600,0.000942,252.000000,0.555556,0.000000,0.250000,0.000000
2022-04-29,2022-05-02,SPY,Hedge,,,,,,0.000000,0.000000,-1.016115
2022-04-29,2022-05-02,STVN,CDMO/Pens,0.543495,1.077784,-0.001221,199.000000,1.000000,0.166667,0.250000,0.166667
2022-04-29,2022-05-02,TDOC,Telehealth,-0.004079,1.300743,-0.005427,252.000000,0.611111,0.000000,0.000000,0.000000
2022-04-29,2022-05-02,TJX,Apparel,-0.138154,1.150790,-0.000142,252.000000,0.388889,0.000000,0.000000,0.000000
2022-04-29,2022-05-02,TMO,CDMO/Pens,0.250516,0.782316,0.000226,252.000000,0.888889,0.166667,0.000000,0.166667
2022-04-29,2022-05-02,URBN,Apparel,-0.199498,1.271065,-0.000871,252.000000,0.277778,-0.166667,0.000000,0.000000
2022-04-29,2022-05-02,WST,CDMO/Pens,0.340621,0.926706,-0.000731,252.000000,0.944444,0.166667,0.000000,0.166667
2022-04-29,2022-05-02,XPOF,Protein/Fitness,-0.323787,2.103939,0.004860,194.000000,0.166667,-0.166667,0.000000,0.000000
2022-05-31,2022-06-01,AMWL,Telehealth,0.045430,1.699934,-0.004176,252.000000,0.666667,0.000000,0.000000,0.000000
2022-05-31,2022-06-01,ANF,Apparel,-0.381522,1.471912,-0.001356,252.000000,0.111111,-0.166667,0.000000,0.000000
2022-05-31,2022-06-01,BDX,CDMO/Pens,0.141800,0.238823,0.000241,252.000000,0.833333,0.166667,-0.250000,0.166667
2022-05-31,2022-06-01,BRBR,Protein/Fitness,-0.055522,0.685175,0.000077,252.000000,0.444444,0.000000,0.000000,0.000000
2022-05-31,2022-06-01,GAP,Apparel,-0.396570,1.521472,-0.002922,252.000000,0.055556,-0.166667,-0.250000,0.000000
2022-05-31,2022-06-01,HIMS,Telehealth,0.079002,1.789238,-0.003886,252.000000,0.722222,0.166667,0.250000,0.166667
2022-05-31,2022-06-01,HLF,Protein/Fitness,-0.045230,0.509310,-0.003149,252.000000,0.500000,0.000000,0.000000,0.000000
2022-05-31,2022-06-01,LFMD,Telehealth,-0.093968,1.340183,-0.005378,252.000000,0.388889,0.000000,-0.250000,0.000000
2022-05-31,2022-06-01,LULU,Apparel,0.104718,1.516454,-0.000263,252.000000,0.777778,0.166667,0.250000,0.166667
2022-05-31,2022-06-01,PLNT,Protein/Fitness,-0.339629,1.197790,0.000468,252.000000,0.222222,-0.166667,0.000000,0.000000
2022-05-31,2022-06-01,SMPL,Protein/Fitness,-0.002860,1.090166,0.000752,252.000000,0.611111,0.000000,0.250000,0.000000
2022-05-31,2022-06-01,SPY,Hedge,,,,,,0.000000,0.000000,-1.048719
2022-05-31,2022-06-01,STVN,CDMO/Pens,0.552661,0.998515,-0.001098,220.000000,1.000000,0.166667,0.250000,0.166667
2022-05-31,2022-06-01,TDOC,Telehealth,-0.007830,1.550265,-0.004797,252.000000,0.555556,0.000000,0.000000,0.000000
2022-05-31,2022-06-01,TJX,Apparel,-0.187189,0.965880,0.000327,252.000000,0.333333,-0.166667,0.000000,0.000000
2022-05-31,2022-06-01,TMO,CDMO/Pens,0.288396,0.829846,0.000530,252.000000,0.888889,0.166667,0.000000,0.166667
2022-05-31,2022-06-01,URBN,Apparel,-0.249263,1.291976,-0.001567,252.000000,0.277778,-0.166667,0.000000,0.000000
2022-05-31,2022-06-01,WST,CDMO/Pens,0.347131,0.919436,-0.000848,252.000000,0.944444,0.166667,0.000000,0.166667
2022-05-31,2022-06-01,XPOF,Protein/Fitness,-0.352393,1.887326,0.004119,215.000000,0.166667,-0.166667,-0.250000,0.000000
2022-06-30,2022-07-01,AMWL,Telehealth,-0.116860,1.519980,-0.002502,252.000000,0.388889,0.000000,-0.250000,0.000000
2022-06-30,2022-07-01,ANF,Apparel,-0.443849,1.368613,-0.001845,252.000000,0.055556,-0.166667,-0.250000,0.000000
2022-06-30,2022-07-01,BDX,CDMO/Pens,0.168787,0.311667,0.000112,252.000000,0.833333,0.166667,-0.250000,0.166667
2022-06-30,2022-07-01,BRBR,Protein/Fitness,-0.036510,0.693484,-0.000136,252.000000,0.611111,0.000000,0.000000,0.000000
2022-06-30,2022-07-01,GAP,Apparel,-0.373743,1.470425,-0.003551,252.000000,0.166667,-0.166667,0.000000,0.000000
2022-06-30,2022-07-01,HIMS,Telehealth,0.050994,1.622555,-0.001955,252.000000,0.722222,0.166667,0.250000,0.166667
2022-06-30,2022-07-01,HLF,Protein/Fitness,-0.075233,0.531715,-0.003039,252.000000,0.444444,0.000000,0.000000,0.000000
2022-06-30,2022-07-01,LFMD,Telehealth,-0.040638,1.365335,-0.005036,252.000000,0.555556,0.000000,0.000000,0.000000
2022-06-30,2022-07-01,LULU,Apparel,0.117220,1.440617,-0.000473,252.000000,0.777778,0.166667,0.250000,0.166667
2022-06-30,2022-07-01,PLNT,Protein/Fitness,-0.320685,1.231810,0.000950,252.000000,0.222222,-0.166667,0.000000,0.000000
2022-06-30,2022-07-01,SMPL,Protein/Fitness,-0.010110,1.037497,0.000786,252.000000,0.666667,0.000000,0.250000,0.000000
2022-06-30,2022-07-01,SPY,Hedge,,,,,,0.000000,0.000000,-1.017020
2022-06-30,2022-07-01,STVN,CDMO/Pens,0.480210,0.976592,-0.000752,241.000000,1.000000,0.166667,0.250000,0.166667
2022-06-30,2022-07-01,TDOC,Telehealth,-0.041480,1.682413,-0.004390,252.000000,0.500000,0.000000,0.000000,0.000000
2022-06-30,2022-07-01,TJX,Apparel,-0.192313,0.952143,0.000211,252.000000,0.333333,-0.166667,0.000000,0.000000
2022-06-30,2022-07-01,TMO,CDMO/Pens,0.316865,0.820861,0.000192,252.000000,0.888889,0.166667,0.000000,0.166667
2022-06-30,2022-07-01,URBN,Apparel,-0.264191,1.179454,-0.001759,252.000000,0.277778,-0.166667,0.000000,0.000000
2022-06-30,2022-07-01,WST,CDMO/Pens,0.375394,0.929825,-0.000793,252.000000,0.944444,0.166667,0.000000,0.166667
2022-06-30,2022-07-01,XPOF,Protein/Fitness,-0.403895,1.798992,0.002935,236.000000,0.111111,-0.166667,-0.250000,0.000000
2022-07-29,2022-08-01,AMWL,Telehealth,-0.123115,1.587048,-0.002959,252.000000,0.444444,0.000000,0.000000,0.000000
2022-07-29,2022-08-01,ANF,Apparel,-0.438910,1.365872,-0.001367,252.000000,0.055556,-0.166667,-0.250000,0.000000
2022-07-29,2022-08-01,BDX,CDMO/Pens,0.185741,0.335369,-0.000146,252.000000,0.833333,0.166667,-0.250000,0.166667
2022-07-29,2022-08-01,BRBR,Protein/Fitness,-0.037505,0.684008,-0.000642,252.000000,0.666667,0.000000,0.000000,0.000000
2022-07-29,2022-08-01,GAP,Apparel,-0.379286,1.453199,-0.002742,252.000000,0.166667,-0.166667,0.000000,0.000000
2022-07-29,2022-08-01,HIMS,Telehealth,-0.073511,1.754421,0.000343,252.000000,0.611111,0.000000,0.250000,0.000000
2022-07-29,2022-08-01,HLF,Protein/Fitness,-0.116282,0.535366,-0.002279,252.000000,0.500000,0.000000,0.000000,0.000000
2022-07-29,2022-08-01,LFMD,Telehealth,-0.220024,1.473157,-0.003626,252.000000,0.333333,-0.166667,-0.250000,0.000000
2022-07-29,2022-08-01,LULU,Apparel,0.078282,1.471338,-0.000561,252.000000,0.777778,0.166667,0.250000,0.166667
2022-07-29,2022-08-01,PLNT,Protein/Fitness,-0.309211,1.199627,0.001071,252.000000,0.222222,-0.166667,0.000000,0.000000
2022-07-29,2022-08-01,SMPL,Protein/Fitness,-0.025625,0.987366,-0.000107,252.000000,0.722222,0.166667,0.250000,0.166667
2022-07-29,2022-08-01,SPY,Hedge,,,,,,0.000000,0.000000,-0.939802
2022-07-29,2022-08-01,STVN,CDMO/Pens,0.490665,0.991339,-0.000589,252.000000,1.000000,0.166667,0.250000,0.166667
2022-07-29,2022-08-01,TDOC,Telehealth,-0.103315,1.767026,-0.003893,252.000000,0.555556,0.000000,0.000000,0.000000
2022-07-29,2022-08-01,TJX,Apparel,-0.170817,0.927033,0.000162,252.000000,0.388889,0.000000,0.000000,0.000000
2022-07-29,2022-08-01,TMO,CDMO/Pens,0.346630,0.868792,0.000255,252.000000,0.888889,0.166667,0.000000,0.166667
2022-07-29,2022-08-01,URBN,Apparel,-0.278379,1.182825,-0.001254,252.000000,0.277778,-0.166667,0.000000,0.000000
2022-07-29,2022-08-01,WST,CDMO/Pens,0.368845,0.984608,-0.000813,252.000000,0.944444,0.166667,0.000000,0.166667
2022-07-29,2022-08-01,XPOF,Protein/Fitness,-0.436696,1.828610,0.003007,252.000000,0.111111,-0.166667,-0.250000,0.000000
2022-08-31,2022-09-01,AMWL,Telehealth,-0.241961,1.582257,-0.001501,252.000000,0.388889,0.000000,-0.250000,0.000000
2022-08-31,2022-09-01,ANF,Apparel,-0.371570,1.353982,-0.001861,252.000000,0.111111,-0.166667,-0.250000,0.000000
2022-08-31,2022-09-01,BDX,CDMO/Pens,0.181733,0.368776,0.000228,252.000000,0.833333,0.166667,-0.250000,0.166667
2022-08-31,2022-09-01,BRBR,Protein/Fitness,-0.028389,0.687468,-0.000648,252.000000,0.666667,0.000000,0.250000,0.000000
2022-08-31,2022-09-01,GAP,Apparel,-0.346704,1.406039,-0.002472,252.000000,0.166667,-0.166667,0.000000,0.000000
2022-08-31,2022-09-01,HIMS,Telehealth,0.040089,1.737915,0.000729,252.000000,0.777778,0.166667,0.250000,0.166667
2022-08-31,2022-09-01,HLF,Protein/Fitness,-0.305601,0.620614,-0.001646,252.000000,0.277778,-0.166667,0.000000,0.000000
2022-08-31,2022-09-01,LFMD,Telehealth,-0.192219,1.377908,-0.002396,252.000000,0.444444,0.000000,0.000000,0.000000
2022-08-31,2022-09-01,LULU,Apparel,0.019966,1.470201,-0.000193,252.000000,0.722222,0.166667,0.250000,0.166667
2022-08-31,2022-09-01,PLNT,Protein/Fitness,-0.264326,1.182843,0.000315,252.000000,0.333333,-0.166667,0.000000,0.000000
2022-08-31,2022-09-01,SMPL,Protein/Fitness,-0.029110,0.976756,0.000060,252.000000,0.611111,0.000000,0.000000,0.000000
2022-08-31,2022-09-01,SPY,Hedge,,,,,,0.000000,0.000000,-1.080297
2022-08-31,2022-09-01,STVN,CDMO/Pens,0.469585,0.998738,-0.001094,252.000000,1.000000,0.166667,0.250000,0.166667
2022-08-31,2022-09-01,TDOC,Telehealth,-0.148748,1.817814,-0.003726,252.000000,0.555556,0.000000,0.000000,0.000000
2022-08-31,2022-09-01,TJX,Apparel,-0.152437,0.931969,0.000167,252.000000,0.500000,0.000000,0.000000,0.000000
2022-08-31,2022-09-01,TMO,CDMO/Pens,0.299217,0.896888,0.000179,252.000000,0.888889,0.166667,0.000000,0.166667
2022-08-31,2022-09-01,URBN,Apparel,-0.325805,1.179566,-0.000701,252.000000,0.222222,-0.166667,0.000000,0.000000
2022-08-31,2022-09-01,WST,CDMO/Pens,0.304254,1.009264,-0.001323,252.000000,0.944444,0.166667,0.000000,0.166667
2022-08-31,2022-09-01,XPOF,Protein/Fitness,-0.434072,1.859992,0.004485,252.000000,0.055556,-0.166667,-0.250000,0.000000
2022-09-30,2022-10-03,AMWL,Telehealth,-0.179255,1.531151,-0.001495,252.000000,0.388889,0.000000,-0.250000,0.000000
2022-09-30,2022-10-03,ANF,Apparel,-0.311357,1.362569,-0.001391,252.000000,0.166667,-0.166667,-0.250000,0.000000
2022-09-30,2022-10-03,BDX,CDMO/Pens,0.183032,0.415131,-0.000154,252.000000,0.833333,0.166667,-0.250000,0.166667
2022-09-30,2022-10-03,BRBR,Protein/Fitness,-0.063951,0.692037,-0.000628,252.000000,0.555556,0.000000,0.000000,0.000000
2022-09-30,2022-10-03,GAP,Apparel,-0.308798,1.438753,-0.001853,252.000000,0.222222,-0.166667,0.000000,0.000000
2022-09-30,2022-10-03,HIMS,Telehealth,0.119012,1.747218,0.000593,252.000000,0.777778,0.166667,0.250000,0.166667
2022-09-30,2022-10-03,HLF,Protein/Fitness,-0.365549,0.671070,-0.001679,252.000000,0.111111,-0.166667,0.000000,0.000000
2022-09-30,2022-10-03,LFMD,Telehealth,-0.049887,1.397120,-0.002366,252.000000,0.611111,0.000000,0.000000,0.000000
2022-09-30,2022-10-03,LULU,Apparel,0.075020,1.480956,-0.000300,252.000000,0.722222,0.166667,0.250000,0.166667
2022-09-30,2022-10-03,PLNT,Protein/Fitness,-0.244755,1.198370,0.000156,252.000000,0.333333,-0.166667,0.000000,0.000000
2022-09-30,2022-10-03,SMPL,Protein/Fitness,-0.048555,0.924423,0.000565,252.000000,0.666667,0.000000,0.250000,0.000000
2022-09-30,2022-10-03,SPY,Hedge,,,,,,0.000000,0.000000,-1.090505
2022-09-30,2022-10-03,STVN,CDMO/Pens,0.459999,0.971610,-0.001113,252.000000,1.000000,0.166667,0.250000,0.166667
2022-09-30,2022-10-03,TDOC,Telehealth,-0.109059,1.892140,-0.003579,252.000000,0.500000,0.000000,0.000000,0.000000
2022-09-30,2022-10-03,TJX,Apparel,-0.137751,0.925912,0.000763,252.000000,0.444444,0.000000,0.000000,0.000000
2022-09-30,2022-10-03,TMO,CDMO/Pens,0.295092,0.894851,-0.000190,252.000000,0.944444,0.166667,0.000000,0.166667
2022-09-30,2022-10-03,URBN,Apparel,-0.303521,1.197215,-0.000012,252.000000,0.277778,-0.166667,0.000000,0.000000
2022-09-30,2022-10-03,WST,CDMO/Pens,0.288174,1.033265,-0.001715,252.000000,0.888889,0.166667,0.000000,0.166667
2022-09-30,2022-10-03,XPOF,Protein/Fitness,-0.448027,1.720368,0.004251,252.000000,0.055556,-0.166667,-0.250000,0.000000
2022-10-31,2022-11-01,AMWL,Telehealth,-0.166513,1.531058,-0.001000,252.000000,0.388889,0.000000,-0.250000,0.000000
2022-10-31,2022-11-01,ANF,Apparel,-0.287294,1.340920,-0.001237,252.000000,0.222222,-0.166667,0.000000,0.000000
2022-10-31,2022-11-01,BDX,CDMO/Pens,0.210466,0.463662,0.000173,252.000000,0.833333,0.166667,-0.250000,0.166667
2022-10-31,2022-11-01,BRBR,Protein/Fitness,-0.017614,0.768726,0.000490,252.000000,0.611111,0.000000,0.250000,0.000000
2022-10-31,2022-11-01,GAP,Apparel,-0.275290,1.425109,-0.000685,252.000000,0.277778,-0.166667,0.000000,0.000000
2022-10-31,2022-11-01,HIMS,Telehealth,0.158942,1.595540,-0.000567,252.000000,0.777778,0.166667,0.250000,0.166667
2022-10-31,2022-11-01,HLF,Protein/Fitness,-0.383266,0.740311,-0.001752,252.000000,0.111111,-0.166667,0.000000,0.000000
2022-10-31,2022-11-01,LFMD,Telehealth,-0.005719,1.311003,-0.001298,252.000000,0.666667,0.000000,0.000000,0.000000
2022-10-31,2022-11-01,LULU,Apparel,0.059394,1.446112,-0.000266,252.000000,0.722222,0.166667,0.250000,0.166667
2022-10-31,2022-11-01,PLNT,Protein/Fitness,-0.211255,1.161374,0.000467,252.000000,0.333333,-0.166667,0.000000,0.000000
2022-10-31,2022-11-01,SMPL,Protein/Fitness,-0.028037,0.975439,0.000694,252.000000,0.555556,0.000000,0.000000,0.000000
2022-10-31,2022-11-01,SPY,Hedge,,,,,,0.000000,0.000000,-1.080743
2022-10-31,2022-11-01,STVN,CDMO/Pens,0.494910,0.991653,-0.001197,252.000000,1.000000,0.166667,0.250000,0.166667
2022-10-31,2022-11-01,TDOC,Telehealth,-0.130594,1.858008,-0.003665,252.000000,0.444444,0.000000,0.000000,0.000000
2022-10-31,2022-11-01,TJX,Apparel,-0.130028,0.928803,0.001322,252.000000,0.500000,0.000000,0.000000,0.000000
2022-10-31,2022-11-01,TMO,CDMO/Pens,0.301746,0.916971,-0.000540,252.000000,0.888889,0.166667,0.000000,0.166667
2022-10-31,2022-11-01,URBN,Apparel,-0.299092,1.201063,0.000389,252.000000,0.166667,-0.166667,-0.250000,0.000000
2022-10-31,2022-11-01,WST,CDMO/Pens,0.321983,1.070521,-0.002010,252.000000,0.944444,0.166667,0.000000,0.166667
2022-10-31,2022-11-01,XPOF,Protein/Fitness,-0.465123,1.574420,0.003045,252.000000,0.055556,-0.166667,-0.250000,0.000000
2022-11-30,2022-12-01,AMWL,Telehealth,-0.206484,1.508839,-0.000436,252.000000,0.444444,0.000000,0.000000,0.000000
2022-11-30,2022-12-01,ANF,Apparel,-0.348628,1.388475,0.000280,252.000000,0.222222,-0.166667,0.000000,0.000000
2022-11-30,2022-12-01,BDX,CDMO/Pens,0.162630,0.512991,0.000352,252.000000,0.777778,0.166667,-0.250000,0.166667
2022-11-30,2022-12-01,BRBR,Protein/Fitness,-0.010804,0.773357,0.001268,252.000000,0.611111,0.000000,0.000000,0.000000
2022-11-30,2022-12-01,GAP,Apparel,-0.370053,1.413747,0.001343,252.000000,0.166667,-0.166667,-0.250000,0.000000
2022-11-30,2022-12-01,HIMS,Telehealth,0.203211,1.671530,0.000935,252.000000,0.944444,0.166667,0.250000,0.166667
2022-11-30,2022-12-01,HLF,Protein/Fitness,-0.560804,0.840629,-0.001326,252.000000,0.055556,-0.166667,-0.250000,0.000000
2022-11-30,2022-12-01,LFMD,Telehealth,-0.223326,1.327979,-0.000043,252.000000,0.388889,0.000000,0.000000,0.000000
2022-11-30,2022-12-01,LULU,Apparel,0.024123,1.466709,0.000104,252.000000,0.666667,0.000000,0.250000,0.000000
2022-11-30,2022-12-01,PLNT,Protein/Fitness,-0.149354,1.064934,0.000707,252.000000,0.500000,0.000000,0.000000,0.000000
2022-11-30,2022-12-01,SMPL,Protein/Fitness,0.040314,0.941661,0.000779,252.000000,0.722222,0.166667,0.250000,0.166667
2022-11-30,2022-12-01,SPY,Hedge,,,,,,0.000000,0.000000,-1.054402
2022-11-30,2022-12-01,STVN,CDMO/Pens,0.426688,1.041176,-0.001576,252.000000,1.000000,0.166667,0.250000,0.166667
2022-11-30,2022-12-01,TDOC,Telehealth,-0.235399,1.912694,-0.002502,252.000000,0.333333,-0.166667,-0.250000,0.000000
2022-11-30,2022-12-01,TJX,Apparel,-0.114991,0.883055,0.001273,252.000000,0.555556,0.000000,0.000000,0.000000
2022-11-30,2022-12-01,TMO,CDMO/Pens,0.191427,0.984755,-0.000310,252.000000,0.888889,0.166667,0.000000,0.166667
2022-11-30,2022-12-01,URBN,Apparel,-0.321355,1.205311,0.001005,252.000000,0.277778,-0.166667,0.000000,0.000000
2022-11-30,2022-12-01,WST,CDMO/Pens,0.190739,1.174298,-0.002146,252.000000,0.833333,0.166667,0.000000,0.166667
2022-11-30,2022-12-01,XPOF,Protein/Fitness,-0.398491,1.475045,0.002529,252.000000,0.111111,-0.166667,0.000000,0.000000
2022-12-30,2023-01-03,AMWL,Telehealth,-0.045283,1.532985,-0.000796,252.000000,0.500000,0.000000,0.000000,0.000000
2022-12-30,2023-01-03,ANF,Apparel,-0.313172,1.370912,0.000695,252.000000,0.166667,-0.166667,0.000000,0.000000
2022-12-30,2023-01-03,BDX,CDMO/Pens,0.178097,0.554254,0.000379,252.000000,0.888889,0.166667,0.000000,0.166667
2022-12-30,2023-01-03,BRBR,Protein/Fitness,0.086736,0.768342,0.000380,252.000000,0.666667,0.000000,0.000000,0.000000
2022-12-30,2023-01-03,GAP,Apparel,-0.327046,1.421254,0.000588,252.000000,0.111111,-0.166667,-0.250000,0.000000
2022-12-30,2023-01-03,HIMS,Telehealth,0.160293,1.621669,0.001836,252.000000,0.777778,0.166667,0.250000,0.166667
2022-12-30,2023-01-03,HLF,Protein/Fitness,-0.578361,0.888371,-0.001741,252.000000,0.055556,-0.166667,-0.250000,0.000000
2022-12-30,2023-01-03,LFMD,Telehealth,-0.297024,1.260923,-0.000346,252.000000,0.222222,-0.166667,-0.250000,0.000000
2022-12-30,2023-01-03,LULU,Apparel,0.051096,1.472725,0.000553,252.000000,0.611111,0.000000,0.250000,0.000000
2022-12-30,2023-01-03,PLNT,Protein/Fitness,-0.066051,1.048134,0.000581,252.000000,0.444444,0.000000,0.000000,0.000000
2022-12-30,2023-01-03,SMPL,Protein/Fitness,0.127636,0.945267,0.000404,252.000000,0.722222,0.166667,0.250000,0.166667
2022-12-30,2023-01-03,SPY,Hedge,,,,,,0.000000,0.000000,-1.069239
2022-12-30,2023-01-03,STVN,CDMO/Pens,0.440737,1.080455,-0.000268,252.000000,1.000000,0.166667,0.250000,0.166667
2022-12-30,2023-01-03,TDOC,Telehealth,-0.019522,1.980896,-0.002468,252.000000,0.555556,0.000000,0.000000,0.000000
2022-12-30,2023-01-03,TJX,Apparel,-0.088558,0.861777,0.001232,252.000000,0.388889,0.000000,0.000000,0.000000
2022-12-30,2023-01-03,TMO,CDMO/Pens,0.177122,1.012229,-0.000126,252.000000,0.833333,0.166667,-0.250000,0.166667
2022-12-30,2023-01-03,URBN,Apparel,-0.274106,1.185788,0.000875,252.000000,0.333333,-0.166667,0.000000,0.000000
2022-12-30,2023-01-03,WST,CDMO/Pens,0.182820,1.201559,-0.001853,252.000000,0.944444,0.166667,0.000000,0.166667
2022-12-30,2023-01-03,XPOF,Protein/Fitness,-0.291737,1.418614,0.002859,252.000000,0.277778,-0.166667,0.000000,0.000000
2023-01-31,2023-02-01,AMWL,Telehealth,-0.149554,1.503549,0.001114,252.000000,0.388889,0.000000,0.000000,0.000000
2023-01-31,2023-02-01,ANF,Apparel,-0.391188,1.357214,0.000936,252.000000,0.166667,-0.166667,-0.250000,0.000000
2023-01-31,2023-02-01,BDX,CDMO/Pens,0.205032,0.569320,-0.000056,252.000000,0.944444,0.166667,0.000000,0.166667
2023-01-31,2023-02-01,BRBR,Protein/Fitness,0.106838,0.774855,0.001006,252.000000,0.833333,0.166667,0.000000,0.166667
2023-01-31,2023-02-01,GAP,Apparel,-0.293157,1.440151,0.000576,252.000000,0.277778,-0.166667,0.000000,0.000000
2023-01-31,2023-02-01,HIMS,Telehealth,0.084287,1.599179,0.003652,252.000000,0.722222,0.166667,0.250000,0.166667
2023-01-31,2023-02-01,HLF,Protein/Fitness,-0.592622,0.911331,-0.001669,252.000000,0.055556,-0.166667,-0.250000,0.000000
2023-01-31,2023-02-01,LFMD,Telehealth,-0.206312,1.189479,-0.000247,252.000000,0.333333,-0.166667,-0.250000,0.000000
2023-01-31,2023-02-01,LULU,Apparel,0.036280,1.441646,0.000531,252.000000,0.611111,0.000000,0.250000,0.000000
2023-01-31,2023-02-01,PLNT,Protein/Fitness,-0.098765,1.004603,0.000645,252.000000,0.500000,0.000000,0.000000,0.000000
2023-01-31,2023-02-01,SMPL,Protein/Fitness,0.142144,0.915381,0.000386,252.000000,0.888889,0.166667,0.250000,0.166667
2023-01-31,2023-02-01,SPY,Hedge,,,,,,0.000000,0.000000,-0.982477
2023-01-31,2023-02-01,STVN,CDMO/Pens,0.330824,1.042751,0.000808,252.000000,1.000000,0.166667,0.250000,0.166667
2023-01-31,2023-02-01,TDOC,Telehealth,-0.102500,1.990293,-0.001339,252.000000,0.444444,0.000000,0.000000,0.000000
2023-01-31,2023-02-01,TJX,Apparel,-0.090270,0.838773,0.001109,252.000000,0.555556,0.000000,0.000000,0.000000
2023-01-31,2023-02-01,TMO,CDMO/Pens,0.101280,0.993377,0.000176,252.000000,0.777778,0.166667,0.000000,0.166667
2023-01-31,2023-02-01,URBN,Apparel,-0.305833,1.210086,0.001147,252.000000,0.222222,-0.166667,0.000000,0.000000
2023-01-31,2023-02-01,WST,CDMO/Pens,0.081118,1.179156,-0.001162,252.000000,0.666667,0.000000,-0.250000,0.000000
2023-01-31,2023-02-01,XPOF,Protein/Fitness,-0.403794,1.337284,0.003693,252.000000,0.111111,-0.166667,0.000000,0.000000
2023-02-28,2023-03-01,AMWL,Telehealth,-0.167972,1.501412,0.000107,252.000000,0.444444,0.000000,0.000000,0.000000
2023-02-28,2023-03-01,ANF,Apparel,-0.345201,1.340376,0.000639,252.000000,0.166667,-0.166667,-0.250000,0.000000
2023-02-28,2023-03-01,BDX,CDMO/Pens,0.252236,0.622456,-0.000555,252.000000,1.000000,0.166667,0.250000,0.166667
2023-02-28,2023-03-01,BRBR,Protein/Fitness,0.143923,0.818011,0.001160,252.000000,0.833333,0.166667,0.000000,0.166667
2023-02-28,2023-03-01,GAP,Apparel,-0.286263,1.424592,0.001125,252.000000,0.333333,-0.166667,0.000000,0.000000
2023-02-28,2023-03-01,HIMS,Telehealth,-0.094372,1.520571,0.004409,252.000000,0.500000,0.000000,0.250000,0.000000
2023-02-28,2023-03-01,HLF,Protein/Fitness,-0.704501,0.985466,-0.000492,252.000000,0.055556,-0.166667,-0.250000,0.000000
2023-02-28,2023-03-01,LFMD,Telehealth,-0.313031,1.101756,-0.001018,252.000000,0.222222,-0.166667,-0.250000,0.000000
2023-02-28,2023-03-01,LULU,Apparel,0.018141,1.416116,0.000648,252.000000,0.722222,0.166667,0.250000,0.166667
2023-02-28,2023-03-01,PLNT,Protein/Fitness,-0.038021,1.030706,0.000362,252.000000,0.666667,0.000000,0.000000,0.000000
2023-02-28,2023-03-01,SMPL,Protein/Fitness,0.157815,0.928461,0.000175,252.000000,0.888889,0.166667,0.250000,0.166667
2023-02-28,2023-03-01,SPY,Hedge,,,,,,0.000000,0.000000,-0.965627
2023-02-28,2023-03-01,STVN,CDMO/Pens,0.210852,0.990470,0.001579,252.000000,0.944444,0.166667,0.000000,0.166667
2023-02-28,2023-03-01,TDOC,Telehealth,-0.239762,1.949388,-0.001537,252.000000,0.388889,0.000000,0.000000,0.000000
2023-02-28,2023-03-01,TJX,Apparel,-0.051516,0.790595,0.001057,252.000000,0.611111,0.000000,0.000000,0.000000
2023-02-28,2023-03-01,TMO,CDMO/Pens,0.138209,1.018250,0.000181,252.000000,0.777778,0.166667,0.000000,0.166667
2023-02-28,2023-03-01,URBN,Apparel,-0.301232,1.216283,0.001241,252.000000,0.277778,-0.166667,0.000000,0.000000
2023-02-28,2023-03-01,WST,CDMO/Pens,-0.055256,1.146028,-0.000071,252.000000,0.555556,0.000000,-0.250000,0.000000
2023-02-28,2023-03-01,XPOF,Protein/Fitness,-0.351132,1.325243,0.002356,252.000000,0.111111,-0.166667,0.000000,0.000000
2023-03-31,2023-04-03,AMWL,Telehealth,-0.218900,1.454140,-0.000564,252.000000,0.444444,0.000000,0.000000,0.000000
2023-03-31,2023-04-03,ANF,Apparel,-0.353122,1.317705,0.001074,252.000000,0.111111,-0.166667,-0.250000,0.000000
2023-03-31,2023-04-03,BDX,CDMO/Pens,0.252578,0.649979,-0.000267,252.000000,1.000000,0.166667,0.250000,0.166667
2023-03-31,2023-04-03,BRBR,Protein/Fitness,0.173499,0.896425,0.001847,252.000000,0.833333,0.166667,0.000000,0.166667
2023-03-31,2023-04-03,GAP,Apparel,-0.323335,1.425343,0.000278,252.000000,0.166667,-0.166667,0.000000,0.000000
2023-03-31,2023-04-03,HIMS,Telehealth,-0.129478,1.378040,0.003926,252.000000,0.500000,0.000000,0.250000,0.000000
2023-03-31,2023-04-03,HLF,Protein/Fitness,-0.714661,1.032176,-0.000348,252.000000,0.055556,-0.166667,-0.250000,0.000000
2023-03-31,2023-04-03,LFMD,Telehealth,-0.313975,1.077959,-0.000944,252.000000,0.277778,-0.166667,-0.250000,0.000000
2023-03-31,2023-04-03,LULU,Apparel,-0.030614,1.386820,0.000748,252.000000,0.666667,0.000000,0.000000,0.000000
2023-03-31,2023-04-03,PLNT,Protein/Fitness,-0.056812,1.000951,0.000293,252.000000,0.611111,0.000000,0.000000,0.000000
2023-03-31,2023-04-03,SMPL,Protein/Fitness,0.174408,0.908919,0.000404,252.000000,0.888889,0.166667,0.250000,0.166667
2023-03-31,2023-04-03,SPY,Hedge,,,,,,0.000000,0.000000,-0.867672
2023-03-31,2023-04-03,STVN,CDMO/Pens,0.196812,0.977103,0.001458,252.000000,0.944444,0.166667,0.000000,0.166667
2023-03-31,2023-04-03,TDOC,Telehealth,-0.258597,1.872870,-0.001736,252.000000,0.388889,0.000000,0.000000,0.000000
2023-03-31,2023-04-03,TJX,Apparel,-0.026524,0.759935,0.001418,252.000000,0.722222,0.166667,0.250000,0.166667
2023-03-31,2023-04-03,TMO,CDMO/Pens,0.120795,1.013667,0.000183,252.000000,0.777778,0.166667,0.000000,0.166667
2023-03-31,2023-04-03,URBN,Apparel,-0.283181,1.177495,0.001518,252.000000,0.333333,-0.166667,0.000000,0.000000
2023-03-31,2023-04-03,WST,CDMO/Pens,-0.074458,1.123486,0.000047,252.000000,0.555556,0.000000,-0.250000,0.000000
2023-03-31,2023-04-03,XPOF,Protein/Fitness,-0.314245,1.306197,0.002541,252.000000,0.222222,-0.166667,0.000000,0.000000
2023-04-28,2023-05-01,AMWL,Telehealth,-0.255235,1.455181,-0.000585,252.000000,0.444444,0.000000,0.000000,0.000000
2023-04-28,2023-05-01,ANF,Apparel,-0.389803,1.299740,-0.000278,252.000000,0.166667,-0.166667,-0.250000,0.000000
2023-04-28,2023-05-01,BDX,CDMO/Pens,0.204011,0.640457,-0.000100,252.000000,1.000000,0.166667,0.250000,0.166667
2023-04-28,2023-05-01,BRBR,Protein/Fitness,0.151448,0.831042,0.001834,252.000000,0.944444,0.166667,0.250000,0.166667
2023-04-28,2023-05-01,GAP,Apparel,-0.374252,1.372828,0.000197,252.000000,0.222222,-0.166667,0.000000,0.000000
2023-04-28,2023-05-01,HIMS,Telehealth,-0.057016,1.418394,0.004523,252.000000,0.611111,0.000000,0.250000,0.000000
2023-04-28,2023-05-01,HLF,Protein/Fitness,-0.741492,1.049947,-0.000373,252.000000,0.055556,-0.166667,-0.250000,0.000000
2023-04-28,2023-05-01,LFMD,Telehealth,-0.445908,1.127621,0.000161,252.000000,0.111111,-0.166667,-0.250000,0.000000
2023-04-28,2023-05-01,LULU,Apparel,-0.029707,1.355277,0.000543,252.000000,0.722222,0.166667,0.250000,0.166667
2023-04-28,2023-05-01,PLNT,Protein/Fitness,-0.059310,1.003719,0.000408,252.000000,0.555556,0.000000,0.000000,0.000000
2023-04-28,2023-05-01,SMPL,Protein/Fitness,0.063239,0.861654,-0.000506,252.000000,0.777778,0.166667,0.000000,0.166667
2023-04-28,2023-05-01,SPY,Hedge,,,,,,0.000000,0.000000,-0.945493
2023-04-28,2023-05-01,STVN,CDMO/Pens,0.146104,0.974442,0.002032,252.000000,0.888889,0.166667,0.000000,0.166667
2023-04-28,2023-05-01,TDOC,Telehealth,-0.268081,1.897759,-0.001366,252.000000,0.388889,0.000000,0.000000,0.000000
2023-04-28,2023-05-01,TJX,Apparel,-0.033526,0.723120,0.001153,252.000000,0.666667,0.000000,0.000000,0.000000
2023-04-28,2023-05-01,TMO,CDMO/Pens,0.119032,1.010085,0.000101,252.000000,0.833333,0.166667,0.000000,0.166667
2023-04-28,2023-05-01,URBN,Apparel,-0.335793,1.164558,0.001261,252.000000,0.333333,-0.166667,0.000000,0.000000
2023-04-28,2023-05-01,WST,CDMO/Pens,-0.143316,1.103455,0.000748,252.000000,0.500000,0.000000,-0.250000,0.000000
2023-04-28,2023-05-01,XPOF,Protein/Fitness,-0.363073,1.275002,0.002898,252.000000,0.277778,-0.166667,0.000000,0.000000
2023-05-31,2023-06-01,AMWL,Telehealth,-0.280362,1.413784,-0.001128,252.000000,0.333333,-0.166667,0.000000,0.000000
2023-05-31,2023-06-01,ANF,Apparel,-0.309354,1.279870,0.002267,252.000000,0.277778,-0.166667,0.000000,0.000000
2023-05-31,2023-06-01,BDX,CDMO/Pens,0.221141,0.704580,-0.000537,252.000000,1.000000,0.166667,0.250000,0.166667
2023-05-31,2023-06-01,BRBR,Protein/Fitness,0.192427,0.872382,0.001160,252.000000,0.944444,0.166667,0.250000,0.166667
2023-05-31,2023-06-01,GAP,Apparel,-0.359746,1.460398,-0.000361,252.000000,0.111111,-0.166667,-0.250000,0.000000
2023-05-31,2023-06-01,HIMS,Telehealth,-0.017465,1.366000,0.003715,252.000000,0.611111,0.000000,0.250000,0.000000
2023-05-31,2023-06-01,HLF,Protein/Fitness,-0.825617,1.202508,-0.000696,252.000000,0.055556,-0.166667,-0.250000,0.000000
2023-05-31,2023-06-01,LFMD,Telehealth,-0.353482,1.152493,0.000793,252.000000,0.166667,-0.166667,-0.250000,0.000000
2023-05-31,2023-06-01,LULU,Apparel,-0.056593,1.253915,0.000684,252.000000,0.555556,0.000000,0.000000,0.000000
2023-05-31,2023-06-01,PLNT,Protein/Fitness,0.055336,1.040411,-0.000320,252.000000,0.777778,0.166667,0.000000,0.166667
2023-05-31,2023-06-01,SMPL,Protein/Fitness,0.048734,0.777331,-0.000492,252.000000,0.666667,0.000000,0.000000,0.000000
2023-05-31,2023-06-01,SPY,Hedge,,,,,,0.000000,0.000000,-0.908809
2023-05-31,2023-06-01,STVN,CDMO/Pens,0.126789,1.059498,0.001917,252.000000,0.888889,0.166667,0.000000,0.166667
2023-05-31,2023-06-01,TDOC,Telehealth,-0.277352,2.146672,-0.000795,252.000000,0.388889,0.000000,0.000000,0.000000
2023-05-31,2023-06-01,TJX,Apparel,0.050465,0.781908,0.000652,252.000000,0.722222,0.166667,0.250000,0.166667
2023-05-31,2023-06-01,TMO,CDMO/Pens,0.079220,0.994073,-0.000597,252.000000,0.833333,0.166667,0.000000,0.166667
2023-05-31,2023-06-01,URBN,Apparel,-0.333639,1.122244,0.002143,252.000000,0.222222,-0.166667,0.000000,0.000000
2023-05-31,2023-06-01,WST,CDMO/Pens,-0.134759,1.154071,0.000499,252.000000,0.500000,0.000000,-0.250000,0.000000
2023-05-31,2023-06-01,XPOF,Protein/Fitness,-0.269949,1.301049,0.002212,252.000000,0.444444,0.000000,0.000000,0.000000
2023-06-30,2023-07-03,AMWL,Telehealth,-0.254445,1.583066,-0.003041,252.000000,0.444444,0.000000,0.000000,0.000000
2023-06-30,2023-07-03,ANF,Apparel,-0.270027,1.329758,0.003088,252.000000,0.388889,0.000000,0.000000,0.000000
2023-06-30,2023-07-03,BDX,CDMO/Pens,0.192793,0.721425,-0.000421,252.000000,1.000000,0.166667,0.250000,0.166667
2023-06-30,2023-07-03,BRBR,Protein/Fitness,0.190621,0.889053,0.000868,252.000000,0.944444,0.166667,0.250000,0.166667
2023-06-30,2023-07-03,GAP,Apparel,-0.390513,1.508639,0.000284,252.000000,0.111111,-0.166667,-0.250000,0.000000
2023-06-30,2023-07-03,HIMS,Telehealth,0.026941,1.465386,0.002464,252.000000,0.666667,0.000000,0.250000,0.000000
2023-06-30,2023-07-03,HLF,Protein/Fitness,-0.833099,1.297813,-0.000968,252.000000,0.055556,-0.166667,-0.250000,0.000000
2023-06-30,2023-07-03,LFMD,Telehealth,-0.308779,1.137709,0.003734,252.000000,0.333333,-0.166667,0.000000,0.000000
2023-06-30,2023-07-03,LULU,Apparel,-0.051172,1.315118,0.000582,252.000000,0.555556,0.000000,0.000000,0.000000
2023-06-30,2023-07-03,PLNT,Protein/Fitness,0.001973,0.972786,-0.000494,252.000000,0.611111,0.000000,0.000000,0.000000
2023-06-30,2023-07-03,SMPL,Protein/Fitness,0.031531,0.805248,-0.000913,252.000000,0.722222,0.166667,0.000000,0.166667
2023-06-30,2023-07-03,SPY,Hedge,,,,,,0.000000,0.000000,-0.881896
2023-06-30,2023-07-03,STVN,CDMO/Pens,0.173310,1.095730,0.002168,252.000000,0.888889,0.166667,0.000000,0.166667
2023-06-30,2023-07-03,TDOC,Telehealth,-0.315872,2.099081,-0.001560,252.000000,0.277778,-0.166667,-0.250000,0.000000
2023-06-30,2023-07-03,TJX,Apparel,0.042839,0.759258,0.001115,252.000000,0.777778,0.166667,0.250000,0.166667
2023-06-30,2023-07-03,TMO,CDMO/Pens,0.073065,1.020665,-0.000805,252.000000,0.833333,0.166667,0.000000,0.166667
2023-06-30,2023-07-03,URBN,Apparel,-0.332103,1.212377,0.002056,252.000000,0.166667,-0.166667,0.000000,0.000000
2023-06-30,2023-07-03,WST,CDMO/Pens,-0.135801,1.174563,0.000598,252.000000,0.500000,0.000000,-0.250000,0.000000
2023-06-30,2023-07-03,XPOF,Protein/Fitness,-0.324860,1.125716,0.001836,252.000000,0.222222,-0.166667,0.000000,0.000000
2023-07-31,2023-08-01,AMWL,Telehealth,-0.355749,1.544199,-0.001840,252.000000,0.222222,-0.166667,0.000000,0.000000
2023-07-31,2023-08-01,ANF,Apparel,-0.217358,1.301922,0.003342,252.000000,0.444444,0.000000,0.000000,0.000000
2023-07-31,2023-08-01,BDX,CDMO/Pens,0.152877,0.709376,0.000057,252.000000,0.944444,0.166667,0.250000,0.166667
2023-07-31,2023-08-01,BRBR,Protein/Fitness,0.218786,0.914314,0.000903,252.000000,1.000000,0.166667,0.250000,0.166667
2023-07-31,2023-08-01,GAP,Apparel,-0.425096,1.481377,0.000704,252.000000,0.166667,-0.166667,-0.250000,0.000000
2023-07-31,2023-08-01,HIMS,Telehealth,0.078716,1.436280,0.001343,252.000000,0.777778,0.166667,0.250000,0.166667
2023-07-31,2023-08-01,HLF,Protein/Fitness,-0.797030,1.384360,-0.000752,252.000000,0.055556,-0.166667,-0.250000,0.000000
2023-07-31,2023-08-01,LFMD,Telehealth,-0.245242,1.103968,0.003835,252.000000,0.388889,0.000000,0.000000,0.000000
2023-07-31,2023-08-01,LULU,Apparel,-0.022791,1.293405,0.000419,252.000000,0.555556,0.000000,0.000000,0.000000
2023-07-31,2023-08-01,PLNT,Protein/Fitness,0.012834,0.953391,-0.000983,252.000000,0.611111,0.000000,0.000000,0.000000
2023-07-31,2023-08-01,SMPL,Protein/Fitness,0.088536,0.833945,0.000255,252.000000,0.833333,0.166667,0.000000,0.166667
2023-07-31,2023-08-01,SPY,Hedge,,,,,,0.000000,0.000000,-0.958782
2023-07-31,2023-08-01,STVN,CDMO/Pens,0.139070,1.117053,0.001975,252.000000,0.888889,0.166667,0.000000,0.166667
2023-07-31,2023-08-01,TDOC,Telehealth,-0.428140,2.114016,-0.000664,252.000000,0.111111,-0.166667,-0.250000,0.000000
2023-07-31,2023-08-01,TJX,Apparel,0.046762,0.741721,0.001024,252.000000,0.722222,0.166667,0.250000,0.166667
2023-07-31,2023-08-01,TMO,CDMO/Pens,0.023035,0.992275,-0.000829,252.000000,0.666667,0.000000,0.000000,0.000000
2023-07-31,2023-08-01,URBN,Apparel,-0.288038,1.183774,0.002343,252.000000,0.333333,-0.166667,0.000000,0.000000
2023-07-31,2023-08-01,WST,CDMO/Pens,-0.136761,1.169225,0.000080,252.000000,0.500000,0.000000,-0.250000,0.000000
2023-07-31,2023-08-01,XPOF,Protein/Fitness,-0.325400,1.062645,0.002222,252.000000,0.277778,-0.166667,0.000000,0.000000
2023-08-31,2023-09-01,AMWL,Telehealth,-0.239613,1.682360,-0.004232,252.000000,0.222222,-0.166667,0.000000,0.000000
2023-08-31,2023-09-01,ANF,Apparel,-0.056681,1.339688,0.005110,252.000000,0.500000,0.000000,0.000000,0.000000
2023-08-31,2023-09-01,BDX,CDMO/Pens,0.168957,0.707422,-0.000275,252.000000,0.888889,0.166667,0.000000,0.166667
2023-08-31,2023-09-01,BRBR,Protein/Fitness,0.241985,0.923898,0.001303,252.000000,0.944444,0.166667,0.250000,0.166667
2023-08-31,2023-09-01,GAP,Apparel,-0.253340,1.581837,0.001082,252.000000,0.166667,-0.166667,-0.250000,0.000000
2023-08-31,2023-09-01,HIMS,Telehealth,-0.068897,1.421661,0.000295,252.000000,0.444444,0.000000,0.250000,0.000000
2023-08-31,2023-09-01,HLF,Protein/Fitness,-0.433777,1.428594,-0.001422,252.000000,0.055556,-0.166667,-0.250000,0.000000
2023-08-31,2023-09-01,LFMD,Telehealth,-0.294089,1.249886,0.002948,252.000000,0.111111,-0.166667,-0.250000,0.000000
2023-08-31,2023-09-01,LULU,Apparel,0.015390,1.288178,0.000328,252.000000,0.611111,0.000000,0.000000,0.000000
2023-08-31,2023-09-01,PLNT,Protein/Fitness,0.046252,0.944709,-0.000973,252.000000,0.777778,0.166667,0.000000,0.166667
2023-08-31,2023-09-01,SMPL,Protein/Fitness,-0.009672,0.800899,0.000321,252.000000,0.555556,0.000000,0.000000,0.000000
2023-08-31,2023-09-01,SPY,Hedge,,,,,,0.000000,0.000000,-0.939042
2023-08-31,2023-09-01,STVN,CDMO/Pens,0.295231,1.149745,0.001580,252.000000,1.000000,0.166667,0.250000,0.166667
2023-08-31,2023-09-01,TDOC,Telehealth,-0.219943,2.105172,-0.001323,252.000000,0.277778,-0.166667,0.000000,0.000000
2023-08-31,2023-09-01,TJX,Apparel,0.070970,0.719676,0.001095,252.000000,0.833333,0.166667,0.250000,0.166667
2023-08-31,2023-09-01,TMO,CDMO/Pens,0.019582,0.985165,-0.000490,252.000000,0.666667,0.000000,-0.250000,0.000000
2023-08-31,2023-09-01,URBN,Apparel,-0.075067,1.202107,0.001600,252.000000,0.388889,0.000000,0.000000,0.000000
2023-08-31,2023-09-01,WST,CDMO/Pens,0.044442,1.188803,0.000733,252.000000,0.722222,0.166667,0.000000,0.166667
2023-08-31,2023-09-01,XPOF,Protein/Fitness,-0.158203,1.023361,0.001233,252.000000,0.333333,-0.166667,0.000000,0.000000
2023-09-29,2023-10-02,AMWL,Telehealth,-0.217872,1.817222,-0.004697,252.000000,0.222222,-0.166667,0.000000,0.000000
2023-09-29,2023-10-02,ANF,Apparel,-0.073082,1.300373,0.004832,252.000000,0.500000,0.000000,0.000000,0.000000
2023-09-29,2023-10-02,BDX,CDMO/Pens,0.161858,0.697297,-0.000199,252.000000,0.888889,0.166667,0.000000,0.166667
2023-09-29,2023-10-02,BRBR,Protein/Fitness,0.250154,0.930061,0.001656,252.000000,0.944444,0.166667,0.250000,0.166667
2023-09-29,2023-10-02,GAP,Apparel,-0.276641,1.474644,0.001086,252.000000,0.166667,-0.166667,-0.250000,0.000000
2023-09-29,2023-10-02,HIMS,Telehealth,-0.114197,1.302734,0.000418,252.000000,0.333333,-0.166667,0.250000,0.000000
2023-09-29,2023-10-02,HLF,Protein/Fitness,-0.427152,1.478045,-0.001140,252.000000,0.055556,-0.166667,-0.250000,0.000000
2023-09-29,2023-10-02,LFMD,Telehealth,-0.330867,1.117667,0.005778,252.000000,0.111111,-0.166667,-0.250000,0.000000
2023-09-29,2023-10-02,LULU,Apparel,0.046478,1.287038,0.000173,252.000000,0.722222,0.166667,0.000000,0.166667
2023-09-29,2023-10-02,PLNT,Protein/Fitness,0.092212,0.967792,-0.001241,252.000000,0.833333,0.166667,0.000000,0.166667
2023-09-29,2023-10-02,SMPL,Protein/Fitness,-0.029600,0.837190,-0.000029,252.000000,0.555556,0.000000,0.000000,0.000000
2023-09-29,2023-10-02,SPY,Hedge,,,,,,0.000000,0.000000,-0.965395
2023-09-29,2023-10-02,STVN,CDMO/Pens,0.297493,1.230850,0.000940,252.000000,1.000000,0.166667,0.250000,0.166667
2023-09-29,2023-10-02,TDOC,Telehealth,-0.202501,2.085918,-0.001976,252.000000,0.277778,-0.166667,0.000000,0.000000
2023-09-29,2023-10-02,TJX,Apparel,0.065247,0.679330,0.000949,252.000000,0.777778,0.166667,0.250000,0.166667
2023-09-29,2023-10-02,TMO,CDMO/Pens,-0.002404,0.992608,-0.000630,252.000000,0.611111,0.000000,-0.250000,0.000000
2023-09-29,2023-10-02,URBN,Apparel,-0.078931,1.136287,0.001491,252.000000,0.444444,0.000000,0.000000,0.000000
2023-09-29,2023-10-02,WST,CDMO/Pens,0.037146,1.153117,0.001003,252.000000,0.666667,0.000000,0.000000,0.000000
2023-09-29,2023-10-02,XPOF,Protein/Fitness,-0.112630,1.157366,-0.000379,252.000000,0.388889,0.000000,0.000000,0.000000
2023-10-31,2023-11-01,AMWL,Telehealth,-0.315799,1.747561,-0.004085,252.000000,0.111111,-0.166667,-0.250000,0.000000
2023-10-31,2023-11-01,ANF,Apparel,-0.017804,1.417809,0.004863,252.000000,0.611111,0.000000,0.000000,0.000000
2023-10-31,2023-11-01,BDX,CDMO/Pens,0.106066,0.621261,-0.000042,252.000000,0.833333,0.166667,0.000000,0.166667
2023-10-31,2023-11-01,BRBR,Protein/Fitness,0.222834,0.853168,0.001718,252.000000,0.944444,0.166667,0.250000,0.166667
2023-10-31,2023-11-01,GAP,Apparel,-0.239732,1.556361,0.001129,252.000000,0.222222,-0.166667,-0.250000,0.000000
2023-10-31,2023-11-01,HIMS,Telehealth,-0.112263,1.565043,0.001391,252.000000,0.388889,0.000000,0.250000,0.000000
2023-10-31,2023-11-01,HLF,Protein/Fitness,-0.362198,1.551080,-0.000733,252.000000,0.055556,-0.166667,-0.250000,0.000000
2023-10-31,2023-11-01,LFMD,Telehealth,-0.292904,1.379165,0.005861,252.000000,0.166667,-0.166667,0.000000,0.000000
2023-10-31,2023-11-01,LULU,Apparel,0.036023,1.317233,0.000385,252.000000,0.722222,0.166667,0.000000,0.166667
2023-10-31,2023-11-01,PLNT,Protein/Fitness,0.111788,1.021802,-0.000867,252.000000,0.888889,0.166667,0.000000,0.166667
2023-10-31,2023-11-01,SMPL,Protein/Fitness,-0.070820,0.696645,0.000053,252.000000,0.500000,0.000000,0.000000,0.000000
2023-10-31,2023-11-01,SPY,Hedge,,,,,,0.000000,0.000000,-0.950804
2023-10-31,2023-11-01,STVN,CDMO/Pens,0.287059,1.259593,0.001291,252.000000,1.000000,0.166667,0.250000,0.166667
2023-10-31,2023-11-01,TDOC,Telehealth,-0.196301,2.189165,-0.002118,252.000000,0.277778,-0.166667,0.000000,0.000000
2023-10-31,2023-11-01,TJX,Apparel,0.060368,0.631764,0.000525,252.000000,0.777778,0.166667,0.250000,0.166667
2023-10-31,2023-11-01,TMO,CDMO/Pens,-0.055211,0.973954,-0.000639,252.000000,0.555556,0.000000,-0.250000,0.000000
2023-10-31,2023-11-01,URBN,Apparel,-0.102024,1.119231,0.001423,252.000000,0.444444,0.000000,0.000000,0.000000
2023-10-31,2023-11-01,WST,CDMO/Pens,0.035032,1.168741,0.001073,252.000000,0.666667,0.000000,0.000000,0.000000
2023-10-31,2023-11-01,XPOF,Protein/Fitness,-0.131781,1.252846,-0.000559,252.000000,0.333333,-0.166667,0.000000,0.000000
2023-11-30,2023-12-01,AMWL,Telehealth,-0.338439,2.120720,-0.003741,252.000000,0.055556,-0.166667,-0.250000,0.000000
2023-11-30,2023-12-01,ANF,Apparel,-0.040000,1.106334,0.004515,252.000000,0.555556,0.000000,0.000000,0.000000
2023-11-30,2023-12-01,BDX,CDMO/Pens,0.150606,0.578442,-0.000620,252.000000,0.888889,0.166667,0.000000,0.166667
2023-11-30,2023-12-01,BRBR,Protein/Fitness,0.184717,0.776564,0.002399,252.000000,0.944444,0.166667,0.250000,0.166667
2023-11-30,2023-12-01,GAP,Apparel,-0.197137,1.524272,0.001466,252.000000,0.277778,-0.166667,-0.250000,0.000000
2023-11-30,2023-12-01,HIMS,Telehealth,-0.208527,1.583468,0.001557,252.000000,0.222222,-0.166667,0.000000,0.000000
2023-11-30,2023-12-01,HLF,Protein/Fitness,-0.216260,1.341591,-0.000999,252.000000,0.166667,-0.166667,-0.250000,0.000000
2023-11-30,2023-12-01,LFMD,Telehealth,-0.187268,1.517076,0.005448,252.000000,0.333333,-0.166667,0.250000,0.000000
2023-11-30,2023-12-01,LULU,Apparel,0.044546,1.250531,0.000137,252.000000,0.666667,0.000000,0.000000,0.000000
2023-11-30,2023-12-01,PLNT,Protein/Fitness,0.080610,1.089526,-0.001079,252.000000,0.777778,0.166667,0.000000,0.166667
2023-11-30,2023-12-01,SMPL,Protein/Fitness,-0.112926,0.747486,-0.000055,252.000000,0.444444,0.000000,0.000000,0.000000
2023-11-30,2023-12-01,SPY,Hedge,,,,,,0.000000,0.000000,-0.860496
2023-11-30,2023-12-01,STVN,CDMO/Pens,0.352557,1.138040,0.001128,252.000000,1.000000,0.166667,0.250000,0.166667
2023-11-30,2023-12-01,TDOC,Telehealth,-0.250056,2.240204,-0.002009,252.000000,0.111111,-0.166667,0.000000,0.000000
2023-11-30,2023-12-01,TJX,Apparel,0.073245,0.576211,-0.000041,252.000000,0.722222,0.166667,0.250000,0.166667
2023-11-30,2023-12-01,TMO,CDMO/Pens,-0.020863,0.897447,-0.000785,252.000000,0.611111,0.000000,-0.250000,0.000000
2023-11-30,2023-12-01,URBN,Apparel,-0.121727,0.958021,0.000797,252.000000,0.388889,0.000000,0.000000,0.000000
2023-11-30,2023-12-01,WST,CDMO/Pens,0.101364,1.004192,0.001115,252.000000,0.833333,0.166667,0.000000,0.166667
2023-11-30,2023-12-01,XPOF,Protein/Fitness,-0.054622,1.256879,-0.001601,252.000000,0.500000,0.000000,0.000000,0.000000
2023-12-29,2024-01-02,AMWL,Telehealth,-0.393518,2.267099,-0.003141,252.000000,0.055556,-0.166667,-0.250000,0.000000
2023-12-29,2024-01-02,ANF,Apparel,-0.046048,1.141687,0.004925,252.000000,0.500000,0.000000,0.000000,0.000000
2023-12-29,2024-01-02,BDX,CDMO/Pens,0.147354,0.541726,-0.000792,252.000000,0.888889,0.166667,0.000000,0.166667
2023-12-29,2024-01-02,BRBR,Protein/Fitness,0.193451,0.770526,0.002110,252.000000,0.944444,0.166667,0.250000,0.166667
2023-12-29,2024-01-02,GAP,Apparel,-0.223084,1.663815,0.001937,252.000000,0.222222,-0.166667,-0.250000,0.000000
2023-12-29,2024-01-02,HIMS,Telehealth,-0.189945,1.645763,0.000636,252.000000,0.333333,-0.166667,0.250000,0.000000
2023-12-29,2024-01-02,HLF,Protein/Fitness,-0.266213,1.359077,-0.000139,252.000000,0.166667,-0.166667,-0.250000,0.000000
2023-12-29,2024-01-02,LFMD,Telehealth,-0.211879,1.430245,0.006231,252.000000,0.277778,-0.166667,0.000000,0.000000
2023-12-29,2024-01-02,LULU,Apparel,0.025791,1.214171,0.000930,252.000000,0.666667,0.000000,0.000000,0.000000
2023-12-29,2024-01-02,PLNT,Protein/Fitness,0.065040,1.109271,-0.001138,252.000000,0.722222,0.166667,0.000000,0.166667
2023-12-29,2024-01-02,SMPL,Protein/Fitness,-0.103063,0.729922,-0.000231,252.000000,0.444444,0.000000,0.000000,0.000000
2023-12-29,2024-01-02,SPY,Hedge,,,,,,0.000000,0.000000,-0.865699
2023-12-29,2024-01-02,STVN,CDMO/Pens,0.336543,1.176441,0.000437,252.000000,1.000000,0.166667,0.250000,0.166667
2023-12-29,2024-01-02,TDOC,Telehealth,-0.274711,2.327365,-0.001590,252.000000,0.111111,-0.166667,0.000000,0.000000
2023-12-29,2024-01-02,TJX,Apparel,0.075442,0.643382,0.000039,252.000000,0.777778,0.166667,0.250000,0.166667
2023-12-29,2024-01-02,TMO,CDMO/Pens,-0.018403,0.905042,-0.000873,252.000000,0.611111,0.000000,-0.250000,0.000000
2023-12-29,2024-01-02,URBN,Apparel,-0.138062,1.022700,0.001143,252.000000,0.388889,0.000000,0.000000,0.000000
2023-12-29,2024-01-02,WST,CDMO/Pens,0.120555,0.952849,0.000690,252.000000,0.833333,0.166667,0.000000,0.166667
2023-12-29,2024-01-02,XPOF,Protein/Fitness,-0.029249,1.330696,-0.002331,252.000000,0.555556,0.000000,0.000000,0.000000
2024-01-31,2024-02-01,AMWL,Telehealth,-0.405417,2.332673,-0.005207,252.000000,0.055556,-0.166667,-0.250000,0.000000
2024-01-31,2024-02-01,ANF,Apparel,-0.028793,1.231797,0.004779,252.000000,0.555556,0.000000,0.000000,0.000000
2024-01-31,2024-02-01,BDX,CDMO/Pens,0.138917,0.552555,-0.000802,252.000000,0.833333,0.166667,0.000000,0.166667
2024-01-31,2024-02-01,BRBR,Protein/Fitness,0.142864,0.810030,0.001942,252.000000,0.944444,0.166667,0.250000,0.166667
2024-01-31,2024-02-01,GAP,Apparel,-0.222289,1.708159,0.001287,252.000000,0.222222,-0.166667,-0.250000,0.000000
2024-01-31,2024-02-01,HIMS,Telehealth,-0.212811,1.697276,0.000154,252.000000,0.333333,-0.166667,0.250000,0.000000
2024-01-31,2024-02-01,HLF,Protein/Fitness,-0.273126,1.540752,-0.001533,252.000000,0.166667,-0.166667,-0.250000,0.000000
2024-01-31,2024-02-01,LFMD,Telehealth,-0.321057,1.580446,0.005146,252.000000,0.111111,-0.166667,0.000000,0.000000
2024-01-31,2024-02-01,LULU,Apparel,-0.022845,1.293727,0.000766,252.000000,0.611111,0.000000,0.000000,0.000000
2024-01-31,2024-02-01,PLNT,Protein/Fitness,0.067370,1.168896,-0.001590,252.000000,0.777778,0.166667,0.000000,0.166667
2024-01-31,2024-02-01,SMPL,Protein/Fitness,-0.081695,0.622672,-0.000007,252.000000,0.500000,0.000000,0.000000,0.000000
2024-01-31,2024-02-01,SPY,Hedge,,,,,,0.000000,0.000000,-0.894147
2024-01-31,2024-02-01,STVN,CDMO/Pens,0.326427,1.180402,0.000583,252.000000,1.000000,0.166667,0.250000,0.166667
2024-01-31,2024-02-01,TDOC,Telehealth,-0.214079,2.226879,-0.002279,252.000000,0.277778,-0.166667,0.000000,0.000000
2024-01-31,2024-02-01,TJX,Apparel,0.060632,0.685041,0.000015,252.000000,0.722222,0.166667,0.250000,0.166667
2024-01-31,2024-02-01,TMO,CDMO/Pens,-0.015874,0.989144,-0.000863,252.000000,0.666667,0.000000,-0.250000,0.000000
2024-01-31,2024-02-01,URBN,Apparel,-0.141711,0.981769,0.001224,252.000000,0.388889,0.000000,0.000000,0.000000
2024-01-31,2024-02-01,WST,CDMO/Pens,0.140441,0.967960,0.000471,252.000000,0.888889,0.166667,0.000000,0.166667
2024-01-31,2024-02-01,XPOF,Protein/Fitness,-0.084728,1.560149,-0.003442,252.000000,0.444444,0.000000,0.000000,0.000000
2024-02-29,2024-03-01,AMWL,Telehealth,-0.448406,2.397970,-0.004123,252.000000,0.055556,-0.166667,-0.250000,0.000000
2024-02-29,2024-03-01,ANF,Apparel,-0.032153,1.173806,0.005203,252.000000,0.611111,0.000000,0.000000,0.000000
2024-02-29,2024-03-01,BDX,CDMO/Pens,0.111354,0.531236,-0.000703,252.000000,0.833333,0.166667,0.000000,0.166667
2024-02-29,2024-03-01,BRBR,Protein/Fitness,0.142214,0.815227,0.001325,252.000000,0.888889,0.166667,0.250000,0.166667
2024-02-29,2024-03-01,GAP,Apparel,-0.209233,1.675717,0.001023,252.000000,0.166667,-0.166667,-0.250000,0.000000
2024-02-29,2024-03-01,HIMS,Telehealth,-0.195785,1.745139,-0.000154,252.000000,0.222222,-0.166667,0.000000,0.000000
2024-02-29,2024-03-01,HLF,Protein/Fitness,-0.159610,1.282678,-0.003352,252.000000,0.277778,-0.166667,-0.250000,0.000000
2024-02-29,2024-03-01,LFMD,Telehealth,-0.300029,1.487842,0.006761,252.000000,0.111111,-0.166667,0.000000,0.000000
2024-02-29,2024-03-01,LULU,Apparel,-0.019972,1.249605,0.000525,252.000000,0.666667,0.000000,0.000000,0.000000
2024-02-29,2024-03-01,PLNT,Protein/Fitness,0.026298,1.076573,-0.001988,252.000000,0.777778,0.166667,0.000000,0.166667
2024-02-29,2024-03-01,SMPL,Protein/Fitness,-0.128967,0.623070,-0.000486,252.000000,0.388889,0.000000,0.000000,0.000000
2024-02-29,2024-03-01,SPY,Hedge,,,,,,0.000000,0.000000,-0.886499
2024-02-29,2024-03-01,STVN,CDMO/Pens,0.371133,1.175619,-0.000121,252.000000,1.000000,0.166667,0.250000,0.166667
2024-02-29,2024-03-01,TDOC,Telehealth,-0.153265,2.069676,-0.003421,252.000000,0.333333,-0.166667,0.250000,0.000000
2024-02-29,2024-03-01,TJX,Apparel,0.022291,0.748375,0.000270,252.000000,0.722222,0.166667,0.250000,0.166667
2024-02-29,2024-03-01,TMO,CDMO/Pens,-0.036964,0.987649,-0.000658,252.000000,0.555556,0.000000,-0.250000,0.000000
2024-02-29,2024-03-01,URBN,Apparel,-0.102267,0.944170,0.001305,252.000000,0.444444,0.000000,0.000000,0.000000
2024-02-29,2024-03-01,WST,CDMO/Pens,0.309658,0.971962,-0.001172,252.000000,0.944444,0.166667,0.000000,0.166667
2024-02-29,2024-03-01,XPOF,Protein/Fitness,-0.073274,1.541114,-0.003983,252.000000,0.500000,0.000000,0.000000,0.000000
2024-03-28,2024-04-01,AMWL,Telehealth,-0.481275,2.417056,-0.004715,252.000000,0.055556,-0.166667,-0.250000,0.000000
2024-03-28,2024-04-01,ANF,Apparel,-0.020512,1.275933,0.005406,252.000000,0.611111,0.000000,0.000000,0.000000
2024-03-28,2024-04-01,BDX,CDMO/Pens,0.098370,0.507610,-0.000597,252.000000,0.833333,0.166667,0.000000,0.166667
2024-03-28,2024-04-01,BRBR,Protein/Fitness,0.153253,0.791510,0.001088,252.000000,0.888889,0.166667,0.250000,0.166667
2024-03-28,2024-04-01,GAP,Apparel,-0.233800,1.683200,0.003752,252.000000,0.166667,-0.166667,-0.250000,0.000000
2024-03-28,2024-04-01,HIMS,Telehealth,-0.153075,1.812096,0.000596,252.000000,0.333333,-0.166667,0.250000,0.000000
2024-03-28,2024-04-01,HLF,Protein/Fitness,-0.219174,1.223895,-0.002062,252.000000,0.222222,-0.166667,-0.250000,0.000000
2024-03-28,2024-04-01,LFMD,Telehealth,-0.298332,1.629992,0.007848,252.000000,0.111111,-0.166667,0.000000,0.000000
2024-03-28,2024-04-01,LULU,Apparel,-0.041250,1.394680,-0.000542,252.000000,0.555556,0.000000,0.000000,0.000000
2024-03-28,2024-04-01,PLNT,Protein/Fitness,0.042725,1.063201,-0.001824,252.000000,0.777778,0.166667,0.000000,0.166667
2024-03-28,2024-04-01,SMPL,Protein/Fitness,-0.139982,0.575419,-0.000695,252.000000,0.388889,0.000000,0.000000,0.000000
2024-03-28,2024-04-01,SPY,Hedge,,,,,,0.000000,0.000000,-0.964376
2024-03-28,2024-04-01,STVN,CDMO/Pens,0.313753,0.845041,-0.000239,252.000000,0.944444,0.166667,0.000000,0.166667
2024-03-28,2024-04-01,TDOC,Telehealth,-0.168333,2.104032,-0.003370,252.000000,0.277778,-0.166667,0.000000,0.000000
2024-03-28,2024-04-01,TJX,Apparel,0.002490,0.704496,0.000396,252.000000,0.666667,0.000000,0.250000,0.000000
2024-03-28,2024-04-01,TMO,CDMO/Pens,-0.042147,0.951844,-0.000745,252.000000,0.500000,0.000000,-0.250000,0.000000
2024-03-28,2024-04-01,URBN,Apparel,-0.102710,0.969504,0.001347,252.000000,0.444444,0.000000,0.000000,0.000000
2024-03-28,2024-04-01,WST,CDMO/Pens,0.316979,0.989817,-0.001132,252.000000,1.000000,0.166667,0.250000,0.166667
2024-03-28,2024-04-01,XPOF,Protein/Fitness,0.037822,1.589078,-0.002813,252.000000,0.722222,0.166667,0.000000,0.166667
2024-04-30,2024-05-01,AMWL,Telehealth,-0.556473,2.259984,-0.005298,252.000000,0.055556,-0.166667,-0.250000,0.000000
2024-04-30,2024-05-01,ANF,Apparel,0.026832,1.346645,0.005953,252.000000,0.666667,0.000000,0.250000,0.000000
2024-04-30,2024-05-01,BDX,CDMO/Pens,0.096517,0.514347,-0.000961,252.000000,0.833333,0.166667,0.000000,0.166667
2024-04-30,2024-05-01,BRBR,Protein/Fitness,0.137671,0.895306,0.000800,252.000000,0.888889,0.166667,0.250000,0.166667
2024-04-30,2024-05-01,GAP,Apparel,-0.176244,1.645306,0.002766,252.000000,0.222222,-0.166667,-0.250000,0.000000
2024-04-30,2024-05-01,HIMS,Telehealth,-0.142205,1.837232,-0.000310,252.000000,0.333333,-0.166667,0.250000,0.000000
2024-04-30,2024-05-01,HLF,Protein/Fitness,-0.224510,1.263590,-0.001917,252.000000,0.111111,-0.166667,-0.250000,0.000000
2024-04-30,2024-05-01,LFMD,Telehealth,-0.216256,1.573956,0.008506,252.000000,0.166667,-0.166667,0.000000,0.000000
2024-04-30,2024-05-01,LULU,Apparel,-0.010924,1.324695,-0.001068,252.000000,0.555556,0.000000,0.000000,0.000000
2024-04-30,2024-05-01,PLNT,Protein/Fitness,0.042607,1.072850,-0.001969,252.000000,0.722222,0.166667,0.000000,0.166667
2024-04-30,2024-05-01,SMPL,Protein/Fitness,-0.088568,0.425807,0.000007,252.000000,0.444444,0.000000,0.000000,0.000000
2024-04-30,2024-05-01,SPY,Hedge,,,,,,0.000000,0.000000,-0.964086
2024-04-30,2024-05-01,STVN,CDMO/Pens,0.314331,0.747074,-0.000621,252.000000,0.944444,0.166667,0.000000,0.166667
2024-04-30,2024-05-01,TDOC,Telehealth,-0.161973,2.036563,-0.003653,252.000000,0.277778,-0.166667,0.000000,0.000000
2024-04-30,2024-05-01,TJX,Apparel,0.012626,0.682444,0.000218,252.000000,0.611111,0.000000,0.000000,0.000000
2024-04-30,2024-05-01,TMO,CDMO/Pens,-0.058286,0.938384,-0.000460,252.000000,0.500000,0.000000,-0.250000,0.000000
2024-04-30,2024-05-01,URBN,Apparel,-0.095204,1.022733,0.001137,252.000000,0.388889,0.000000,0.000000,0.000000
2024-04-30,2024-05-01,WST,CDMO/Pens,0.342016,0.995607,-0.001388,252.000000,1.000000,0.166667,0.250000,0.166667
2024-04-30,2024-05-01,XPOF,Protein/Fitness,0.045945,1.559332,-0.003779,252.000000,0.777778,0.166667,0.000000,0.166667
2024-05-31,2024-06-03,AMWL,Telehealth,-0.579047,2.320547,-0.006408,252.000000,0.055556,-0.166667,-0.250000,0.000000
2024-05-31,2024-06-03,ANF,Apparel,0.029232,1.356253,0.005927,252.000000,0.722222,0.166667,0.250000,0.166667
2024-05-31,2024-06-03,BDX,CDMO/Pens,0.072299,0.532646,-0.000712,252.000000,0.777778,0.166667,0.000000,0.166667
2024-05-31,2024-06-03,BRBR,Protein/Fitness,0.114907,0.942906,0.000783,252.000000,0.833333,0.166667,0.000000,0.166667
2024-05-31,2024-06-03,GAP,Apparel,-0.139794,1.524031,0.004701,252.000000,0.277778,-0.166667,-0.250000,0.000000
2024-05-31,2024-06-03,HIMS,Telehealth,-0.088748,1.693683,0.002372,252.000000,0.388889,0.000000,0.250000,0.000000
2024-05-31,2024-06-03,HLF,Protein/Fitness,-0.231955,1.298853,-0.000584,252.000000,0.166667,-0.166667,-0.250000,0.000000
2024-05-31,2024-06-03,LFMD,Telehealth,-0.294997,1.315918,0.006667,252.000000,0.111111,-0.166667,0.000000,0.000000
2024-05-31,2024-06-03,LULU,Apparel,-0.014147,1.330244,-0.001325,252.000000,0.555556,0.000000,0.000000,0.000000
2024-05-31,2024-06-03,PLNT,Protein/Fitness,0.015737,1.069572,-0.000860,252.000000,0.666667,0.000000,0.000000,0.000000
2024-05-31,2024-06-03,SMPL,Protein/Fitness,-0.102003,0.444766,0.000173,252.000000,0.333333,-0.166667,0.000000,0.000000
2024-05-31,2024-06-03,SPY,Hedge,,,,,,0.000000,0.000000,-0.986788
2024-05-31,2024-06-03,STVN,CDMO/Pens,0.319079,0.624849,-0.001859,252.000000,1.000000,0.166667,0.250000,0.166667
2024-05-31,2024-06-03,TDOC,Telehealth,-0.157095,2.000969,-0.003946,252.000000,0.222222,-0.166667,0.000000,0.000000
2024-05-31,2024-06-03,TJX,Apparel,0.002934,0.656582,0.000612,252.000000,0.611111,0.000000,0.000000,0.000000
2024-05-31,2024-06-03,TMO,CDMO/Pens,-0.062648,0.936060,-0.000274,252.000000,0.500000,0.000000,-0.250000,0.000000
2024-05-31,2024-06-03,URBN,Apparel,-0.063859,1.055244,0.000543,252.000000,0.444444,0.000000,0.000000,0.000000
2024-05-31,2024-06-03,WST,CDMO/Pens,0.312163,1.036793,-0.001541,252.000000,0.944444,0.166667,0.000000,0.166667
2024-05-31,2024-06-03,XPOF,Protein/Fitness,0.136268,1.427284,-0.004259,252.000000,0.888889,0.166667,0.250000,0.166667
2024-06-28,2024-07-01,AMWL,Telehealth,-0.524264,2.289815,-0.007074,252.000000,0.055556,-0.166667,-0.250000,0.000000
2024-06-28,2024-07-01,ANF,Apparel,0.026796,1.410912,0.005396,252.000000,0.666667,0.000000,0.250000,0.000000
2024-06-28,2024-07-01,BDX,CDMO/Pens,0.085670,0.482745,-0.000924,252.000000,0.777778,0.166667,0.000000,0.166667
2024-06-28,2024-07-01,BRBR,Protein/Fitness,0.127336,0.915793,0.000800,252.000000,0.888889,0.166667,0.250000,0.166667
2024-06-28,2024-07-01,GAP,Apparel,-0.146995,1.475228,0.003843,252.000000,0.277778,-0.166667,-0.250000,0.000000
2024-06-28,2024-07-01,HIMS,Telehealth,-0.068687,1.855267,0.002709,252.000000,0.388889,0.000000,0.250000,0.000000
2024-06-28,2024-07-01,HLF,Protein/Fitness,-0.201004,1.319043,-0.000883,252.000000,0.166667,-0.166667,-0.250000,0.000000
2024-06-28,2024-07-01,LFMD,Telehealth,-0.329484,1.457761,0.003162,252.000000,0.111111,-0.166667,0.000000,0.000000
2024-06-28,2024-07-01,LULU,Apparel,-0.000333,1.230020,-0.001878,252.000000,0.555556,0.000000,0.000000,0.000000
2024-06-28,2024-07-01,PLNT,Protein/Fitness,0.029766,1.105730,-0.000456,252.000000,0.722222,0.166667,0.000000,0.166667
2024-06-28,2024-07-01,SMPL,Protein/Fitness,-0.092644,0.393275,0.000168,252.000000,0.333333,-0.166667,0.000000,0.000000
2024-06-28,2024-07-01,SPY,Hedge,,,,,,0.000000,0.000000,-1.018575
2024-06-28,2024-07-01,STVN,CDMO/Pens,0.328185,0.570637,-0.002865,252.000000,1.000000,0.166667,0.250000,0.166667
2024-06-28,2024-07-01,TDOC,Telehealth,-0.162884,1.963647,-0.004651,252.000000,0.222222,-0.166667,0.000000,0.000000
2024-06-28,2024-07-01,TJX,Apparel,0.004091,0.649487,0.000616,252.000000,0.611111,0.000000,0.000000,0.000000
2024-06-28,2024-07-01,TMO,CDMO/Pens,-0.055820,0.930751,-0.000345,252.000000,0.500000,0.000000,-0.250000,0.000000
2024-06-28,2024-07-01,URBN,Apparel,-0.059422,1.054810,0.000322,252.000000,0.444444,0.000000,0.000000,0.000000
2024-06-28,2024-07-01,WST,CDMO/Pens,0.295152,1.037669,-0.001923,252.000000,0.944444,0.166667,0.000000,0.166667
2024-06-28,2024-07-01,XPOF,Protein/Fitness,0.120667,1.998878,-0.001002,252.000000,0.833333,0.166667,0.000000,0.166667
2024-07-31,2024-08-01,AMWL,Telehealth,-0.553120,2.433201,-0.006294,252.000000,0.055556,-0.166667,-0.250000,0.000000
2024-07-31,2024-08-01,ANF,Apparel,0.071149,1.422549,0.004476,252.000000,0.722222,0.166667,0.250000,0.166667
2024-07-31,2024-08-01,BDX,CDMO/Pens,0.076332,0.423181,-0.000929,252.000000,0.777778,0.166667,0.000000,0.166667
2024-07-31,2024-08-01,BRBR,Protein/Fitness,0.088357,0.869375,0.000685,252.000000,0.833333,0.166667,0.000000,0.166667
2024-07-31,2024-08-01,GAP,Apparel,-0.098260,1.385355,0.003132,252.000000,0.277778,-0.166667,-0.250000,0.000000
2024-07-31,2024-08-01,HIMS,Telehealth,0.016564,1.620910,0.002983,252.000000,0.555556,0.000000,0.250000,0.000000
2024-07-31,2024-08-01,HLF,Protein/Fitness,-0.247370,1.179897,-0.000802,252.000000,0.166667,-0.166667,-0.250000,0.000000
2024-07-31,2024-08-01,LFMD,Telehealth,-0.319969,1.364376,0.002487,252.000000,0.111111,-0.166667,0.000000,0.000000
2024-07-31,2024-08-01,LULU,Apparel,0.035803,1.200868,-0.002326,252.000000,0.666667,0.000000,0.000000,0.000000
2024-07-31,2024-08-01,PLNT,Protein/Fitness,0.018342,1.033270,-0.000273,252.000000,0.611111,0.000000,0.000000,0.000000
2024-07-31,2024-08-01,SMPL,Protein/Fitness,-0.123518,0.336337,-0.000404,252.000000,0.222222,-0.166667,0.000000,0.000000
2024-07-31,2024-08-01,SPY,Hedge,,,,,,0.000000,0.000000,-0.973447
2024-07-31,2024-08-01,STVN,CDMO/Pens,0.367973,0.443997,-0.002108,252.000000,1.000000,0.166667,0.250000,0.166667
2024-07-31,2024-08-01,TDOC,Telehealth,-0.059113,1.654124,-0.005305,252.000000,0.444444,0.000000,0.000000,0.000000
2024-07-31,2024-08-01,TJX,Apparel,0.006211,0.620991,0.000650,252.000000,0.500000,0.000000,0.000000,0.000000
2024-07-31,2024-08-01,TMO,CDMO/Pens,-0.075330,0.785939,0.000046,252.000000,0.333333,-0.166667,-0.250000,0.000000
2024-07-31,2024-08-01,URBN,Apparel,-0.069506,0.992827,0.000553,252.000000,0.388889,0.000000,0.000000,0.000000
2024-07-31,2024-08-01,WST,CDMO/Pens,0.332301,0.867114,-0.001831,252.000000,0.944444,0.166667,0.000000,0.166667
2024-07-31,2024-08-01,XPOF,Protein/Fitness,0.118393,1.814463,-0.000980,252.000000,0.888889,0.166667,0.250000,0.166667
2024-08-30,2024-09-03,AMWL,Telehealth,-0.425930,1.896552,-0.004134,252.000000,0.055556,-0.166667,-0.250000,0.000000
2024-08-30,2024-09-03,ANF,Apparel,0.120579,1.457354,0.003083,252.000000,0.833333,0.166667,0.250000,0.166667
2024-08-30,2024-09-03,BDX,CDMO/Pens,0.014442,0.416002,-0.000864,252.000000,0.611111,0.000000,0.000000,0.000000
2024-08-30,2024-09-03,BRBR,Protein/Fitness,0.005614,0.842150,0.000547,252.000000,0.555556,0.000000,0.000000,0.000000
2024-08-30,2024-09-03,GAP,Apparel,-0.022146,1.466721,0.002137,252.000000,0.444444,0.000000,0.000000,0.000000
2024-08-30,2024-09-03,HIMS,Telehealth,0.065618,1.471242,0.002429,252.000000,0.777778,0.166667,0.250000,0.166667
2024-08-30,2024-09-03,HLF,Protein/Fitness,-0.314222,1.415172,-0.002544,252.000000,0.111111,-0.166667,-0.250000,0.000000
2024-08-30,2024-09-03,LFMD,Telehealth,-0.287318,1.312884,0.001655,252.000000,0.166667,-0.166667,0.000000,0.000000
2024-08-30,2024-09-03,LULU,Apparel,0.023355,1.270642,-0.002497,252.000000,0.666667,0.000000,0.000000,0.000000
2024-08-30,2024-09-03,PLNT,Protein/Fitness,0.052487,0.941184,0.000374,252.000000,0.722222,0.166667,0.000000,0.166667
2024-08-30,2024-09-03,SMPL,Protein/Fitness,-0.070868,0.360804,-0.000654,252.000000,0.388889,0.000000,0.000000,0.000000
2024-08-30,2024-09-03,SPY,Hedge,,,,,,0.000000,0.000000,-1.187758
2024-08-30,2024-09-03,STVN,CDMO/Pens,0.212623,0.596970,-0.001963,252.000000,0.888889,0.166667,0.000000,0.166667
2024-08-30,2024-09-03,TDOC,Telehealth,-0.188524,1.800895,-0.005500,252.000000,0.222222,-0.166667,0.000000,0.000000
2024-08-30,2024-09-03,TJX,Apparel,-0.010116,0.665140,0.000442,252.000000,0.500000,0.000000,0.000000,0.000000
2024-08-30,2024-09-03,TMO,CDMO/Pens,-0.094629,0.777401,-0.000130,252.000000,0.333333,-0.166667,-0.250000,0.000000
2024-08-30,2024-09-03,URBN,Apparel,-0.151862,1.215031,-0.000197,252.000000,0.277778,-0.166667,-0.250000,0.000000
2024-08-30,2024-09-03,WST,CDMO/Pens,0.233439,0.784495,-0.001923,252.000000,0.944444,0.166667,0.250000,0.166667
2024-08-30,2024-09-03,XPOF,Protein/Fitness,0.264605,1.875305,-0.002426,252.000000,1.000000,0.166667,0.250000,0.166667
2024-09-30,2024-10-01,AMWL,Telehealth,-0.512240,1.961687,-0.003340,252.000000,0.055556,-0.166667,-0.250000,0.000000
2024-09-30,2024-10-01,ANF,Apparel,0.102174,1.592455,0.002132,252.000000,0.833333,0.166667,0.250000,0.166667
2024-09-30,2024-10-01,BDX,CDMO/Pens,0.021765,0.388800,-0.000704,252.000000,0.666667,0.000000,0.000000,0.000000
2024-09-30,2024-10-01,BRBR,Protein/Fitness,-0.002206,0.822417,0.000715,252.000000,0.500000,0.000000,0.000000,0.000000
2024-09-30,2024-10-01,GAP,Apparel,0.019374,1.559272,0.001766,252.000000,0.611111,0.000000,0.000000,0.000000
2024-09-30,2024-10-01,HIMS,Telehealth,0.074375,1.620676,0.003131,252.000000,0.777778,0.166667,0.250000,0.166667
2024-09-30,2024-10-01,HLF,Protein/Fitness,-0.301973,1.344278,-0.003157,252.000000,0.166667,-0.166667,-0.250000,0.000000
2024-09-30,2024-10-01,LFMD,Telehealth,-0.316641,1.504525,-0.000792,252.000000,0.111111,-0.166667,0.000000,0.000000
2024-09-30,2024-10-01,LULU,Apparel,0.003679,1.265369,-0.002646,252.000000,0.555556,0.000000,0.000000,0.000000
2024-09-30,2024-10-01,PLNT,Protein/Fitness,0.041858,0.767084,0.001374,252.000000,0.722222,0.166667,0.000000,0.166667
2024-09-30,2024-10-01,SMPL,Protein/Fitness,-0.078619,0.340588,-0.000233,252.000000,0.388889,0.000000,0.000000,0.000000
2024-09-30,2024-10-01,SPY,Hedge,,,,,,0.000000,0.000000,-1.155644
2024-09-30,2024-10-01,STVN,CDMO/Pens,0.242864,0.436239,-0.001752,252.000000,0.944444,0.166667,0.250000,0.166667
2024-09-30,2024-10-01,TDOC,Telehealth,-0.275092,1.726081,-0.004082,252.000000,0.222222,-0.166667,0.000000,0.000000
2024-09-30,2024-10-01,TJX,Apparel,-0.004441,0.643322,0.000397,252.000000,0.444444,0.000000,0.000000,0.000000
2024-09-30,2024-10-01,TMO,CDMO/Pens,-0.079635,0.749490,0.000069,252.000000,0.333333,-0.166667,-0.250000,0.000000
2024-09-30,2024-10-01,URBN,Apparel,-0.151704,1.255359,-0.000396,252.000000,0.277778,-0.166667,-0.250000,0.000000
2024-09-30,2024-10-01,WST,CDMO/Pens,0.213870,0.771392,-0.001839,252.000000,0.888889,0.166667,0.000000,0.166667
2024-09-30,2024-10-01,XPOF,Protein/Fitness,0.257335,1.746019,-0.001663,252.000000,1.000000,0.166667,0.250000,0.166667
2024-10-31,2024-11-01,AMWL,Telehealth,-0.435879,2.085456,-0.004193,252.000000,0.055556,-0.166667,-0.250000,0.000000
2024-10-31,2024-11-01,ANF,Apparel,0.052362,1.672284,0.001460,252.000000,0.777778,0.166667,0.250000,0.166667
2024-10-31,2024-11-01,BDX,CDMO/Pens,0.044932,0.389289,-0.000707,252.000000,0.722222,0.166667,0.000000,0.166667
2024-10-31,2024-11-01,BRBR,Protein/Fitness,-0.021512,0.734405,0.000833,252.000000,0.388889,0.000000,0.000000,0.000000
2024-10-31,2024-11-01,GAP,Apparel,-0.012993,1.632729,0.000561,252.000000,0.555556,0.000000,0.000000,0.000000
2024-10-31,2024-11-01,HIMS,Telehealth,0.171172,1.552096,0.003588,252.000000,0.888889,0.166667,0.250000,0.166667
2024-10-31,2024-11-01,HLF,Protein/Fitness,-0.352294,1.054437,-0.002858,252.000000,0.111111,-0.166667,-0.250000,0.000000
2024-10-31,2024-11-01,LFMD,Telehealth,-0.330131,1.497109,-0.002216,252.000000,0.166667,-0.166667,0.000000,0.000000
2024-10-31,2024-11-01,LULU,Apparel,-0.008607,1.219904,-0.002446,252.000000,0.611111,0.000000,0.000000,0.000000
2024-10-31,2024-11-01,PLNT,Protein/Fitness,0.024079,0.690280,0.000662,252.000000,0.666667,0.000000,0.000000,0.000000
2024-10-31,2024-11-01,SMPL,Protein/Fitness,-0.094276,0.305958,-0.000617,252.000000,0.333333,-0.166667,0.000000,0.000000
2024-10-31,2024-11-01,SPY,Hedge,,,,,,0.000000,0.000000,-1.054970
2024-10-31,2024-11-01,STVN,CDMO/Pens,0.225203,0.208967,-0.001369,252.000000,0.944444,0.166667,0.250000,0.166667
2024-10-31,2024-11-01,TDOC,Telehealth,-0.322471,1.614899,-0.003731,252.000000,0.222222,-0.166667,0.000000,0.000000
2024-10-31,2024-11-01,TJX,Apparel,-0.014466,0.638939,0.000282,252.000000,0.500000,0.000000,0.000000,0.000000
2024-10-31,2024-11-01,TMO,CDMO/Pens,-0.020956,0.678764,0.000037,252.000000,0.444444,0.000000,-0.250000,0.000000
2024-10-31,2024-11-01,URBN,Apparel,-0.143098,1.301137,-0.001127,252.000000,0.277778,-0.166667,-0.250000,0.000000
2024-10-31,2024-11-01,WST,CDMO/Pens,0.160239,0.709990,-0.000858,252.000000,0.833333,0.166667,0.000000,0.166667
2024-10-31,2024-11-01,XPOF,Protein/Fitness,0.357489,1.797193,-0.001496,252.000000,1.000000,0.166667,0.250000,0.166667
2024-11-29,2024-12-02,AMWL,Telehealth,-0.325021,1.675715,-0.004094,252.000000,0.111111,-0.166667,-0.250000,0.000000
2024-11-29,2024-12-02,ANF,Apparel,0.083492,1.571418,0.001398,252.000000,0.777778,0.166667,0.250000,0.166667
2024-11-29,2024-12-02,BDX,CDMO/Pens,-0.010683,0.366676,-0.000548,252.000000,0.444444,0.000000,-0.250000,0.000000
2024-11-29,2024-12-02,BRBR,Protein/Fitness,0.020782,0.748589,0.000944,252.000000,0.611111,0.000000,0.000000,0.000000
2024-11-29,2024-12-02,GAP,Apparel,0.012425,1.542087,-0.000487,252.000000,0.555556,0.000000,0.000000,0.000000
2024-11-29,2024-12-02,HIMS,Telehealth,0.127747,1.926786,0.004407,252.000000,0.833333,0.166667,0.250000,0.166667
2024-11-29,2024-12-02,HLF,Protein/Fitness,-0.375969,0.998275,-0.002370,252.000000,0.055556,-0.166667,-0.250000,0.000000
2024-11-29,2024-12-02,LFMD,Telehealth,-0.313412,1.770991,-0.000977,252.000000,0.166667,-0.166667,0.000000,0.000000
2024-11-29,2024-12-02,LULU,Apparel,0.036668,1.124981,-0.002336,252.000000,0.666667,0.000000,0.000000,0.000000
2024-11-29,2024-12-02,PLNT,Protein/Fitness,0.005125,0.824563,0.000747,252.000000,0.500000,0.000000,0.000000,0.000000
2024-11-29,2024-12-02,SMPL,Protein/Fitness,-0.105926,0.341770,-0.000179,252.000000,0.277778,-0.166667,0.000000,0.000000
2024-11-29,2024-12-02,SPY,Hedge,,,,,,0.000000,0.000000,-1.169891
2024-11-29,2024-12-02,STVN,CDMO/Pens,0.180752,0.376663,-0.000910,252.000000,0.944444,0.166667,0.250000,0.166667
2024-11-29,2024-12-02,TDOC,Telehealth,-0.297512,1.534167,-0.002836,252.000000,0.222222,-0.166667,0.000000,0.000000
2024-11-29,2024-12-02,TJX,Apparel,-0.023013,0.629864,0.000769,252.000000,0.388889,0.000000,0.000000,0.000000
2024-11-29,2024-12-02,TMO,CDMO/Pens,0.040438,0.640744,-0.000398,252.000000,0.722222,0.166667,0.000000,0.166667
2024-11-29,2024-12-02,URBN,Apparel,-0.066438,1.197581,0.000164,252.000000,0.333333,-0.166667,-0.250000,0.000000
2024-11-29,2024-12-02,WST,CDMO/Pens,0.168134,0.733363,-0.000864,252.000000,0.888889,0.166667,0.000000,0.166667
2024-11-29,2024-12-02,XPOF,Protein/Fitness,0.367067,1.770373,-0.000013,252.000000,1.000000,0.166667,0.250000,0.166667
2024-12-31,2025-01-02,AMWL,Telehealth,-0.264338,1.625864,-0.005333,252.000000,0.222222,-0.166667,0.000000,0.000000
2024-12-31,2025-01-02,ANF,Apparel,0.084689,1.553066,0.001338,252.000000,0.777778,0.166667,0.250000,0.166667
2024-12-31,2025-01-02,BDX,CDMO/Pens,-0.044786,0.323549,-0.000456,252.000000,0.388889,0.000000,-0.250000,0.000000
2024-12-31,2025-01-02,BRBR,Protein/Fitness,0.029914,0.696939,0.000725,252.000000,0.611111,0.000000,0.000000,0.000000
2024-12-31,2025-01-02,GAP,Apparel,0.059350,1.518769,-0.000252,252.000000,0.722222,0.166667,0.000000,0.166667
2024-12-31,2025-01-02,HIMS,Telehealth,0.189395,2.108655,0.003699,252.000000,0.888889,0.166667,0.250000,0.166667
2024-12-31,2025-01-02,HLF,Protein/Fitness,-0.283939,0.790277,-0.003181,252.000000,0.111111,-0.166667,-0.250000,0.000000
2024-12-31,2025-01-02,LFMD,Telehealth,-0.274523,1.829905,-0.002270,252.000000,0.166667,-0.166667,0.000000,0.000000
2024-12-31,2025-01-02,LULU,Apparel,0.055725,1.133203,-0.001875,252.000000,0.666667,0.000000,0.000000,0.000000
2024-12-31,2025-01-02,PLNT,Protein/Fitness,0.019485,0.860450,0.000600,252.000000,0.500000,0.000000,0.000000,0.000000
2024-12-31,2025-01-02,SMPL,Protein/Fitness,-0.094559,0.288083,-0.000212,252.000000,0.277778,-0.166667,0.000000,0.000000
2024-12-31,2025-01-02,SPY,Hedge,,,,,,0.000000,0.000000,-1.340437
2024-12-31,2025-01-02,STVN,CDMO/Pens,0.219398,0.413248,-0.000639,252.000000,0.944444,0.166667,0.250000,0.166667
2024-12-31,2025-01-02,TDOC,Telehealth,-0.310860,1.485213,-0.004156,252.000000,0.055556,-0.166667,-0.250000,0.000000
2024-12-31,2025-01-02,TJX,Apparel,-0.027213,0.618458,0.000546,252.000000,0.444444,0.000000,0.000000,0.000000
2024-12-31,2025-01-02,TMO,CDMO/Pens,0.022918,0.610241,-0.000543,252.000000,0.555556,0.000000,0.000000,0.000000
2024-12-31,2025-01-02,URBN,Apparel,-0.063476,1.159026,0.000987,252.000000,0.333333,-0.166667,-0.250000,0.000000
2024-12-31,2025-01-02,WST,CDMO/Pens,0.116528,0.692850,-0.000590,252.000000,0.833333,0.166667,0.000000,0.166667
2024-12-31,2025-01-02,XPOF,Protein/Fitness,0.295993,1.756033,0.000238,252.000000,1.000000,0.166667,0.250000,0.166667
2025-01-31,2025-02-03,AMWL,Telehealth,-0.081829,1.608965,-0.002371,252.000000,0.222222,-0.166667,0.000000,0.000000
2025-01-31,2025-02-03,ANF,Apparel,0.123528,1.413734,-0.000024,252.000000,0.777778,0.166667,0.250000,0.166667
2025-01-31,2025-02-03,BDX,CDMO/Pens,-0.013112,0.244947,0.000094,252.000000,0.388889,0.000000,-0.250000,0.000000
2025-01-31,2025-02-03,BRBR,Protein/Fitness,0.086332,0.617901,0.000884,252.000000,0.666667,0.000000,0.000000,0.000000
2025-01-31,2025-02-03,GAP,Apparel,0.094948,1.507905,0.000197,252.000000,0.722222,0.166667,0.000000,0.166667
2025-01-31,2025-02-03,HIMS,Telehealth,0.223702,2.073464,0.005596,252.000000,0.944444,0.166667,0.250000,0.166667
2025-01-31,2025-02-03,HLF,Protein/Fitness,-0.163397,0.605514,-0.002948,252.000000,0.166667,-0.166667,-0.250000,0.000000
2025-01-31,2025-02-03,LFMD,Telehealth,-0.164565,1.814938,-0.000421,252.000000,0.111111,-0.166667,0.000000,0.000000
2025-01-31,2025-02-03,LULU,Apparel,0.084473,1.058848,-0.001191,252.000000,0.611111,0.000000,0.000000,0.000000
2025-01-31,2025-02-03,PLNT,Protein/Fitness,0.027766,0.860204,0.001218,252.000000,0.500000,0.000000,0.000000,0.000000
2025-01-31,2025-02-03,SMPL,Protein/Fitness,-0.058772,0.295608,-0.000240,252.000000,0.277778,-0.166667,0.000000,0.000000
2025-01-31,2025-02-03,SPY,Hedge,,,,,,0.000000,0.000000,-1.298355
2025-01-31,2025-02-03,STVN,CDMO/Pens,0.210630,0.383286,-0.001080,252.000000,0.888889,0.166667,0.250000,0.166667
2025-01-31,2025-02-03,TDOC,Telehealth,-0.213359,1.334334,-0.003235,252.000000,0.055556,-0.166667,-0.250000,0.000000
2025-01-31,2025-02-03,TJX,Apparel,0.004499,0.564528,0.000618,252.000000,0.444444,0.000000,0.000000,0.000000
2025-01-31,2025-02-03,TMO,CDMO/Pens,0.049582,0.572019,-0.000182,252.000000,0.555556,0.000000,0.000000,0.000000
2025-01-31,2025-02-03,URBN,Apparel,-0.049509,1.206463,0.000622,252.000000,0.333333,-0.166667,-0.250000,0.000000
2025-01-31,2025-02-03,WST,CDMO/Pens,0.150505,0.628402,-0.000575,252.000000,0.833333,0.166667,0.000000,0.166667
2025-01-31,2025-02-03,XPOF,Protein/Fitness,0.361835,1.783340,0.001619,252.000000,1.000000,0.166667,0.250000,0.166667
2025-02-28,2025-03-03,AMWL,Telehealth,-0.048488,1.516192,-0.002361,252.000000,0.222222,-0.166667,0.000000,0.000000
2025-02-28,2025-03-03,ANF,Apparel,0.101566,1.380933,-0.001035,252.000000,0.722222,0.166667,0.000000,0.166667
2025-02-28,2025-03-03,BDX,CDMO/Pens,-0.019318,0.235163,-0.000304,252.000000,0.388889,0.000000,-0.250000,0.000000
2025-02-28,2025-03-03,BRBR,Protein/Fitness,0.082196,0.606173,0.000810,252.000000,0.666667,0.000000,0.000000,0.000000
2025-02-28,2025-03-03,GAP,Apparel,0.118958,1.494527,0.000179,252.000000,0.777778,0.166667,0.000000,0.166667
2025-02-28,2025-03-03,HIMS,Telehealth,0.037474,2.543564,0.004972,252.000000,0.500000,0.000000,0.250000,0.000000
2025-02-28,2025-03-03,HLF,Protein/Fitness,-0.102492,0.565799,0.000201,252.000000,0.166667,-0.166667,-0.250000,0.000000
2025-02-28,2025-03-03,LFMD,Telehealth,-0.294208,2.279456,-0.002084,252.000000,0.055556,-0.166667,-0.250000,0.000000
2025-02-28,2025-03-03,LULU,Apparel,0.131426,1.002900,-0.001314,252.000000,0.833333,0.166667,0.250000,0.166667
2025-02-28,2025-03-03,PLNT,Protein/Fitness,0.057595,0.924210,0.001057,252.000000,0.555556,0.000000,0.000000,0.000000
2025-02-28,2025-03-03,SMPL,Protein/Fitness,-0.023597,0.269935,0.000227,252.000000,0.277778,-0.166667,0.000000,0.000000
2025-02-28,2025-03-03,SPY,Hedge,,,,,,0.000000,0.000000,-1.079822
2025-02-28,2025-03-03,STVN,CDMO/Pens,0.213779,0.339501,-0.001528,252.000000,0.944444,0.166667,0.250000,0.166667
2025-02-28,2025-03-03,TDOC,Telehealth,-0.278348,1.558625,-0.002402,252.000000,0.111111,-0.166667,0.000000,0.000000
2025-02-28,2025-03-03,TJX,Apparel,0.012329,0.565381,0.000571,252.000000,0.444444,0.000000,0.000000,0.000000
2025-02-28,2025-03-03,TMO,CDMO/Pens,0.076357,0.487102,-0.000482,252.000000,0.611111,0.000000,0.000000,0.000000
2025-02-28,2025-03-03,URBN,Apparel,-0.020932,1.119745,0.000405,252.000000,0.333333,-0.166667,-0.250000,0.000000
2025-02-28,2025-03-03,WST,CDMO/Pens,0.198369,0.373992,-0.001215,252.000000,0.888889,0.166667,0.000000,0.166667
2025-02-28,2025-03-03,XPOF,Protein/Fitness,0.335417,1.887075,0.001656,252.000000,1.000000,0.166667,0.250000,0.166667
2025-03-31,2025-04-01,AMWL,Telehealth,-0.006985,1.596977,-0.001835,252.000000,0.388889,0.000000,0.000000,0.000000
2025-03-31,2025-04-01,ANF,Apparel,0.120239,1.426205,-0.001508,252.000000,0.777778,0.166667,0.000000,0.166667
2025-03-31,2025-04-01,BDX,CDMO/Pens,-0.016301,0.205921,-0.000241,252.000000,0.333333,-0.166667,-0.250000,0.000000
2025-03-31,2025-04-01,BRBR,Protein/Fitness,0.068985,0.735660,0.000902,252.000000,0.611111,0.000000,0.000000,0.000000
2025-03-31,2025-04-01,GAP,Apparel,0.074797,1.609759,-0.000903,252.000000,0.666667,0.000000,0.000000,0.000000
2025-03-31,2025-04-01,HIMS,Telehealth,0.014565,2.892941,0.003589,252.000000,0.444444,0.000000,0.250000,0.000000
2025-03-31,2025-04-01,HLF,Protein/Fitness,-0.051282,0.582358,0.000237,252.000000,0.166667,-0.166667,-0.250000,0.000000
2025-03-31,2025-04-01,LFMD,Telehealth,-0.284290,2.197051,-0.001943,252.000000,0.111111,-0.166667,0.000000,0.000000
2025-03-31,2025-04-01,LULU,Apparel,0.136461,1.144540,-0.001201,252.000000,0.833333,0.166667,0.250000,0.166667
2025-03-31,2025-04-01,PLNT,Protein/Fitness,0.056686,0.931237,0.001742,252.000000,0.555556,0.000000,0.000000,0.000000
2025-03-31,2025-04-01,SMPL,Protein/Fitness,-0.022421,0.291299,0.000074,252.000000,0.277778,-0.166667,0.000000,0.000000
2025-03-31,2025-04-01,SPY,Hedge,,,,,,0.000000,0.000000,-0.816463
2025-03-31,2025-04-01,STVN,CDMO/Pens,0.212586,0.189179,-0.000992,252.000000,0.944444,0.166667,0.250000,0.166667
2025-03-31,2025-04-01,TDOC,Telehealth,-0.287659,1.480930,-0.002725,252.000000,0.055556,-0.166667,-0.250000,0.000000
2025-03-31,2025-04-01,TJX,Apparel,0.036342,0.633259,0.000672,252.000000,0.500000,0.000000,0.000000,0.000000
2025-03-31,2025-04-01,TMO,CDMO/Pens,0.076622,0.491067,-0.000593,252.000000,0.722222,0.166667,0.000000,0.166667
2025-03-31,2025-04-01,URBN,Apparel,-0.027666,1.111811,0.000751,252.000000,0.222222,-0.166667,-0.250000,0.000000
2025-03-31,2025-04-01,WST,CDMO/Pens,0.189320,0.325352,-0.001482,252.000000,0.888889,0.166667,0.000000,0.166667
2025-03-31,2025-04-01,XPOF,Protein/Fitness,0.303691,1.322435,-0.000833,252.000000,1.000000,0.166667,0.250000,0.166667
2025-04-30,2025-05-01,AMWL,Telehealth,-0.001083,1.315297,-0.000225,252.000000,0.333333,-0.166667,0.000000,0.000000
2025-04-30,2025-05-01,ANF,Apparel,0.041350,1.274553,-0.002006,252.000000,0.555556,0.000000,0.000000,0.000000
2025-04-30,2025-05-01,BDX,CDMO/Pens,0.017997,0.417541,-0.000466,252.000000,0.444444,0.000000,-0.250000,0.000000
2025-04-30,2025-05-01,BRBR,Protein/Fitness,0.070718,0.711810,0.001146,252.000000,0.722222,0.166667,0.000000,0.166667
2025-04-30,2025-05-01,GAP,Apparel,0.013850,1.451437,0.000299,252.000000,0.388889,0.000000,0.000000,0.000000
2025-04-30,2025-05-01,HIMS,Telehealth,0.042563,2.163299,0.005180,252.000000,0.611111,0.000000,0.250000,0.000000
2025-04-30,2025-05-01,HLF,Protein/Fitness,-0.010748,0.611067,-0.000238,252.000000,0.222222,-0.166667,-0.250000,0.000000
2025-04-30,2025-05-01,LFMD,Telehealth,-0.182957,1.467868,-0.000861,252.000000,0.111111,-0.166667,0.000000,0.000000
2025-04-30,2025-05-01,LULU,Apparel,0.107200,1.002742,-0.001185,252.000000,0.833333,0.166667,0.250000,0.166667
2025-04-30,2025-05-01,PLNT,Protein/Fitness,0.067903,0.687453,0.001714,252.000000,0.666667,0.000000,0.000000,0.000000
2025-04-30,2025-05-01,SMPL,Protein/Fitness,-0.009655,0.461866,0.000115,252.000000,0.277778,-0.166667,0.000000,0.000000
2025-04-30,2025-05-01,SPY,Hedge,,,,,,0.000000,0.000000,-0.751322
2025-04-30,2025-05-01,STVN,CDMO/Pens,0.191847,0.563633,-0.000555,252.000000,0.944444,0.166667,0.250000,0.166667
2025-04-30,2025-05-01,TDOC,Telehealth,-0.269945,1.202480,-0.002440,252.000000,0.055556,-0.166667,-0.250000,0.000000
2025-04-30,2025-05-01,TJX,Apparel,0.038373,0.485468,0.001078,252.000000,0.500000,0.000000,0.000000,0.000000
2025-04-30,2025-05-01,TMO,CDMO/Pens,0.093547,0.679234,-0.001252,252.000000,0.777778,0.166667,0.000000,0.166667
2025-04-30,2025-05-01,URBN,Apparel,-0.081949,1.229217,0.000894,252.000000,0.166667,-0.166667,-0.250000,0.000000
2025-04-30,2025-05-01,WST,CDMO/Pens,0.169467,0.475161,-0.001486,252.000000,0.888889,0.166667,0.000000,0.166667
2025-04-30,2025-05-01,XPOF,Protein/Fitness,0.328018,1.075349,0.000026,252.000000,1.000000,0.166667,0.250000,0.166667
2025-05-30,2025-06-02,AMWL,Telehealth,0.282827,1.280097,0.000615,252.000000,1.000000,0.166667,0.250000,0.166667
2025-05-30,2025-06-02,ANF,Apparel,-0.016181,1.294024,-0.002501,252.000000,0.333333,-0.166667,0.000000,0.000000
2025-05-30,2025-06-02,BDX,CDMO/Pens,0.158317,0.431171,-0.000842,252.000000,0.666667,0.000000,0.000000,0.000000
2025-05-30,2025-06-02,BRBR,Protein/Fitness,0.190053,0.793929,0.000465,252.000000,0.833333,0.166667,0.000000,0.166667
2025-05-30,2025-06-02,GAP,Apparel,-0.018151,1.465082,0.000499,252.000000,0.277778,-0.166667,0.000000,0.000000
2025-05-30,2025-06-02,HIMS,Telehealth,-0.171127,2.165938,0.005134,252.000000,0.166667,-0.166667,0.000000,0.000000
2025-05-30,2025-06-02,HLF,Protein/Fitness,0.168729,0.706476,-0.000486,252.000000,0.777778,0.166667,0.000000,0.166667
2025-05-30,2025-06-02,LFMD,Telehealth,-0.195917,1.480594,0.002487,252.000000,0.111111,-0.166667,0.000000,0.000000
2025-05-30,2025-06-02,LULU,Apparel,0.121265,1.082455,0.000246,252.000000,0.555556,0.000000,0.250000,0.000000
2025-05-30,2025-06-02,PLNT,Protein/Fitness,0.059951,0.633034,0.001971,252.000000,0.444444,0.000000,0.000000,0.000000
2025-05-30,2025-06-02,SMPL,Protein/Fitness,-0.014774,0.518154,-0.000432,252.000000,0.388889,0.000000,-0.250000,0.000000
2025-05-30,2025-06-02,SPY,Hedge,,,,,,0.000000,0.000000,-0.861789
2025-05-30,2025-06-02,STVN,CDMO/Pens,0.164466,0.646657,0.000943,252.000000,0.722222,0.166667,0.000000,0.166667
2025-05-30,2025-06-02,TDOC,Telehealth,-0.210204,1.236488,-0.002236,252.000000,0.055556,-0.166667,-0.250000,0.000000
2025-05-30,2025-06-02,TJX,Apparel,0.067615,0.507167,0.000835,252.000000,0.500000,0.000000,0.000000,0.000000
2025-05-30,2025-06-02,TMO,CDMO/Pens,0.138418,0.739787,-0.001434,252.000000,0.611111,0.000000,-0.250000,0.000000
2025-05-30,2025-06-02,URBN,Apparel,-0.078620,1.303681,0.001826,252.000000,0.222222,-0.166667,-0.250000,0.000000
2025-05-30,2025-06-02,WST,CDMO/Pens,0.205921,0.522108,-0.001010,252.000000,0.888889,0.166667,0.250000,0.166667
2025-05-30,2025-06-02,XPOF,Protein/Fitness,0.214050,1.221464,0.001110,252.000000,0.944444,0.166667,0.250000,0.166667
2025-06-30,2025-07-01,AMWL,Telehealth,0.283407,1.328344,0.002333,252.000000,1.000000,0.166667,0.250000,0.166667
2025-06-30,2025-07-01,ANF,Apparel,-0.024592,1.329034,-0.003044,252.000000,0.388889,0.000000,0.000000,0.000000
2025-06-30,2025-07-01,BDX,CDMO/Pens,0.150950,0.446305,-0.000923,252.000000,0.666667,0.000000,0.000000,0.000000
2025-06-30,2025-07-01,BRBR,Protein/Fitness,0.160726,0.813869,0.000124,252.000000,0.722222,0.166667,0.000000,0.166667
2025-06-30,2025-07-01,GAP,Apparel,-0.036964,1.423532,-0.000598,252.000000,0.277778,-0.166667,0.000000,0.000000
2025-06-30,2025-07-01,HIMS,Telehealth,-0.123837,2.105480,0.004377,252.000000,0.166667,-0.166667,0.000000,0.000000
2025-06-30,2025-07-01,HLF,Protein/Fitness,0.165272,0.742072,-0.000032,252.000000,0.777778,0.166667,0.000000,0.166667
2025-06-30,2025-07-01,LFMD,Telehealth,-0.166781,1.474268,0.003238,252.000000,0.111111,-0.166667,0.000000,0.000000
2025-06-30,2025-07-01,LULU,Apparel,0.089832,1.062153,-0.001006,252.000000,0.555556,0.000000,0.250000,0.000000
2025-06-30,2025-07-01,PLNT,Protein/Fitness,0.043980,0.626705,0.001409,252.000000,0.444444,0.000000,0.000000,0.000000
2025-06-30,2025-07-01,SMPL,Protein/Fitness,-0.031103,0.536257,-0.000778,252.000000,0.333333,-0.166667,-0.250000,0.000000
2025-06-30,2025-07-01,SPY,Hedge,,,,,,0.000000,0.000000,-0.877678
2025-06-30,2025-07-01,STVN,CDMO/Pens,0.184408,0.660293,0.001871,252.000000,0.833333,0.166667,0.000000,0.166667
2025-06-30,2025-07-01,TDOC,Telehealth,-0.226508,1.319157,-0.001083,252.000000,0.055556,-0.166667,-0.250000,0.000000
2025-06-30,2025-07-01,TJX,Apparel,0.060868,0.510012,0.000359,252.000000,0.500000,0.000000,0.000000,0.000000
2025-06-30,2025-07-01,TMO,CDMO/Pens,0.138907,0.753019,-0.001308,252.000000,0.611111,0.000000,-0.250000,0.000000
2025-06-30,2025-07-01,URBN,Apparel,-0.077616,1.316715,0.001699,252.000000,0.222222,-0.166667,-0.250000,0.000000
2025-06-30,2025-07-01,WST,CDMO/Pens,0.226143,0.539289,-0.000753,252.000000,0.944444,0.166667,0.250000,0.166667
2025-06-30,2025-07-01,XPOF,Protein/Fitness,0.220396,1.182200,-0.001726,252.000000,0.888889,0.166667,0.250000,0.166667
2025-07-31,2025-08-01,AMWL,Telehealth,0.393226,1.229188,0.000814,252.000000,1.000000,0.166667,0.250000,0.166667
2025-07-31,2025-08-01,ANF,Apparel,-0.048485,1.347032,-0.002120,252.000000,0.166667,-0.166667,-0.250000,0.000000
2025-07-31,2025-08-01,BDX,CDMO/Pens,0.147318,0.467073,-0.000891,252.000000,0.666667,0.000000,-0.250000,0.000000
2025-07-31,2025-08-01,BRBR,Protein/Fitness,0.138544,0.818376,0.000275,252.000000,0.611111,0.000000,0.000000,0.000000
2025-07-31,2025-08-01,GAP,Apparel,0.020086,1.459094,-0.000732,252.000000,0.333333,-0.166667,0.000000,0.000000
2025-07-31,2025-08-01,HIMS,Telehealth,-0.139801,2.172138,0.005151,252.000000,0.055556,-0.166667,-0.250000,0.000000
2025-07-31,2025-08-01,HLF,Protein/Fitness,0.268521,0.779628,-0.000134,252.000000,0.944444,0.166667,0.250000,0.166667
2025-07-31,2025-08-01,LFMD,Telehealth,-0.036712,1.506559,0.002326,252.000000,0.222222,-0.166667,0.000000,0.000000
2025-07-31,2025-08-01,LULU,Apparel,0.078810,1.060399,-0.001129,252.000000,0.555556,0.000000,0.250000,0.000000
2025-07-31,2025-08-01,PLNT,Protein/Fitness,0.061434,0.630922,0.001416,252.000000,0.500000,0.000000,0.000000,0.000000
2025-07-31,2025-08-01,SMPL,Protein/Fitness,0.026381,0.550308,-0.000672,252.000000,0.388889,0.000000,-0.250000,0.000000
2025-07-31,2025-08-01,SPY,Hedge,,,,,,0.000000,0.000000,-0.887948
2025-07-31,2025-08-01,STVN,CDMO/Pens,0.176464,0.674893,0.001382,252.000000,0.777778,0.166667,0.000000,0.166667
2025-07-31,2025-08-01,TDOC,Telehealth,-0.086078,1.358549,-0.001515,252.000000,0.111111,-0.166667,0.000000,0.000000
2025-07-31,2025-08-01,TJX,Apparel,0.044835,0.505287,0.000265,252.000000,0.444444,0.000000,0.000000,0.000000
2025-07-31,2025-08-01,TMO,CDMO/Pens,0.173356,0.810451,-0.001004,252.000000,0.722222,0.166667,0.000000,0.166667
2025-07-31,2025-08-01,URBN,Apparel,-0.027762,1.354177,0.001503,252.000000,0.277778,-0.166667,0.000000,0.000000
2025-07-31,2025-08-01,WST,CDMO/Pens,0.234780,0.554732,0.000181,252.000000,0.888889,0.166667,0.250000,0.166667
2025-07-31,2025-08-01,XPOF,Protein/Fitness,0.213248,1.278793,-0.000900,252.000000,0.833333,0.166667,0.000000,0.166667
2025-08-29,2025-09-02,AMWL,Telehealth,0.346695,1.338510,0.000238,252.000000,0.944444,0.166667,0.250000,0.166667
2025-08-29,2025-09-02,ANF,Apparel,-0.136872,1.356265,-0.002776,252.000000,0.055556,-0.166667,-0.250000,0.000000
2025-08-29,2025-09-02,BDX,CDMO/Pens,0.156955,0.499775,-0.000541,252.000000,0.611111,0.000000,-0.250000,0.000000
2025-08-29,2025-09-02,BRBR,Protein/Fitness,0.175466,0.887979,-0.000935,252.000000,0.722222,0.166667,0.000000,0.166667
2025-08-29,2025-09-02,GAP,Apparel,-0.033819,1.411567,-0.000486,252.000000,0.222222,-0.166667,0.000000,0.000000
2025-08-29,2025-09-02,HIMS,Telehealth,-0.044169,2.256406,0.005159,252.000000,0.111111,-0.166667,-0.250000,0.000000
2025-08-29,2025-09-02,HLF,Protein/Fitness,0.359113,0.741528,0.001896,252.000000,1.000000,0.166667,0.250000,0.166667
2025-08-29,2025-09-02,LFMD,Telehealth,0.140994,1.532701,0.002606,252.000000,0.555556,0.000000,0.000000,0.000000
2025-08-29,2025-09-02,LULU,Apparel,0.095667,1.067858,-0.001199,252.000000,0.500000,0.000000,0.250000,0.000000
2025-08-29,2025-09-02,PLNT,Protein/Fitness,0.060065,0.635583,0.000888,252.000000,0.444444,0.000000,0.000000,0.000000
2025-08-29,2025-09-02,SMPL,Protein/Fitness,0.046422,0.557376,-0.000575,252.000000,0.388889,0.000000,-0.250000,0.000000
2025-08-29,2025-09-02,SPY,Hedge,,,,,,0.000000,0.000000,-0.840659
2025-08-29,2025-09-02,STVN,CDMO/Pens,0.186421,0.643389,0.000988,252.000000,0.777778,0.166667,0.000000,0.166667
2025-08-29,2025-09-02,TDOC,Telehealth,-0.036490,1.348756,0.000093,252.000000,0.166667,-0.166667,0.000000,0.000000
2025-08-29,2025-09-02,TJX,Apparel,0.044362,0.483481,0.000402,252.000000,0.333333,-0.166667,0.000000,0.000000
2025-08-29,2025-09-02,TMO,CDMO/Pens,0.191523,0.850174,-0.000784,252.000000,0.833333,0.166667,0.000000,0.166667
2025-08-29,2025-09-02,URBN,Apparel,0.004429,1.325003,0.002088,252.000000,0.277778,-0.166667,0.000000,0.000000
2025-08-29,2025-09-02,WST,CDMO/Pens,0.265205,0.582374,0.000176,252.000000,0.888889,0.166667,0.250000,0.166667
2025-08-29,2025-09-02,XPOF,Protein/Fitness,0.173704,1.182955,-0.000522,252.000000,0.666667,0.000000,0.000000,0.000000
2025-09-30,2025-10-01,AMWL,Telehealth,0.369899,1.295841,-0.000909,252.000000,0.944444,0.166667,0.250000,0.166667
2025-09-30,2025-10-01,ANF,Apparel,-0.133654,1.289600,-0.002423,252.000000,0.055556,-0.166667,-0.250000,0.000000
2025-09-30,2025-10-01,BDX,CDMO/Pens,0.160213,0.511236,-0.000716,252.000000,0.555556,0.000000,-0.250000,0.000000
2025-09-30,2025-10-01,BRBR,Protein/Fitness,0.201654,0.885083,-0.001678,252.000000,0.777778,0.166667,0.000000,0.166667
2025-09-30,2025-10-01,GAP,Apparel,-0.055298,1.419677,-0.000309,252.000000,0.166667,-0.166667,0.000000,0.000000
2025-09-30,2025-10-01,HIMS,Telehealth,-0.066565,2.293010,0.005515,252.000000,0.111111,-0.166667,-0.250000,0.000000
2025-09-30,2025-10-01,HLF,Protein/Fitness,0.388054,0.750367,0.001672,252.000000,1.000000,0.166667,0.250000,0.166667
2025-09-30,2025-10-01,LFMD,Telehealth,0.170636,1.533963,0.002641,252.000000,0.666667,0.000000,0.000000,0.000000
2025-09-30,2025-10-01,LULU,Apparel,0.127017,1.111675,-0.001640,252.000000,0.500000,0.000000,0.250000,0.000000
2025-09-30,2025-10-01,PLNT,Protein/Fitness,0.050009,0.649511,0.000726,252.000000,0.388889,0.000000,-0.250000,0.000000
2025-09-30,2025-10-01,SMPL,Protein/Fitness,0.076427,0.554333,-0.001366,252.000000,0.444444,0.000000,0.000000,0.000000
2025-09-30,2025-10-01,SPY,Hedge,,,,,,0.000000,0.000000,-0.847240
2025-09-30,2025-10-01,STVN,CDMO/Pens,0.198281,0.692355,0.001274,252.000000,0.722222,0.166667,0.000000,0.166667
2025-09-30,2025-10-01,TDOC,Telehealth,0.000573,1.383312,-0.000598,252.000000,0.277778,-0.166667,0.000000,0.000000
2025-09-30,2025-10-01,TJX,Apparel,0.040029,0.481672,0.000647,252.000000,0.333333,-0.166667,0.000000,0.000000
2025-09-30,2025-10-01,TMO,CDMO/Pens,0.213297,0.873943,-0.000968,252.000000,0.833333,0.166667,0.000000,0.166667
2025-09-30,2025-10-01,URBN,Apparel,-0.010825,1.367341,0.002150,252.000000,0.222222,-0.166667,0.000000,0.000000
2025-09-30,2025-10-01,WST,CDMO/Pens,0.263894,0.585849,0.000240,252.000000,0.888889,0.166667,0.250000,0.166667
2025-09-30,2025-10-01,XPOF,Protein/Fitness,0.168124,1.190729,-0.000657,252.000000,0.611111,0.000000,0.000000,0.000000
2025-10-31,2025-11-03,AMWL,Telehealth,0.376663,1.319283,-0.001762,252.000000,0.944444,0.166667,0.250000,0.166667
2025-10-31,2025-11-03,ANF,Apparel,-0.111920,1.257816,-0.003056,252.000000,0.055556,-0.166667,-0.250000,0.000000
2025-10-31,2025-11-03,BDX,CDMO/Pens,0.167771,0.516704,-0.000946,252.000000,0.611111,0.000000,-0.250000,0.000000
2025-10-31,2025-11-03,BRBR,Protein/Fitness,0.187105,0.881442,-0.002815,252.000000,0.722222,0.166667,0.000000,0.166667
2025-10-31,2025-11-03,GAP,Apparel,-0.058108,1.432396,-0.000152,252.000000,0.111111,-0.166667,0.000000,0.000000
2025-10-31,2025-11-03,HIMS,Telehealth,-0.046196,2.336026,0.003716,252.000000,0.166667,-0.166667,-0.250000,0.000000
2025-10-31,2025-11-03,HLF,Protein/Fitness,0.381433,0.758191,0.001578,252.000000,1.000000,0.166667,0.250000,0.166667
2025-10-31,2025-11-03,LFMD,Telehealth,0.166538,1.522064,0.002720,252.000000,0.555556,0.000000,0.000000,0.000000
2025-10-31,2025-11-03,LULU,Apparel,0.126726,1.116445,-0.002376,252.000000,0.500000,0.000000,0.250000,0.000000
2025-10-31,2025-11-03,PLNT,Protein/Fitness,0.034551,0.633812,0.000269,252.000000,0.333333,-0.166667,-0.250000,0.000000
2025-10-31,2025-11-03,SMPL,Protein/Fitness,0.082242,0.541931,-0.002193,252.000000,0.444444,0.000000,0.000000,0.000000
2025-10-31,2025-11-03,SPY,Hedge,,,,,,0.000000,0.000000,-0.852812
2025-10-31,2025-11-03,STVN,CDMO/Pens,0.192917,0.723667,0.001498,252.000000,0.777778,0.166667,0.000000,0.166667
2025-10-31,2025-11-03,TDOC,Telehealth,0.071887,1.392450,-0.000247,252.000000,0.388889,0.000000,0.000000,0.000000
2025-10-31,2025-11-03,TJX,Apparel,0.032867,0.449462,0.000649,252.000000,0.277778,-0.166667,0.000000,0.000000
2025-10-31,2025-11-03,TMO,CDMO/Pens,0.260102,0.857293,0.000178,252.000000,0.833333,0.166667,0.000000,0.166667
2025-10-31,2025-11-03,URBN,Apparel,0.008766,1.342638,0.001883,252.000000,0.222222,-0.166667,0.000000,0.000000
2025-10-31,2025-11-03,WST,CDMO/Pens,0.291279,0.576993,0.000332,252.000000,0.888889,0.166667,0.250000,0.166667
2025-10-31,2025-11-03,XPOF,Protein/Fitness,0.168025,1.142237,-0.001398,252.000000,0.666667,0.000000,0.000000,0.000000
2025-11-28,2025-12-01,AMWL,Telehealth,0.326415,1.325609,-0.002744,252.000000,0.944444,0.166667,0.250000,0.166667
2025-11-28,2025-12-01,ANF,Apparel,0.007896,1.337162,-0.001805,252.000000,0.166667,-0.166667,0.000000,0.000000
2025-11-28,2025-12-01,BDX,CDMO/Pens,0.202473,0.500910,-0.000497,252.000000,0.777778,0.166667,0.000000,0.166667
2025-11-28,2025-12-01,BRBR,Protein/Fitness,0.185996,0.877740,-0.003411,252.000000,0.722222,0.166667,0.000000,0.166667
2025-11-28,2025-12-01,GAP,Apparel,-0.041167,1.475125,0.000112,252.000000,0.111111,-0.166667,-0.250000,0.000000
2025-11-28,2025-12-01,HIMS,Telehealth,-0.118878,2.229473,0.001679,252.000000,0.055556,-0.166667,-0.250000,0.000000
2025-11-28,2025-12-01,HLF,Protein/Fitness,0.393779,0.803750,0.002347,252.000000,1.000000,0.166667,0.250000,0.166667
2025-11-28,2025-12-01,LFMD,Telehealth,0.107409,1.455249,-0.000801,252.000000,0.500000,0.000000,0.000000,0.000000
2025-11-28,2025-12-01,LULU,Apparel,0.119863,1.161516,-0.002406,252.000000,0.555556,0.000000,0.250000,0.000000
2025-11-28,2025-12-01,PLNT,Protein/Fitness,0.035403,0.520595,0.000299,252.000000,0.277778,-0.166667,-0.250000,0.000000
2025-11-28,2025-12-01,SMPL,Protein/Fitness,0.106339,0.463450,-0.002783,252.000000,0.444444,0.000000,0.000000,0.000000
2025-11-28,2025-12-01,SPY,Hedge,,,,,,0.000000,0.000000,-0.816722
2025-11-28,2025-12-01,STVN,CDMO/Pens,0.158597,0.712840,0.000760,252.000000,0.666667,0.000000,-0.250000,0.000000
2025-11-28,2025-12-01,TDOC,Telehealth,0.079667,1.420259,-0.001958,252.000000,0.388889,0.000000,0.000000,0.000000
2025-11-28,2025-12-01,TJX,Apparel,0.047031,0.433734,0.000646,252.000000,0.333333,-0.166667,0.000000,0.000000
2025-11-28,2025-12-01,TMO,CDMO/Pens,0.250860,0.844811,0.000409,252.000000,0.833333,0.166667,0.000000,0.166667
2025-11-28,2025-12-01,URBN,Apparel,0.026056,1.327762,0.002233,252.000000,0.222222,-0.166667,0.000000,0.000000
2025-11-28,2025-12-01,WST,CDMO/Pens,0.285724,0.547513,0.000012,252.000000,0.888889,0.166667,0.250000,0.166667
2025-11-28,2025-12-01,XPOF,Protein/Fitness,0.157228,1.160698,-0.002538,252.000000,0.611111,0.000000,0.000000,0.000000
2025-12-31,2026-01-02,AMWL,Telehealth,0.400068,1.255361,-0.001507,252.000000,0.944444,0.166667,0.250000,0.166667
2025-12-31,2026-01-02,ANF,Apparel,0.048253,1.321075,-0.000791,252.000000,0.277778,-0.166667,0.000000,0.000000
2025-12-31,2026-01-02,BDX,CDMO/Pens,0.257043,0.518870,-0.000592,252.000000,0.777778,0.166667,0.000000,0.166667
2025-12-31,2026-01-02,BRBR,Protein/Fitness,0.221512,0.913560,-0.003961,252.000000,0.722222,0.166667,0.000000,0.166667
2025-12-31,2026-01-02,GAP,Apparel,-0.054005,1.469624,-0.000025,252.000000,0.111111,-0.166667,-0.250000,0.000000
2025-12-31,2026-01-02,HIMS,Telehealth,-0.206053,2.184643,0.001486,252.000000,0.055556,-0.166667,-0.250000,0.000000
2025-12-31,2026-01-02,HLF,Protein/Fitness,0.474886,0.837398,0.003292,252.000000,1.000000,0.166667,0.250000,0.166667
2025-12-31,2026-01-02,LFMD,Telehealth,0.156133,1.471577,-0.000388,252.000000,0.666667,0.000000,0.000000,0.000000
2025-12-31,2026-01-02,LULU,Apparel,0.135823,1.115585,-0.002628,252.000000,0.500000,0.000000,0.250000,0.000000
2025-12-31,2026-01-02,PLNT,Protein/Fitness,0.040043,0.499408,0.000218,252.000000,0.222222,-0.166667,-0.250000,0.000000
2025-12-31,2026-01-02,SMPL,Protein/Fitness,0.116089,0.447634,-0.002613,252.000000,0.388889,0.000000,0.000000,0.000000
2025-12-31,2026-01-02,SPY,Hedge,,,,,,0.000000,0.000000,-0.820325
2025-12-31,2026-01-02,STVN,CDMO/Pens,0.141456,0.725152,-0.000223,252.000000,0.555556,0.000000,-0.250000,0.000000
2025-12-31,2026-01-02,TDOC,Telehealth,0.126905,1.378649,-0.001350,252.000000,0.444444,0.000000,0.000000,0.000000
2025-12-31,2026-01-02,TJX,Apparel,0.056719,0.427815,0.000709,252.000000,0.333333,-0.166667,0.000000,0.000000
2025-12-31,2026-01-02,TMO,CDMO/Pens,0.283279,0.847952,0.000172,252.000000,0.833333,0.166667,0.000000,0.166667
2025-12-31,2026-01-02,URBN,Apparel,0.034146,1.323367,0.000949,252.000000,0.166667,-0.166667,0.000000,0.000000
2025-12-31,2026-01-02,WST,CDMO/Pens,0.337199,0.548811,-0.000244,252.000000,0.888889,0.166667,0.250000,0.166667
2025-12-31,2026-01-02,XPOF,Protein/Fitness,0.149639,1.139234,-0.000893,252.000000,0.611111,0.000000,0.000000,0.000000
2026-01-30,2026-02-02,AMWL,Telehealth,0.361125,1.192773,-0.003402,252.000000,0.944444,0.166667,0.250000,0.166667
2026-01-30,2026-02-02,ANF,Apparel,-0.050737,1.377084,-0.000968,252.000000,0.166667,-0.166667,0.000000,0.000000
2026-01-30,2026-02-02,BDX,CDMO/Pens,0.253498,0.542367,-0.000796,252.000000,0.777778,0.166667,0.000000,0.166667
2026-01-30,2026-02-02,BRBR,Protein/Fitness,0.166854,0.842908,-0.004317,252.000000,0.666667,0.000000,0.000000,0.000000
2026-01-30,2026-02-02,GAP,Apparel,-0.106211,1.482624,0.000270,252.000000,0.111111,-0.166667,-0.250000,0.000000
2026-01-30,2026-02-02,HIMS,Telehealth,-0.197086,2.167950,0.000093,252.000000,0.055556,-0.166667,-0.250000,0.000000
2026-01-30,2026-02-02,HLF,Protein/Fitness,0.465106,0.843119,0.004909,252.000000,1.000000,0.166667,0.250000,0.166667
2026-01-30,2026-02-02,LFMD,Telehealth,0.228215,1.446433,-0.000968,252.000000,0.722222,0.166667,0.000000,0.166667
2026-01-30,2026-02-02,LULU,Apparel,0.140265,1.178286,-0.003638,252.000000,0.611111,0.000000,0.250000,0.000000
2026-01-30,2026-02-02,PLNT,Protein/Fitness,0.042946,0.471319,-0.000766,252.000000,0.333333,-0.166667,-0.250000,0.000000
2026-01-30,2026-02-02,SMPL,Protein/Fitness,0.085479,0.454278,-0.002898,252.000000,0.388889,0.000000,0.000000,0.000000
2026-01-30,2026-02-02,SPY,Hedge,,,,,,0.000000,0.000000,-0.909493
2026-01-30,2026-02-02,STVN,CDMO/Pens,0.131299,0.739772,-0.001240,252.000000,0.500000,0.000000,-0.250000,0.000000
2026-01-30,2026-02-02,TDOC,Telehealth,0.103588,1.438955,-0.002765,252.000000,0.444444,0.000000,0.000000,0.000000
2026-01-30,2026-02-02,TJX,Apparel,0.041931,0.426116,0.000581,252.000000,0.277778,-0.166667,0.000000,0.000000
2026-01-30,2026-02-02,TMO,CDMO/Pens,0.287472,0.871153,-0.000230,252.000000,0.888889,0.166667,0.250000,0.166667
2026-01-30,2026-02-02,URBN,Apparel,0.011456,1.297670,0.000780,252.000000,0.222222,-0.166667,0.000000,0.000000
2026-01-30,2026-02-02,WST,CDMO/Pens,0.284603,0.561116,-0.001104,252.000000,0.833333,0.166667,0.000000,0.166667
2026-01-30,2026-02-02,XPOF,Protein/Fitness,0.132110,1.139424,-0.002215,252.000000,0.555556,0.000000,0.000000,0.000000
2026-02-27,2026-03-02,AMWL,Telehealth,0.394939,1.138453,-0.001609,252.000000,0.944444,0.166667,0.000000,0.166667
2026-02-27,2026-03-02,ANF,Apparel,-0.009246,1.359152,-0.000308,252.000000,0.166667,-0.166667,0.000000,0.000000
2026-02-27,2026-03-02,BDX,CDMO/Pens,0.199951,0.542899,0.000140,252.000000,0.666667,0.000000,0.000000,0.000000
2026-02-27,2026-03-02,BRBR,Protein/Fitness,0.279612,0.860061,-0.004750,252.000000,0.833333,0.166667,0.000000,0.166667
2026-02-27,2026-03-02,GAP,Apparel,-0.080129,1.480270,0.000380,252.000000,0.055556,-0.166667,-0.250000,0.000000
2026-02-27,2026-03-02,HIMS,Telehealth,-0.024705,1.961248,-0.003770,252.000000,0.111111,-0.166667,-0.250000,0.000000
2026-02-27,2026-03-02,HLF,Protein/Fitness,0.377396,0.875875,0.003955,252.000000,0.888889,0.166667,0.250000,0.166667
2026-02-27,2026-03-02,LFMD,Telehealth,0.424855,1.375093,-0.000965,252.000000,1.000000,0.166667,0.250000,0.166667
2026-02-27,2026-03-02,LULU,Apparel,0.144131,1.197753,-0.002784,252.000000,0.500000,0.000000,0.250000,0.000000
2026-02-27,2026-03-02,PLNT,Protein/Fitness,0.073286,0.425777,-0.000370,252.000000,0.333333,-0.166667,-0.250000,0.000000
2026-02-27,2026-03-02,SMPL,Protein/Fitness,0.107508,0.443191,-0.002970,252.000000,0.388889,0.000000,0.000000,0.000000
2026-02-27,2026-03-02,SPY,Hedge,,,,,,0.000000,0.000000,-0.972374
2026-02-27,2026-03-02,STVN,CDMO/Pens,0.197633,0.805236,-0.000934,252.000000,0.611111,0.000000,-0.250000,0.000000
2026-02-27,2026-03-02,TDOC,Telehealth,0.192924,1.373877,-0.002915,252.000000,0.555556,0.000000,0.000000,0.000000
2026-02-27,2026-03-02,TJX,Apparel,0.033178,0.379708,0.000926,252.000000,0.277778,-0.166667,0.000000,0.000000
2026-02-27,2026-03-02,TMO,CDMO/Pens,0.244997,0.872420,-0.000129,252.000000,0.777778,0.166667,0.250000,0.166667
2026-02-27,2026-03-02,URBN,Apparel,0.011662,1.274390,0.000670,252.000000,0.222222,-0.166667,0.000000,0.000000
2026-02-27,2026-03-02,WST,CDMO/Pens,0.217665,0.712342,0.000737,252.000000,0.722222,0.166667,0.000000,0.166667
2026-02-27,2026-03-02,XPOF,Protein/Fitness,0.112042,1.185483,-0.003112,252.000000,0.444444,0.000000,0.000000,0.000000
2026-03-31,2026-04-01,AMWL,Telehealth,0.441205,1.080401,-0.001064,252.000000,1.000000,0.166667,0.250000,0.166667
2026-03-31,2026-04-01,ANF,Apparel,-0.037552,1.314214,0.000543,252.000000,0.111111,-0.166667,0.000000,0.000000
2026-03-31,2026-04-01,BDX,CDMO/Pens,0.200257,0.610699,-0.000481,252.000000,0.555556,0.000000,-0.250000,0.000000
2026-03-31,2026-04-01,BRBR,Protein/Fitness,0.287267,0.786515,-0.005506,252.000000,0.833333,0.166667,0.000000,0.166667
2026-03-31,2026-04-01,GAP,Apparel,-0.049331,1.419837,0.000300,252.000000,0.055556,-0.166667,-0.250000,0.000000
2026-03-31,2026-04-01,HIMS,Telehealth,0.051419,1.891663,-0.000673,252.000000,0.333333,-0.166667,-0.250000,0.000000
2026-03-31,2026-04-01,HLF,Protein/Fitness,0.403370,1.005579,0.002570,252.000000,0.944444,0.166667,0.250000,0.166667
2026-03-31,2026-04-01,LFMD,Telehealth,0.400687,1.384170,-0.000338,252.000000,0.888889,0.166667,0.000000,0.166667
2026-03-31,2026-04-01,LULU,Apparel,0.164519,1.137269,-0.002765,252.000000,0.500000,0.000000,0.250000,0.000000
2026-03-31,2026-04-01,PLNT,Protein/Fitness,0.067092,0.401231,-0.001051,252.000000,0.388889,0.000000,0.000000,0.000000
2026-03-31,2026-04-01,SMPL,Protein/Fitness,0.128792,0.476383,-0.003425,252.000000,0.444444,0.000000,0.000000,0.000000
2026-03-31,2026-04-01,SPY,Hedge,,,,,,0.000000,0.000000,-1.038282
2026-03-31,2026-04-01,STVN,CDMO/Pens,0.269211,1.056043,-0.001533,252.000000,0.777778,0.166667,0.250000,0.166667
2026-03-31,2026-04-01,TDOC,Telehealth,0.213783,1.394597,-0.001756,252.000000,0.611111,0.000000,0.000000,0.000000
2026-03-31,2026-04-01,TJX,Apparel,0.030441,0.359059,0.001070,252.000000,0.222222,-0.166667,0.000000,0.000000
2026-03-31,2026-04-01,TMO,CDMO/Pens,0.263059,0.916981,-0.000275,252.000000,0.722222,0.166667,0.000000,0.166667
2026-03-31,2026-04-01,URBN,Apparel,0.007377,1.336922,0.000447,252.000000,0.166667,-0.166667,0.000000,0.000000
2026-03-31,2026-04-01,WST,CDMO/Pens,0.216356,0.732494,0.000478,252.000000,0.666667,0.000000,0.000000,0.000000
2026-03-31,2026-04-01,XPOF,Protein/Fitness,0.043065,1.310911,-0.000245,252.000000,0.277778,-0.166667,-0.250000,0.000000
2026-04-30,2026-05-01,AMWL,Telehealth,0.469075,1.255102,-0.000570,252.000000,1.000000,0.166667,0.250000,0.166667
2026-04-30,2026-05-01,ANF,Apparel,0.009139,1.425093,-0.000007,252.000000,0.166667,-0.166667,0.000000,0.000000
2026-04-30,2026-05-01,BDX,CDMO/Pens,0.196239,0.595826,-0.000511,252.000000,0.555556,0.000000,-0.250000,0.000000
2026-04-30,2026-05-01,BRBR,Protein/Fitness,0.277498,0.858670,-0.005584,252.000000,0.777778,0.166667,0.000000,0.166667
2026-04-30,2026-05-01,GAP,Apparel,-0.015148,1.510808,-0.000656,252.000000,0.055556,-0.166667,-0.250000,0.000000
2026-04-30,2026-05-01,HIMS,Telehealth,-0.005656,2.464181,-0.001805,252.000000,0.111111,-0.166667,-0.250000,0.000000
2026-04-30,2026-05-01,HLF,Protein/Fitness,0.382512,1.618771,0.002759,252.000000,0.944444,0.166667,0.250000,0.166667
2026-04-30,2026-05-01,LFMD,Telehealth,0.296005,2.068660,-0.002602,252.000000,0.888889,0.166667,0.000000,0.166667
2026-04-30,2026-05-01,LULU,Apparel,0.165749,1.546402,-0.003738,252.000000,0.500000,0.000000,0.250000,0.000000
2026-04-30,2026-05-01,PLNT,Protein/Fitness,0.088100,0.284102,-0.001444,252.000000,0.388889,0.000000,0.000000,0.000000
2026-04-30,2026-05-01,SMPL,Protein/Fitness,0.151826,0.328276,-0.003726,252.000000,0.444444,0.000000,0.000000,0.000000
2026-04-30,2026-05-01,SPY,Hedge,,,,,,0.000000,0.000000,-1.360303
2026-04-30,2026-05-01,STVN,CDMO/Pens,0.291830,1.351040,-0.001507,252.000000,0.833333,0.166667,0.250000,0.166667
2026-04-30,2026-05-01,TDOC,Telehealth,0.199477,1.837972,-0.001959,252.000000,0.611111,0.000000,0.000000,0.000000
2026-04-30,2026-05-01,TJX,Apparel,0.029715,0.365794,0.000535,252.000000,0.277778,-0.166667,0.000000,0.000000
2026-04-30,2026-05-01,TMO,CDMO/Pens,0.264939,1.009578,-0.000176,252.000000,0.722222,0.166667,0.000000,0.166667
2026-04-30,2026-05-01,URBN,Apparel,0.058791,1.317726,0.000185,252.000000,0.333333,-0.166667,0.000000,0.000000
2026-04-30,2026-05-01,WST,CDMO/Pens,0.206169,0.835044,0.000953,252.000000,0.666667,0.000000,0.000000,0.000000
2026-04-30,2026-05-01,XPOF,Protein/Fitness,0.016925,1.911419,-0.001430,252.000000,0.222222,-0.166667,-0.250000,0.000000
2026-05-29,2026-06-01,AMWL,Telehealth,0.301917,1.366381,0.000794,252.000000,0.888889,0.166667,0.000000,0.166667
2026-05-29,2026-06-01,ANF,Apparel,0.062405,1.290954,-0.001193,252.000000,0.222222,-0.166667,0.000000,0.000000
2026-05-29,2026-06-01,BDX,CDMO/Pens,0.093124,0.544443,-0.000029,252.000000,0.388889,0.000000,-0.250000,0.000000
2026-05-29,2026-06-01,BRBR,Protein/Fitness,0.187415,0.421161,-0.007009,252.000000,0.611111,0.000000,0.000000,0.000000
2026-05-29,2026-06-01,GAP,Apparel,0.002533,1.454582,-0.002107,252.000000,0.111111,-0.166667,0.000000,0.000000
2026-05-29,2026-06-01,HIMS,Telehealth,0.121103,2.502871,-0.003648,252.000000,0.444444,0.000000,-0.250000,0.000000
2026-05-29,2026-06-01,HLF,Protein/Fitness,0.275600,1.459594,0.000991,252.000000,0.833333,0.166667,0.250000,0.166667
2026-05-29,2026-06-01,LFMD,Telehealth,0.458412,2.346315,-0.004476,252.000000,1.000000,0.166667,0.250000,0.166667
2026-05-29,2026-06-01,LULU,Apparel,0.162117,1.405617,-0.004463,252.000000,0.555556,0.000000,0.250000,0.000000
2026-05-29,2026-06-01,PLNT,Protein/Fitness,0.064783,0.462225,-0.002630,252.000000,0.277778,-0.166667,-0.250000,0.000000
2026-05-29,2026-06-01,SMPL,Protein/Fitness,0.139851,0.229793,-0.004129,252.000000,0.500000,0.000000,0.000000,0.000000
2026-05-29,2026-06-01,SPY,Hedge,,,,,,0.000000,0.000000,-1.575276
2026-05-29,2026-06-01,STVN,CDMO/Pens,0.312760,1.550304,-0.001922,252.000000,0.944444,0.166667,0.250000,0.166667
2026-05-29,2026-06-01,TDOC,Telehealth,0.258523,1.840072,-0.000889,252.000000,0.777778,0.166667,0.000000,0.166667
2026-05-29,2026-06-01,TJX,Apparel,-0.002208,0.286920,0.000609,252.000000,0.055556,-0.166667,-0.250000,0.000000
2026-05-29,2026-06-01,TMO,CDMO/Pens,0.255399,0.888988,0.000138,252.000000,0.722222,0.166667,0.000000,0.166667
2026-05-29,2026-06-01,URBN,Apparel,0.039884,1.153854,-0.000967,252.000000,0.166667,-0.166667,0.000000,0.000000
2026-05-29,2026-06-01,WST,CDMO/Pens,0.189949,0.777464,0.001243,252.000000,0.666667,0.000000,0.000000,0.000000
2026-05-29,2026-06-01,XPOF,Protein/Fitness,0.091303,1.622398,-0.001901,252.000000,0.333333,-0.166667,0.000000,0.000000
2026-06-30,2026-07-01,AMWL,Telehealth,0.419387,1.126023,0.000441,252.000000,0.944444,0.166667,0.000000,0.166667
2026-06-30,2026-07-01,ANF,Apparel,0.112864,1.239373,0.000005,252.000000,0.388889,0.000000,0.000000,0.000000
2026-06-30,2026-07-01,BDX,CDMO/Pens,0.132676,0.432396,0.000339,252.000000,0.444444,0.000000,-0.250000,0.000000
2026-06-30,2026-07-01,BRBR,Protein/Fitness,0.254786,0.233611,-0.004869,252.000000,0.666667,0.000000,0.000000,0.000000
2026-06-30,2026-07-01,GAP,Apparel,0.091276,1.273101,-0.001186,252.000000,0.277778,-0.166667,0.000000,0.000000
2026-06-30,2026-07-01,HIMS,Telehealth,0.035483,2.648860,-0.002103,252.000000,0.111111,-0.166667,-0.250000,0.000000
2026-06-30,2026-07-01,HLF,Protein/Fitness,0.324411,1.274100,0.001267,252.000000,0.833333,0.166667,0.250000,0.166667
2026-06-30,2026-07-01,LFMD,Telehealth,0.481967,2.054577,-0.004706,252.000000,1.000000,0.166667,0.250000,0.166667
2026-06-30,2026-07-01,LULU,Apparel,0.216333,1.396166,-0.003618,252.000000,0.611111,0.000000,0.250000,0.000000
2026-06-30,2026-07-01,PLNT,Protein/Fitness,0.070394,0.382234,-0.002771,252.000000,0.222222,-0.166667,-0.250000,0.000000
2026-06-30,2026-07-01,SMPL,Protein/Fitness,0.171343,0.129448,-0.003154,252.000000,0.500000,0.000000,0.000000,0.000000
2026-06-30,2026-07-01,SPY,Hedge,,,,,,0.000000,0.000000,-1.380622
2026-06-30,2026-07-01,STVN,CDMO/Pens,0.298788,1.397979,-0.001899,252.000000,0.777778,0.166667,0.250000,0.166667
2026-06-30,2026-07-01,TDOC,Telehealth,0.347980,1.628874,-0.000703,252.000000,0.888889,0.166667,0.000000,0.166667
2026-06-30,2026-07-01,TJX,Apparel,0.022671,0.141809,0.000816,252.000000,0.055556,-0.166667,-0.250000,0.000000
2026-06-30,2026-07-01,TMO,CDMO/Pens,0.285014,0.802179,0.000357,252.000000,0.722222,0.166667,0.000000,0.166667
2026-06-30,2026-07-01,URBN,Apparel,0.066001,1.125051,-0.000480,252.000000,0.166667,-0.166667,0.000000,0.000000
2026-06-30,2026-07-01,WST,CDMO/Pens,0.203196,0.691540,0.001719,252.000000,0.555556,0.000000,0.000000,0.000000
2026-06-30,2026-07-01,XPOF,Protein/Fitness,0.104722,1.448003,0.000058,252.000000,0.333333,-0.166667,0.000000,0.000000
2026-07-31,2026-08-03,AMWL,Telehealth,0.349123,1.006093,0.001405,252.000000,0.833333,0.166667,0.000000,0.166667
2026-07-31,2026-08-03,ANF,Apparel,0.203370,1.218426,-0.000238,252.000000,0.444444,0.000000,0.000000,0.000000
2026-07-31,2026-08-03,BDX,CDMO/Pens,0.206858,0.385789,0.000436,252.000000,0.500000,0.000000,0.000000,0.000000
2026-07-31,2026-08-03,BRBR,Protein/Fitness,0.403278,0.187459,-0.004910,252.000000,0.888889,0.166667,0.250000,0.166667
2026-07-31,2026-08-03,GAP,Apparel,0.102978,1.246438,-0.000350,252.000000,0.277778,-0.166667,0.000000,0.000000
2026-07-31,2026-08-03,HIMS,Telehealth,-0.005509,2.708323,-0.003756,252.000000,0.055556,-0.166667,-0.250000,0.000000
2026-07-31,2026-08-03,HLF,Protein/Fitness,0.318577,1.187308,0.000816,252.000000,0.666667,0.000000,0.000000,0.000000
2026-07-31,2026-08-03,LFMD,Telehealth,0.539240,2.001534,-0.004115,252.000000,1.000000,0.166667,0.250000,0.166667
2026-07-31,2026-08-03,LULU,Apparel,0.285377,1.348811,-0.002908,252.000000,0.611111,0.000000,0.250000,0.000000
2026-07-31,2026-08-03,PLNT,Protein/Fitness,0.095056,0.350580,-0.002560,252.000000,0.222222,-0.166667,-0.250000,0.000000
2026-07-31,2026-08-03,SMPL,Protein/Fitness,0.216921,0.174516,-0.004204,252.000000,0.555556,0.000000,0.000000,0.000000
2026-07-31,2026-08-03,SPY,Hedge,,,,,,0.000000,0.000000,-1.085827
2026-07-31,2026-08-03,STVN,CDMO/Pens,0.344272,1.310249,-0.001554,252.000000,0.777778,0.166667,0.250000,0.166667
2026-07-31,2026-08-03,TDOC,Telehealth,0.439160,1.312669,-0.000747,252.000000,0.944444,0.166667,0.000000,0.166667
2026-07-31,2026-08-03,TJX,Apparel,0.070898,0.089495,0.000909,252.000000,0.111111,-0.166667,-0.250000,0.000000
2026-07-31,2026-08-03,TMO,CDMO/Pens,0.330670,0.696959,0.000246,252.000000,0.722222,0.166667,0.000000,0.166667
2026-07-31,2026-08-03,URBN,Apparel,0.090427,1.040332,-0.000533,252.000000,0.166667,-0.166667,0.000000,0.000000
2026-07-31,2026-08-03,WST,CDMO/Pens,0.169352,0.674080,0.000901,252.000000,0.333333,-0.166667,-0.250000,0.000000
2026-07-31,2026-08-03,XPOF,Protein/Fitness,0.191339,1.150598,-0.001411,252.000000,0.388889,0.000000,0.000000,0.000000
2026-08-31,2026-09-01,AMWL,Telehealth,0.443305,1.043232,0.002170,252.000000,1.000000,0.166667,0.250000,0.166667
2026-08-31,2026-09-01,ANF,Apparel,0.133077,1.095594,0.001638,252.000000,0.388889,0.000000,0.000000,0.000000
2026-08-31,2026-09-01,BDX,CDMO/Pens,0.234630,0.372500,0.000770,252.000000,0.555556,0.000000,0.000000,0.000000
2026-08-31,2026-09-01,BRBR,Protein/Fitness,0.367720,0.035315,-0.004324,252.000000,0.777778,0.166667,0.250000,0.166667
2026-08-31,2026-09-01,GAP,Apparel,0.111434,1.180481,-0.000229,252.000000,0.333333,-0.166667,0.000000,0.000000
2026-08-31,2026-09-01,HIMS,Telehealth,-0.013950,2.875453,-0.002039,252.000000,0.055556,-0.166667,-0.250000,0.000000
2026-08-31,2026-09-01,HLF,Protein/Fitness,0.267658,1.202571,0.000426,252.000000,0.611111,0.000000,0.000000,0.000000
2026-08-31,2026-09-01,LFMD,Telehealth,0.370220,2.127048,-0.003420,252.000000,0.833333,0.166667,0.000000,0.166667
2026-08-31,2026-09-01,LULU,Apparel,0.294455,1.266911,-0.002720,252.000000,0.666667,0.000000,0.250000,0.000000
2026-08-31,2026-09-01,PLNT,Protein/Fitness,0.056802,0.290155,-0.002619,252.000000,0.166667,-0.166667,-0.250000,0.000000
2026-08-31,2026-09-01,SMPL,Protein/Fitness,0.195304,0.215507,-0.003339,252.000000,0.500000,0.000000,0.000000,0.000000
2026-08-31,2026-09-01,SPY,Hedge,,,,,,0.000000,0.000000,-1.063506
2026-08-31,2026-09-01,STVN,CDMO/Pens,0.374543,1.263515,-0.000939,252.000000,0.888889,0.166667,0.250000,0.166667
2026-08-31,2026-09-01,TDOC,Telehealth,0.432206,1.283595,-0.001110,252.000000,0.944444,0.166667,0.000000,0.166667
2026-08-31,2026-09-01,TJX,Apparel,0.079726,0.088557,-0.000053,252.000000,0.222222,-0.166667,0.000000,0.000000
2026-08-31,2026-09-01,TMO,CDMO/Pens,0.345139,0.628329,0.000547,252.000000,0.722222,0.166667,0.000000,0.166667
2026-08-31,2026-09-01,URBN,Apparel,0.033029,1.024072,0.000194,252.000000,0.111111,-0.166667,-0.250000,0.000000
2026-08-31,2026-09-01,WST,CDMO/Pens,0.152909,0.679260,0.000995,252.000000,0.444444,0.000000,-0.250000,0.000000
2026-08-31,2026-09-01,XPOF,Protein/Fitness,0.091149,1.069309,-0.001158,252.000000,0.277778,-0.166667,0.000000,0.000000
2026-09-30,2026-10-01,AMWL,Telehealth,0.471748,1.029502,0.003378,252.000000,1.000000,0.166667,0.250000,0.166667
2026-09-30,2026-10-01,ANF,Apparel,0.113376,1.123006,0.002056,252.000000,0.388889,0.000000,0.000000,0.000000
2026-09-30,2026-10-01,BDX,CDMO/Pens,0.235492,0.370119,0.000831,252.000000,0.555556,0.000000,0.000000,0.000000
2026-09-30,2026-10-01,BRBR,Protein/Fitness,0.354645,0.140035,-0.005218,252.000000,0.833333,0.166667,0.250000,0.166667
2026-09-30,2026-10-01,GAP,Apparel,0.112579,1.220916,0.000053,252.000000,0.333333,-0.166667,0.000000,0.000000
2026-09-30,2026-10-01,HIMS,Telehealth,-0.007005,2.686546,-0.002804,252.000000,0.055556,-0.166667,-0.250000,0.000000
2026-09-30,2026-10-01,HLF,Protein/Fitness,0.274633,1.196000,0.001315,252.000000,0.666667,0.000000,0.000000,0.000000
2026-09-30,2026-10-01,LFMD,Telehealth,0.358156,2.027988,-0.003235,252.000000,0.888889,0.166667,0.000000,0.166667
2026-09-30,2026-10-01,LULU,Apparel,0.257272,1.299146,-0.002884,252.000000,0.611111,0.000000,0.250000,0.000000
2026-09-30,2026-10-01,PLNT,Protein/Fitness,0.095992,0.289935,-0.003278,252.000000,0.277778,-0.166667,0.000000,0.000000
2026-09-30,2026-10-01,SMPL,Protein/Fitness,0.201946,0.234376,-0.003410,252.000000,0.500000,0.000000,0.000000,0.000000
2026-09-30,2026-10-01,SPY,Hedge,,,,,,0.000000,0.000000,-1.035200
2026-09-30,2026-10-01,STVN,CDMO/Pens,0.346946,1.142072,-0.001065,252.000000,0.777778,0.166667,0.250000,0.166667
2026-09-30,2026-10-01,TDOC,Telehealth,0.418681,1.252288,-0.001355,252.000000,0.944444,0.166667,0.000000,0.166667
2026-09-30,2026-10-01,TJX,Apparel,0.083994,0.137533,-0.000277,252.000000,0.222222,-0.166667,0.000000,0.000000
2026-09-30,2026-10-01,TMO,CDMO/Pens,0.332565,0.619312,0.001296,252.000000,0.722222,0.166667,0.000000,0.166667
2026-09-30,2026-10-01,URBN,Apparel,0.041471,0.959220,-0.000025,252.000000,0.111111,-0.166667,-0.250000,0.000000
2026-09-30,2026-10-01,WST,CDMO/Pens,0.161492,0.618618,0.001237,252.000000,0.444444,0.000000,-0.250000,0.000000
2026-09-30,2026-10-01,XPOF,Protein/Fitness,0.073827,1.182104,-0.001480,252.000000,0.166667,-0.166667,-0.250000,0.000000
